nGrover,r,AngleFrac,Bias,NumSamp,NumEnd
120.0,40.0,0.024390243902439025,0.0006956932951080463,10000.0,1.0
120.0,40.0,0.04878048780487805,0.0004399849067621076,10000.0,198.0
120.0,40.0,0.07317073170731708,0.00016600550916697076,10000.0,1928.0
120.0,40.0,0.0975609756097561,-0.00010901195575440334,10000.0,2382.0
120.0,40.0,0.12195121951219512,-0.00038432490872925115,10000.0,596.0
120.0,40.0,0.14634146341463417,-0.0006598382584754938,10000.0,45.0
120.0,40.0,0.17073170731707318,0.0005240319317093789,10000.0,5.0
120.0,40.0,0.1951219512195122,0.0006200502108668626,10000.0,38.0
120.0,40.0,0.21951219512195122,0.00034453536249506866,10000.0,107.0
120.0,40.0,0.24390243902439024,6.891966783739711e-05,10000.0,239.0
120.0,40.0,0.2682926829268293,-0.0002067967616608546,10000.0,186.0
120.0,40.0,0.29268292682926833,-0.0004826138145134218,10000.0,66.0
120.0,40.0,0.3170731707317073,-0.0007585313791939607,10000.0,7.0
120.0,40.0,0.34146341463414637,,10000.0,0.0
120.0,40.0,0.36585365853658536,,10000.0,0.0
120.0,40.0,0.3902439024390244,,10000.0,0.0
120.0,40.0,0.41463414634146345,,10000.0,0.0
120.0,40.0,0.43902439024390244,,10000.0,0.0
120.0,40.0,0.4634146341463415,,10000.0,0.0
120.0,40.0,0.4878048780487805,,10000.0,0.0
120.0,40.0,0.5121951219512195,,10000.0,0.0
120.0,40.0,0.5365853658536586,,10000.0,0.0
120.0,40.0,0.5609756097560976,,10000.0,0.0
120.0,40.0,0.5853658536585367,,10000.0,0.0
120.0,40.0,0.6097560975609756,,10000.0,0.0
120.0,40.0,0.6341463414634146,,10000.0,0.0
120.0,40.0,0.6585365853658537,,10000.0,0.0
120.0,40.0,0.6829268292682927,,10000.0,0.0
120.0,40.0,0.7073170731707318,,10000.0,0.0
120.0,40.0,0.7317073170731707,,10000.0,0.0
120.0,40.0,0.7560975609756098,,10000.0,0.0
120.0,40.0,0.7804878048780488,,10000.0,0.0
120.0,40.0,0.8048780487804879,,10000.0,0.0
120.0,40.0,0.8292682926829269,,10000.0,0.0
120.0,40.0,0.8536585365853658,,10000.0,0.0
120.0,40.0,0.8780487804878049,,10000.0,0.0
120.0,40.0,0.9024390243902439,,10000.0,0.0
120.0,40.0,0.926829268292683,,10000.0,0.0
120.0,40.0,0.951219512195122,,10000.0,0.0
120.0,40.0,0.975609756097561,,10000.0,0.0
121.0,40.0,0.024390243902439025,,10000.0,0.0
121.0,40.0,0.04878048780487805,,10000.0,0.0
121.0,40.0,0.07317073170731708,,10000.0,0.0
121.0,40.0,0.0975609756097561,,10000.0,0.0
121.0,40.0,0.12195121951219512,,10000.0,0.0
121.0,40.0,0.14634146341463417,,10000.0,0.0
121.0,40.0,0.17073170731707318,,10000.0,0.0
121.0,40.0,0.1951219512195122,,10000.0,0.0
121.0,40.0,0.21951219512195122,,10000.0,0.0
121.0,40.0,0.24390243902439024,,10000.0,0.0
121.0,40.0,0.2682926829268293,,10000.0,0.0
121.0,40.0,0.29268292682926833,,10000.0,0.0
121.0,40.0,0.3170731707317073,,10000.0,0.0
121.0,40.0,0.34146341463414637,,10000.0,0.0
121.0,40.0,0.36585365853658536,,10000.0,0.0
121.0,40.0,0.3902439024390244,,10000.0,0.0
121.0,40.0,0.41463414634146345,,10000.0,0.0
121.0,40.0,0.43902439024390244,,10000.0,0.0
121.0,40.0,0.4634146341463415,,10000.0,0.0
121.0,40.0,0.4878048780487805,,10000.0,0.0
121.0,40.0,0.5121951219512195,,10000.0,0.0
121.0,40.0,0.5365853658536586,,10000.0,0.0
121.0,40.0,0.5609756097560976,,10000.0,0.0
121.0,40.0,0.5853658536585367,,10000.0,0.0
121.0,40.0,0.6097560975609756,,10000.0,0.0
121.0,40.0,0.6341463414634146,,10000.0,0.0
121.0,40.0,0.6585365853658537,,10000.0,0.0
121.0,40.0,0.6829268292682927,,10000.0,0.0
121.0,40.0,0.7073170731707318,,10000.0,0.0
121.0,40.0,0.7317073170731707,,10000.0,0.0
121.0,40.0,0.7560975609756098,,10000.0,0.0
121.0,40.0,0.7804878048780488,,10000.0,0.0
121.0,40.0,0.8048780487804879,,10000.0,0.0
121.0,40.0,0.8292682926829269,,10000.0,0.0
121.0,40.0,0.8536585365853658,,10000.0,0.0
121.0,40.0,0.8780487804878049,,10000.0,0.0
121.0,40.0,0.9024390243902439,,10000.0,0.0
121.0,40.0,0.926829268292683,,10000.0,0.0
121.0,40.0,0.951219512195122,,10000.0,0.0
121.0,40.0,0.975609756097561,,10000.0,0.0
122.0,40.0,0.024390243902439025,,10000.0,0.0
122.0,40.0,0.04878048780487805,,10000.0,0.0
122.0,40.0,0.07317073170731708,,10000.0,0.0
122.0,40.0,0.0975609756097561,,10000.0,0.0
122.0,40.0,0.12195121951219512,,10000.0,0.0
122.0,40.0,0.14634146341463417,,10000.0,0.0
122.0,40.0,0.17073170731707318,,10000.0,0.0
122.0,40.0,0.1951219512195122,,10000.0,0.0
122.0,40.0,0.21951219512195122,,10000.0,0.0
122.0,40.0,0.24390243902439024,,10000.0,0.0
122.0,40.0,0.2682926829268293,,10000.0,0.0
122.0,40.0,0.29268292682926833,,10000.0,0.0
122.0,40.0,0.3170731707317073,,10000.0,0.0
122.0,40.0,0.34146341463414637,,10000.0,0.0
122.0,40.0,0.36585365853658536,,10000.0,0.0
122.0,40.0,0.3902439024390244,,10000.0,0.0
122.0,40.0,0.41463414634146345,,10000.0,0.0
122.0,40.0,0.43902439024390244,,10000.0,0.0
122.0,40.0,0.4634146341463415,,10000.0,0.0
122.0,40.0,0.4878048780487805,,10000.0,0.0
122.0,40.0,0.5121951219512195,,10000.0,0.0
122.0,40.0,0.5365853658536586,,10000.0,0.0
122.0,40.0,0.5609756097560976,,10000.0,0.0
122.0,40.0,0.5853658536585367,,10000.0,0.0
122.0,40.0,0.6097560975609756,,10000.0,0.0
122.0,40.0,0.6341463414634146,,10000.0,0.0
122.0,40.0,0.6585365853658537,,10000.0,0.0
122.0,40.0,0.6829268292682927,0.0007125678432556422,10000.0,15.0
122.0,40.0,0.7073170731707318,0.0004471464437470544,10000.0,89.0
122.0,40.0,0.7317073170731707,0.00018691863347881717,10000.0,274.0
122.0,40.0,0.7560975609756098,-6.817127045042267e-05,10000.0,343.0
122.0,40.0,0.7804878048780488,-0.00031807986407812787,10000.0,180.0
122.0,40.0,0.8048780487804879,-0.0005796942182679819,10000.0,35.0
122.0,40.0,0.8292682926829269,-0.0008177259004904883,10000.0,3.0
122.0,40.0,0.8536585365853658,0.0006465392145818344,10000.0,60.0
122.0,40.0,0.8780487804878049,0.00038243098168004174,10000.0,851.0
122.0,40.0,0.9024390243902439,0.00012421737332679104,10000.0,3328.0
122.0,40.0,0.926829268292683,-0.00012235929965230462,10000.0,3268.0
122.0,40.0,0.951219512195122,-0.00036080064998846457,10000.0,547.0
122.0,40.0,0.975609756097561,-0.0005955415627275779,10000.0,8.0
123.0,41.0,0.024390243902439025,0.0005892765617265816,10000.0,7.0
123.0,41.0,0.04878048780487805,0.00037177529232456725,10000.0,559.0
123.0,41.0,0.07317073170731708,0.00013486155527873947,10000.0,3440.0
123.0,41.0,0.0975609756097561,-0.00010959089334202075,10000.0,3904.0
123.0,41.0,0.12195121951219512,-0.00036363879534827856,10000.0,1065.0
123.0,41.0,0.14634146341463417,-0.0006279303229528608,10000.0,113.0
123.0,41.0,0.17073170731707318,-0.00011047320609064128,10000.0,9.0
123.0,41.0,0.1951219512195122,0.0005916929977944685,10000.0,50.0
123.0,41.0,0.21951219512195122,0.0003282178995917311,10000.0,233.0
123.0,41.0,0.24390243902439024,6.277717332463333e-05,10000.0,446.0
123.0,41.0,0.2682926829268293,-0.00019839471378778757,10000.0,366.0
123.0,41.0,0.29268292682926833,-0.0004583002596974006,10000.0,117.0
123.0,41.0,0.3170731707317073,-0.0007210948573420362,10000.0,10.0
123.0,41.0,0.34146341463414637,,10000.0,0.0
123.0,41.0,0.36585365853658536,,10000.0,0.0
123.0,41.0,0.3902439024390244,,10000.0,0.0
123.0,41.0,0.41463414634146345,,10000.0,0.0
123.0,41.0,0.43902439024390244,,10000.0,0.0
123.0,41.0,0.4634146341463415,,10000.0,0.0
123.0,41.0,0.4878048780487805,,10000.0,0.0
123.0,41.0,0.5121951219512195,,10000.0,0.0
123.0,41.0,0.5365853658536586,,10000.0,0.0
123.0,41.0,0.5609756097560976,,10000.0,0.0
123.0,41.0,0.5853658536585367,,10000.0,0.0
123.0,41.0,0.6097560975609756,,10000.0,0.0
123.0,41.0,0.6341463414634146,,10000.0,0.0
123.0,41.0,0.6585365853658537,,10000.0,0.0
123.0,41.0,0.6829268292682927,,10000.0,0.0
123.0,41.0,0.7073170731707318,,10000.0,0.0
123.0,41.0,0.7317073170731707,,10000.0,0.0
123.0,41.0,0.7560975609756098,,10000.0,0.0
123.0,41.0,0.7804878048780488,,10000.0,0.0
123.0,41.0,0.8048780487804879,,10000.0,0.0
123.0,41.0,0.8292682926829269,,10000.0,0.0
123.0,41.0,0.8536585365853658,,10000.0,0.0
123.0,41.0,0.8780487804878049,,10000.0,0.0
123.0,41.0,0.9024390243902439,,10000.0,0.0
123.0,41.0,0.926829268292683,,10000.0,0.0
123.0,41.0,0.951219512195122,,10000.0,0.0
123.0,41.0,0.975609756097561,,10000.0,0.0
124.0,41.0,0.024390243902439025,,10000.0,0.0
124.0,41.0,0.04878048780487805,,10000.0,0.0
124.0,41.0,0.07317073170731708,,10000.0,0.0
124.0,41.0,0.0975609756097561,,10000.0,0.0
124.0,41.0,0.12195121951219512,,10000.0,0.0
124.0,41.0,0.14634146341463417,,10000.0,0.0
124.0,41.0,0.17073170731707318,,10000.0,0.0
124.0,41.0,0.1951219512195122,,10000.0,0.0
124.0,41.0,0.21951219512195122,,10000.0,0.0
124.0,41.0,0.24390243902439024,,10000.0,0.0
124.0,41.0,0.2682926829268293,,10000.0,0.0
124.0,41.0,0.29268292682926833,,10000.0,0.0
124.0,41.0,0.3170731707317073,,10000.0,0.0
124.0,41.0,0.34146341463414637,,10000.0,0.0
124.0,41.0,0.36585365853658536,,10000.0,0.0
124.0,41.0,0.3902439024390244,,10000.0,0.0
124.0,41.0,0.41463414634146345,,10000.0,0.0
124.0,41.0,0.43902439024390244,,10000.0,0.0
124.0,41.0,0.4634146341463415,,10000.0,0.0
124.0,41.0,0.4878048780487805,,10000.0,0.0
124.0,41.0,0.5121951219512195,,10000.0,0.0
124.0,41.0,0.5365853658536586,,10000.0,0.0
124.0,41.0,0.5609756097560976,,10000.0,0.0
124.0,41.0,0.5853658536585367,,10000.0,0.0
124.0,41.0,0.6097560975609756,,10000.0,0.0
124.0,41.0,0.6341463414634146,,10000.0,0.0
124.0,41.0,0.6585365853658537,,10000.0,0.0
124.0,41.0,0.6829268292682927,,10000.0,0.0
124.0,41.0,0.7073170731707318,,10000.0,0.0
124.0,41.0,0.7317073170731707,,10000.0,0.0
124.0,41.0,0.7560975609756098,,10000.0,0.0
124.0,41.0,0.7804878048780488,,10000.0,0.0
124.0,41.0,0.8048780487804879,,10000.0,0.0
124.0,41.0,0.8292682926829269,,10000.0,0.0
124.0,41.0,0.8536585365853658,,10000.0,0.0
124.0,41.0,0.8780487804878049,,10000.0,0.0
124.0,41.0,0.9024390243902439,,10000.0,0.0
124.0,41.0,0.926829268292683,,10000.0,0.0
124.0,41.0,0.951219512195122,,10000.0,0.0
124.0,41.0,0.975609756097561,,10000.0,0.0
125.0,41.0,0.024390243902439025,,10000.0,0.0
125.0,41.0,0.04878048780487805,,10000.0,0.0
125.0,41.0,0.07317073170731708,,10000.0,0.0
125.0,41.0,0.0975609756097561,,10000.0,0.0
125.0,41.0,0.12195121951219512,,10000.0,0.0
125.0,41.0,0.14634146341463417,,10000.0,0.0
125.0,41.0,0.17073170731707318,,10000.0,0.0
125.0,41.0,0.1951219512195122,,10000.0,0.0
125.0,41.0,0.21951219512195122,,10000.0,0.0
125.0,41.0,0.24390243902439024,,10000.0,0.0
125.0,41.0,0.2682926829268293,,10000.0,0.0
125.0,41.0,0.29268292682926833,,10000.0,0.0
125.0,41.0,0.3170731707317073,,10000.0,0.0
125.0,41.0,0.34146341463414637,,10000.0,0.0
125.0,41.0,0.36585365853658536,,10000.0,0.0
125.0,41.0,0.3902439024390244,,10000.0,0.0
125.0,41.0,0.41463414634146345,,10000.0,0.0
125.0,41.0,0.43902439024390244,,10000.0,0.0
125.0,41.0,0.4634146341463415,,10000.0,0.0
125.0,41.0,0.4878048780487805,,10000.0,0.0
125.0,41.0,0.5121951219512195,,10000.0,0.0
125.0,41.0,0.5365853658536586,,10000.0,0.0
125.0,41.0,0.5609756097560976,,10000.0,0.0
125.0,41.0,0.5853658536585367,,10000.0,0.0
125.0,41.0,0.6097560975609756,,10000.0,0.0
125.0,41.0,0.6341463414634146,,10000.0,0.0
125.0,41.0,0.6585365853658537,,10000.0,0.0
125.0,41.0,0.6829268292682927,0.000725804294159138,10000.0,9.0
125.0,41.0,0.7073170731707318,0.0004619574276457372,10000.0,79.0
125.0,41.0,0.7317073170731707,0.00019801685913406475,10000.0,240.0
125.0,41.0,0.7560975609756098,-6.601731298638835e-05,10000.0,324.0
125.0,41.0,0.7804878048780488,-0.00033014499029049293,10000.0,192.0
125.0,41.0,0.8048780487804879,-0.0005943660743187584,10000.0,35.0
125.0,41.0,0.8292682926829269,0.0002270805807490367,10000.0,8.0
125.0,41.0,0.8536585365853658,0.0006187231450755059,10000.0,105.0
125.0,41.0,0.8780487804878049,0.0003576371777447776,10000.0,1229.0
125.0,41.0,0.9024390243902439,0.00010272923258080397,10000.0,4176.0
125.0,41.0,0.926829268292683,-0.00014211179257451323,10000.0,3489.0
125.0,41.0,0.951219512195122,-0.00038273568491350036,10000.0,580.0
125.0,41.0,0.975609756097561,-0.0006227267645473322,10000.0,5.0
126.0,42.0,0.024390243902439025,0.0006383501097431687,10000.0,5.0
126.0,42.0,0.04878048780487805,0.0003868050306729903,10000.0,617.0
126.0,42.0,0.07317073170731708,0.00014760084774992653,10000.0,3716.0
126.0,42.0,0.0975609756097561,-9.937565710508998e-05,10000.0,4316.0
126.0,42.0,0.12195121951219512,-0.0003528171229330531,10000.0,1355.0
126.0,42.0,0.14634146341463417,-0.0005976700792272077,10000.0,140.0
126.0,42.0,0.17073170731707318,0.00048466589305876866,10000.0,22.0
126.0,42.0,0.1951219512195122,0.0005523830553840645,10000.0,137.0
126.0,42.0,0.21951219512195122,0.00029861609522018225,10000.0,567.0
126.0,42.0,0.24390243902439024,5.0042928239827674e-05,10000.0,891.0
126.0,42.0,0.2682926829268293,-0.00019539799807937814,10000.0,726.0
126.0,42.0,0.29268292682926833,-0.00044892604435811635,10000.0,239.0
126.0,42.0,0.3170731707317073,-0.0007000796223061892,10000.0,34.0
126.0,42.0,0.34146341463414637,-0.0008901372223038551,10000.0,1.0
126.0,42.0,0.36585365853658536,,10000.0,0.0
126.0,42.0,0.3902439024390244,,10000.0,0.0
126.0,42.0,0.41463414634146345,,10000.0,0.0
126.0,42.0,0.43902439024390244,,10000.0,0.0
126.0,42.0,0.4634146341463415,,10000.0,0.0
126.0,42.0,0.4878048780487805,,10000.0,0.0
126.0,42.0,0.5121951219512195,,10000.0,0.0
126.0,42.0,0.5365853658536586,,10000.0,0.0
126.0,42.0,0.5609756097560976,,10000.0,0.0
126.0,42.0,0.5853658536585367,,10000.0,0.0
126.0,42.0,0.6097560975609756,,10000.0,0.0
126.0,42.0,0.6341463414634146,,10000.0,0.0
126.0,42.0,0.6585365853658537,,10000.0,0.0
126.0,42.0,0.6829268292682927,,10000.0,0.0
126.0,42.0,0.7073170731707318,,10000.0,0.0
126.0,42.0,0.7317073170731707,,10000.0,0.0
126.0,42.0,0.7560975609756098,,10000.0,0.0
126.0,42.0,0.7804878048780488,,10000.0,0.0
126.0,42.0,0.8048780487804879,,10000.0,0.0
126.0,42.0,0.8292682926829269,,10000.0,0.0
126.0,42.0,0.8536585365853658,,10000.0,0.0
126.0,42.0,0.8780487804878049,,10000.0,0.0
126.0,42.0,0.9024390243902439,,10000.0,0.0
126.0,42.0,0.926829268292683,,10000.0,0.0
126.0,42.0,0.951219512195122,,10000.0,0.0
126.0,42.0,0.975609756097561,,10000.0,0.0
127.0,42.0,0.024390243902439025,,10000.0,0.0
127.0,42.0,0.04878048780487805,,10000.0,0.0
127.0,42.0,0.07317073170731708,,10000.0,0.0
127.0,42.0,0.0975609756097561,,10000.0,0.0
127.0,42.0,0.12195121951219512,,10000.0,0.0
127.0,42.0,0.14634146341463417,,10000.0,0.0
127.0,42.0,0.17073170731707318,,10000.0,0.0
127.0,42.0,0.1951219512195122,,10000.0,0.0
127.0,42.0,0.21951219512195122,,10000.0,0.0
127.0,42.0,0.24390243902439024,,10000.0,0.0
127.0,42.0,0.2682926829268293,,10000.0,0.0
127.0,42.0,0.29268292682926833,,10000.0,0.0
127.0,42.0,0.3170731707317073,,10000.0,0.0
127.0,42.0,0.34146341463414637,,10000.0,0.0
127.0,42.0,0.36585365853658536,,10000.0,0.0
127.0,42.0,0.3902439024390244,,10000.0,0.0
127.0,42.0,0.41463414634146345,,10000.0,0.0
127.0,42.0,0.43902439024390244,,10000.0,0.0
127.0,42.0,0.4634146341463415,,10000.0,0.0
127.0,42.0,0.4878048780487805,,10000.0,0.0
127.0,42.0,0.5121951219512195,,10000.0,0.0
127.0,42.0,0.5365853658536586,,10000.0,0.0
127.0,42.0,0.5609756097560976,,10000.0,0.0
127.0,42.0,0.5853658536585367,,10000.0,0.0
127.0,42.0,0.6097560975609756,,10000.0,0.0
127.0,42.0,0.6341463414634146,,10000.0,0.0
127.0,42.0,0.6585365853658537,,10000.0,0.0
127.0,42.0,0.6829268292682927,,10000.0,0.0
127.0,42.0,0.7073170731707318,,10000.0,0.0
127.0,42.0,0.7317073170731707,,10000.0,0.0
127.0,42.0,0.7560975609756098,,10000.0,0.0
127.0,42.0,0.7804878048780488,,10000.0,0.0
127.0,42.0,0.8048780487804879,,10000.0,0.0
127.0,42.0,0.8292682926829269,,10000.0,0.0
127.0,42.0,0.8536585365853658,,10000.0,0.0
127.0,42.0,0.8780487804878049,,10000.0,0.0
127.0,42.0,0.9024390243902439,,10000.0,0.0
127.0,42.0,0.926829268292683,,10000.0,0.0
127.0,42.0,0.951219512195122,,10000.0,0.0
127.0,42.0,0.975609756097561,,10000.0,0.0
128.0,42.0,0.024390243902439025,,10000.0,0.0
128.0,42.0,0.04878048780487805,,10000.0,0.0
128.0,42.0,0.07317073170731708,,10000.0,0.0
128.0,42.0,0.0975609756097561,,10000.0,0.0
128.0,42.0,0.12195121951219512,,10000.0,0.0
128.0,42.0,0.14634146341463417,,10000.0,0.0
128.0,42.0,0.17073170731707318,,10000.0,0.0
128.0,42.0,0.1951219512195122,,10000.0,0.0
128.0,42.0,0.21951219512195122,,10000.0,0.0
128.0,42.0,0.24390243902439024,,10000.0,0.0
128.0,42.0,0.2682926829268293,,10000.0,0.0
128.0,42.0,0.29268292682926833,,10000.0,0.0
128.0,42.0,0.3170731707317073,,10000.0,0.0
128.0,42.0,0.34146341463414637,,10000.0,0.0
128.0,42.0,0.36585365853658536,,10000.0,0.0
128.0,42.0,0.3902439024390244,,10000.0,0.0
128.0,42.0,0.41463414634146345,,10000.0,0.0
128.0,42.0,0.43902439024390244,,10000.0,0.0
128.0,42.0,0.4634146341463415,,10000.0,0.0
128.0,42.0,0.4878048780487805,,10000.0,0.0
128.0,42.0,0.5121951219512195,,10000.0,0.0
128.0,42.0,0.5365853658536586,,10000.0,0.0
128.0,42.0,0.5609756097560976,,10000.0,0.0
128.0,42.0,0.5853658536585367,,10000.0,0.0
128.0,42.0,0.6097560975609756,,10000.0,0.0
128.0,42.0,0.6341463414634146,,10000.0,0.0
128.0,42.0,0.6585365853658537,0.0009664972630293867,10000.0,1.0
128.0,42.0,0.6829268292682927,0.0007088875910690184,10000.0,24.0
128.0,42.0,0.7073170731707318,0.0004511884609165462,10000.0,148.0
128.0,42.0,0.7317073170731707,0.00019339996420242311,10000.0,527.0
128.0,42.0,0.7560975609756098,-6.336609054614986e-05,10000.0,617.0
128.0,42.0,0.7804878048780488,-0.0003078575076453188,10000.0,379.0
128.0,42.0,0.8048780487804879,-0.0004132735116994562,10000.0,129.0
128.0,42.0,0.8292682926829269,-6.575112695337635e-05,10000.0,52.0
128.0,42.0,0.8536585365853658,0.0005348543758581895,10000.0,203.0
128.0,42.0,0.8780487804878049,0.00033446637026501207,10000.0,1704.0
128.0,42.0,0.9024390243902439,8.368946432419983e-05,10000.0,4905.0
128.0,42.0,0.926829268292683,-0.0001613663470883373,10000.0,3778.0
128.0,42.0,0.951219512195122,-0.0004048569844473948,10000.0,581.0
128.0,42.0,0.975609756097561,-0.0006585249962750561,10000.0,6.0
129.0,43.0,0.024390243902439025,0.0006526501557087318,10000.0,8.0
129.0,43.0,0.04878048780487805,0.00040877954058075476,10000.0,558.0
129.0,43.0,0.07317073170731708,0.00016848314975117287,10000.0,3882.0
129.0,43.0,0.0975609756097561,-7.318024947548256e-05,10000.0,5122.0
129.0,43.0,0.12195121951219512,-0.0003267178771040254,10000.0,1857.0
129.0,43.0,0.14634146341463417,-0.0005425947645057624,10000.0,231.0
129.0,43.0,0.17073170731707318,0.00021609884559805053,10000.0,77.0
129.0,43.0,0.1951219512195122,0.0004266121101710445,10000.0,229.0
129.0,43.0,0.21951219512195122,0.0002647563711328622,10000.0,714.0
129.0,43.0,0.24390243902439024,2.685635647325533e-05,10000.0,1161.0
129.0,43.0,0.2682926829268293,-0.00021605345966419173,10000.0,844.0
129.0,43.0,0.29268292682926833,-0.0004692149927075244,10000.0,256.0
129.0,43.0,0.3170731707317073,-0.0007112906400943485,10000.0,43.0
129.0,43.0,0.34146341463414637,-0.0009625212015674789,10000.0,3.0
129.0,43.0,0.36585365853658536,,10000.0,0.0
129.0,43.0,0.3902439024390244,,10000.0,0.0
129.0,43.0,0.41463414634146345,,10000.0,0.0
129.0,43.0,0.43902439024390244,,10000.0,0.0
129.0,43.0,0.4634146341463415,,10000.0,0.0
129.0,43.0,0.4878048780487805,,10000.0,0.0
129.0,43.0,0.5121951219512195,,10000.0,0.0
129.0,43.0,0.5365853658536586,,10000.0,0.0
129.0,43.0,0.5609756097560976,,10000.0,0.0
129.0,43.0,0.5853658536585367,,10000.0,0.0
129.0,43.0,0.6097560975609756,,10000.0,0.0
129.0,43.0,0.6341463414634146,,10000.0,0.0
129.0,43.0,0.6585365853658537,,10000.0,0.0
129.0,43.0,0.6829268292682927,,10000.0,0.0
129.0,43.0,0.7073170731707318,,10000.0,0.0
129.0,43.0,0.7317073170731707,,10000.0,0.0
129.0,43.0,0.7560975609756098,,10000.0,0.0
129.0,43.0,0.7804878048780488,,10000.0,0.0
129.0,43.0,0.8048780487804879,,10000.0,0.0
129.0,43.0,0.8292682926829269,,10000.0,0.0
129.0,43.0,0.8536585365853658,,10000.0,0.0
129.0,43.0,0.8780487804878049,,10000.0,0.0
129.0,43.0,0.9024390243902439,,10000.0,0.0
129.0,43.0,0.926829268292683,,10000.0,0.0
129.0,43.0,0.951219512195122,,10000.0,0.0
129.0,43.0,0.975609756097561,,10000.0,0.0
130.0,43.0,0.024390243902439025,,10000.0,0.0
130.0,43.0,0.04878048780487805,,10000.0,0.0
130.0,43.0,0.07317073170731708,,10000.0,0.0
130.0,43.0,0.0975609756097561,,10000.0,0.0
130.0,43.0,0.12195121951219512,,10000.0,0.0
130.0,43.0,0.14634146341463417,,10000.0,0.0
130.0,43.0,0.17073170731707318,,10000.0,0.0
130.0,43.0,0.1951219512195122,,10000.0,0.0
130.0,43.0,0.21951219512195122,,10000.0,0.0
130.0,43.0,0.24390243902439024,,10000.0,0.0
130.0,43.0,0.2682926829268293,,10000.0,0.0
130.0,43.0,0.29268292682926833,,10000.0,0.0
130.0,43.0,0.3170731707317073,,10000.0,0.0
130.0,43.0,0.34146341463414637,,10000.0,0.0
130.0,43.0,0.36585365853658536,,10000.0,0.0
130.0,43.0,0.3902439024390244,,10000.0,0.0
130.0,43.0,0.41463414634146345,,10000.0,0.0
130.0,43.0,0.43902439024390244,,10000.0,0.0
130.0,43.0,0.4634146341463415,,10000.0,0.0
130.0,43.0,0.4878048780487805,,10000.0,0.0
130.0,43.0,0.5121951219512195,,10000.0,0.0
130.0,43.0,0.5365853658536586,,10000.0,0.0
130.0,43.0,0.5609756097560976,,10000.0,0.0
130.0,43.0,0.5853658536585367,,10000.0,0.0
130.0,43.0,0.6097560975609756,,10000.0,0.0
130.0,43.0,0.6341463414634146,,10000.0,0.0
130.0,43.0,0.6585365853658537,,10000.0,0.0
130.0,43.0,0.6829268292682927,,10000.0,0.0
130.0,43.0,0.7073170731707318,,10000.0,0.0
130.0,43.0,0.7317073170731707,,10000.0,0.0
130.0,43.0,0.7560975609756098,,10000.0,0.0
130.0,43.0,0.7804878048780488,,10000.0,0.0
130.0,43.0,0.8048780487804879,,10000.0,0.0
130.0,43.0,0.8292682926829269,,10000.0,0.0
130.0,43.0,0.8536585365853658,,10000.0,0.0
130.0,43.0,0.8780487804878049,,10000.0,0.0
130.0,43.0,0.9024390243902439,,10000.0,0.0
130.0,43.0,0.926829268292683,,10000.0,0.0
130.0,43.0,0.951219512195122,,10000.0,0.0
130.0,43.0,0.975609756097561,,10000.0,0.0
131.0,43.0,0.024390243902439025,,10000.0,0.0
131.0,43.0,0.04878048780487805,,10000.0,0.0
131.0,43.0,0.07317073170731708,,10000.0,0.0
131.0,43.0,0.0975609756097561,,10000.0,0.0
131.0,43.0,0.12195121951219512,,10000.0,0.0
131.0,43.0,0.14634146341463417,,10000.0,0.0
131.0,43.0,0.17073170731707318,,10000.0,0.0
131.0,43.0,0.1951219512195122,,10000.0,0.0
131.0,43.0,0.21951219512195122,,10000.0,0.0
131.0,43.0,0.24390243902439024,,10000.0,0.0
131.0,43.0,0.2682926829268293,,10000.0,0.0
131.0,43.0,0.29268292682926833,,10000.0,0.0
131.0,43.0,0.3170731707317073,,10000.0,0.0
131.0,43.0,0.34146341463414637,,10000.0,0.0
131.0,43.0,0.36585365853658536,,10000.0,0.0
131.0,43.0,0.3902439024390244,,10000.0,0.0
131.0,43.0,0.41463414634146345,,10000.0,0.0
131.0,43.0,0.43902439024390244,,10000.0,0.0
131.0,43.0,0.4634146341463415,,10000.0,0.0
131.0,43.0,0.4878048780487805,,10000.0,0.0
131.0,43.0,0.5121951219512195,,10000.0,0.0
131.0,43.0,0.5365853658536586,,10000.0,0.0
131.0,43.0,0.5609756097560976,,10000.0,0.0
131.0,43.0,0.5853658536585367,,10000.0,0.0
131.0,43.0,0.6097560975609756,,10000.0,0.0
131.0,43.0,0.6341463414634146,,10000.0,0.0
131.0,43.0,0.6585365853658537,0.0009361806877116602,10000.0,6.0
131.0,43.0,0.6829268292682927,0.0006882110574419908,10000.0,77.0
131.0,43.0,0.7073170731707318,0.00043675716787027337,10000.0,360.0
131.0,43.0,0.7317073170731707,0.00018806841876687198,10000.0,1077.0
131.0,43.0,0.7560975609756098,-6.193842056650159e-05,10000.0,1298.0
131.0,43.0,0.7804878048780488,-0.000301296897666224,10000.0,760.0
131.0,43.0,0.8048780487804879,-0.00042364978943005524,10000.0,199.0
131.0,43.0,0.8292682926829269,3.2231340040169216e-05,10000.0,67.0
131.0,43.0,0.8536585365853658,0.0005405632696276944,10000.0,314.0
131.0,43.0,0.8780487804878049,0.00031320454519750057,10000.0,2524.0
131.0,43.0,0.9024390243902439,8.167020660122674e-05,10000.0,6254.0
131.0,43.0,0.926829268292683,-0.00012035387769824352,10000.0,5422.0
131.0,43.0,0.951219512195122,-0.0002983879007388503,10000.0,1442.0
131.0,43.0,0.975609756097561,-0.0004747695567405333,10000.0,47.0
132.0,44.0,0.024390243902439025,0.0004926452823939461,10000.0,27.0
132.0,44.0,0.04878048780487805,0.0003006150888930077,10000.0,1500.0
132.0,44.0,0.07317073170731708,0.00012378563574279397,10000.0,5521.0
132.0,44.0,0.0975609756097561,-7.257385173088921e-05,10000.0,6582.0
132.0,44.0,0.12195121951219512,-0.00029401840513975654,10000.0,2820.0
132.0,44.0,0.14634146341463417,-0.0004409722170965296,10000.0,483.0
132.0,44.0,0.17073170731707318,9.282299782932135e-05,10000.0,247.0
132.0,44.0,0.1951219512195122,0.00018326486215800917,10000.0,461.0
132.0,44.0,0.21951219512195122,0.0002390851739668652,10000.0,847.0
132.0,44.0,0.24390243902439024,5.418093861029383e-05,10000.0,1464.0
132.0,44.0,0.2682926829268293,-0.00018977272552281045,10000.0,1153.0
132.0,44.0,0.29268292682926833,-0.0004341775862981147,10000.0,457.0
132.0,44.0,0.3170731707317073,-0.0006916816870951069,10000.0,76.0
132.0,44.0,0.34146341463414637,-0.0009186540194026834,10000.0,9.0
132.0,44.0,0.36585365853658536,,10000.0,0.0
132.0,44.0,0.3902439024390244,,10000.0,0.0
132.0,44.0,0.41463414634146345,,10000.0,0.0
132.0,44.0,0.43902439024390244,,10000.0,0.0
132.0,44.0,0.4634146341463415,,10000.0,0.0
132.0,44.0,0.4878048780487805,,10000.0,0.0
132.0,44.0,0.5121951219512195,,10000.0,0.0
132.0,44.0,0.5365853658536586,,10000.0,0.0
132.0,44.0,0.5609756097560976,,10000.0,0.0
132.0,44.0,0.5853658536585367,,10000.0,0.0
132.0,44.0,0.6097560975609756,,10000.0,0.0
132.0,44.0,0.6341463414634146,,10000.0,0.0
132.0,44.0,0.6585365853658537,,10000.0,0.0
132.0,44.0,0.6829268292682927,,10000.0,0.0
132.0,44.0,0.7073170731707318,,10000.0,0.0
132.0,44.0,0.7317073170731707,,10000.0,0.0
132.0,44.0,0.7560975609756098,,10000.0,0.0
132.0,44.0,0.7804878048780488,,10000.0,0.0
132.0,44.0,0.8048780487804879,,10000.0,0.0
132.0,44.0,0.8292682926829269,,10000.0,0.0
132.0,44.0,0.8536585365853658,,10000.0,0.0
132.0,44.0,0.8780487804878049,,10000.0,0.0
132.0,44.0,0.9024390243902439,,10000.0,0.0
132.0,44.0,0.926829268292683,,10000.0,0.0
132.0,44.0,0.951219512195122,,10000.0,0.0
132.0,44.0,0.975609756097561,,10000.0,0.0
133.0,44.0,0.024390243902439025,,10000.0,0.0
133.0,44.0,0.04878048780487805,,10000.0,0.0
133.0,44.0,0.07317073170731708,,10000.0,0.0
133.0,44.0,0.0975609756097561,,10000.0,0.0
133.0,44.0,0.12195121951219512,,10000.0,0.0
133.0,44.0,0.14634146341463417,,10000.0,0.0
133.0,44.0,0.17073170731707318,,10000.0,0.0
133.0,44.0,0.1951219512195122,,10000.0,0.0
133.0,44.0,0.21951219512195122,,10000.0,0.0
133.0,44.0,0.24390243902439024,,10000.0,0.0
133.0,44.0,0.2682926829268293,,10000.0,0.0
133.0,44.0,0.29268292682926833,,10000.0,0.0
133.0,44.0,0.3170731707317073,,10000.0,0.0
133.0,44.0,0.34146341463414637,,10000.0,0.0
133.0,44.0,0.36585365853658536,,10000.0,0.0
133.0,44.0,0.3902439024390244,,10000.0,0.0
133.0,44.0,0.41463414634146345,,10000.0,0.0
133.0,44.0,0.43902439024390244,,10000.0,0.0
133.0,44.0,0.4634146341463415,,10000.0,0.0
133.0,44.0,0.4878048780487805,,10000.0,0.0
133.0,44.0,0.5121951219512195,,10000.0,0.0
133.0,44.0,0.5365853658536586,,10000.0,0.0
133.0,44.0,0.5609756097560976,,10000.0,0.0
133.0,44.0,0.5853658536585367,,10000.0,0.0
133.0,44.0,0.6097560975609756,,10000.0,0.0
133.0,44.0,0.6341463414634146,,10000.0,0.0
133.0,44.0,0.6585365853658537,,10000.0,0.0
133.0,44.0,0.6829268292682927,,10000.0,0.0
133.0,44.0,0.7073170731707318,,10000.0,0.0
133.0,44.0,0.7317073170731707,,10000.0,0.0
133.0,44.0,0.7560975609756098,,10000.0,0.0
133.0,44.0,0.7804878048780488,,10000.0,0.0
133.0,44.0,0.8048780487804879,,10000.0,0.0
133.0,44.0,0.8292682926829269,,10000.0,0.0
133.0,44.0,0.8536585365853658,,10000.0,0.0
133.0,44.0,0.8780487804878049,,10000.0,0.0
133.0,44.0,0.9024390243902439,,10000.0,0.0
133.0,44.0,0.926829268292683,,10000.0,0.0
133.0,44.0,0.951219512195122,,10000.0,0.0
133.0,44.0,0.975609756097561,,10000.0,0.0
134.0,44.0,0.024390243902439025,,10000.0,0.0
134.0,44.0,0.04878048780487805,,10000.0,0.0
134.0,44.0,0.07317073170731708,,10000.0,0.0
134.0,44.0,0.0975609756097561,,10000.0,0.0
134.0,44.0,0.12195121951219512,,10000.0,0.0
134.0,44.0,0.14634146341463417,,10000.0,0.0
134.0,44.0,0.17073170731707318,,10000.0,0.0
134.0,44.0,0.1951219512195122,,10000.0,0.0
134.0,44.0,0.21951219512195122,,10000.0,0.0
134.0,44.0,0.24390243902439024,,10000.0,0.0
134.0,44.0,0.2682926829268293,,10000.0,0.0
134.0,44.0,0.29268292682926833,,10000.0,0.0
134.0,44.0,0.3170731707317073,,10000.0,0.0
134.0,44.0,0.34146341463414637,,10000.0,0.0
134.0,44.0,0.36585365853658536,,10000.0,0.0
134.0,44.0,0.3902439024390244,,10000.0,0.0
134.0,44.0,0.41463414634146345,,10000.0,0.0
134.0,44.0,0.43902439024390244,,10000.0,0.0
134.0,44.0,0.4634146341463415,,10000.0,0.0
134.0,44.0,0.4878048780487805,,10000.0,0.0
134.0,44.0,0.5121951219512195,,10000.0,0.0
134.0,44.0,0.5365853658536586,,10000.0,0.0
134.0,44.0,0.5609756097560976,,10000.0,0.0
134.0,44.0,0.5853658536585367,,10000.0,0.0
134.0,44.0,0.6097560975609756,,10000.0,0.0
134.0,44.0,0.6341463414634146,,10000.0,0.0
134.0,44.0,0.6585365853658537,0.0008731828224076366,10000.0,10.0
134.0,44.0,0.6829268292682927,0.0006265599434006268,10000.0,105.0
134.0,44.0,0.7073170731707318,0.00040276175977433493,10000.0,575.0
134.0,44.0,0.7317073170731707,0.0001735819941995706,10000.0,1418.0
134.0,44.0,0.7560975609756098,-4.617021597857616e-05,10000.0,1744.0
134.0,44.0,0.7804878048780488,-0.00020904627985765547,10000.0,1115.0
134.0,44.0,0.8048780487804879,-0.00015908049293579673,10000.0,638.0
134.0,44.0,0.8292682926829269,-0.00010595776349233416,10000.0,484.0
134.0,44.0,0.8536585365853658,0.000371019843702087,10000.0,718.0
134.0,44.0,0.8780487804878049,0.00026936096244775643,10000.0,3186.0
134.0,44.0,0.9024390243902439,6.111883401173243e-05,10000.0,6843.0
134.0,44.0,0.926829268292683,-0.0001363463408405898,10000.0,5541.0
134.0,44.0,0.951219512195122,-0.0003180943186291142,10000.0,1418.0
134.0,44.0,0.975609756097561,-0.0005145112327391594,10000.0,60.0
135.0,45.0,0.024390243902439025,0.0005335769645069876,10000.0,40.0
135.0,45.0,0.04878048780487805,0.00032274489851159637,10000.0,1354.0
135.0,45.0,0.07317073170731708,0.00013535734949016563,10000.0,5416.0
135.0,45.0,0.0975609756097561,-5.2714185096838346e-05,10000.0,7082.0
135.0,45.0,0.12195121951219512,-0.00025557627972146873,10000.0,3606.0
135.0,45.0,0.14634146341463417,-0.00033769690348840227,10000.0,814.0
135.0,45.0,0.17073170731707318,7.900884349130106e-05,10000.0,645.0
135.0,45.0,0.1951219512195122,0.00011023294182458697,10000.0,901.0
135.0,45.0,0.21951219512195122,0.0001735387829466036,10000.0,1254.0
135.0,45.0,0.24390243902439024,4.790993586514591e-05,10000.0,1825.0
135.0,45.0,0.2682926829268293,-0.0001828910940508594,10000.0,1534.0
135.0,45.0,0.29268292682926833,-0.0004169760584208696,10000.0,572.0
135.0,45.0,0.3170731707317073,-0.0005876245168293948,10000.0,121.0
135.0,45.0,0.34146341463414637,0.0004292260756820408,10000.0,95.0
135.0,45.0,0.36585365853658536,0.0003573396322273381,10000.0,403.0
135.0,45.0,0.3902439024390244,0.00011178435608444337,10000.0,973.0
135.0,45.0,0.41463414634146345,-0.00013385014659844652,10000.0,880.0
135.0,45.0,0.43902439024390244,-0.00037956379727205336,10000.0,283.0
135.0,45.0,0.4634146341463415,-0.0006253565173616749,10000.0,10.0
135.0,45.0,0.4878048780487805,,10000.0,0.0
135.0,45.0,0.5121951219512195,,10000.0,0.0
135.0,45.0,0.5365853658536586,,10000.0,0.0
135.0,45.0,0.5609756097560976,,10000.0,0.0
135.0,45.0,0.5853658536585367,,10000.0,0.0
135.0,45.0,0.6097560975609756,,10000.0,0.0
135.0,45.0,0.6341463414634146,,10000.0,0.0
135.0,45.0,0.6585365853658537,,10000.0,0.0
135.0,45.0,0.6829268292682927,,10000.0,0.0
135.0,45.0,0.7073170731707318,,10000.0,0.0
135.0,45.0,0.7317073170731707,,10000.0,0.0
135.0,45.0,0.7560975609756098,,10000.0,0.0
135.0,45.0,0.7804878048780488,,10000.0,0.0
135.0,45.0,0.8048780487804879,,10000.0,0.0
135.0,45.0,0.8292682926829269,,10000.0,0.0
135.0,45.0,0.8536585365853658,,10000.0,0.0
135.0,45.0,0.8780487804878049,,10000.0,0.0
135.0,45.0,0.9024390243902439,,10000.0,0.0
135.0,45.0,0.926829268292683,,10000.0,0.0
135.0,45.0,0.951219512195122,,10000.0,0.0
135.0,45.0,0.975609756097561,,10000.0,0.0
136.0,45.0,0.024390243902439025,,10000.0,0.0
136.0,45.0,0.04878048780487805,,10000.0,0.0
136.0,45.0,0.07317073170731708,,10000.0,0.0
136.0,45.0,0.0975609756097561,,10000.0,0.0
136.0,45.0,0.12195121951219512,,10000.0,0.0
136.0,45.0,0.14634146341463417,,10000.0,0.0
136.0,45.0,0.17073170731707318,,10000.0,0.0
136.0,45.0,0.1951219512195122,,10000.0,0.0
136.0,45.0,0.21951219512195122,,10000.0,0.0
136.0,45.0,0.24390243902439024,,10000.0,0.0
136.0,45.0,0.2682926829268293,,10000.0,0.0
136.0,45.0,0.29268292682926833,,10000.0,0.0
136.0,45.0,0.3170731707317073,,10000.0,0.0
136.0,45.0,0.34146341463414637,,10000.0,0.0
136.0,45.0,0.36585365853658536,,10000.0,0.0
136.0,45.0,0.3902439024390244,,10000.0,0.0
136.0,45.0,0.41463414634146345,,10000.0,0.0
136.0,45.0,0.43902439024390244,,10000.0,0.0
136.0,45.0,0.4634146341463415,,10000.0,0.0
136.0,45.0,0.4878048780487805,,10000.0,0.0
136.0,45.0,0.5121951219512195,,10000.0,0.0
136.0,45.0,0.5365853658536586,,10000.0,0.0
136.0,45.0,0.5609756097560976,,10000.0,0.0
136.0,45.0,0.5853658536585367,,10000.0,0.0
136.0,45.0,0.6097560975609756,,10000.0,0.0
136.0,45.0,0.6341463414634146,,10000.0,0.0
136.0,45.0,0.6585365853658537,,10000.0,0.0
136.0,45.0,0.6829268292682927,,10000.0,0.0
136.0,45.0,0.7073170731707318,,10000.0,0.0
136.0,45.0,0.7317073170731707,,10000.0,0.0
136.0,45.0,0.7560975609756098,,10000.0,0.0
136.0,45.0,0.7804878048780488,,10000.0,0.0
136.0,45.0,0.8048780487804879,,10000.0,0.0
136.0,45.0,0.8292682926829269,,10000.0,0.0
136.0,45.0,0.8536585365853658,,10000.0,0.0
136.0,45.0,0.8780487804878049,,10000.0,0.0
136.0,45.0,0.9024390243902439,,10000.0,0.0
136.0,45.0,0.926829268292683,,10000.0,0.0
136.0,45.0,0.951219512195122,,10000.0,0.0
136.0,45.0,0.975609756097561,,10000.0,0.0
137.0,45.0,0.024390243902439025,,10000.0,0.0
137.0,45.0,0.04878048780487805,,10000.0,0.0
137.0,45.0,0.07317073170731708,,10000.0,0.0
137.0,45.0,0.0975609756097561,,10000.0,0.0
137.0,45.0,0.12195121951219512,,10000.0,0.0
137.0,45.0,0.14634146341463417,,10000.0,0.0
137.0,45.0,0.17073170731707318,,10000.0,0.0
137.0,45.0,0.1951219512195122,,10000.0,0.0
137.0,45.0,0.21951219512195122,,10000.0,0.0
137.0,45.0,0.24390243902439024,,10000.0,0.0
137.0,45.0,0.2682926829268293,,10000.0,0.0
137.0,45.0,0.29268292682926833,,10000.0,0.0
137.0,45.0,0.3170731707317073,,10000.0,0.0
137.0,45.0,0.34146341463414637,,10000.0,0.0
137.0,45.0,0.36585365853658536,,10000.0,0.0
137.0,45.0,0.3902439024390244,,10000.0,0.0
137.0,45.0,0.41463414634146345,,10000.0,0.0
137.0,45.0,0.43902439024390244,,10000.0,0.0
137.0,45.0,0.4634146341463415,,10000.0,0.0
137.0,45.0,0.4878048780487805,,10000.0,0.0
137.0,45.0,0.5121951219512195,,10000.0,0.0
137.0,45.0,0.5365853658536586,0.000636185014221885,10000.0,15.0
137.0,45.0,0.5609756097560976,0.00039579218654328674,10000.0,295.0
137.0,45.0,0.5853658536585367,0.0001553208869653766,10000.0,1070.0
137.0,45.0,0.6097560975609756,-8.522880983430348e-05,10000.0,1275.0
137.0,45.0,0.6341463414634146,-0.0003228629612830272,10000.0,625.0
137.0,45.0,0.6585365853658537,-0.00028416603494185554,10000.0,169.0
137.0,45.0,0.6829268292682927,0.000372739524429859,10000.0,198.0
137.0,45.0,0.7073170731707318,0.0003291368488244383,10000.0,667.0
137.0,45.0,0.7317073170731707,0.00016524642974646554,10000.0,1499.0
137.0,45.0,0.7560975609756098,-5.566004794995808e-05,10000.0,1752.0
137.0,45.0,0.7804878048780488,-0.00021540155911914467,10000.0,1202.0
137.0,45.0,0.8048780487804879,-0.00014863340373669697,10000.0,683.0
137.0,45.0,0.8292682926829269,-5.4477362873678704e-05,10000.0,496.0
137.0,45.0,0.8536585365853658,0.0003821646063794512,10000.0,967.0
137.0,45.0,0.8780487804878049,0.00024261386938044765,10000.0,3928.0
137.0,45.0,0.9024390243902439,4.533879894880877e-05,10000.0,7291.0
137.0,45.0,0.926829268292683,-0.00013947373065527674,10000.0,5503.0
137.0,45.0,0.951219512195122,-0.0003260349392185756,10000.0,1410.0
137.0,45.0,0.975609756097561,-0.0005421244486479214,10000.0,42.0
138.0,46.0,0.024390243902439025,0.0005367766383039212,10000.0,38.0
138.0,46.0,0.04878048780487805,0.00033286940528502143,10000.0,1310.0
138.0,46.0,0.07317073170731708,0.00014440577952822939,10000.0,5471.0
138.0,46.0,0.0975609756097561,-3.581677959534311e-05,10000.0,7534.0
138.0,46.0,0.12195121951219512,-0.000232414111139932,10000.0,4286.0
138.0,46.0,0.14634146341463417,-0.0002520465907648423,10000.0,1239.0
138.0,46.0,0.17073170731707318,0.00011486424288966143,10000.0,1252.0
138.0,46.0,0.1951219512195122,3.882039300436176e-05,10000.0,1670.0
138.0,46.0,0.21951219512195122,5.4200711477343325e-05,10000.0,1617.0
138.0,46.0,0.24390243902439024,2.360082367503296e-05,10000.0,1792.0
138.0,46.0,0.2682926829268293,-0.00017145565913567165,10000.0,1459.0
138.0,46.0,0.29268292682926833,-0.0003623363887912606,10000.0,617.0
138.0,46.0,0.3170731707317073,-0.0003840605521189692,10000.0,182.0
138.0,46.0,0.34146341463414637,0.0003388324637238514,10000.0,142.0
138.0,46.0,0.36585365853658536,0.00032367104782059296,10000.0,558.0
138.0,46.0,0.3902439024390244,8.512189217307897e-05,10000.0,1149.0
138.0,46.0,0.41463414634146345,-0.00015517578443774438,10000.0,1009.0
138.0,46.0,0.43902439024390244,-0.00039554923393902985,10000.0,282.0
138.0,46.0,0.4634146341463415,-0.000635998382758185,10000.0,14.0
138.0,46.0,0.4878048780487805,,10000.0,0.0
138.0,46.0,0.5121951219512195,,10000.0,0.0
138.0,46.0,0.5365853658536586,,10000.0,0.0
138.0,46.0,0.5609756097560976,,10000.0,0.0
138.0,46.0,0.5853658536585367,,10000.0,0.0
138.0,46.0,0.6097560975609756,,10000.0,0.0
138.0,46.0,0.6341463414634146,,10000.0,0.0
138.0,46.0,0.6585365853658537,,10000.0,0.0
138.0,46.0,0.6829268292682927,,10000.0,0.0
138.0,46.0,0.7073170731707318,,10000.0,0.0
138.0,46.0,0.7317073170731707,,10000.0,0.0
138.0,46.0,0.7560975609756098,,10000.0,0.0
138.0,46.0,0.7804878048780488,,10000.0,0.0
138.0,46.0,0.8048780487804879,,10000.0,0.0
138.0,46.0,0.8292682926829269,,10000.0,0.0
138.0,46.0,0.8536585365853658,,10000.0,0.0
138.0,46.0,0.8780487804878049,,10000.0,0.0
138.0,46.0,0.9024390243902439,,10000.0,0.0
138.0,46.0,0.926829268292683,,10000.0,0.0
138.0,46.0,0.951219512195122,,10000.0,0.0
138.0,46.0,0.975609756097561,,10000.0,0.0
139.0,46.0,0.024390243902439025,,10000.0,0.0
139.0,46.0,0.04878048780487805,,10000.0,0.0
139.0,46.0,0.07317073170731708,,10000.0,0.0
139.0,46.0,0.0975609756097561,,10000.0,0.0
139.0,46.0,0.12195121951219512,,10000.0,0.0
139.0,46.0,0.14634146341463417,,10000.0,0.0
139.0,46.0,0.17073170731707318,,10000.0,0.0
139.0,46.0,0.1951219512195122,,10000.0,0.0
139.0,46.0,0.21951219512195122,,10000.0,0.0
139.0,46.0,0.24390243902439024,,10000.0,0.0
139.0,46.0,0.2682926829268293,,10000.0,0.0
139.0,46.0,0.29268292682926833,,10000.0,0.0
139.0,46.0,0.3170731707317073,,10000.0,0.0
139.0,46.0,0.34146341463414637,,10000.0,0.0
139.0,46.0,0.36585365853658536,,10000.0,0.0
139.0,46.0,0.3902439024390244,,10000.0,0.0
139.0,46.0,0.41463414634146345,,10000.0,0.0
139.0,46.0,0.43902439024390244,,10000.0,0.0
139.0,46.0,0.4634146341463415,,10000.0,0.0
139.0,46.0,0.4878048780487805,,10000.0,0.0
139.0,46.0,0.5121951219512195,,10000.0,0.0
139.0,46.0,0.5365853658536586,,10000.0,0.0
139.0,46.0,0.5609756097560976,,10000.0,0.0
139.0,46.0,0.5853658536585367,,10000.0,0.0
139.0,46.0,0.6097560975609756,,10000.0,0.0
139.0,46.0,0.6341463414634146,,10000.0,0.0
139.0,46.0,0.6585365853658537,,10000.0,0.0
139.0,46.0,0.6829268292682927,,10000.0,0.0
139.0,46.0,0.7073170731707318,,10000.0,0.0
139.0,46.0,0.7317073170731707,,10000.0,0.0
139.0,46.0,0.7560975609756098,,10000.0,0.0
139.0,46.0,0.7804878048780488,,10000.0,0.0
139.0,46.0,0.8048780487804879,,10000.0,0.0
139.0,46.0,0.8292682926829269,,10000.0,0.0
139.0,46.0,0.8536585365853658,,10000.0,0.0
139.0,46.0,0.8780487804878049,,10000.0,0.0
139.0,46.0,0.9024390243902439,,10000.0,0.0
139.0,46.0,0.926829268292683,,10000.0,0.0
139.0,46.0,0.951219512195122,,10000.0,0.0
139.0,46.0,0.975609756097561,,10000.0,0.0
140.0,46.0,0.024390243902439025,,10000.0,0.0
140.0,46.0,0.04878048780487805,,10000.0,0.0
140.0,46.0,0.07317073170731708,,10000.0,0.0
140.0,46.0,0.0975609756097561,,10000.0,0.0
140.0,46.0,0.12195121951219512,,10000.0,0.0
140.0,46.0,0.14634146341463417,,10000.0,0.0
140.0,46.0,0.17073170731707318,,10000.0,0.0
140.0,46.0,0.1951219512195122,,10000.0,0.0
140.0,46.0,0.21951219512195122,,10000.0,0.0
140.0,46.0,0.24390243902439024,,10000.0,0.0
140.0,46.0,0.2682926829268293,,10000.0,0.0
140.0,46.0,0.29268292682926833,,10000.0,0.0
140.0,46.0,0.3170731707317073,,10000.0,0.0
140.0,46.0,0.34146341463414637,,10000.0,0.0
140.0,46.0,0.36585365853658536,,10000.0,0.0
140.0,46.0,0.3902439024390244,,10000.0,0.0
140.0,46.0,0.41463414634146345,,10000.0,0.0
140.0,46.0,0.43902439024390244,,10000.0,0.0
140.0,46.0,0.4634146341463415,,10000.0,0.0
140.0,46.0,0.4878048780487805,,10000.0,0.0
140.0,46.0,0.5121951219512195,,10000.0,0.0
140.0,46.0,0.5365853658536586,0.0006352071999174702,10000.0,7.0
140.0,46.0,0.5609756097560976,0.0003999281774545449,10000.0,305.0
140.0,46.0,0.5853658536585367,0.0001645740154795905,10000.0,1029.0
140.0,46.0,0.6097560975609756,-7.085521600674882e-05,10000.0,1274.0
140.0,46.0,0.6341463414634146,-0.00030422423965402977,10000.0,643.0
140.0,46.0,0.6585365853658537,-0.00041253029959406254,10000.0,182.0
140.0,46.0,0.6829268292682927,0.0005231584968298968,10000.0,184.0
140.0,46.0,0.7073170731707318,0.00039422552852048893,10000.0,838.0
140.0,46.0,0.7317073170731707,0.00017144064092025133,10000.0,1921.0
140.0,46.0,0.7560975609756098,-3.1883645209480915e-05,10000.0,2305.0
140.0,46.0,0.7804878048780488,-9.190424889034633e-05,10000.0,1921.0
140.0,46.0,0.8048780487804879,-5.310617066151242e-05,10000.0,1973.0
140.0,46.0,0.8292682926829269,-8.859865034437453e-05,10000.0,1416.0
140.0,46.0,0.8536585365853658,0.00022776366217245605,10000.0,1494.0
140.0,46.0,0.8780487804878049,0.0002152092635710354,10000.0,4617.0
140.0,46.0,0.9024390243902439,3.112642113854375e-05,10000.0,7752.0
140.0,46.0,0.926829268292683,-0.00015153396027004485,10000.0,5449.0
140.0,46.0,0.951219512195122,-0.0003389558901740613,10000.0,1376.0
140.0,46.0,0.975609756097561,-0.0005472186300026927,10000.0,39.0
141.0,47.0,0.024390243902439025,0.0005591040228334045,10000.0,40.0
141.0,47.0,0.04878048780487805,0.0003415128785054351,10000.0,1414.0
141.0,47.0,0.07317073170731708,0.00015340958943802483,10000.0,5407.0
141.0,47.0,0.0975609756097561,-2.2858656938716215e-05,10000.0,7881.0
141.0,47.0,0.12195121951219512,-0.00020493732840312325,10000.0,4985.0
141.0,47.0,0.14634146341463417,-0.0002357551739877562,10000.0,1712.0
141.0,47.0,0.17073170731707318,9.446886474492998e-05,10000.0,1501.0
141.0,47.0,0.1951219512195122,5.068922940159013e-05,10000.0,1987.0
141.0,47.0,0.21951219512195122,0.00010772687111860042,10000.0,2036.0
141.0,47.0,0.24390243902439024,3.418528037096037e-05,10000.0,2361.0
141.0,47.0,0.2682926829268293,-0.00017581879839728646,10000.0,1898.0
141.0,47.0,0.29268292682926833,-0.0004036838246160343,10000.0,869.0
141.0,47.0,0.3170731707317073,-0.0005122402692664546,10000.0,211.0
141.0,47.0,0.34146341463414637,0.0004255132356725294,10000.0,172.0
141.0,47.0,0.36585365853658536,0.000305882173237626,10000.0,703.0
141.0,47.0,0.3902439024390244,7.076703408098739e-05,10000.0,1418.0
141.0,47.0,0.41463414634146345,-0.00016442078319783837,10000.0,1173.0
141.0,47.0,0.43902439024390244,-0.0003996812096327407,10000.0,307.0
141.0,47.0,0.4634146341463415,-0.0006350141762366812,10000.0,15.0
141.0,47.0,0.4878048780487805,,10000.0,0.0
141.0,47.0,0.5121951219512195,,10000.0,0.0
141.0,47.0,0.5365853658536586,,10000.0,0.0
141.0,47.0,0.5609756097560976,,10000.0,0.0
141.0,47.0,0.5853658536585367,,10000.0,0.0
141.0,47.0,0.6097560975609756,,10000.0,0.0
141.0,47.0,0.6341463414634146,,10000.0,0.0
141.0,47.0,0.6585365853658537,,10000.0,0.0
141.0,47.0,0.6829268292682927,,10000.0,0.0
141.0,47.0,0.7073170731707318,,10000.0,0.0
141.0,47.0,0.7317073170731707,,10000.0,0.0
141.0,47.0,0.7560975609756098,,10000.0,0.0
141.0,47.0,0.7804878048780488,,10000.0,0.0
141.0,47.0,0.8048780487804879,,10000.0,0.0
141.0,47.0,0.8292682926829269,,10000.0,0.0
141.0,47.0,0.8536585365853658,,10000.0,0.0
141.0,47.0,0.8780487804878049,,10000.0,0.0
141.0,47.0,0.9024390243902439,,10000.0,0.0
141.0,47.0,0.926829268292683,,10000.0,0.0
141.0,47.0,0.951219512195122,,10000.0,0.0
141.0,47.0,0.975609756097561,,10000.0,0.0
142.0,47.0,0.024390243902439025,,10000.0,0.0
142.0,47.0,0.04878048780487805,,10000.0,0.0
142.0,47.0,0.07317073170731708,,10000.0,0.0
142.0,47.0,0.0975609756097561,,10000.0,0.0
142.0,47.0,0.12195121951219512,,10000.0,0.0
142.0,47.0,0.14634146341463417,0.0010118509082320537,10000.0,2.0
142.0,47.0,0.17073170731707318,0.0007718707386576464,10000.0,32.0
142.0,47.0,0.1951219512195122,0.0005399627372942438,10000.0,198.0
142.0,47.0,0.21951219512195122,0.0003102918454762361,10000.0,648.0
142.0,47.0,0.24390243902439024,7.8412614532565e-05,10000.0,1081.0
142.0,47.0,0.2682926829268293,-0.0001509886810610168,10000.0,961.0
142.0,47.0,0.29268292682926833,-0.00037806372204289714,10000.0,437.0
142.0,47.0,0.3170731707317073,-0.0006102355143710094,10000.0,96.0
142.0,47.0,0.34146341463414637,-0.0008382117786337046,10000.0,8.0
142.0,47.0,0.36585365853658536,,10000.0,0.0
142.0,47.0,0.3902439024390244,,10000.0,0.0
142.0,47.0,0.41463414634146345,,10000.0,0.0
142.0,47.0,0.43902439024390244,,10000.0,0.0
142.0,47.0,0.4634146341463415,,10000.0,0.0
142.0,47.0,0.4878048780487805,,10000.0,0.0
142.0,47.0,0.5121951219512195,,10000.0,0.0
142.0,47.0,0.5365853658536586,,10000.0,0.0
142.0,47.0,0.5609756097560976,,10000.0,0.0
142.0,47.0,0.5853658536585367,,10000.0,0.0
142.0,47.0,0.6097560975609756,,10000.0,0.0
142.0,47.0,0.6341463414634146,,10000.0,0.0
142.0,47.0,0.6585365853658537,0.0008239127075811044,10000.0,16.0
142.0,47.0,0.6829268292682927,0.0005935524022477996,10000.0,141.0
142.0,47.0,0.7073170731707318,0.00036115850066477324,10000.0,602.0
142.0,47.0,0.7317073170731707,0.00013333205042073888,10000.0,1278.0
142.0,47.0,0.7560975609756098,-9.263080417857807e-05,10000.0,1377.0
142.0,47.0,0.7804878048780488,-0.00032227481253679045,10000.0,728.0
142.0,47.0,0.8048780487804879,-0.0005552612372239253,10000.0,183.0
142.0,47.0,0.8292682926829269,-0.000778451915636209,10000.0,22.0
142.0,47.0,0.8536585365853658,-0.0009933363133018402,10000.0,1.0
142.0,47.0,0.8780487804878049,,10000.0,0.0
142.0,47.0,0.9024390243902439,,10000.0,0.0
142.0,47.0,0.926829268292683,,10000.0,0.0
142.0,47.0,0.951219512195122,,10000.0,0.0
142.0,47.0,0.975609756097561,,10000.0,0.0
143.0,47.0,0.024390243902439025,,10000.0,0.0
143.0,47.0,0.04878048780487805,,10000.0,0.0
143.0,47.0,0.07317073170731708,,10000.0,0.0
143.0,47.0,0.0975609756097561,,10000.0,0.0
143.0,47.0,0.12195121951219512,,10000.0,0.0
143.0,47.0,0.14634146341463417,,10000.0,0.0
143.0,47.0,0.17073170731707318,,10000.0,0.0
143.0,47.0,0.1951219512195122,,10000.0,0.0
143.0,47.0,0.21951219512195122,,10000.0,0.0
143.0,47.0,0.24390243902439024,,10000.0,0.0
143.0,47.0,0.2682926829268293,,10000.0,0.0
143.0,47.0,0.29268292682926833,,10000.0,0.0
143.0,47.0,0.3170731707317073,,10000.0,0.0
143.0,47.0,0.34146341463414637,,10000.0,0.0
143.0,47.0,0.36585365853658536,,10000.0,0.0
143.0,47.0,0.3902439024390244,,10000.0,0.0
143.0,47.0,0.41463414634146345,,10000.0,0.0
143.0,47.0,0.43902439024390244,,10000.0,0.0
143.0,47.0,0.4634146341463415,,10000.0,0.0
143.0,47.0,0.4878048780487805,,10000.0,0.0
143.0,47.0,0.5121951219512195,,10000.0,0.0
143.0,47.0,0.5365853658536586,0.0006480643730109592,10000.0,13.0
143.0,47.0,0.5609756097560976,0.0004186612225596055,10000.0,410.0
143.0,47.0,0.5853658536585367,0.00018840941447391006,10000.0,1736.0
143.0,47.0,0.6097560975609756,-4.1940254734043194e-05,10000.0,2376.0
143.0,47.0,0.6341463414634146,-0.00026973006787769975,10000.0,1278.0
143.0,47.0,0.6585365853658537,-0.0003596731385624148,10000.0,368.0
143.0,47.0,0.6829268292682927,0.00028302736491146274,10000.0,310.0
143.0,47.0,0.7073170731707318,0.00032227261306374335,10000.0,944.0
143.0,47.0,0.7317073170731707,0.0001568595823280154,10000.0,1968.0
143.0,47.0,0.7560975609756098,-4.3065653077678696e-05,10000.0,2338.0
143.0,47.0,0.7804878048780488,-0.00012809381015466085,10000.0,1856.0
143.0,47.0,0.8048780487804879,-6.164361345293082e-05,10000.0,1637.0
143.0,47.0,0.8292682926829269,-3.6333347634344196e-05,10000.0,1365.0
143.0,47.0,0.8536585365853658,0.00026965658795719515,10000.0,1724.0
143.0,47.0,0.8780487804878049,0.00019413407502521667,10000.0,5360.0
143.0,47.0,0.9024390243902439,1.8610745878414462e-05,10000.0,8005.0
143.0,47.0,0.926829268292683,-0.000158074467951389,10000.0,5378.0
143.0,47.0,0.951219512195122,-0.0003497680826001925,10000.0,1395.0
143.0,47.0,0.975609756097561,-0.0005602789767446033,10000.0,41.0
144.0,48.0,0.024390243902439025,0.00038513914829790575,10000.0,306.0
144.0,48.0,0.04878048780487805,0.00021637865783882913,10000.0,3087.0
144.0,48.0,0.07317073170731708,9.50755080299101e-05,10000.0,7249.0
144.0,48.0,0.0975609756097561,-3.7786340399214763e-05,10000.0,8756.0
144.0,48.0,0.12195121951219512,-0.0001908435651745964,10000.0,5655.0
144.0,48.0,0.14634146341463417,-0.0002250328015020184,10000.0,2064.0
144.0,48.0,0.17073170731707318,0.00012476917264205188,10000.0,2130.0
144.0,48.0,0.1951219512195122,6.169350724077288e-05,10000.0,2998.0
144.0,48.0,0.21951219512195122,4.122889679673445e-05,10000.0,3114.0
144.0,48.0,0.24390243902439024,-1.1110051648036464e-05,10000.0,2982.0
144.0,48.0,0.2682926829268293,-0.00014332142600723865,10000.0,2316.0
144.0,48.0,0.29268292682926833,-0.00021387240182759907,10000.0,1361.0
144.0,48.0,0.3170731707317073,-0.00022288103836905362,10000.0,702.0
144.0,48.0,0.34146341463414637,0.00012317006066718005,10000.0,448.0
144.0,48.0,0.36585365853658536,0.00025398838977766194,10000.0,900.0
144.0,48.0,0.3902439024390244,4.269328806470647e-05,10000.0,1589.0
144.0,48.0,0.41463414634146345,-0.0001870586534907237,10000.0,1205.0
144.0,48.0,0.43902439024390244,-0.0004174190406484035,10000.0,300.0
144.0,48.0,0.4634146341463415,-0.0006478490025317307,10000.0,8.0
144.0,48.0,0.4878048780487805,,10000.0,0.0
144.0,48.0,0.5121951219512195,,10000.0,0.0
144.0,48.0,0.5365853658536586,,10000.0,0.0
144.0,48.0,0.5609756097560976,,10000.0,0.0
144.0,48.0,0.5853658536585367,,10000.0,0.0
144.0,48.0,0.6097560975609756,,10000.0,0.0
144.0,48.0,0.6341463414634146,,10000.0,0.0
144.0,48.0,0.6585365853658537,,10000.0,0.0
144.0,48.0,0.6829268292682927,,10000.0,0.0
144.0,48.0,0.7073170731707318,,10000.0,0.0
144.0,48.0,0.7317073170731707,,10000.0,0.0
144.0,48.0,0.7560975609756098,,10000.0,0.0
144.0,48.0,0.7804878048780488,,10000.0,0.0
144.0,48.0,0.8048780487804879,,10000.0,0.0
144.0,48.0,0.8292682926829269,,10000.0,0.0
144.0,48.0,0.8536585365853658,,10000.0,0.0
144.0,48.0,0.8780487804878049,,10000.0,0.0
144.0,48.0,0.9024390243902439,,10000.0,0.0
144.0,48.0,0.926829268292683,,10000.0,0.0
144.0,48.0,0.951219512195122,,10000.0,0.0
144.0,48.0,0.975609756097561,,10000.0,0.0
145.0,48.0,0.024390243902439025,,10000.0,0.0
145.0,48.0,0.04878048780487805,,10000.0,0.0
145.0,48.0,0.07317073170731708,,10000.0,0.0
145.0,48.0,0.0975609756097561,,10000.0,0.0
145.0,48.0,0.12195121951219512,,10000.0,0.0
145.0,48.0,0.14634146341463417,0.0009471710601314428,10000.0,3.0
145.0,48.0,0.17073170731707318,0.0007340435416234608,10000.0,51.0
145.0,48.0,0.1951219512195122,0.0005183756899302007,10000.0,368.0
145.0,48.0,0.21951219512195122,0.0003021478922500785,10000.0,1137.0
145.0,48.0,0.24390243902439024,8.279824037391136e-05,10000.0,1982.0
145.0,48.0,0.2682926829268293,-0.00013322691029625373,10000.0,1793.0
145.0,48.0,0.29268292682926833,-0.00035365240778915144,10000.0,915.0
145.0,48.0,0.3170731707317073,-0.0005752049830934611,10000.0,236.0
145.0,48.0,0.34146341463414637,-0.0007943798093628778,10000.0,36.0
145.0,48.0,0.36585365853658536,-0.0010000656154239146,10000.0,2.0
145.0,48.0,0.3902439024390244,,10000.0,0.0
145.0,48.0,0.41463414634146345,,10000.0,0.0
145.0,48.0,0.43902439024390244,,10000.0,0.0
145.0,48.0,0.4634146341463415,,10000.0,0.0
145.0,48.0,0.4878048780487805,,10000.0,0.0
145.0,48.0,0.5121951219512195,,10000.0,0.0
145.0,48.0,0.5365853658536586,,10000.0,0.0
145.0,48.0,0.5609756097560976,,10000.0,0.0
145.0,48.0,0.5853658536585367,,10000.0,0.0
145.0,48.0,0.6097560975609756,,10000.0,0.0
145.0,48.0,0.6341463414634146,0.0010324055500354479,10000.0,2.0
145.0,48.0,0.6585365853658537,0.0007607664825245204,10000.0,21.0
145.0,48.0,0.6829268292682927,0.0005454709607303735,10000.0,219.0
145.0,48.0,0.7073170731707318,0.0003261367575512622,10000.0,778.0
145.0,48.0,0.7317073170731707,9.961347646521134e-05,10000.0,1393.0
145.0,48.0,0.7560975609756098,-0.00011830587573877861,10000.0,1353.0
145.0,48.0,0.7804878048780488,-0.0003381748579402477,10000.0,691.0
145.0,48.0,0.8048780487804879,-0.0005653587711287662,10000.0,188.0
145.0,48.0,0.8292682926829269,-0.0007922786541118301,10000.0,22.0
145.0,48.0,0.8536585365853658,-0.0009727792690686909,10000.0,2.0
145.0,48.0,0.8780487804878049,,10000.0,0.0
145.0,48.0,0.9024390243902439,,10000.0,0.0
145.0,48.0,0.926829268292683,,10000.0,0.0
145.0,48.0,0.951219512195122,,10000.0,0.0
145.0,48.0,0.975609756097561,,10000.0,0.0
146.0,48.0,0.024390243902439025,,10000.0,0.0
146.0,48.0,0.04878048780487805,,10000.0,0.0
146.0,48.0,0.07317073170731708,,10000.0,0.0
146.0,48.0,0.0975609756097561,,10000.0,0.0
146.0,48.0,0.12195121951219512,,10000.0,0.0
146.0,48.0,0.14634146341463417,,10000.0,0.0
146.0,48.0,0.17073170731707318,,10000.0,0.0
146.0,48.0,0.1951219512195122,,10000.0,0.0
146.0,48.0,0.21951219512195122,,10000.0,0.0
146.0,48.0,0.24390243902439024,,10000.0,0.0
146.0,48.0,0.2682926829268293,,10000.0,0.0
146.0,48.0,0.29268292682926833,,10000.0,0.0
146.0,48.0,0.3170731707317073,,10000.0,0.0
146.0,48.0,0.34146341463414637,,10000.0,0.0
146.0,48.0,0.36585365853658536,,10000.0,0.0
146.0,48.0,0.3902439024390244,,10000.0,0.0
146.0,48.0,0.41463414634146345,,10000.0,0.0
146.0,48.0,0.43902439024390244,,10000.0,0.0
146.0,48.0,0.4634146341463415,,10000.0,0.0
146.0,48.0,0.4878048780487805,,10000.0,0.0
146.0,48.0,0.5121951219512195,,10000.0,0.0
146.0,48.0,0.5365853658536586,0.0005323636673848295,10000.0,67.0
146.0,48.0,0.5609756097560976,0.00033519159976768423,10000.0,1019.0
146.0,48.0,0.5853658536585367,0.0001360048993256524,10000.0,3009.0
146.0,48.0,0.6097560975609756,-7.197661147711677e-05,10000.0,3513.0
146.0,48.0,0.6341463414634146,-0.00026449789510004675,10000.0,1867.0
146.0,48.0,0.6585365853658537,-0.00013796927169985938,10000.0,762.0
146.0,48.0,0.6829268292682927,0.00021557704368269413,10000.0,1122.0
146.0,48.0,0.7073170731707318,0.00017969860536802592,10000.0,2034.0
146.0,48.0,0.7317073170731707,0.00010231594933545762,10000.0,2975.0
146.0,48.0,0.7560975609756098,-3.019010753896947e-05,10000.0,3256.0
146.0,48.0,0.7804878048780488,-8.18112072827582e-05,10000.0,2928.0
146.0,48.0,0.8048780487804879,-6.67754437286693e-05,10000.0,2718.0
146.0,48.0,0.8292682926829269,-8.941660211360527e-05,10000.0,2120.0
146.0,48.0,0.8536585365853658,0.00020946840010691278,10000.0,2341.0
146.0,48.0,0.8780487804878049,0.00017863040814973714,10000.0,6220.0
146.0,48.0,0.9024390243902439,3.187629595302229e-05,10000.0,8898.0
146.0,48.0,0.926829268292683,-9.671369865666892e-05,10000.0,7153.0
146.0,48.0,0.951219512195122,-0.00022082521341073598,10000.0,3149.0
146.0,48.0,0.975609756097561,-0.00037875081661147995,10000.0,310.0
147.0,49.0,0.024390243902439025,0.0003884384232166965,10000.0,298.0
147.0,49.0,0.04878048780487805,0.00022597951399712276,10000.0,3061.0
147.0,49.0,0.07317073170731708,9.723597345379762e-05,10000.0,7223.0
147.0,49.0,0.0975609756097561,-2.7671380816228676e-05,10000.0,8982.0
147.0,49.0,0.12195121951219512,-0.00016452558304594218,10000.0,6484.0
147.0,49.0,0.14634146341463417,-0.00019294242994214746,10000.0,2786.0
147.0,49.0,0.17073170731707318,8.807329227001474e-05,10000.0,2556.0
147.0,49.0,0.1951219512195122,4.893321883930235e-05,10000.0,3286.0
147.0,49.0,0.21951219512195122,6.333204778388545e-05,10000.0,3188.0
147.0,49.0,0.24390243902439024,1.2673977221888378e-05,10000.0,3299.0
147.0,49.0,0.2682926829268293,-0.00013396834083142769,10000.0,2811.0
147.0,49.0,0.29268292682926833,-0.0002377661342377546,10000.0,1646.0
147.0,49.0,0.3170731707317073,-0.00019764726185568534,10000.0,837.0
147.0,49.0,0.34146341463414637,0.00023123201873255682,10000.0,696.0
147.0,49.0,0.36585365853658536,0.00027972764582004145,10000.0,1895.0
147.0,49.0,0.3902439024390244,7.398714849698945e-05,10000.0,3719.0
147.0,49.0,0.41463414634146345,-0.0001368873705668844,10000.0,3262.0
147.0,49.0,0.43902439024390244,-0.0003390106510837057,10000.0,1093.0
147.0,49.0,0.4634146341463415,-0.0005362755837670341,10000.0,91.0
147.0,49.0,0.4878048780487805,,10000.0,0.0
147.0,49.0,0.5121951219512195,,10000.0,0.0
147.0,49.0,0.5365853658536586,,10000.0,0.0
147.0,49.0,0.5609756097560976,,10000.0,0.0
147.0,49.0,0.5853658536585367,,10000.0,0.0
147.0,49.0,0.6097560975609756,,10000.0,0.0
147.0,49.0,0.6341463414634146,,10000.0,0.0
147.0,49.0,0.6585365853658537,,10000.0,0.0
147.0,49.0,0.6829268292682927,,10000.0,0.0
147.0,49.0,0.7073170731707318,,10000.0,0.0
147.0,49.0,0.7317073170731707,,10000.0,0.0
147.0,49.0,0.7560975609756098,,10000.0,0.0
147.0,49.0,0.7804878048780488,,10000.0,0.0
147.0,49.0,0.8048780487804879,,10000.0,0.0
147.0,49.0,0.8292682926829269,,10000.0,0.0
147.0,49.0,0.8536585365853658,,10000.0,0.0
147.0,49.0,0.8780487804878049,,10000.0,0.0
147.0,49.0,0.9024390243902439,,10000.0,0.0
147.0,49.0,0.926829268292683,,10000.0,0.0
147.0,49.0,0.951219512195122,,10000.0,0.0
147.0,49.0,0.975609756097561,,10000.0,0.0
148.0,49.0,0.024390243902439025,,10000.0,0.0
148.0,49.0,0.04878048780487805,,10000.0,0.0
148.0,49.0,0.07317073170731708,,10000.0,0.0
148.0,49.0,0.0975609756097561,,10000.0,0.0
148.0,49.0,0.12195121951219512,,10000.0,0.0
148.0,49.0,0.14634146341463417,,10000.0,0.0
148.0,49.0,0.17073170731707318,0.0007454534989941901,10000.0,29.0
148.0,49.0,0.1951219512195122,0.0005224152551268213,10000.0,221.0
148.0,49.0,0.21951219512195122,0.0003072174330871622,10000.0,804.0
148.0,49.0,0.24390243902439024,9.285779699896755e-05,10000.0,1358.0
148.0,49.0,0.2682926829268293,-0.00011250315095812907,10000.0,1371.0
148.0,49.0,0.29268292682926833,-0.00022319205564785743,10000.0,843.0
148.0,49.0,0.3170731707317073,-0.00020087010203592026,10000.0,476.0
148.0,49.0,0.34146341463414637,-0.000284336263306369,10000.0,215.0
148.0,49.0,0.36585365853658536,-0.0004838611140555549,10000.0,47.0
148.0,49.0,0.3902439024390244,-0.0006799683781310156,10000.0,2.0
148.0,49.0,0.41463414634146345,,10000.0,0.0
148.0,49.0,0.43902439024390244,,10000.0,0.0
148.0,49.0,0.4634146341463415,,10000.0,0.0
148.0,49.0,0.4878048780487805,,10000.0,0.0
148.0,49.0,0.5121951219512195,,10000.0,0.0
148.0,49.0,0.5365853658536586,,10000.0,0.0
148.0,49.0,0.5609756097560976,,10000.0,0.0
148.0,49.0,0.5853658536585367,,10000.0,0.0
148.0,49.0,0.6097560975609756,0.0006503509074745617,10000.0,1.0
148.0,49.0,0.6341463414634146,0.0004645496608232139,10000.0,46.0
148.0,49.0,0.6585365853658537,0.0002781951004055608,10000.0,192.0
148.0,49.0,0.6829268292682927,0.00021564907865223712,10000.0,560.0
148.0,49.0,0.7073170731707318,0.00026500435522133986,10000.0,1060.0
148.0,49.0,0.7317073170731707,0.00012434254791858585,10000.0,1847.0
148.0,49.0,0.7560975609756098,-8.681271231032996e-05,10000.0,1984.0
148.0,49.0,0.7804878048780488,-0.0003043808591876294,10000.0,1116.0
148.0,49.0,0.8048780487804879,-0.0005248570148403891,10000.0,329.0
148.0,49.0,0.8292682926829269,-0.0007454068684914991,10000.0,57.0
148.0,49.0,0.8536585365853658,-0.000980142266928996,10000.0,2.0
148.0,49.0,0.8780487804878049,,10000.0,0.0
148.0,49.0,0.9024390243902439,,10000.0,0.0
148.0,49.0,0.926829268292683,,10000.0,0.0
148.0,49.0,0.951219512195122,,10000.0,0.0
148.0,49.0,0.975609756097561,,10000.0,0.0
149.0,49.0,0.024390243902439025,,10000.0,0.0
149.0,49.0,0.04878048780487805,,10000.0,0.0
149.0,49.0,0.07317073170731708,,10000.0,0.0
149.0,49.0,0.0975609756097561,,10000.0,0.0
149.0,49.0,0.12195121951219512,,10000.0,0.0
149.0,49.0,0.14634146341463417,,10000.0,0.0
149.0,49.0,0.17073170731707318,,10000.0,0.0
149.0,49.0,0.1951219512195122,,10000.0,0.0
149.0,49.0,0.21951219512195122,,10000.0,0.0
149.0,49.0,0.24390243902439024,,10000.0,0.0
149.0,49.0,0.2682926829268293,,10000.0,0.0
149.0,49.0,0.29268292682926833,,10000.0,0.0
149.0,49.0,0.3170731707317073,,10000.0,0.0
149.0,49.0,0.34146341463414637,,10000.0,0.0
149.0,49.0,0.36585365853658536,,10000.0,0.0
149.0,49.0,0.3902439024390244,,10000.0,0.0
149.0,49.0,0.41463414634146345,,10000.0,0.0
149.0,49.0,0.43902439024390244,,10000.0,0.0
149.0,49.0,0.4634146341463415,,10000.0,0.0
149.0,49.0,0.4878048780487805,,10000.0,0.0
149.0,49.0,0.5121951219512195,,10000.0,0.0
149.0,49.0,0.5365853658536586,0.0005644491881129649,10000.0,83.0
149.0,49.0,0.5609756097560976,0.0003585969422008621,10000.0,1071.0
149.0,49.0,0.5853658536585367,0.00015437212784469184,10000.0,3358.0
149.0,49.0,0.6097560975609756,-5.5068085509906734e-05,10000.0,4085.0
149.0,49.0,0.6341463414634146,-0.000251995149904039,10000.0,2443.0
149.0,49.0,0.6585365853658537,-0.0002278020845747873,10000.0,978.0
149.0,49.0,0.6829268292682927,0.0001883587157245018,10000.0,1181.0
149.0,49.0,0.7073170731707318,0.00017594145452046444,10000.0,2075.0
149.0,49.0,0.7317073170731707,0.00010473489067688396,10000.0,2955.0
149.0,49.0,0.7560975609756098,-3.190543592417142e-05,10000.0,3305.0
149.0,49.0,0.7804878048780488,-8.15014234125604e-05,10000.0,2806.0
149.0,49.0,0.8048780487804879,-5.8881657066344965e-05,10000.0,2727.0
149.0,49.0,0.8292682926829269,-5.628564469920922e-05,10000.0,2142.0
149.0,49.0,0.8536585365853658,0.00021150087281940585,10000.0,2709.0
149.0,49.0,0.8780487804878049,0.00016408016005759266,10000.0,6563.0
149.0,49.0,0.9024390243902439,2.1181207791763247e-05,10000.0,9099.0
149.0,49.0,0.926829268292683,-9.923693965269633e-05,10000.0,7238.0
149.0,49.0,0.951219512195122,-0.00023313481655220906,10000.0,3132.0
149.0,49.0,0.975609756097561,-0.00039987369394180416,10000.0,329.0
150.0,50.0,0.024390243902439025,0.0004086375718210116,10000.0,320.0
150.0,50.0,0.04878048780487805,0.00023688832600930808,10000.0,3170.0
150.0,50.0,0.07317073170731708,0.00010248681152391622,10000.0,7235.0
150.0,50.0,0.0975609756097561,-1.835038183227363e-05,10000.0,9161.0
150.0,50.0,0.12195121951219512,-0.0001602690573718444,10000.0,6991.0
150.0,50.0,0.14634146341463417,-0.00021995497941600093,10000.0,2997.0
150.0,50.0,0.17073170731707318,2.7490361031547044e-05,10000.0,2222.0
150.0,50.0,0.1951219512195122,5.5479067713801893e-05,10000.0,2802.0
150.0,50.0,0.21951219512195122,8.420878744537983e-05,10000.0,2971.0
150.0,50.0,0.24390243902439024,2.2490866030086643e-05,10000.0,3303.0
150.0,50.0,0.2682926829268293,-0.00012768094009186007,10000.0,2786.0
150.0,50.0,0.29268292682926833,-0.00022755067256435303,10000.0,1660.0
150.0,50.0,0.3170731707317073,-0.0001535306915951552,10000.0,932.0
150.0,50.0,0.34146341463414637,0.0002739826860756879,10000.0,896.0
150.0,50.0,0.36585365853658536,0.00025597998894891883,10000.0,2360.0
150.0,50.0,0.3902439024390244,5.119851681418325e-05,10000.0,3941.0
150.0,50.0,0.41463414634146345,-0.00015692086360012352,10000.0,3139.0
150.0,50.0,0.43902439024390244,-0.0003584099647500035,10000.0,997.0
150.0,50.0,0.4634146341463415,-0.0005668450005729072,10000.0,76.0
150.0,50.0,0.4878048780487805,,10000.0,0.0
150.0,50.0,0.5121951219512195,,10000.0,0.0
150.0,50.0,0.5365853658536586,,10000.0,0.0
150.0,50.0,0.5609756097560976,,10000.0,0.0
150.0,50.0,0.5853658536585367,,10000.0,0.0
150.0,50.0,0.6097560975609756,,10000.0,0.0
150.0,50.0,0.6341463414634146,,10000.0,0.0
150.0,50.0,0.6585365853658537,,10000.0,0.0
150.0,50.0,0.6829268292682927,,10000.0,0.0
150.0,50.0,0.7073170731707318,,10000.0,0.0
150.0,50.0,0.7317073170731707,,10000.0,0.0
150.0,50.0,0.7560975609756098,,10000.0,0.0
150.0,50.0,0.7804878048780488,,10000.0,0.0
150.0,50.0,0.8048780487804879,,10000.0,0.0
150.0,50.0,0.8292682926829269,,10000.0,0.0
150.0,50.0,0.8536585365853658,,10000.0,0.0
150.0,50.0,0.8780487804878049,,10000.0,0.0
150.0,50.0,0.9024390243902439,,10000.0,0.0
150.0,50.0,0.926829268292683,,10000.0,0.0
150.0,50.0,0.951219512195122,,10000.0,0.0
150.0,50.0,0.975609756097561,,10000.0,0.0
160.0,53.0,0.024390243902439025,0.0007532571458114772,10000.0,7.0
160.0,53.0,0.04878048780487805,0.0005530502547523244,10000.0,226.0
160.0,53.0,0.07317073170731708,0.0003489504937074505,10000.0,1450.0
160.0,53.0,0.0975609756097561,0.00014672946502459203,10000.0,3446.0
160.0,53.0,0.12195121951219512,-5.1913769030411044e-05,10000.0,4038.0
160.0,53.0,0.14634146341463417,-0.0001866086614618906,10000.0,2886.0
160.0,53.0,0.17073170731707318,-4.424366536433191e-06,10000.0,2208.0
160.0,53.0,0.1951219512195122,0.00013208449562368893,10000.0,3073.0
160.0,53.0,0.21951219512195122,8.791612169005403e-05,10000.0,4177.0
160.0,53.0,0.24390243902439024,1.067096418410058e-05,10000.0,4468.0
160.0,53.0,0.2682926829268293,-8.026685114741288e-05,10000.0,4113.0
160.0,53.0,0.29268292682926833,-0.00011638508703149261,10000.0,3410.0
160.0,53.0,0.3170731707317073,-0.00015854405445666955,10000.0,2427.0
160.0,53.0,0.34146341463414637,-0.0002793215693785312,10000.0,1091.0
160.0,53.0,0.36585365853658536,-0.0004491834395479562,10000.0,217.0
160.0,53.0,0.3902439024390244,-0.0006265379307936192,10000.0,14.0
160.0,53.0,0.41463414634146345,,10000.0,0.0
160.0,53.0,0.43902439024390244,,10000.0,0.0
160.0,53.0,0.4634146341463415,,10000.0,0.0
160.0,53.0,0.4878048780487805,,10000.0,0.0
160.0,53.0,0.5121951219512195,,10000.0,0.0
160.0,53.0,0.5365853658536586,,10000.0,0.0
160.0,53.0,0.5609756097560976,,10000.0,0.0
160.0,53.0,0.5853658536585367,,10000.0,0.0
160.0,53.0,0.6097560975609756,0.0006410068443969512,10000.0,16.0
160.0,53.0,0.6341463414634146,0.0004469883850494594,10000.0,223.0
160.0,53.0,0.6585365853658537,0.0002789745125191885,10000.0,1184.0
160.0,53.0,0.6829268292682927,0.00016155724385011192,10000.0,2589.0
160.0,53.0,0.7073170731707318,0.00012114819427356075,10000.0,3789.0
160.0,53.0,0.7317073170731707,6.68142478290128e-05,10000.0,4385.0
160.0,53.0,0.7560975609756098,-3.702633208955057e-05,10000.0,4558.0
160.0,53.0,0.7804878048780488,-0.00015081693151245624,10000.0,3602.0
160.0,53.0,0.8048780487804879,-0.00019830982289009455,10000.0,2324.0
160.0,53.0,0.8292682926829269,-3.908470806617747e-06,10000.0,1490.0
160.0,53.0,0.8536585365853658,0.0002195373498830233,10000.0,2160.0
160.0,53.0,0.8780487804878049,6.767530164046985e-05,10000.0,3170.0
160.0,53.0,0.9024390243902439,-0.00013556365932464553,10000.0,2878.0
160.0,53.0,0.926829268292683,-0.00034040481623199734,10000.0,1271.0
160.0,53.0,0.951219512195122,-0.0005453929506100805,10000.0,195.0
160.0,53.0,0.975609756097561,-0.0007512535598393488,10000.0,7.0
170.0,56.0,0.024390243902439025,0.000783307745968076,10000.0,2.0
170.0,56.0,0.04878048780487805,0.0005895365939475188,10000.0,140.0
170.0,56.0,0.07317073170731708,0.0003989035476335599,10000.0,886.0
170.0,56.0,0.0975609756097561,0.0002064455598907112,10000.0,2333.0
170.0,56.0,0.12195121951219512,2.62401014623675e-05,10000.0,3309.0
170.0,56.0,0.14634146341463417,-7.519228522559565e-05,10000.0,3115.0
170.0,56.0,0.17073170731707318,7.479935686238151e-05,10000.0,3440.0
170.0,56.0,0.1951219512195122,0.00015144965792227496,10000.0,5441.0
170.0,56.0,0.21951219512195122,7.194286824516111e-05,10000.0,7491.0
170.0,56.0,0.24390243902439024,-3.882360822183199e-05,10000.0,7618.0
170.0,56.0,0.2682926829268293,-0.00013967155615282007,10000.0,5853.0
170.0,56.0,0.29268292682926833,-0.00020586499377154712,10000.0,3772.0
170.0,56.0,0.3170731707317073,-0.00016995579294841606,10000.0,2143.0
170.0,56.0,0.34146341463414637,-1.1811639437652887e-05,10000.0,1481.0
170.0,56.0,0.36585365853658536,3.409264029831473e-05,10000.0,1356.0
170.0,56.0,0.3902439024390244,-0.00011024553647136568,10000.0,1186.0
170.0,56.0,0.41463414634146345,-0.00030184425102577905,10000.0,658.0
170.0,56.0,0.43902439024390244,-0.0004955970096740259,10000.0,164.0
170.0,56.0,0.4634146341463415,-0.0006894008944628716,10000.0,16.0
170.0,56.0,0.4878048780487805,,10000.0,0.0
170.0,56.0,0.5121951219512195,0.0006261680290000849,10000.0,10.0
170.0,56.0,0.5365853658536586,0.0004527061359719892,10000.0,493.0
170.0,56.0,0.5609756097560976,0.0002959119376522525,10000.0,2515.0
170.0,56.0,0.5853658536585367,0.000154645698067251,10000.0,5613.0
170.0,56.0,0.6097560975609756,1.62485761319094e-05,10000.0,7747.0
170.0,56.0,0.6341463414634146,-9.718784862275948e-05,10000.0,7199.0
170.0,56.0,0.6585365853658537,-7.601855692051582e-05,10000.0,5889.0
170.0,56.0,0.6829268292682927,5.002756913976897e-05,10000.0,6282.0
170.0,56.0,0.7073170731707318,5.858709289667088e-05,10000.0,7190.0
170.0,56.0,0.7317073170731707,2.4472858245823272e-05,10000.0,7633.0
170.0,56.0,0.7560975609756098,-6.994887501906226e-06,10000.0,7669.0
170.0,56.0,0.7804878048780488,-3.465309220845725e-05,10000.0,7747.0
170.0,56.0,0.8048780487804879,-4.5459685929641957e-05,10000.0,7438.0
170.0,56.0,0.8292682926829269,3.1758730221459177e-06,10000.0,6629.0
170.0,56.0,0.8536585365853658,0.00010909515675145226,10000.0,7322.0
170.0,56.0,0.8780487804878049,7.481972031319642e-05,10000.0,9202.0
170.0,56.0,0.9024390243902439,1.1115976720475038e-06,10000.0,9725.0
170.0,56.0,0.926829268292683,-5.9085649655176674e-05,10000.0,8879.0
170.0,56.0,0.951219512195122,-0.00012773467632433053,10000.0,6073.0
170.0,56.0,0.975609756097561,-0.0002451974394383687,10000.0,2113.0
180.0,60.0,0.024390243902439025,0.00026928447200889557,10000.0,2088.0
180.0,60.0,0.04878048780487805,0.0001449283054611547,10000.0,6002.0
180.0,60.0,0.07317073170731708,6.37054794571609e-05,10000.0,8796.0
180.0,60.0,0.0975609756097561,5.253553781630138e-06,10000.0,9712.0
180.0,60.0,0.12195121951219512,-5.428987210831556e-05,10000.0,9621.0
180.0,60.0,0.14634146341463417,-7.560659926424158e-05,10000.0,8800.0
180.0,60.0,0.17073170731707318,-1.1413141789828628e-05,10000.0,8560.0
180.0,60.0,0.1951219512195122,4.4490683504060814e-05,10000.0,9354.0
180.0,60.0,0.21951219512195122,3.810881953398358e-05,10000.0,9860.0
180.0,60.0,0.24390243902439024,5.367407959982807e-06,10000.0,9983.0
180.0,60.0,0.2682926829268293,-2.7084806586117443e-05,10000.0,9899.0
180.0,60.0,0.29268292682926833,-5.5517227570850596e-05,10000.0,9333.0
180.0,60.0,0.3170731707317073,-3.1770957267926035e-05,10000.0,8345.0
180.0,60.0,0.34146341463414637,4.94097826380469e-05,10000.0,8001.0
180.0,60.0,0.36585365853658536,5.6589271178566076e-05,10000.0,8452.0
180.0,60.0,0.3902439024390244,-4.092020695458102e-05,10000.0,7947.0
180.0,60.0,0.41463414634146345,-0.0001776275643497373,10000.0,5495.0
180.0,60.0,0.43902439024390244,-0.0003262488843436304,10000.0,2452.0
180.0,60.0,0.4634146341463415,-0.00048787095950946743,10000.0,448.0
180.0,60.0,0.4878048780487805,-0.0006644582054758513,10000.0,4.0
180.0,60.0,0.5121951219512195,,10000.0,0.0
180.0,60.0,0.5365853658536586,0.000707510327625116,10000.0,15.0
180.0,60.0,0.5609756097560976,0.0005229899825667239,10000.0,181.0
180.0,60.0,0.5853658536585367,0.0003384251217318224,10000.0,777.0
180.0,60.0,0.6097560975609756,0.00016457635605351777,10000.0,1590.0
180.0,60.0,0.6341463414634146,5.9747465442971954e-05,10000.0,2137.0
180.0,60.0,0.6585365853658537,8.377417242951271e-05,10000.0,3018.0
180.0,60.0,0.6829268292682927,0.00011723697662969129,10000.0,4710.0
180.0,60.0,0.7073170731707318,0.00010987617300638601,10000.0,6379.0
180.0,60.0,0.7317073170731707,8.481518222008751e-05,10000.0,7888.0
180.0,60.0,0.7560975609756098,1.1987699398781234e-05,10000.0,9085.0
180.0,60.0,0.7804878048780488,-4.23789171184161e-05,10000.0,9277.0
180.0,60.0,0.8048780487804879,-7.40105233533399e-05,10000.0,8235.0
180.0,60.0,0.8292682926829269,-2.4764151606214638e-05,10000.0,6530.0
180.0,60.0,0.8536585365853658,5.453370332702377e-05,10000.0,5768.0
180.0,60.0,0.8780487804878049,-7.976883102552463e-06,10000.0,5665.0
180.0,60.0,0.9024390243902439,-0.00014746021204189302,10000.0,4552.0
180.0,60.0,0.926829268292683,-0.0002961743729831277,10000.0,2348.0
180.0,60.0,0.951219512195122,-0.0004376383512938951,10000.0,646.0
180.0,60.0,0.975609756097561,-0.0005976656451673253,10000.0,41.0
190.0,63.0,0.024390243902439025,0.0006104810838587725,10000.0,55.0
190.0,63.0,0.04878048780487805,0.00046181656302315743,10000.0,841.0
190.0,63.0,0.07317073170731708,0.0003030284707375179,10000.0,2864.0
190.0,63.0,0.0975609756097561,0.00016096290222534148,10000.0,5617.0
190.0,63.0,0.12195121951219512,3.44308897311851e-05,10000.0,7862.0
190.0,63.0,0.14634146341463417,-3.287603774270522e-05,10000.0,8891.0
190.0,63.0,0.17073170731707318,-3.248124162397387e-05,10000.0,9259.0
190.0,63.0,0.1951219512195122,1.3400758051000983e-05,10000.0,9705.0
190.0,63.0,0.21951219512195122,1.8768899264141193e-05,10000.0,9936.0
190.0,63.0,0.24390243902439024,6.161164799679874e-06,10000.0,9968.0
190.0,63.0,0.2682926829268293,-2.0477922506419697e-05,10000.0,9869.0
190.0,63.0,0.29268292682926833,-4.444277375008212e-05,10000.0,9355.0
190.0,63.0,0.3170731707317073,-4.7193001022147624e-05,10000.0,7967.0
190.0,63.0,0.34146341463414637,-2.4976713659822016e-05,10000.0,6173.0
190.0,63.0,0.36585365853658536,-2.2801369511324375e-05,10000.0,4945.0
190.0,63.0,0.3902439024390244,-0.00012194014991292193,10000.0,3902.0
190.0,63.0,0.41463414634146345,-0.00026639773398777836,10000.0,2310.0
190.0,63.0,0.43902439024390244,-0.0004199899645982649,10000.0,859.0
190.0,63.0,0.4634146341463415,-0.0005726089027560668,10000.0,114.0
190.0,63.0,0.4878048780487805,-0.0007338693402270668,10000.0,2.0
190.0,63.0,0.5121951219512195,,10000.0,0.0
190.0,63.0,0.5365853658536586,0.0005864979762256688,10000.0,126.0
190.0,63.0,0.5609756097560976,0.0004201680656623278,10000.0,791.0
190.0,63.0,0.5853658536585367,0.00026987414941554696,10000.0,2328.0
190.0,63.0,0.6097560975609756,0.00012537459888176667,10000.0,4038.0
190.0,63.0,0.6341463414634146,2.0078548357677713e-05,10000.0,4995.0
190.0,63.0,0.6585365853658537,2.01196420536869e-05,10000.0,6253.0
190.0,63.0,0.6829268292682927,5.1542180890622585e-05,10000.0,8111.0
190.0,63.0,0.7073170731707318,4.5706123142729065e-05,10000.0,9438.0
190.0,63.0,0.7317073170731707,2.509245111244692e-05,10000.0,9908.0
190.0,63.0,0.7560975609756098,-8.071692983548716e-06,10000.0,9987.0
190.0,63.0,0.7804878048780488,-2.341781885754362e-05,10000.0,9910.0
190.0,63.0,0.8048780487804879,-1.4789342489677769e-05,10000.0,9664.0
190.0,63.0,0.8292682926829269,1.7338258778144945e-05,10000.0,9187.0
190.0,63.0,0.8536585365853658,3.9577595778374196e-05,10000.0,8773.0
190.0,63.0,0.8780487804878049,-3.428559412336202e-05,10000.0,7880.0
190.0,63.0,0.9024390243902439,-0.00015877544439835272,10000.0,5698.0
190.0,63.0,0.926829268292683,-0.0003076384329084564,10000.0,2922.0
190.0,63.0,0.951219512195122,-0.00046275527070268637,10000.0,755.0
190.0,63.0,0.975609756097561,-0.000626069728526898,10000.0,66.0
200.0,66.0,0.024390243902439025,0.0006649002445087665,10000.0,57.0
200.0,66.0,0.04878048780487805,0.0005060311500711553,10000.0,633.0
200.0,66.0,0.07317073170731708,0.00035586457734041447,10000.0,2321.0
200.0,66.0,0.0975609756097561,0.00021178857720957405,10000.0,4832.0
200.0,66.0,0.12195121951219512,8.315996077219803e-05,10000.0,7268.0
200.0,66.0,0.14634146341463417,-3.2051885090056374e-06,10000.0,8719.0
200.0,66.0,0.17073170731707318,-2.5899311062578765e-05,10000.0,9425.0
200.0,66.0,0.1951219512195122,-5.889591729208269e-06,10000.0,9718.0
200.0,66.0,0.21951219512195122,6.333672388895108e-06,10000.0,9901.0
200.0,66.0,0.24390243902439024,4.347463344237441e-06,10000.0,9977.0
200.0,66.0,0.2682926829268293,-9.203610176544374e-06,10000.0,9923.0
200.0,66.0,0.29268292682926833,-1.666897822156902e-05,10000.0,9604.0
200.0,66.0,0.3170731707317073,-8.119357820465916e-06,10000.0,8851.0
200.0,66.0,0.34146341463414637,-9.12484373691486e-06,10000.0,7616.0
200.0,66.0,0.36585365853658536,-5.79111275241859e-05,10000.0,6270.0
200.0,66.0,0.3902439024390244,-0.00017489099144646047,10000.0,4502.0
200.0,66.0,0.41463414634146345,-0.0003165875806902637,10000.0,2421.0
200.0,66.0,0.43902439024390244,-0.0004677627416533446,10000.0,790.0
200.0,66.0,0.4634146341463415,-0.000618397786856716,10000.0,115.0
200.0,66.0,0.4878048780487805,-0.0007848349294101165,10000.0,2.0
200.0,66.0,0.5121951219512195,0.0004152855481279722,10000.0,296.0
200.0,66.0,0.5365853658536586,0.00028517845230891425,10000.0,2347.0
200.0,66.0,0.5609756097560976,0.00017554203828229755,10000.0,5352.0
200.0,66.0,0.5853658536585367,8.910315453897979e-05,10000.0,7838.0
200.0,66.0,0.6097560975609756,2.0158005242280787e-05,10000.0,9186.0
200.0,66.0,0.6341463414634146,-2.6282953836486855e-05,10000.0,9770.0
200.0,66.0,0.6585365853658537,-5.414469280403755e-05,10000.0,9968.0
200.0,66.0,0.6829268292682927,-2.850747052621025e-05,10000.0,9996.0
200.0,66.0,0.7073170731707318,-2.1947209572042468e-07,10000.0,9997.0
200.0,66.0,0.7317073170731707,9.12484019484702e-06,10000.0,10000.0
200.0,66.0,0.7560975609756098,-4.618931715267168e-06,10000.0,9998.0
200.0,66.0,0.7804878048780488,-1.472646394369885e-05,10000.0,9995.0
200.0,66.0,0.8048780487804879,1.528873510600546e-06,10000.0,9956.0
200.0,66.0,0.8292682926829269,4.044473186221923e-05,10000.0,9891.0
200.0,66.0,0.8536585365853658,5.737569202970634e-05,10000.0,9914.0
200.0,66.0,0.8780487804878049,2.9576817755977113e-05,10000.0,9935.0
200.0,66.0,0.9024390243902439,-1.6853398665527585e-05,10000.0,9742.0
200.0,66.0,0.926829268292683,-7.838691186263467e-05,10000.0,8750.0
200.0,66.0,0.951219512195122,-0.0001722581154710025,10000.0,6037.0
200.0,66.0,0.975609756097561,-0.00029778577831951876,10000.0,2033.0
210.0,70.0,0.024390243902439025,0.0003021564761345415,10000.0,2093.0
210.0,70.0,0.04878048780487805,0.00018149528532731011,10000.0,5950.0
210.0,70.0,0.07317073170731708,8.7636608829893e-05,10000.0,8712.0
210.0,70.0,0.0975609756097561,2.7548474854124152e-05,10000.0,9741.0
210.0,70.0,0.12195121951219512,-1.911983830018505e-05,10000.0,9976.0
210.0,70.0,0.14634146341463417,-5.088363662876582e-05,10000.0,10000.0
210.0,70.0,0.17073170731707318,-4.810554083799393e-05,10000.0,10000.0
210.0,70.0,0.1951219512195122,-2.4027152989519316e-05,10000.0,10000.0
210.0,70.0,0.21951219512195122,1.2262729297430914e-06,10000.0,10000.0
210.0,70.0,0.24390243902439024,5.819461726872033e-07,10000.0,10000.0
210.0,70.0,0.2682926829268293,-5.807181064311553e-06,10000.0,10000.0
210.0,70.0,0.29268292682926833,7.457569764643801e-06,10000.0,9998.0
210.0,70.0,0.3170731707317073,3.903336678871348e-05,10000.0,9990.0
210.0,70.0,0.34146341463414637,4.866536555832165e-05,10000.0,9943.0
210.0,70.0,0.36585365853658536,2.4490705611409137e-05,10000.0,9722.0
210.0,70.0,0.3902439024390244,-3.012148278901453e-05,10000.0,9091.0
210.0,70.0,0.41463414634146345,-0.00010062970949138166,10000.0,7645.0
210.0,70.0,0.43902439024390244,-0.00018949728192082382,10000.0,5287.0
210.0,70.0,0.4634146341463415,-0.0003000977754928966,10000.0,2324.0
210.0,70.0,0.4878048780487805,-0.0004367946249407821,10000.0,281.0
210.0,70.0,0.5121951219512195,,10000.0,0.0
210.0,70.0,0.5365853658536586,0.0006241648974520578,10000.0,132.0
210.0,70.0,0.5609756097560976,0.00047428341075946506,10000.0,857.0
210.0,70.0,0.5853658536585367,0.00033011269932559865,10000.0,2414.0
210.0,70.0,0.6097560975609756,0.0001895963601808416,10000.0,4597.0
210.0,70.0,0.6341463414634146,7.494391316016267e-05,10000.0,6460.0
210.0,70.0,0.6585365853658537,9.899462726586578e-06,10000.0,7960.0
210.0,70.0,0.6829268292682927,4.22235929645087e-07,10000.0,9059.0
210.0,70.0,0.7073170731707318,9.329848728932095e-06,10000.0,9729.0
210.0,70.0,0.7317073170731707,7.016911924857032e-06,10000.0,9936.0
210.0,70.0,0.7560975609756098,-4.422940318436261e-06,10000.0,9987.0
210.0,70.0,0.7804878048780488,-3.5076520959379715e-06,10000.0,9984.0
210.0,70.0,0.8048780487804879,2.02157277003807e-05,10000.0,9955.0
210.0,70.0,0.8292682926829269,4.008183818963487e-05,10000.0,9825.0
210.0,70.0,0.8536585365853658,2.7566448907857427e-05,10000.0,9412.0
210.0,70.0,0.8780487804878049,-2.690431246276591e-05,10000.0,8519.0
210.0,70.0,0.9024390243902439,-9.861768816425854e-05,10000.0,7071.0
210.0,70.0,0.926829268292683,-0.00018187289542737217,10000.0,4948.0
210.0,70.0,0.951219512195122,-0.0002705861788893888,10000.0,2707.0
210.0,70.0,0.975609756097561,-0.0003811388151292873,10000.0,742.0
220.0,73.0,0.024390243902439025,0.0004053555959345215,10000.0,911.0
220.0,73.0,0.04878048780487805,0.00028547488440716607,10000.0,3193.0
220.0,73.0,0.07317073170731708,0.00017992783436686005,10000.0,5761.0
220.0,73.0,0.0975609756097561,9.417843054400788e-05,10000.0,7803.0
220.0,73.0,0.12195121951219512,2.585949488482012e-05,10000.0,9160.0
220.0,73.0,0.14634146341463417,-2.8591986424050394e-05,10000.0,9713.0
220.0,73.0,0.17073170731707318,-5.200578194254334e-05,10000.0,9917.0
220.0,73.0,0.1951219512195122,-4.155764464911195e-05,10000.0,9975.0
220.0,73.0,0.21951219512195122,-1.5036844532327873e-05,10000.0,9998.0
220.0,73.0,0.24390243902439024,-4.4795721495319764e-06,10000.0,9994.0
220.0,73.0,0.2682926829268293,3.3069686890826307e-06,10000.0,9974.0
220.0,73.0,0.29268292682926833,1.8798535685232895e-05,10000.0,9896.0
220.0,73.0,0.3170731707317073,3.447275450931487e-05,10000.0,9703.0
220.0,73.0,0.34146341463414637,1.8439098117651442e-05,10000.0,9253.0
220.0,73.0,0.36585365853658536,-2.4552874801360428e-05,10000.0,8418.0
220.0,73.0,0.3902439024390244,-9.278533183769389e-05,10000.0,7052.0
220.0,73.0,0.41463414634146345,-0.00017622605116500128,10000.0,5141.0
220.0,73.0,0.43902439024390244,-0.0002576549257510072,10000.0,3128.0
220.0,73.0,0.4634146341463415,-0.0003534730076613003,10000.0,1284.0
220.0,73.0,0.4878048780487805,-0.00047979281175439985,10000.0,179.0
220.0,73.0,0.5121951219512195,0.00047912395966143124,10000.0,138.0
220.0,73.0,0.5365853658536586,0.00035507507622077735,10000.0,1210.0
220.0,73.0,0.5609756097560976,0.000251106221663679,10000.0,3077.0
220.0,73.0,0.5853658536585367,0.00016244010050922187,10000.0,5139.0
220.0,73.0,0.6097560975609756,8.668478747254073e-05,10000.0,7024.0
220.0,73.0,0.6341463414634146,2.1021068403406943e-05,10000.0,8418.0
220.0,73.0,0.6585365853658537,-2.5565743720590826e-05,10000.0,9231.0
220.0,73.0,0.6829268292682927,-3.143015379425479e-05,10000.0,9684.0
220.0,73.0,0.7073170731707318,-1.2660595417013504e-05,10000.0,9901.0
220.0,73.0,0.7317073170731707,-1.5923888196525247e-06,10000.0,9969.0
220.0,73.0,0.7560975609756098,2.4617033336062535e-06,10000.0,9994.0
220.0,73.0,0.7804878048780488,1.2369173493921989e-05,10000.0,9997.0
220.0,73.0,0.8048780487804879,3.778885110627432e-05,10000.0,9986.0
220.0,73.0,0.8292682926829269,4.9525170217928414e-05,10000.0,9929.0
220.0,73.0,0.8536585365853658,3.459986872776886e-05,10000.0,9692.0
220.0,73.0,0.8780487804878049,-1.7816601656592677e-05,10000.0,9123.0
220.0,73.0,0.9024390243902439,-8.749849890619753e-05,10000.0,7843.0
220.0,73.0,0.926829268292683,-0.00017517805004778743,10000.0,5736.0
220.0,73.0,0.951219512195122,-0.0002803747261229027,10000.0,3193.0
220.0,73.0,0.975609756097561,-0.00040383098576284005,10000.0,914.0
230.0,76.0,0.024390243902439025,0.00043015299606909125,10000.0,748.0
230.0,76.0,0.04878048780487805,0.00031117444410000937,10000.0,2701.0
230.0,76.0,0.07317073170731708,0.00020834564077826313,10000.0,5010.0
230.0,76.0,0.0975609756097561,0.00012078266532825772,10000.0,7141.0
230.0,76.0,0.12195121951219512,4.693186152097551e-05,10000.0,8601.0
230.0,76.0,0.14634146341463417,-1.030264547727174e-05,10000.0,9382.0
230.0,76.0,0.17073170731707318,-4.375890798099491e-05,10000.0,9812.0
230.0,76.0,0.1951219512195122,-5.196778046677849e-05,10000.0,9947.0
230.0,76.0,0.21951219512195122,-3.1786177442853654e-05,10000.0,9990.0
230.0,76.0,0.24390243902439024,-1.0155318239400957e-05,10000.0,9991.0
230.0,76.0,0.2682926829268293,2.0151166911126814e-05,10000.0,9966.0
230.0,76.0,0.29268292682926833,3.304759753451271e-05,10000.0,9896.0
230.0,76.0,0.3170731707317073,3.987907210786027e-05,10000.0,9702.0
230.0,76.0,0.34146341463414637,1.732479432105516e-05,10000.0,9280.0
230.0,76.0,0.36585365853658536,-3.419372696298011e-05,10000.0,8409.0
230.0,76.0,0.3902439024390244,-0.00010568520482023148,10000.0,7019.0
230.0,76.0,0.41463414634146345,-0.00018598232382434826,10000.0,5097.0
230.0,76.0,0.43902439024390244,-0.0002770416765432198,10000.0,3130.0
230.0,76.0,0.4634146341463415,-0.0003785797655903935,10000.0,1240.0
230.0,76.0,0.4878048780487805,-0.0005018494888209823,10000.0,139.0
230.0,76.0,0.5121951219512195,0.0004635893653246221,10000.0,286.0
230.0,76.0,0.5365853658536586,0.0003305385781078302,10000.0,2311.0
230.0,76.0,0.5609756097560976,0.00022038810094388597,10000.0,5256.0
230.0,76.0,0.5853658536585367,0.00012400489798181455,10000.0,7724.0
230.0,76.0,0.6097560975609756,5.125302745794888e-05,10000.0,9130.0
230.0,76.0,0.6341463414634146,-9.235692171710367e-06,10000.0,9733.0
230.0,76.0,0.6585365853658537,-4.63001219846498e-05,10000.0,9942.0
230.0,76.0,0.6829268292682927,-5.061510866081737e-05,10000.0,9990.0
230.0,76.0,0.7073170731707318,-4.2837883565286796e-05,10000.0,9997.0
230.0,76.0,0.7317073170731707,-2.605247567477989e-05,10000.0,9999.0
230.0,76.0,0.7560975609756098,-7.193979564793676e-06,10000.0,10000.0
230.0,76.0,0.7804878048780488,1.8922694627350488e-05,10000.0,10000.0
230.0,76.0,0.8048780487804879,4.5359835569618044e-05,10000.0,10000.0
230.0,76.0,0.8292682926829269,5.7194390876872944e-05,10000.0,10000.0
230.0,76.0,0.8536585365853658,4.143656403463058e-05,10000.0,10000.0
230.0,76.0,0.8780487804878049,1.0409883196974417e-05,10000.0,10000.0
230.0,76.0,0.9024390243902439,-2.299302343379028e-05,10000.0,10000.0
230.0,76.0,0.926829268292683,-2.315675692724653e-05,10000.0,10000.0
230.0,76.0,0.951219512195122,9.172268413079343e-06,10000.0,10000.0
230.0,76.0,0.975609756097561,5.2401126590978445e-05,10000.0,10000.0
240.0,80.0,0.024390243902439025,-6.174985407489266e-05,10000.0,10000.0
240.0,80.0,0.04878048780487805,-2.4985339136515043e-05,10000.0,10000.0
240.0,80.0,0.07317073170731708,1.9938349852500487e-05,10000.0,10000.0
240.0,80.0,0.0975609756097561,2.1925839013721937e-05,10000.0,10000.0
240.0,80.0,0.12195121951219512,-1.7784659052341306e-06,10000.0,10000.0
240.0,80.0,0.14634146341463417,-3.386709897754909e-05,10000.0,10000.0
240.0,80.0,0.17073170731707318,-4.6420715121209997e-05,10000.0,10000.0
240.0,80.0,0.1951219512195122,-4.648038895418222e-05,10000.0,10000.0
240.0,80.0,0.21951219512195122,-2.7529470335275447e-05,10000.0,10000.0
240.0,80.0,0.24390243902439024,-8.786975266530969e-06,10000.0,10000.0
240.0,80.0,0.2682926829268293,1.298766418612452e-05,10000.0,10000.0
240.0,80.0,0.29268292682926833,3.217534976300389e-05,10000.0,9999.0
240.0,80.0,0.3170731707317073,4.9745027371370624e-05,10000.0,9983.0
240.0,80.0,0.34146341463414637,4.266047332416023e-05,10000.0,9941.0
240.0,80.0,0.36585365853658536,4.200007328885373e-06,10000.0,9732.0
240.0,80.0,0.3902439024390244,-5.3593546348558205e-05,10000.0,9134.0
240.0,80.0,0.41463414634146345,-0.00012396045994679216,10000.0,7612.0
240.0,80.0,0.43902439024390244,-0.00021810981909348544,10000.0,5230.0
240.0,80.0,0.4634146341463415,-0.000331101030192181,10000.0,2379.0
240.0,80.0,0.4878048780487805,-0.00045107439623037705,10000.0,300.0
240.0,80.0,0.5121951219512195,0.000513940861348428,10000.0,144.0
240.0,80.0,0.5365853658536586,0.00038929316697145096,10000.0,1249.0
240.0,80.0,0.5609756097560976,0.0002807442601448472,10000.0,3002.0
240.0,80.0,0.5853658536585367,0.00018951539577962296,10000.0,5093.0
240.0,80.0,0.6097560975609756,0.00010641258192209222,10000.0,7035.0
240.0,80.0,0.6341463414634146,3.51410841172569e-05,10000.0,8389.0
240.0,80.0,0.6585365853658537,-1.2365594250402762e-05,10000.0,9240.0
240.0,80.0,0.6829268292682927,-3.496029299446566e-05,10000.0,9695.0
240.0,80.0,0.7073170731707318,-3.1758302905826144e-05,10000.0,9893.0
240.0,80.0,0.7317073170731707,-1.738054950245057e-05,10000.0,9975.0
240.0,80.0,0.7560975609756098,5.056132119506087e-06,10000.0,9991.0
240.0,80.0,0.7804878048780488,1.9508220649044883e-05,10000.0,9985.0
240.0,80.0,0.8048780487804879,4.302161737760624e-05,10000.0,9958.0
240.0,80.0,0.8292682926829269,4.042069564435969e-05,10000.0,9800.0
240.0,80.0,0.8536585365853658,1.3265701677568607e-05,10000.0,9400.0
240.0,80.0,0.8780487804878049,-4.5007103306258734e-05,10000.0,8625.0
240.0,80.0,0.9024390243902439,-0.00012183971222367142,10000.0,7142.0
240.0,80.0,0.926829268292683,-0.00021589417302442858,10000.0,4989.0
240.0,80.0,0.951219512195122,-0.0003197599428662047,10000.0,2587.0
240.0,80.0,0.975609756097561,-0.0004343391617132189,10000.0,729.0
250.0,83.0,0.024390243902439025,0.000411191253488034,10000.0,947.0
250.0,83.0,0.04878048780487805,0.0003022883641675764,10000.0,3098.0
250.0,83.0,0.07317073170731708,0.00019903182508146527,10000.0,5747.0
250.0,83.0,0.0975609756097561,0.00011452371034581296,10000.0,7813.0
250.0,83.0,0.12195121951219512,4.741965641984772e-05,10000.0,9111.0
250.0,83.0,0.14634146341463417,-1.1396074851687444e-05,10000.0,9703.0
250.0,83.0,0.17073170731707318,-3.815429702861681e-05,10000.0,9930.0
250.0,83.0,0.1951219512195122,-4.545938855173831e-05,10000.0,9983.0
250.0,83.0,0.21951219512195122,-3.2480103437182296e-05,10000.0,9999.0
250.0,83.0,0.24390243902439024,-1.2656592710673094e-05,10000.0,9993.0
250.0,83.0,0.2682926829268293,1.8035728936657416e-05,10000.0,9977.0
250.0,83.0,0.29268292682926833,3.665099710571495e-05,10000.0,9943.0
250.0,83.0,0.3170731707317073,3.6221140607862075e-05,10000.0,9790.0
250.0,83.0,0.34146341463414637,1.6851029606424132e-05,10000.0,9397.0
250.0,83.0,0.36585365853658536,-3.695021090818455e-05,10000.0,8699.0
250.0,83.0,0.3902439024390244,-0.00011093020574650951,10000.0,7375.0
250.0,83.0,0.41463414634146345,-0.00019226600935997532,10000.0,5521.0
250.0,83.0,0.43902439024390244,-0.00028908435989064474,10000.0,3324.0
250.0,83.0,0.4634146341463415,-0.0003917182432076039,10000.0,1323.0
250.0,83.0,0.4878048780487805,-0.0005098058935345583,10000.0,152.0
250.0,83.0,0.5121951219512195,0.0005221485493271519,10000.0,147.0
250.0,83.0,0.5365853658536586,0.00039927226819211223,10000.0,1204.0
250.0,83.0,0.5609756097560976,0.0002937843310227836,10000.0,3063.0
250.0,83.0,0.5853658536585367,0.00020109669580290303,10000.0,5145.0
250.0,83.0,0.6097560975609756,0.00011581181625094438,10000.0,7046.0
250.0,83.0,0.6341463414634146,4.474362528215871e-05,10000.0,8384.0
250.0,83.0,0.6585365853658537,-9.350286894490066e-06,10000.0,9245.0
250.0,83.0,0.6829268292682927,-3.3946001705490055e-05,10000.0,9720.0
250.0,83.0,0.7073170731707318,-3.712991588488872e-05,10000.0,9882.0
250.0,83.0,0.7317073170731707,-1.7633279579619928e-05,10000.0,9970.0
250.0,83.0,0.7560975609756098,6.776003843888852e-06,10000.0,9996.0
250.0,83.0,0.7804878048780488,3.599812205166426e-05,10000.0,9997.0
250.0,83.0,0.8048780487804879,4.52827371544944e-05,10000.0,9981.0
250.0,83.0,0.8292682926829269,3.9411093312659004e-05,10000.0,9917.0
250.0,83.0,0.8536585365853658,1.3487070099715147e-05,10000.0,9653.0
250.0,83.0,0.8780487804878049,-4.0381183704538355e-05,10000.0,9141.0
250.0,83.0,0.9024390243902439,-0.00011190144186859638,10000.0,7827.0
250.0,83.0,0.926829268292683,-0.00020250768427395452,10000.0,5770.0
250.0,83.0,0.951219512195122,-0.00030237533106848314,10000.0,3132.0
250.0,83.0,0.975609756097561,-0.0004193175935773001,10000.0,890.0
260.0,86.0,0.024390243902439025,0.0004430900514189884,10000.0,744.0
260.0,86.0,0.04878048780487805,0.00032956654239678227,10000.0,2707.0
260.0,86.0,0.07317073170731708,0.00022479367751713838,10000.0,4962.0
260.0,86.0,0.0975609756097561,0.00013497406683442645,10000.0,7031.0
260.0,86.0,0.12195121951219512,5.951581431506018e-05,10000.0,8547.0
260.0,86.0,0.14634146341463417,1.2094531835130692e-06,10000.0,9397.0
260.0,86.0,0.17073170731707318,-3.7213775231746884e-05,10000.0,9806.0
260.0,86.0,0.1951219512195122,-4.338577860552421e-05,10000.0,9951.0
260.0,86.0,0.21951219512195122,-3.5066707067382975e-05,10000.0,9984.0
260.0,86.0,0.24390243902439024,-7.505153390426801e-06,10000.0,9994.0
260.0,86.0,0.2682926829268293,1.8113168863477652e-05,10000.0,9966.0
260.0,86.0,0.29268292682926833,3.911502945892282e-05,10000.0,9900.0
260.0,86.0,0.3170731707317073,3.943808358901737e-05,10000.0,9724.0
260.0,86.0,0.34146341463414637,1.0384985874065787e-05,10000.0,9213.0
260.0,86.0,0.36585365853658536,-4.867430742095108e-05,10000.0,8329.0
260.0,86.0,0.3902439024390244,-0.0001169762786930473,10000.0,7097.0
260.0,86.0,0.41463414634146345,-0.00020403689642990955,10000.0,5133.0
260.0,86.0,0.43902439024390244,-0.0003014483515328256,10000.0,3110.0
260.0,86.0,0.4634146341463415,-0.0004090054520641714,10000.0,1213.0
260.0,86.0,0.4878048780487805,-0.0005257530094453116,10000.0,173.0
260.0,86.0,0.5121951219512195,0.0004687991061193926,10000.0,269.0
260.0,86.0,0.5365853658536586,0.0003373374500110086,10000.0,2185.0
260.0,86.0,0.5609756097560976,0.0002338234063314462,10000.0,5063.0
260.0,86.0,0.5853658536585367,0.0001411920078752935,10000.0,7518.0
260.0,86.0,0.6097560975609756,6.490774510913225e-05,10000.0,8956.0
260.0,86.0,0.6341463414634146,9.605113067393537e-06,10000.0,9697.0
260.0,86.0,0.6585365853658537,-3.101328661357178e-05,10000.0,9919.0
260.0,86.0,0.6829268292682927,-5.100939721408915e-05,10000.0,9987.0
260.0,86.0,0.7073170731707318,-4.2746534296549224e-05,10000.0,9999.0
260.0,86.0,0.7317073170731707,-2.788826038139729e-05,10000.0,10000.0
260.0,86.0,0.7560975609756098,1.0762276500690524e-05,10000.0,10000.0
260.0,86.0,0.7804878048780488,3.791910129443947e-05,10000.0,10000.0
260.0,86.0,0.8048780487804879,4.8357530964918264e-05,10000.0,10000.0
260.0,86.0,0.8292682926829269,4.723464077999703e-05,10000.0,10000.0
260.0,86.0,0.8536585365853658,2.2889151931783337e-05,10000.0,10000.0
260.0,86.0,0.8780487804878049,-3.2094363471105445e-06,10000.0,10000.0
260.0,86.0,0.9024390243902439,-1.630322637467705e-05,10000.0,10000.0
260.0,86.0,0.926829268292683,2.969095238244518e-06,10000.0,10000.0
260.0,86.0,0.951219512195122,4.3003526093591835e-05,10000.0,10000.0
260.0,86.0,0.975609756097561,6.921089887131384e-05,10000.0,10000.0
270.0,90.0,0.024390243902439025,-6.905534310863659e-05,10000.0,10000.0
270.0,90.0,0.04878048780487805,-4.492878241308197e-05,10000.0,10000.0
270.0,90.0,0.07317073170731708,9.806673318746267e-07,10000.0,10000.0
270.0,90.0,0.0975609756097561,2.4931643139117435e-05,10000.0,10000.0
270.0,90.0,0.12195121951219512,1.9407198587499214e-05,10000.0,10000.0
270.0,90.0,0.14634146341463417,-5.8613286985911145e-06,10000.0,10000.0
270.0,90.0,0.17073170731707318,-3.196976732766363e-05,10000.0,10000.0
270.0,90.0,0.1951219512195122,-3.3942767727880964e-05,10000.0,10000.0
270.0,90.0,0.21951219512195122,-3.2970945864900534e-05,10000.0,10000.0
270.0,90.0,0.24390243902439024,-2.161905050663765e-06,10000.0,10000.0
270.0,90.0,0.2682926829268293,2.173156031899878e-05,10000.0,10000.0
270.0,90.0,0.29268292682926833,3.818724496049744e-05,10000.0,9999.0
270.0,90.0,0.3170731707317073,3.2814733843716196e-05,10000.0,9992.0
270.0,90.0,0.34146341463414637,1.688142279091544e-05,10000.0,9934.0
270.0,90.0,0.36585365853658536,-2.4427003818588774e-05,10000.0,9686.0
270.0,90.0,0.3902439024390244,-8.088332562728106e-05,10000.0,8980.0
270.0,90.0,0.41463414634146345,-0.0001519268305904143,10000.0,7615.0
270.0,90.0,0.43902439024390244,-0.00024017071609612494,10000.0,5051.0
270.0,90.0,0.4634146341463415,-0.0003439496754426402,10000.0,2227.0
270.0,90.0,0.4878048780487805,-0.00045717651711007097,10000.0,278.0
270.0,90.0,0.5121951219512195,0.0005414807043202664,10000.0,141.0
270.0,90.0,0.5365853658536586,0.00042269115939799035,10000.0,1197.0
270.0,90.0,0.5609756097560976,0.0003204965804756563,10000.0,3017.0
270.0,90.0,0.5853658536585367,0.0002205164854528579,10000.0,5123.0
270.0,90.0,0.6097560975609756,0.00013830901271392253,10000.0,7000.0
270.0,90.0,0.6341463414634146,6.146309874333171e-05,10000.0,8380.0
270.0,90.0,0.6585365853658537,9.239281380591459e-06,10000.0,9233.0
270.0,90.0,0.6829268292682927,-2.2843332914844514e-05,10000.0,9699.0
270.0,90.0,0.7073170731707318,-3.561489490895964e-05,10000.0,9872.0
270.0,90.0,0.7317073170731707,-1.5341271938214434e-05,10000.0,9971.0
270.0,90.0,0.7560975609756098,6.327312473460436e-06,10000.0,9993.0
270.0,90.0,0.7804878048780488,2.683720867295737e-05,10000.0,9978.0
270.0,90.0,0.8048780487804879,3.612037911616102e-05,10000.0,9951.0
270.0,90.0,0.8292682926829269,2.0804010621488456e-05,10000.0,9807.0
270.0,90.0,0.8536585365853658,-1.757511368442764e-05,10000.0,9414.0
270.0,90.0,0.8780487804878049,-7.416546956420315e-05,10000.0,8647.0
270.0,90.0,0.9024390243902439,-0.00015237337075511696,10000.0,7054.0
270.0,90.0,0.926829268292683,-0.0002406004716361243,10000.0,4959.0
270.0,90.0,0.951219512195122,-0.000341125890317381,10000.0,2588.0
270.0,90.0,0.975609756097561,-0.0004524935300769024,10000.0,774.0
280.0,93.0,0.024390243902439025,0.00040911465342668236,10000.0,796.0
280.0,93.0,0.04878048780487805,0.00031061366033314597,10000.0,2977.0
280.0,93.0,0.07317073170731708,0.00021189571755814442,10000.0,5482.0
280.0,93.0,0.0975609756097561,0.00013108171611239815,10000.0,7564.0
280.0,93.0,0.12195121951219512,6.347471639539629e-05,10000.0,8947.0
280.0,93.0,0.14634146341463417,1.0221062654307851e-05,10000.0,9609.0
280.0,93.0,0.17073170731707318,-2.4820256314599725e-05,10000.0,9913.0
280.0,93.0,0.1951219512195122,-3.5512014120804625e-05,10000.0,9979.0
280.0,93.0,0.21951219512195122,-3.3161765378751984e-05,10000.0,9986.0
280.0,93.0,0.24390243902439024,-1.0748936834831866e-05,10000.0,9989.0
280.0,93.0,0.2682926829268293,1.3812005998462671e-05,10000.0,9952.0
280.0,93.0,0.29268292682926833,2.377921179229912e-05,10000.0,9837.0
280.0,93.0,0.3170731707317073,1.1669027068673323e-05,10000.0,9577.0
280.0,93.0,0.34146341463414637,-1.7877881766847206e-05,10000.0,9051.0
280.0,93.0,0.36585365853658536,-6.649677691723757e-05,10000.0,8083.0
280.0,93.0,0.3902439024390244,-0.00014444343795908744,10000.0,6615.0
280.0,93.0,0.41463414634146345,-0.00022088799794801265,10000.0,4831.0
280.0,93.0,0.43902439024390244,-0.0003147489990045529,10000.0,2804.0
280.0,93.0,0.4634146341463415,-0.00041319609784717107,10000.0,1139.0
280.0,93.0,0.4878048780487805,-0.0005271115442521263,10000.0,124.0
280.0,93.0,0.5121951219512195,0.0005288892551657365,10000.0,150.0
280.0,93.0,0.5365853658536586,0.000418912179838535,10000.0,1094.0
280.0,93.0,0.5609756097560976,0.00031553694882667445,10000.0,2837.0
280.0,93.0,0.5853658536585367,0.00022648270487713286,10000.0,4855.0
280.0,93.0,0.6097560975609756,0.0001394883189777748,10000.0,6656.0
280.0,93.0,0.6341463414634146,7.392689325933073e-05,10000.0,8012.0
280.0,93.0,0.6585365853658537,1.5108095050568729e-05,10000.0,8998.0
280.0,93.0,0.6829268292682927,-1.855281738510081e-05,10000.0,9582.0
280.0,93.0,0.7073170731707318,-2.316284970689632e-05,10000.0,9841.0
280.0,93.0,0.7317073170731707,-1.8047116262359557e-05,10000.0,9961.0
280.0,93.0,0.7560975609756098,4.027808125028181e-06,10000.0,9991.0
280.0,93.0,0.7804878048780488,2.5765281047136086e-05,10000.0,9993.0
280.0,93.0,0.8048780487804879,3.901141560230795e-05,10000.0,9982.0
280.0,93.0,0.8292682926829269,2.0678472382444377e-05,10000.0,9887.0
280.0,93.0,0.8536585365853658,-9.854941295585286e-06,10000.0,9641.0
280.0,93.0,0.8780487804878049,-6.209664544686517e-05,10000.0,9011.0
280.0,93.0,0.9024390243902439,-0.0001326329020523558,10000.0,7663.0
280.0,93.0,0.926829268292683,-0.00021434358084937593,10000.0,5550.0
280.0,93.0,0.951219512195122,-0.0003096013214614821,10000.0,2979.0
280.0,93.0,0.975609756097561,-0.0004149095068552984,10000.0,816.0
290.0,96.0,0.024390243902439025,0.0004388646747013097,10000.0,755.0
290.0,96.0,0.04878048780487805,0.0003390399229339997,10000.0,2650.0
290.0,96.0,0.07317073170731708,0.0002380790455697108,10000.0,5075.0
290.0,96.0,0.0975609756097561,0.0001532128120316414,10000.0,7023.0
290.0,96.0,0.12195121951219512,7.75465229896759e-05,10000.0,8541.0
290.0,96.0,0.14634146341463417,2.099231200093491e-05,10000.0,9404.0
290.0,96.0,0.17073170731707318,-2.1217357064800887e-05,10000.0,9799.0
290.0,96.0,0.1951219512195122,-3.138560302248153e-05,10000.0,9943.0
290.0,96.0,0.21951219512195122,-2.573417670294092e-05,10000.0,9987.0
290.0,96.0,0.24390243902439024,-1.7933363048493666e-06,10000.0,9980.0
290.0,96.0,0.2682926829268293,1.5515075015138313e-05,10000.0,9956.0
290.0,96.0,0.29268292682926833,2.4904413519277188e-05,10000.0,9848.0
290.0,96.0,0.3170731707317073,1.3918588587318146e-05,10000.0,9546.0
290.0,96.0,0.34146341463414637,-2.0023291126798898e-05,10000.0,9034.0
290.0,96.0,0.36585365853658536,-7.885385650195504e-05,10000.0,8109.0
290.0,96.0,0.3902439024390244,-0.00015000040330094433,10000.0,6645.0
290.0,96.0,0.41463414634146345,-0.00023319134423035434,10000.0,4739.0
290.0,96.0,0.43902439024390244,-0.0003286082344240246,10000.0,2830.0
290.0,96.0,0.4634146341463415,-0.000431460184880457,10000.0,1101.0
290.0,96.0,0.4878048780487805,-0.000535324973083482,10000.0,134.0
290.0,96.0,0.5121951219512195,-4.486905398056563e-05,10000.0,10000.0
290.0,96.0,0.5365853658536586,-7.112898126329046e-05,10000.0,10000.0
290.0,96.0,0.5609756097560976,-4.715264353644516e-05,10000.0,10000.0
290.0,96.0,0.5853658536585367,-1.3879688368543069e-05,10000.0,10000.0
290.0,96.0,0.6097560975609756,3.3547801660545827e-06,10000.0,10000.0
290.0,96.0,0.6341463414634146,-7.548711976245593e-06,10000.0,10000.0
290.0,96.0,0.6585365853658537,-1.917173741514924e-05,10000.0,10000.0
290.0,96.0,0.6829268292682927,-3.295839366483068e-05,10000.0,10000.0
290.0,96.0,0.7073170731707318,-2.9534615407659605e-05,10000.0,10000.0
290.0,96.0,0.7317073170731707,-2.1522926987900142e-05,10000.0,10000.0
290.0,96.0,0.7560975609756098,5.920223636673583e-06,10000.0,10000.0
290.0,96.0,0.7804878048780488,2.8749522717183508e-05,10000.0,10000.0
290.0,96.0,0.8048780487804879,3.1902783783447874e-05,10000.0,10000.0
290.0,96.0,0.8292682926829269,3.084566099357777e-05,10000.0,10000.0
290.0,96.0,0.8536585365853658,7.532325927701436e-06,10000.0,10000.0
290.0,96.0,0.8780487804878049,6.767764542724269e-06,10000.0,10000.0
290.0,96.0,0.9024390243902439,1.88980797621133e-06,10000.0,10000.0
290.0,96.0,0.926829268292683,2.9549241725305186e-05,10000.0,10000.0
290.0,96.0,0.951219512195122,6.781382125409881e-05,10000.0,10000.0
290.0,96.0,0.975609756097561,6.558675179607287e-05,10000.0,10000.0
300.0,100.0,0.024390243902439025,-6.89867316173428e-05,10000.0,10000.0
300.0,100.0,0.04878048780487805,-7.059000076011615e-05,10000.0,10000.0
300.0,100.0,0.07317073170731708,-4.162464442834428e-05,10000.0,10000.0
300.0,100.0,0.0975609756097561,-1.0606687979954862e-05,10000.0,10000.0
300.0,100.0,0.12195121951219512,4.693590164756456e-07,10000.0,10000.0
300.0,100.0,0.14634146341463417,-1.5043986226557189e-05,10000.0,10000.0
300.0,100.0,0.17073170731707318,-2.4237672023676526e-05,10000.0,10000.0
300.0,100.0,0.1951219512195122,-2.952178954426834e-05,10000.0,10000.0
300.0,100.0,0.21951219512195122,-2.7099547047978845e-05,10000.0,10000.0
300.0,100.0,0.24390243902439024,-8.712435742018013e-06,10000.0,10000.0
300.0,100.0,0.2682926829268293,1.458023839060595e-05,10000.0,10000.0
300.0,100.0,0.29268292682926833,3.49497602751063e-05,10000.0,10000.0
300.0,100.0,0.3170731707317073,3.2540537758367916e-05,10000.0,10000.0
300.0,100.0,0.34146341463414637,2.3090075845500234e-05,10000.0,10000.0
300.0,100.0,0.36585365853658536,7.184542689005089e-06,10000.0,10000.0
300.0,100.0,0.3902439024390244,4.323896168041652e-06,10000.0,10000.0
300.0,100.0,0.41463414634146345,2.3300974684707307e-05,10000.0,10000.0
300.0,100.0,0.43902439024390244,5.607630026859869e-05,10000.0,10000.0
300.0,100.0,0.4634146341463415,7.989122413483065e-05,10000.0,10000.0
300.0,100.0,0.4878048780487805,4.539631573602232e-05,10000.0,10000.0
300.0,100.0,0.5121951219512195,0.0005184664542245145,10000.0,127.0
300.0,100.0,0.5365853658536586,0.0004193411444657713,10000.0,1119.0
300.0,100.0,0.5609756097560976,0.00032029767988053743,10000.0,2766.0
300.0,100.0,0.5853658536585367,0.00022740980854476822,10000.0,4756.0
300.0,100.0,0.6097560975609756,0.00014654349266020515,10000.0,6576.0
300.0,100.0,0.6341463414634146,7.570041547536048e-05,10000.0,8131.0
300.0,100.0,0.6585365853658537,1.7887329596597163e-05,10000.0,8967.0
300.0,100.0,0.6829268292682927,-1.1630220823930553e-05,10000.0,9569.0
300.0,100.0,0.7073170731707318,-2.2846512977356588e-05,10000.0,9856.0
300.0,100.0,0.7317073170731707,-1.2307914565774406e-05,10000.0,9943.0
300.0,100.0,0.7560975609756098,9.916163626853396e-06,10000.0,9976.0
300.0,100.0,0.7804878048780488,2.3462155324590263e-05,10000.0,9983.0
300.0,100.0,0.8048780487804879,3.182480624942559e-05,10000.0,9908.0
300.0,100.0,0.8292682926829269,9.617281788521102e-06,10000.0,9750.0
300.0,100.0,0.8536585365853658,-2.5729553741888745e-05,10000.0,9306.0
300.0,100.0,0.8780487804878049,-8.425641906617418e-05,10000.0,8386.0
300.0,100.0,0.9024390243902439,-0.0001570959699672606,10000.0,6798.0
300.0,100.0,0.926829268292683,-0.00024391634522151698,10000.0,4671.0
300.0,100.0,0.951219512195122,-0.0003393031497442173,10000.0,2420.0
300.0,100.0,0.975609756097561,-0.0004342033996058096,10000.0,693.0
310.0,103.0,0.024390243902439025,-7.025053353804797e-05,10000.0,10000.0
310.0,103.0,0.04878048780487805,-8.135790520144567e-05,10000.0,10000.0
310.0,103.0,0.07317073170731708,-5.455665967178913e-05,10000.0,10000.0
310.0,103.0,0.0975609756097561,-3.0647691015092084e-05,10000.0,10000.0
310.0,103.0,0.12195121951219512,-8.02641294770321e-06,10000.0,10000.0
310.0,103.0,0.14634146341463417,-8.913721796549826e-06,10000.0,10000.0
310.0,103.0,0.17073170731707318,-1.711230045663556e-05,10000.0,10000.0
310.0,103.0,0.1951219512195122,-2.139094192284631e-05,10000.0,10000.0
310.0,103.0,0.21951219512195122,-1.0891785233522732e-05,10000.0,9999.0
310.0,103.0,0.24390243902439024,-2.2457214198469997e-06,10000.0,9985.0
310.0,103.0,0.2682926829268293,7.404229872628261e-06,10000.0,9953.0
310.0,103.0,0.29268292682926833,8.759611990917795e-06,10000.0,9838.0
310.0,103.0,0.3170731707317073,-4.417200903092735e-06,10000.0,9565.0
310.0,103.0,0.34146341463414637,-3.487529874499414e-05,10000.0,9036.0
310.0,103.0,0.36585365853658536,-8.464452551243344e-05,10000.0,8089.0
310.0,103.0,0.3902439024390244,-0.000149767940790199,10000.0,6598.0
310.0,103.0,0.41463414634146345,-0.00022924409202638852,10000.0,4828.0
310.0,103.0,0.43902439024390244,-0.000312070029834852,10000.0,2921.0
310.0,103.0,0.4634146341463415,-0.0004039404059266702,10000.0,1064.0
310.0,103.0,0.4878048780487805,-0.0005045371684151021,10000.0,136.0
310.0,103.0,0.5121951219512195,0.0005072577564995826,10000.0,156.0
310.0,103.0,0.5365853658536586,0.000404878694023461,10000.0,1180.0
310.0,103.0,0.5609756097560976,0.00031285820912982067,10000.0,2813.0
310.0,103.0,0.5853658536585367,0.00022703711057907755,10000.0,4809.0
310.0,103.0,0.6097560975609756,0.00015297769287169876,10000.0,6627.0
310.0,103.0,0.6341463414634146,8.772726546417858e-05,10000.0,8159.0
310.0,103.0,0.6585365853658537,3.709937257057207e-05,10000.0,9029.0
310.0,103.0,0.6829268292682927,3.0539887179742594e-06,10000.0,9604.0
310.0,103.0,0.7073170731707318,-1.2169741105561546e-05,10000.0,9829.0
310.0,103.0,0.7317073170731707,-6.143385439641012e-06,10000.0,9934.0
310.0,103.0,0.7560975609756098,1.101027261312494e-06,10000.0,9986.0
310.0,103.0,0.7804878048780488,1.494490631861694e-05,10000.0,10000.0
310.0,103.0,0.8048780487804879,2.501221638510052e-05,10000.0,9999.0
310.0,103.0,0.8292682926829269,1.759751234936041e-05,10000.0,10000.0
310.0,103.0,0.8536585365853658,1.3513977449938252e-05,10000.0,10000.0
310.0,103.0,0.8780487804878049,9.54595511612522e-06,10000.0,10000.0
310.0,103.0,0.9024390243902439,2.9801224052892472e-05,10000.0,10000.0
310.0,103.0,0.926829268292683,5.499786597900211e-05,10000.0,10000.0
310.0,103.0,0.951219512195122,8.116172644595874e-05,10000.0,10000.0
310.0,103.0,0.975609756097561,7.178241221602204e-05,10000.0,10000.0
320.0,106.0,0.024390243902439025,-6.90235673250929e-05,10000.0,10000.0
320.0,106.0,0.04878048780487805,-7.494991498769575e-05,10000.0,10000.0
320.0,106.0,0.07317073170731708,-5.705655532829694e-05,10000.0,10000.0
320.0,106.0,0.0975609756097561,-2.829978746681992e-05,10000.0,10000.0
320.0,106.0,0.12195121951219512,-8.04078941087913e-06,10000.0,10000.0
320.0,106.0,0.14634146341463417,-5.37523476594193e-06,10000.0,10000.0
320.0,106.0,0.17073170731707318,-6.710414086086724e-06,10000.0,10000.0
320.0,106.0,0.1951219512195122,-2.035284686775422e-05,10000.0,10000.0
320.0,106.0,0.21951219512195122,-1.2066653946135134e-05,10000.0,9997.0
320.0,106.0,0.24390243902439024,-5.240209950877829e-06,10000.0,9988.0
320.0,106.0,0.2682926829268293,8.732298217858134e-08,10000.0,9944.0
320.0,106.0,0.29268292682926833,8.90039681868176e-06,10000.0,9858.0
320.0,106.0,0.3170731707317073,-8.469350639281634e-06,10000.0,9592.0
320.0,106.0,0.34146341463414637,-4.51088921043357e-05,10000.0,9052.0
320.0,106.0,0.36585365853658536,-9.40219515157045e-05,10000.0,8084.0
320.0,106.0,0.3902439024390244,-0.00016353527846279275,10000.0,6686.0
320.0,106.0,0.41463414634146345,-0.00024468061866482965,10000.0,4779.0
320.0,106.0,0.43902439024390244,-0.00032870990091244393,10000.0,2797.0
320.0,106.0,0.4634146341463415,-0.0004241404682644796,10000.0,1105.0
320.0,106.0,0.4878048780487805,-0.0005177178035095884,10000.0,119.0
320.0,106.0,0.5121951219512195,-4.2174623452981345e-05,10000.0,10000.0
320.0,106.0,0.5365853658536586,-8.42390553228422e-05,10000.0,10000.0
320.0,106.0,0.5609756097560976,-7.40272548354673e-05,10000.0,10000.0
320.0,106.0,0.5853658536585367,-3.789767832809435e-05,10000.0,10000.0
320.0,106.0,0.6097560975609756,-7.846163677903856e-06,10000.0,10000.0
320.0,106.0,0.6341463414634146,-2.268831937352972e-07,10000.0,10000.0
320.0,106.0,0.6585365853658537,-4.25888986357344e-06,10000.0,10000.0
320.0,106.0,0.6829268292682927,-1.5853061885221247e-05,10000.0,10000.0
320.0,106.0,0.7073170731707318,-2.0010639602989346e-05,10000.0,10000.0
320.0,106.0,0.7317073170731707,-5.7605518006514065e-06,10000.0,10000.0
320.0,106.0,0.7560975609756098,3.7593554911102028e-06,10000.0,10000.0
320.0,106.0,0.7804878048780488,1.1862034210064216e-05,10000.0,10000.0
320.0,106.0,0.8048780487804879,1.3672629556633715e-05,10000.0,10000.0
320.0,106.0,0.8292682926829269,9.06336502422865e-06,10000.0,10000.0
320.0,106.0,0.8536585365853658,9.036654924776538e-06,10000.0,10000.0
320.0,106.0,0.8780487804878049,8.565944154228648e-06,10000.0,10000.0
320.0,106.0,0.9024390243902439,3.207395770194564e-05,10000.0,10000.0
320.0,106.0,0.926829268292683,5.905392047657956e-05,10000.0,10000.0
320.0,106.0,0.951219512195122,8.385441828829263e-05,10000.0,10000.0
320.0,106.0,0.975609756097561,6.941641052901255e-05,10000.0,10000.0
330.0,110.0,0.024390243902439025,-6.778126927158118e-05,10000.0,10000.0
330.0,110.0,0.04878048780487805,-8.24199075353705e-05,10000.0,10000.0
330.0,110.0,0.07317073170731708,-6.366041607855899e-05,10000.0,10000.0
330.0,110.0,0.0975609756097561,-4.133668193856037e-05,10000.0,10000.0
330.0,110.0,0.12195121951219512,-1.9002357003194854e-05,10000.0,10000.0
330.0,110.0,0.14634146341463417,-1.79902460478672e-05,10000.0,10000.0
330.0,110.0,0.17073170731707318,-1.5112065015369836e-05,10000.0,10000.0
330.0,110.0,0.1951219512195122,-1.582794920908448e-05,10000.0,10000.0
330.0,110.0,0.21951219512195122,-1.927310025050374e-05,10000.0,10000.0
330.0,110.0,0.24390243902439024,-2.194131750335529e-06,10000.0,10000.0
330.0,110.0,0.2682926829268293,9.212764406097748e-06,10000.0,10000.0
330.0,110.0,0.29268292682926833,1.596196523346368e-05,10000.0,10000.0
330.0,110.0,0.3170731707317073,1.5100526085495015e-05,10000.0,10000.0
330.0,110.0,0.34146341463414637,1.6765610064135246e-05,10000.0,10000.0
330.0,110.0,0.36585365853658536,1.857943800495068e-05,10000.0,10000.0
330.0,110.0,0.3902439024390244,3.068562421760299e-05,10000.0,10000.0
330.0,110.0,0.41463414634146345,5.2782627074040945e-05,10000.0,10000.0
330.0,110.0,0.43902439024390244,7.905930915077387e-05,10000.0,10000.0
330.0,110.0,0.4634146341463415,8.119783714723256e-05,10000.0,10000.0
330.0,110.0,0.4878048780487805,4.201007637233515e-05,10000.0,10000.0
330.0,110.0,0.5121951219512195,0.0005160674359370573,10000.0,133.0
330.0,110.0,0.5365853658536586,0.0004127098041731333,10000.0,1049.0
330.0,110.0,0.5609756097560976,0.0003220016526742726,10000.0,2895.0
330.0,110.0,0.5853658536585367,0.00023595481927156319,10000.0,4776.0
330.0,110.0,0.6097560975609756,0.00016085337699293727,10000.0,6647.0
330.0,110.0,0.6341463414634146,8.928456099325214e-05,10000.0,8063.0
330.0,110.0,0.6585365853658537,4.265767973247691e-05,10000.0,9032.0
330.0,110.0,0.6829268292682927,8.60440472298707e-06,10000.0,9596.0
330.0,110.0,0.7073170731707318,-8.045671876401435e-06,10000.0,9840.0
330.0,110.0,0.7317073170731707,-4.66906117811229e-06,10000.0,9950.0
330.0,110.0,0.7560975609756098,-1.6128031060104688e-06,10000.0,9992.0
330.0,110.0,0.7804878048780488,2.0658864542374923e-05,10000.0,9997.0
330.0,110.0,0.8048780487804879,1.9127892527869786e-05,10000.0,9999.0
330.0,110.0,0.8292682926829269,1.623245845994984e-05,10000.0,10000.0
330.0,110.0,0.8536585365853658,1.6144400588103135e-05,10000.0,10000.0
330.0,110.0,0.8780487804878049,2.5575073116258634e-05,10000.0,10000.0
330.0,110.0,0.9024390243902439,4.47125065749678e-05,10000.0,10000.0
330.0,110.0,0.926829268292683,6.703086774500993e-05,10000.0,10000.0
330.0,110.0,0.951219512195122,8.162704938844817e-05,10000.0,10000.0
330.0,110.0,0.975609756097561,7.043612484822396e-05,10000.0,10000.0
340.0,113.0,0.024390243902439025,-6.58686383633925e-05,10000.0,10000.0
340.0,113.0,0.04878048780487805,-7.142203566802094e-05,10000.0,10000.0
340.0,113.0,0.07317073170731708,-4.23467130854875e-05,10000.0,10000.0
340.0,113.0,0.0975609756097561,8.15912720143539e-06,10000.0,10000.0
340.0,113.0,0.12195121951219512,4.545846225073653e-05,10000.0,10000.0
340.0,113.0,0.14634146341463417,7.913244529488823e-05,10000.0,10000.0
340.0,113.0,0.17073170731707318,7.615007642795574e-05,10000.0,10000.0
340.0,113.0,0.1951219512195122,6.443035897270947e-05,10000.0,10000.0
340.0,113.0,0.21951219512195122,3.830271462222742e-05,10000.0,10000.0
340.0,113.0,0.24390243902439024,1.002850741112806e-05,10000.0,10000.0
340.0,113.0,0.2682926829268293,-2.121090020777448e-05,10000.0,10000.0
340.0,113.0,0.29268292682926833,-4.8922508532320254e-05,10000.0,10000.0
340.0,113.0,0.3170731707317073,-6.738187338511814e-05,10000.0,10000.0
340.0,113.0,0.34146341463414637,-7.142776437342926e-05,10000.0,10000.0
340.0,113.0,0.36585365853658536,-5.758529015604349e-05,10000.0,10000.0
340.0,113.0,0.3902439024390244,-3.0256090222055975e-05,10000.0,10000.0
340.0,113.0,0.41463414634146345,2.2066477205424528e-05,10000.0,10000.0
340.0,113.0,0.43902439024390244,5.159889337969541e-05,10000.0,10000.0
340.0,113.0,0.4634146341463415,7.382431811562598e-05,10000.0,10000.0
340.0,113.0,0.4878048780487805,3.920003436856925e-05,10000.0,10000.0
340.0,113.0,0.5121951219512195,-4.1335895532145466e-05,10000.0,10000.0
340.0,113.0,0.5365853658536586,-8.447367836671769e-05,10000.0,10000.0
340.0,113.0,0.5609756097560976,-8.877405762537715e-05,10000.0,10000.0
340.0,113.0,0.5853658536585367,-6.571473779017902e-05,10000.0,10000.0
340.0,113.0,0.6097560975609756,-4.6605114102444925e-05,10000.0,10000.0
340.0,113.0,0.6341463414634146,-2.790960351154082e-05,10000.0,10000.0
340.0,113.0,0.6585365853658537,-2.7452304639537762e-05,10000.0,10000.0
340.0,113.0,0.6829268292682927,-2.4080700797120296e-05,10000.0,10000.0
340.0,113.0,0.7073170731707318,-2.1959472796544748e-05,10000.0,10000.0
340.0,113.0,0.7317073170731707,-1.3570356443373238e-05,10000.0,10000.0
340.0,113.0,0.7560975609756098,4.306815141683012e-06,10000.0,10000.0
340.0,113.0,0.7804878048780488,1.3973967996033954e-05,10000.0,10000.0
340.0,113.0,0.8048780487804879,2.2785294487288954e-05,10000.0,10000.0
340.0,113.0,0.8292682926829269,2.5852710074798923e-05,10000.0,10000.0
340.0,113.0,0.8536585365853658,2.9256751526073505e-05,10000.0,10000.0
340.0,113.0,0.8780487804878049,4.065622406666262e-05,10000.0,10000.0
340.0,113.0,0.9024390243902439,5.5090757129155455e-05,10000.0,10000.0
340.0,113.0,0.926829268292683,8.569682021994463e-05,10000.0,10000.0
340.0,113.0,0.951219512195122,9.118108883714297e-05,10000.0,10000.0
340.0,113.0,0.975609756097561,6.727638269239817e-05,10000.0,10000.0
350.0,116.0,0.024390243902439025,-6.507742746082191e-05,10000.0,10000.0
350.0,116.0,0.04878048780487805,-7.570263968158437e-05,10000.0,10000.0
350.0,116.0,0.07317073170731708,-6.116058127424288e-05,10000.0,10000.0
350.0,116.0,0.0975609756097561,-1.0980663227701645e-05,10000.0,10000.0
350.0,116.0,0.12195121951219512,3.0000199295794993e-05,10000.0,10000.0
350.0,116.0,0.14634146341463417,5.2373655776572335e-05,10000.0,10000.0
350.0,116.0,0.17073170731707318,6.576382867740992e-05,10000.0,10000.0
350.0,116.0,0.1951219512195122,5.723390162112918e-05,10000.0,10000.0
350.0,116.0,0.21951219512195122,3.408554696412552e-05,10000.0,10000.0
350.0,116.0,0.24390243902439024,8.13894821043506e-06,10000.0,10000.0
350.0,116.0,0.2682926829268293,-2.1547777723477702e-05,10000.0,10000.0
350.0,116.0,0.29268292682926833,-4.710648551894944e-05,10000.0,10000.0
350.0,116.0,0.3170731707317073,-6.30082155602116e-05,10000.0,10000.0
350.0,116.0,0.34146341463414637,-6.174969631446847e-05,10000.0,10000.0
350.0,116.0,0.36585365853658536,-4.8634125772203066e-05,10000.0,10000.0
350.0,116.0,0.3902439024390244,-1.0697453221087141e-05,10000.0,10000.0
350.0,116.0,0.41463414634146345,3.227000380026733e-05,10000.0,10000.0
350.0,116.0,0.43902439024390244,6.426954082832633e-05,10000.0,10000.0
350.0,116.0,0.4634146341463415,7.774478927565992e-05,10000.0,10000.0
350.0,116.0,0.4878048780487805,3.937176650774096e-05,10000.0,10000.0
350.0,116.0,0.5121951219512195,-4.017895677270176e-05,10000.0,10000.0
350.0,116.0,0.5365853658536586,-7.609307117562059e-05,10000.0,10000.0
350.0,116.0,0.5609756097560976,-6.582145661636816e-05,10000.0,10000.0
350.0,116.0,0.5853658536585367,-3.147575629908838e-05,10000.0,10000.0
350.0,116.0,0.6097560975609756,8.064910651012793e-06,10000.0,10000.0
350.0,116.0,0.6341463414634146,4.4433307977593894e-05,10000.0,10000.0
350.0,116.0,0.6585365853658537,5.850668899827685e-05,10000.0,10000.0
350.0,116.0,0.6829268292682927,6.476776156142887e-05,10000.0,10000.0
350.0,116.0,0.7073170731707318,4.6107798259839114e-05,10000.0,10000.0
350.0,116.0,0.7317073170731707,2.259540699606574e-05,10000.0,10000.0
350.0,116.0,0.7560975609756098,-9.536576209508535e-06,10000.0,10000.0
350.0,116.0,0.7804878048780488,-2.972257346293302e-05,10000.0,10000.0
350.0,116.0,0.8048780487804879,-5.34551151772675e-05,10000.0,10000.0
350.0,116.0,0.8292682926829269,-6.384846822296881e-05,10000.0,10000.0
350.0,116.0,0.8536585365853658,-5.653539514746673e-05,10000.0,10000.0
350.0,116.0,0.8780487804878049,-2.8563259799608653e-05,10000.0,10000.0
350.0,116.0,0.9024390243902439,8.762100625903982e-06,10000.0,10000.0
350.0,116.0,0.926829268292683,5.1630550704566115e-05,10000.0,10000.0
350.0,116.0,0.951219512195122,7.619286937077596e-05,10000.0,10000.0
350.0,116.0,0.975609756097561,6.339818079294438e-05,10000.0,10000.0
360.0,120.0,0.024390243902439025,-6.421757958722064e-05,10000.0,10000.0
360.0,120.0,0.04878048780487805,-8.405142048121078e-05,10000.0,10000.0
360.0,120.0,0.07317073170731708,-6.401201632132505e-05,10000.0,10000.0
360.0,120.0,0.0975609756097561,-2.912218034409295e-05,10000.0,10000.0
360.0,120.0,0.12195121951219512,1.2633043827641014e-05,10000.0,10000.0
360.0,120.0,0.14634146341463417,3.3173907202180554e-05,10000.0,10000.0
360.0,120.0,0.17073170731707318,4.857452676293596e-05,10000.0,10000.0
360.0,120.0,0.1951219512195122,4.660055420957292e-05,10000.0,10000.0
360.0,120.0,0.21951219512195122,3.0312644516573074e-05,10000.0,10000.0
360.0,120.0,0.24390243902439024,1.7720361009876229e-06,10000.0,10000.0
360.0,120.0,0.2682926829268293,-2.2624879530788118e-05,10000.0,10000.0
360.0,120.0,0.29268292682926833,-4.029203798352468e-05,10000.0,10000.0
360.0,120.0,0.3170731707317073,-5.7423581353070754e-05,10000.0,10000.0
360.0,120.0,0.34146341463414637,-5.927009858401849e-05,10000.0,10000.0
360.0,120.0,0.36585365853658536,-3.842518046815125e-05,10000.0,10000.0
360.0,120.0,0.3902439024390244,-7.108308390714907e-06,10000.0,10000.0
360.0,120.0,0.41463414634146345,2.7210108428154627e-05,10000.0,10000.0
360.0,120.0,0.43902439024390244,7.0849905492573e-05,10000.0,10000.0
360.0,120.0,0.4634146341463415,7.610409536974731e-05,10000.0,10000.0
360.0,120.0,0.4878048780487805,3.7787953608102235e-05,10000.0,10000.0
360.0,120.0,0.5121951219512195,-3.9247153493944625e-05,10000.0,10000.0
360.0,120.0,0.5365853658536586,-7.297022281330908e-05,10000.0,10000.0
360.0,120.0,0.5609756097560976,-6.765789943957986e-05,10000.0,10000.0
360.0,120.0,0.5853658536585367,-2.7578545673553624e-05,10000.0,10000.0
360.0,120.0,0.6097560975609756,5.48447912964859e-06,10000.0,10000.0
360.0,120.0,0.6341463414634146,4.3634244476368175e-05,10000.0,10000.0
360.0,120.0,0.6585365853658537,6.104059141578454e-05,10000.0,10000.0
360.0,120.0,0.6829268292682927,5.9725305723882084e-05,10000.0,10000.0
360.0,120.0,0.7073170731707318,4.128520826209228e-05,10000.0,10000.0
360.0,120.0,0.7317073170731707,1.534466053750157e-05,10000.0,10000.0
360.0,120.0,0.7560975609756098,-1.0122623590418539e-05,10000.0,10000.0
360.0,120.0,0.7804878048780488,-3.402398572827494e-05,10000.0,10000.0
360.0,120.0,0.8048780487804879,-4.7822211333626364e-05,10000.0,10000.0
360.0,120.0,0.8292682926829269,-6.163441031652743e-05,10000.0,10000.0
360.0,120.0,0.8536585365853658,-4.761881145891014e-05,10000.0,10000.0
360.0,120.0,0.8780487804878049,-2.651040670368952e-05,10000.0,10000.0
360.0,120.0,0.9024390243902439,1.4275134116569133e-05,10000.0,10000.0
360.0,120.0,0.926829268292683,5.4277213294493574e-05,10000.0,10000.0
360.0,120.0,0.951219512195122,7.854745429919874e-05,10000.0,10000.0
360.0,120.0,0.975609756097561,6.110684728675311e-05,10000.0,10000.0
370.0,123.0,0.024390243902439025,-6.508609439797442e-05,10000.0,10000.0
370.0,123.0,0.04878048780487805,-8.705774583262108e-05,10000.0,10000.0
370.0,123.0,0.07317073170731708,-6.792246265401645e-05,10000.0,10000.0
370.0,123.0,0.0975609756097561,-3.503230530075791e-05,10000.0,10000.0
370.0,123.0,0.12195121951219512,1.4913921271555718e-07,10000.0,10000.0
370.0,123.0,0.14634146341463417,3.779888843405266e-05,10000.0,10000.0
370.0,123.0,0.17073170731707318,3.8475123466543345e-05,10000.0,10000.0
370.0,123.0,0.1951219512195122,4.6463795832220564e-05,10000.0,10000.0
370.0,123.0,0.21951219512195122,3.110865055033772e-05,10000.0,10000.0
370.0,123.0,0.24390243902439024,7.1047122764813205e-06,10000.0,10000.0
370.0,123.0,0.2682926829268293,-1.329180943764121e-05,10000.0,10000.0
370.0,123.0,0.29268292682926833,-3.574173726512425e-05,10000.0,10000.0
370.0,123.0,0.3170731707317073,-5.0570348057243676e-05,10000.0,10000.0
370.0,123.0,0.34146341463414637,-4.0267927464134565e-05,10000.0,10000.0
370.0,123.0,0.36585365853658536,-2.4536944371852203e-05,10000.0,10000.0
370.0,123.0,0.3902439024390244,7.098458363254901e-06,10000.0,10000.0
370.0,123.0,0.41463414634146345,5.1046922165757166e-05,10000.0,10000.0
370.0,123.0,0.43902439024390244,7.706157819556372e-05,10000.0,10000.0
370.0,123.0,0.4634146341463415,7.884521198019178e-05,10000.0,10000.0
370.0,123.0,0.4878048780487805,3.888385657047733e-05,10000.0,10000.0
370.0,123.0,0.5121951219512195,-3.8917554001829275e-05,10000.0,10000.0
370.0,123.0,0.5365853658536586,-7.82782837064267e-05,10000.0,10000.0
370.0,123.0,0.5609756097560976,-7.717256585460579e-05,10000.0,10000.0
370.0,123.0,0.5853658536585367,-5.05378739510896e-05,10000.0,10000.0
370.0,123.0,0.6097560975609756,-1.3955740676424666e-05,10000.0,10000.0
370.0,123.0,0.6341463414634146,2.136962373822168e-05,10000.0,10000.0
370.0,123.0,0.6585365853658537,3.9130451942620554e-05,10000.0,10000.0
370.0,123.0,0.6829268292682927,4.648013834230934e-05,10000.0,10000.0
370.0,123.0,0.7073170731707318,3.281568963590029e-05,10000.0,10000.0
370.0,123.0,0.7317073170731707,1.6697016099501245e-05,10000.0,10000.0
370.0,123.0,0.7560975609756098,-6.442765603793926e-06,10000.0,10000.0
370.0,123.0,0.7804878048780488,-3.141426550755999e-05,10000.0,10000.0
370.0,123.0,0.8048780487804879,-3.898574843970985e-05,10000.0,10000.0
370.0,123.0,0.8292682926829269,-4.766563232032274e-05,10000.0,10000.0
370.0,123.0,0.8536585365853658,-4.02117065569627e-05,10000.0,10000.0
370.0,123.0,0.8780487804878049,-2.093689837636259e-06,10000.0,10000.0
370.0,123.0,0.9024390243902439,3.342284114201253e-05,10000.0,10000.0
370.0,123.0,0.926829268292683,6.93688552903466e-05,10000.0,10000.0
370.0,123.0,0.951219512195122,7.851122679643334e-05,10000.0,10000.0
370.0,123.0,0.975609756097561,6.595914896576629e-05,10000.0,10000.0
380.0,126.0,0.024390243902439025,-6.295911110538466e-05,10000.0,10000.0
380.0,126.0,0.04878048780487805,-8.139814562286809e-05,10000.0,10000.0
380.0,126.0,0.07317073170731708,-7.179050191501682e-05,10000.0,10000.0
380.0,126.0,0.0975609756097561,-4.961171991791131e-05,10000.0,10000.0
380.0,126.0,0.12195121951219512,-1.603662045942679e-05,10000.0,10000.0
380.0,126.0,0.14634146341463417,2.0737844118457338e-05,10000.0,10000.0
380.0,126.0,0.17073170731707318,3.192269585419438e-05,10000.0,10000.0
380.0,126.0,0.1951219512195122,3.507025832088774e-05,10000.0,10000.0
380.0,126.0,0.21951219512195122,2.2145666548789496e-05,10000.0,10000.0
380.0,126.0,0.24390243902439024,4.221362234615491e-06,10000.0,10000.0
380.0,126.0,0.2682926829268293,-1.2693253775571265e-05,10000.0,10000.0
380.0,126.0,0.29268292682926833,-3.0009131102442155e-05,10000.0,10000.0
380.0,126.0,0.3170731707317073,-3.1657942576686216e-05,10000.0,10000.0
380.0,126.0,0.34146341463414637,-3.0103810743633096e-05,10000.0,10000.0
380.0,126.0,0.36585365853658536,-2.155348281080499e-06,10000.0,10000.0
380.0,126.0,0.3902439024390244,3.5175469556905736e-05,10000.0,10000.0
380.0,126.0,0.41463414634146345,6.04367892800069e-05,10000.0,10000.0
380.0,126.0,0.43902439024390244,8.512542835107368e-05,10000.0,10000.0
380.0,126.0,0.4634146341463415,7.738503747931367e-05,10000.0,10000.0
380.0,126.0,0.4878048780487805,3.722374367800259e-05,10000.0,10000.0
380.0,126.0,0.5121951219512195,-3.693790795606999e-05,10000.0,10000.0
380.0,126.0,0.5365853658536586,-7.912534312164797e-05,10000.0,10000.0
380.0,126.0,0.5609756097560976,-8.498224066100297e-05,10000.0,10000.0
380.0,126.0,0.5853658536585367,-5.992889947911764e-05,10000.0,10000.0
380.0,126.0,0.6097560975609756,-2.6861696649648077e-05,10000.0,10000.0
380.0,126.0,0.6341463414634146,-1.5423329582129358e-06,10000.0,10000.0
380.0,126.0,0.6585365853658537,2.6215330723853613e-05,10000.0,10000.0
380.0,126.0,0.6829268292682927,3.4889344272314816e-05,10000.0,10000.0
380.0,126.0,0.7073170731707318,2.9031453593105205e-05,10000.0,10000.0
380.0,126.0,0.7317073170731707,1.5311737382711863e-05,10000.0,10000.0
380.0,126.0,0.7560975609756098,-3.852577166384655e-06,10000.0,10000.0
380.0,126.0,0.7804878048780488,-2.129272016922705e-05,10000.0,10000.0
380.0,126.0,0.8048780487804879,-3.487529301205976e-05,10000.0,10000.0
380.0,126.0,0.8292682926829269,-3.135776913526562e-05,10000.0,10000.0
380.0,126.0,0.8536585365853658,-1.6759517447805287e-05,10000.0,10000.0
380.0,126.0,0.8780487804878049,1.4964837877396533e-05,10000.0,10000.0
380.0,126.0,0.9024390243902439,4.30341521579521e-05,10000.0,10000.0
380.0,126.0,0.926829268292683,7.611385214666098e-05,10000.0,10000.0
380.0,126.0,0.951219512195122,8.342857218912043e-05,10000.0,10000.0
380.0,126.0,0.975609756097561,6.466765891380531e-05,10000.0,10000.0
390.0,130.0,0.024390243902439025,-6.36697290128319e-05,10000.0,10000.0
390.0,130.0,0.04878048780487805,-8.464593963712291e-05,10000.0,10000.0
390.0,130.0,0.07317073170731708,-6.844983237488486e-05,10000.0,10000.0
390.0,130.0,0.0975609756097561,-4.460250036538831e-05,10000.0,10000.0
390.0,130.0,0.12195121951219512,-1.4747103699259245e-05,10000.0,10000.0
390.0,130.0,0.14634146341463417,1.5268088488054588e-05,10000.0,10000.0
390.0,130.0,0.17073170731707318,2.9816686318710038e-05,10000.0,10000.0
390.0,130.0,0.1951219512195122,3.161016781256628e-05,10000.0,10000.0
390.0,130.0,0.21951219512195122,2.6836745799937e-05,10000.0,10000.0
390.0,130.0,0.24390243902439024,6.995422936265111e-06,10000.0,10000.0
390.0,130.0,0.2682926829268293,-1.6403456984426644e-05,10000.0,10000.0
390.0,130.0,0.29268292682926833,-3.110523323303141e-05,10000.0,10000.0
390.0,130.0,0.3170731707317073,-3.1357028692674516e-05,10000.0,10000.0
390.0,130.0,0.34146341463414637,-2.483205897690531e-05,10000.0,10000.0
390.0,130.0,0.36585365853658536,2.7341991174018588e-06,10000.0,10000.0
390.0,130.0,0.3902439024390244,2.3361864410167657e-05,10000.0,10000.0
390.0,130.0,0.41463414634146345,5.8987167780967006e-05,10000.0,10000.0
390.0,130.0,0.43902439024390244,8.063206465063787e-05,10000.0,10000.0
390.0,130.0,0.4634146341463415,7.736174220271047e-05,10000.0,10000.0
390.0,130.0,0.4878048780487805,3.610060265945891e-05,10000.0,10000.0
390.0,130.0,0.5121951219512195,-3.6881569290994196e-05,10000.0,10000.0
390.0,130.0,0.5365853658536586,-7.832210415830729e-05,10000.0,10000.0
390.0,130.0,0.5609756097560976,-8.095205028942048e-05,10000.0,10000.0
390.0,130.0,0.5853658536585367,-5.5275199879080005e-05,10000.0,10000.0
390.0,130.0,0.6097560975609756,-2.6017182304849102e-05,10000.0,10000.0
390.0,130.0,0.6341463414634146,6.590554120463122e-06,10000.0,10000.0
390.0,130.0,0.6585365853658537,3.051992410724652e-05,10000.0,10000.0
390.0,130.0,0.6829268292682927,3.468359734551113e-05,10000.0,10000.0
390.0,130.0,0.7073170731707318,3.4138236208361767e-05,10000.0,10000.0
390.0,130.0,0.7317073170731707,1.4848744075107278e-05,10000.0,10000.0
390.0,130.0,0.7560975609756098,-3.59225346278797e-06,10000.0,10000.0
390.0,130.0,0.7804878048780488,-2.3775304523910922e-05,10000.0,10000.0
390.0,130.0,0.8048780487804879,-3.384424611669051e-05,10000.0,10000.0
390.0,130.0,0.8292682926829269,-3.354455396364893e-05,10000.0,10000.0
390.0,130.0,0.8536585365853658,-1.7178274427437823e-05,10000.0,10000.0
390.0,130.0,0.8780487804878049,1.0908835838703746e-05,10000.0,10000.0
390.0,130.0,0.9024390243902439,4.726619705942573e-05,10000.0,10000.0
390.0,130.0,0.926829268292683,7.557084389465565e-05,10000.0,10000.0
390.0,130.0,0.951219512195122,8.336876841121384e-05,10000.0,10000.0
390.0,130.0,0.975609756097561,6.36774168274741e-05,10000.0,10000.0
400.0,133.0,0.024390243902439025,-6.416249872107045e-05,10000.0,10000.0
400.0,133.0,0.04878048780487805,-9.108071341387581e-05,10000.0,10000.0
400.0,133.0,0.07317073170731708,-8.749716108801752e-05,10000.0,10000.0
400.0,133.0,0.0975609756097561,-7.196568761652491e-05,10000.0,10000.0
400.0,133.0,0.12195121951219512,-4.110125059235941e-05,10000.0,10000.0
400.0,133.0,0.14634146341463417,-1.618829257022512e-05,10000.0,10000.0
400.0,133.0,0.17073170731707318,8.635088999100154e-06,10000.0,10000.0
400.0,133.0,0.1951219512195122,1.1716298519809887e-05,10000.0,10000.0
400.0,133.0,0.21951219512195122,9.38876171113885e-06,10000.0,10000.0
400.0,133.0,0.24390243902439024,-3.7639094909787898e-06,10000.0,10000.0
400.0,133.0,0.2682926829268293,-2.333767577553144e-05,10000.0,10000.0
400.0,133.0,0.29268292682926833,-3.173446844623478e-05,10000.0,10000.0
400.0,133.0,0.3170731707317073,-3.960538955027083e-05,10000.0,10000.0
400.0,133.0,0.34146341463414637,-2.350737219478472e-05,10000.0,10000.0
400.0,133.0,0.36585365853658536,-2.228057825026769e-06,10000.0,10000.0
400.0,133.0,0.3902439024390244,3.072621705141055e-05,10000.0,10000.0
400.0,133.0,0.41463414634146345,5.734575432260511e-05,10000.0,10000.0
400.0,133.0,0.43902439024390244,8.299574827665344e-05,10000.0,10000.0
400.0,133.0,0.4634146341463415,7.343710685989187e-05,10000.0,10000.0
400.0,133.0,0.4878048780487805,3.725450900092015e-05,10000.0,10000.0
400.0,133.0,0.5121951219512195,-3.569486519049118e-05,10000.0,10000.0
400.0,133.0,0.5365853658536586,-7.552853528902193e-05,10000.0,10000.0
400.0,133.0,0.5609756097560976,-7.962200878734626e-05,10000.0,10000.0
400.0,133.0,0.5853658536585367,-5.594655171789622e-05,10000.0,10000.0
400.0,133.0,0.6097560975609756,-2.5028207494229916e-05,10000.0,10000.0
400.0,133.0,0.6341463414634146,2.312857534206408e-06,10000.0,10000.0
400.0,133.0,0.6585365853658537,3.478242586246424e-05,10000.0,10000.0
400.0,133.0,0.6829268292682927,3.19667829955161e-05,10000.0,10000.0
400.0,133.0,0.7073170731707318,2.999428633389809e-05,10000.0,10000.0
400.0,133.0,0.7317073170731707,1.5754137008010777e-05,10000.0,10000.0
400.0,133.0,0.7560975609756098,-3.856878145288894e-06,10000.0,10000.0
400.0,133.0,0.7804878048780488,-2.206973676730016e-05,10000.0,10000.0
400.0,133.0,0.8048780487804879,-3.273254898167688e-05,10000.0,10000.0
400.0,133.0,0.8292682926829269,-2.796206641350643e-05,10000.0,10000.0
400.0,133.0,0.8536585365853658,-1.5340872882630246e-05,10000.0,10000.0
400.0,133.0,0.8780487804878049,1.4036520182707112e-05,10000.0,10000.0
400.0,133.0,0.9024390243902439,4.4502413539530875e-05,10000.0,10000.0
400.0,133.0,0.926829268292683,7.176411630188141e-05,10000.0,10000.0
400.0,133.0,0.951219512195122,7.970478918170647e-05,10000.0,10000.0
400.0,133.0,0.975609756097561,6.035413716447797e-05,10000.0,10000.0
410.0,136.0,0.024390243902439025,-6.111395221831148e-05,10000.0,10000.0
410.0,136.0,0.04878048780487805,-8.964581934255509e-05,10000.0,10000.0
410.0,136.0,0.07317073170731708,-9.086899205742164e-05,10000.0,10000.0
410.0,136.0,0.0975609756097561,-7.216470945030388e-05,10000.0,10000.0
410.0,136.0,0.12195121951219512,-3.9249655629858234e-05,10000.0,10000.0
410.0,136.0,0.14634146341463417,-1.2635766033289497e-05,10000.0,10000.0
410.0,136.0,0.17073170731707318,8.695299627884848e-06,10000.0,10000.0
410.0,136.0,0.1951219512195122,1.0551060868602813e-05,10000.0,10000.0
410.0,136.0,0.21951219512195122,1.1304803004250324e-05,10000.0,10000.0
410.0,136.0,0.24390243902439024,5.025269577794059e-06,10000.0,10000.0
410.0,136.0,0.2682926829268293,-1.0623289809403206e-05,10000.0,10000.0
410.0,136.0,0.29268292682926833,-1.008191257541412e-05,10000.0,10000.0
410.0,136.0,0.3170731707317073,-9.238124589170098e-06,10000.0,10000.0
410.0,136.0,0.34146341463414637,3.2279204078701773e-06,10000.0,10000.0
410.0,136.0,0.36585365853658536,2.9311401476778998e-05,10000.0,10000.0
410.0,136.0,0.3902439024390244,5.409485874525296e-05,10000.0,10000.0
410.0,136.0,0.41463414634146345,7.476293473883757e-05,10000.0,10000.0
410.0,136.0,0.43902439024390244,9.104928337817961e-05,10000.0,10000.0
410.0,136.0,0.4634146341463415,8.072414500148404e-05,10000.0,10000.0
410.0,136.0,0.4878048780487805,3.5494589414117085e-05,10000.0,10000.0
410.0,136.0,0.5121951219512195,-3.462209786637892e-05,10000.0,10000.0
410.0,136.0,0.5365853658536586,-7.869763206849923e-05,10000.0,10000.0
410.0,136.0,0.5609756097560976,-8.851534298113715e-05,10000.0,10000.0
410.0,136.0,0.5853658536585367,-7.76974436404998e-05,10000.0,10000.0
410.0,136.0,0.6097560975609756,-4.931064770664495e-05,10000.0,10000.0
410.0,136.0,0.6341463414634146,-2.0333545556958184e-05,10000.0,10000.0
410.0,136.0,0.6585365853658537,4.195806882131262e-06,10000.0,10000.0
410.0,136.0,0.6829268292682927,1.0516136099273094e-05,10000.0,10000.0
410.0,136.0,0.7073170731707318,1.4261458097643931e-05,10000.0,10000.0
410.0,136.0,0.7317073170731707,9.642881910037814e-06,10000.0,10000.0
410.0,136.0,0.7560975609756098,-4.423233958098599e-07,10000.0,10000.0
410.0,136.0,0.7804878048780488,-7.912678470049919e-06,10000.0,10000.0
410.0,136.0,0.8048780487804879,-1.2843401940427765e-05,10000.0,10000.0
410.0,136.0,0.8292682926829269,-8.693051046261088e-06,10000.0,10000.0
410.0,136.0,0.8536585365853658,9.880202447928474e-06,10000.0,10000.0
410.0,136.0,0.8780487804878049,4.5574583932158474e-05,10000.0,10000.0
410.0,136.0,0.9024390243902439,6.577923188078863e-05,10000.0,10000.0
410.0,136.0,0.926829268292683,8.720052199328816e-05,10000.0,10000.0
410.0,136.0,0.951219512195122,9.116783654480054e-05,10000.0,10000.0
410.0,136.0,0.975609756097561,6.2592015441813e-05,10000.0,10000.0
420.0,140.0,0.024390243902439025,-6.0139854094293264e-05,10000.0,10000.0
420.0,140.0,0.04878048780487805,-8.382159918574008e-05,10000.0,10000.0
420.0,140.0,0.07317073170731708,-8.239374638494998e-05,10000.0,10000.0
420.0,140.0,0.0975609756097561,-5.809425761746042e-05,10000.0,10000.0
420.0,140.0,0.12195121951219512,-3.069571302082904e-05,10000.0,10000.0
420.0,140.0,0.14634146341463417,-3.861983821374268e-06,10000.0,10000.0
420.0,140.0,0.17073170731707318,1.561582216662376e-05,10000.0,10000.0
420.0,140.0,0.1951219512195122,1.8637861236061828e-05,10000.0,10000.0
420.0,140.0,0.21951219512195122,1.4841231858319694e-05,10000.0,10000.0
420.0,140.0,0.24390243902439024,6.357089362204335e-06,10000.0,10000.0
420.0,140.0,0.2682926829268293,-6.315239548785339e-06,10000.0,10000.0
420.0,140.0,0.29268292682926833,-2.3554047147242848e-05,10000.0,10000.0
420.0,140.0,0.3170731707317073,-2.0279028172112965e-05,10000.0,10000.0
420.0,140.0,0.34146341463414637,-3.616388222752917e-06,10000.0,10000.0
420.0,140.0,0.36585365853658536,1.6208860951735924e-05,10000.0,10000.0
420.0,140.0,0.3902439024390244,4.768492707614567e-05,10000.0,10000.0
420.0,140.0,0.41463414634146345,6.337503968323579e-05,10000.0,10000.0
420.0,140.0,0.43902439024390244,8.218972703951776e-05,10000.0,10000.0
420.0,140.0,0.4634146341463415,7.776746537241956e-05,10000.0,10000.0
420.0,140.0,0.4878048780487805,3.512030783710097e-05,10000.0,10000.0
420.0,140.0,0.5121951219512195,-3.498154961249581e-05,10000.0,10000.0
420.0,140.0,0.5365853658536586,-7.535688116816048e-05,10000.0,10000.0
420.0,140.0,0.5609756097560976,-8.81492398144701e-05,10000.0,10000.0
420.0,140.0,0.5853658536585367,-7.6575673337452e-05,10000.0,10000.0
420.0,140.0,0.6097560975609756,-4.5429808313686934e-05,10000.0,10000.0
420.0,140.0,0.6341463414634146,-1.2502378586885055e-05,10000.0,10000.0
420.0,140.0,0.6585365853658537,7.309361310243051e-06,10000.0,10000.0
420.0,140.0,0.6829268292682927,1.6616609016656165e-05,10000.0,10000.0
420.0,140.0,0.7073170731707318,1.6552014804727766e-05,10000.0,10000.0
420.0,140.0,0.7317073170731707,9.63927248871272e-06,10000.0,10000.0
420.0,140.0,0.7560975609756098,-4.68950902984897e-06,10000.0,10000.0
420.0,140.0,0.7804878048780488,-1.0446438507400568e-05,10000.0,10000.0
420.0,140.0,0.8048780487804879,-2.0273825437519955e-05,10000.0,10000.0
420.0,140.0,0.8292682926829269,-1.4788745445384766e-05,10000.0,10000.0
420.0,140.0,0.8536585365853658,7.736832027190166e-07,10000.0,10000.0
420.0,140.0,0.8780487804878049,2.5886351917072858e-05,10000.0,10000.0
420.0,140.0,0.9024390243902439,6.02358557787144e-05,10000.0,10000.0
420.0,140.0,0.926829268292683,8.084718719180175e-05,10000.0,10000.0
420.0,140.0,0.951219512195122,8.43802787240368e-05,10000.0,10000.0
420.0,140.0,0.975609756097561,6.0431312210671193e-05,10000.0,10000.0
430.0,143.0,0.024390243902439025,-5.915573894209587e-05,10000.0,10000.0
430.0,143.0,0.04878048780487805,-8.429547963982649e-05,10000.0,10000.0
430.0,143.0,0.07317073170731708,-7.950745119439704e-05,10000.0,10000.0
430.0,143.0,0.0975609756097561,-5.7908597986109836e-05,10000.0,10000.0
430.0,143.0,0.12195121951219512,-2.7808464500113895e-05,10000.0,10000.0
430.0,143.0,0.14634146341463417,-3.3231014254801986e-06,10000.0,10000.0
430.0,143.0,0.17073170731707318,1.0868643817915047e-05,10000.0,10000.0
430.0,143.0,0.1951219512195122,1.8938854116439834e-05,10000.0,10000.0
430.0,143.0,0.21951219512195122,1.3482612767610308e-05,10000.0,10000.0
430.0,143.0,0.24390243902439024,-8.642439427444804e-09,10000.0,10000.0
430.0,143.0,0.2682926829268293,-8.42451395215654e-06,10000.0,10000.0
430.0,143.0,0.29268292682926833,-1.5183868039350757e-05,10000.0,10000.0
430.0,143.0,0.3170731707317073,-1.2785856724415933e-05,10000.0,10000.0
430.0,143.0,0.34146341463414637,-2.9779244186714627e-06,10000.0,10000.0
430.0,143.0,0.36585365853658536,1.3658345444644937e-05,10000.0,10000.0
430.0,143.0,0.3902439024390244,4.236888046427849e-05,10000.0,10000.0
430.0,143.0,0.41463414634146345,7.404575575401002e-05,10000.0,10000.0
430.0,143.0,0.43902439024390244,8.750103312038546e-05,10000.0,10000.0
430.0,143.0,0.4634146341463415,7.254294396787022e-05,10000.0,10000.0
430.0,143.0,0.4878048780487805,3.333185708684465e-05,10000.0,10000.0
430.0,143.0,0.5121951219512195,-3.4381341958882124e-05,10000.0,10000.0
430.0,143.0,0.5365853658536586,-7.54023664366796e-05,10000.0,10000.0
430.0,143.0,0.5609756097560976,-8.810589679567477e-05,10000.0,10000.0
430.0,143.0,0.5853658536585367,-7.337813154430862e-05,10000.0,10000.0
430.0,143.0,0.6097560975609756,-4.382629831557245e-05,10000.0,10000.0
430.0,143.0,0.6341463414634146,-1.1144603439412592e-05,10000.0,10000.0
430.0,143.0,0.6585365853658537,6.599458858100787e-06,10000.0,10000.0
430.0,143.0,0.6829268292682927,2.2722273686138206e-05,10000.0,10000.0
430.0,143.0,0.7073170731707318,2.0138402838757902e-05,10000.0,10000.0
430.0,143.0,0.7317073170731707,7.545370345946162e-06,10000.0,10000.0
430.0,143.0,0.7560975609756098,-2.2089439119996834e-06,10000.0,10000.0
430.0,143.0,0.7804878048780488,-1.519771660635702e-05,10000.0,10000.0
430.0,143.0,0.8048780487804879,-1.5356042231082377e-05,10000.0,10000.0
430.0,143.0,0.8292682926829269,-1.2280752653077642e-05,10000.0,10000.0
430.0,143.0,0.8536585365853658,8.1618493194212e-06,10000.0,10000.0
430.0,143.0,0.8780487804878049,2.810987843685122e-05,10000.0,10000.0
430.0,143.0,0.9024390243902439,5.7598764196099074e-05,10000.0,10000.0
430.0,143.0,0.926829268292683,8.165614259662456e-05,10000.0,10000.0
430.0,143.0,0.951219512195122,8.070106620092903e-05,10000.0,10000.0
430.0,143.0,0.975609756097561,5.9052223211333934e-05,10000.0,10000.0
440.0,146.0,0.024390243902439025,-6.0358267502359965e-05,10000.0,10000.0
440.0,146.0,0.04878048780487805,-9.049969404660713e-05,10000.0,10000.0
440.0,146.0,0.07317073170731708,-9.807628306226396e-05,10000.0,10000.0
440.0,146.0,0.0975609756097561,-8.72065397508174e-05,10000.0,10000.0
440.0,146.0,0.12195121951219512,-5.962654135598182e-05,10000.0,10000.0
440.0,146.0,0.14634146341463417,-3.783631816166396e-05,10000.0,10000.0
440.0,146.0,0.17073170731707318,-2.4262260011287778e-05,10000.0,10000.0
440.0,146.0,0.1951219512195122,-1.056303133443876e-05,10000.0,10000.0
440.0,146.0,0.21951219512195122,-2.0899876698346476e-08,10000.0,10000.0
440.0,146.0,0.24390243902439024,-3.3637540521373464e-07,10000.0,10000.0
440.0,146.0,0.2682926829268293,1.4400236665395584e-07,10000.0,10000.0
440.0,146.0,0.29268292682926833,4.802657705908772e-06,10000.0,10000.0
440.0,146.0,0.3170731707317073,1.0603630302485484e-05,10000.0,10000.0
440.0,146.0,0.34146341463414637,2.902134119598639e-05,10000.0,10000.0
440.0,146.0,0.36585365853658536,4.9199235835313823e-05,10000.0,10000.0
440.0,146.0,0.3902439024390244,7.015006161594872e-05,10000.0,10000.0
440.0,146.0,0.41463414634146345,9.737750902600863e-05,10000.0,10000.0
440.0,146.0,0.43902439024390244,9.959040382727612e-05,10000.0,10000.0
440.0,146.0,0.4634146341463415,7.871025930930883e-05,10000.0,10000.0
440.0,146.0,0.4878048780487805,3.351079005750036e-05,10000.0,10000.0
440.0,146.0,0.5121951219512195,-3.349711552246061e-05,10000.0,10000.0
440.0,146.0,0.5365853658536586,-7.831644228857865e-05,10000.0,10000.0
440.0,146.0,0.5609756097560976,-9.769728161299114e-05,10000.0,10000.0
440.0,146.0,0.5853658536585367,-9.496912180378762e-05,10000.0,10000.0
440.0,146.0,0.6097560975609756,-7.38534797776297e-05,10000.0,10000.0
440.0,146.0,0.6341463414634146,-5.5068839478443975e-05,10000.0,10000.0
440.0,146.0,0.6585365853658537,-3.4713084422604295e-05,10000.0,10000.0
440.0,146.0,0.6829268292682927,-1.016757904604691e-05,10000.0,10000.0
440.0,146.0,0.7073170731707318,-4.269276521509563e-06,10000.0,10000.0
440.0,146.0,0.7317073170731707,-2.46250612449386e-06,10000.0,10000.0
440.0,146.0,0.7560975609756098,1.8821931578120317e-06,10000.0,10000.0
440.0,146.0,0.7804878048780488,7.529937942812914e-06,10000.0,10000.0
440.0,146.0,0.8048780487804879,4.817402297023421e-06,10000.0,10000.0
440.0,146.0,0.8292682926829269,1.8438964954385594e-05,10000.0,10000.0
440.0,146.0,0.8536585365853658,3.6540978967014223e-05,10000.0,10000.0
440.0,146.0,0.8780487804878049,6.435023914156353e-05,10000.0,10000.0
440.0,146.0,0.9024390243902439,8.657129168869794e-05,10000.0,10000.0
440.0,146.0,0.926829268292683,9.736352935987272e-05,10000.0,10000.0
440.0,146.0,0.951219512195122,8.459969715960478e-05,10000.0,10000.0
440.0,146.0,0.975609756097561,5.8479498455058066e-05,10000.0,10000.0
450.0,150.0,0.024390243902439025,-5.7442152579824524e-05,10000.0,10000.0
450.0,150.0,0.04878048780487805,-8.868758805451935e-05,10000.0,10000.0
450.0,150.0,0.07317073170731708,-9.259511147931855e-05,10000.0,10000.0
450.0,150.0,0.0975609756097561,-8.655134575240086e-05,10000.0,10000.0
450.0,150.0,0.12195121951219512,-6.654109189570184e-05,10000.0,10000.0
450.0,150.0,0.14634146341463417,-3.820677853168664e-05,10000.0,10000.0
450.0,150.0,0.17073170731707318,-2.2205541756745e-05,10000.0,10000.0
450.0,150.0,0.1951219512195122,-6.555665189056703e-06,10000.0,10000.0
450.0,150.0,0.21951219512195122,-4.766226045721611e-06,10000.0,10000.0
450.0,150.0,0.24390243902439024,9.566996379427872e-07,10000.0,10000.0
450.0,150.0,0.2682926829268293,4.167935981172078e-06,10000.0,10000.0
450.0,150.0,0.29268292682926833,3.312452120698162e-06,10000.0,10000.0
450.0,150.0,0.3170731707317073,4.77691051653934e-06,10000.0,10000.0
450.0,150.0,0.34146341463414637,3.873443836863303e-05,10000.0,10000.0
450.0,150.0,0.36585365853658536,5.2539780395183886e-05,10000.0,10000.0
450.0,150.0,0.3902439024390244,6.924197852365342e-05,10000.0,10000.0
450.0,150.0,0.41463414634146345,9.185627980362441e-05,10000.0,10000.0
450.0,150.0,0.43902439024390244,9.415486612401258e-05,10000.0,10000.0
450.0,150.0,0.4634146341463415,7.658752008597374e-05,10000.0,10000.0
450.0,150.0,0.4878048780487805,3.2035779592927175e-05,10000.0,10000.0
450.0,150.0,0.5121951219512195,-3.365947183755259e-05,10000.0,10000.0
450.0,150.0,0.5365853658536586,-7.626291264835238e-05,10000.0,10000.0
450.0,150.0,0.5609756097560976,-9.415752168168009e-05,10000.0,10000.0
450.0,150.0,0.5853658536585367,-8.717795200824922e-05,10000.0,10000.0
450.0,150.0,0.6097560975609756,-7.489301893526204e-05,10000.0,10000.0
450.0,150.0,0.6341463414634146,-5.521523302036788e-05,10000.0,10000.0
450.0,150.0,0.6585365853658537,-2.8476588829608146e-05,10000.0,10000.0
450.0,150.0,0.6829268292682927,-1.4033746324218144e-05,10000.0,10000.0
450.0,150.0,0.7073170731707318,-6.1988545212071366e-06,10000.0,10000.0
450.0,150.0,0.7317073170731707,2.566702850330321e-06,10000.0,10000.0
450.0,150.0,0.7560975609756098,4.622383090362841e-06,10000.0,10000.0
450.0,150.0,0.7804878048780488,2.49093066186184e-06,10000.0,10000.0
450.0,150.0,0.8048780487804879,1.1353022365559301e-05,10000.0,10000.0
450.0,150.0,0.8292682926829269,1.8601432515875976e-05,10000.0,10000.0
450.0,150.0,0.8536585365853658,4.352666554708141e-05,10000.0,10000.0
450.0,150.0,0.8780487804878049,6.026094346907489e-05,10000.0,10000.0
450.0,150.0,0.9024390243902439,7.989559083994515e-05,10000.0,10000.0
450.0,150.0,0.926829268292683,9.627084643593122e-05,10000.0,10000.0
450.0,150.0,0.951219512195122,8.658841976624614e-05,10000.0,10000.0
450.0,150.0,0.975609756097561,5.9980496619721954e-05,10000.0,10000.0
460.0,153.0,0.024390243902439025,-5.639537189313212e-05,10000.0,10000.0
460.0,153.0,0.04878048780487805,-8.588653624933249e-05,10000.0,10000.0
460.0,153.0,0.07317073170731708,-9.379957871732771e-05,10000.0,10000.0
460.0,153.0,0.0975609756097561,-7.710149767510078e-05,10000.0,10000.0
460.0,153.0,0.12195121951219512,-5.9528929364770454e-05,10000.0,10000.0
460.0,153.0,0.14634146341463417,-3.860391926748877e-05,10000.0,10000.0
460.0,153.0,0.17073170731707318,-1.817627648532322e-05,10000.0,10000.0
460.0,153.0,0.1951219512195122,-8.77239781187221e-06,10000.0,10000.0
460.0,153.0,0.21951219512195122,-1.543726947035029e-06,10000.0,10000.0
460.0,153.0,0.24390243902439024,4.3090072001439715e-06,10000.0,10000.0
460.0,153.0,0.2682926829268293,2.148173600309583e-07,10000.0,10000.0
460.0,153.0,0.29268292682926833,2.284405169343956e-06,10000.0,10000.0
460.0,153.0,0.3170731707317073,9.736298455859976e-06,10000.0,10000.0
460.0,153.0,0.34146341463414637,3.159105796342546e-05,10000.0,10000.0
460.0,153.0,0.36585365853658536,4.473746342311125e-05,10000.0,10000.0
460.0,153.0,0.3902439024390244,6.922226236373006e-05,10000.0,10000.0
460.0,153.0,0.41463414634146345,8.720319245283067e-05,10000.0,10000.0
460.0,153.0,0.43902439024390244,9.361140922679618e-05,10000.0,10000.0
460.0,153.0,0.4634146341463415,7.488701766901275e-05,10000.0,10000.0
460.0,153.0,0.4878048780487805,3.1568806228861355e-05,10000.0,10000.0
460.0,153.0,0.5121951219512195,-3.243992281205722e-05,10000.0,10000.0
460.0,153.0,0.5365853658536586,-7.585245741016513e-05,10000.0,10000.0
460.0,153.0,0.5609756097560976,-9.004048771684454e-05,10000.0,10000.0
460.0,153.0,0.5853658536585367,-8.551907679679954e-05,10000.0,10000.0
460.0,153.0,0.6097560975609756,-7.74511507850499e-05,10000.0,10000.0
460.0,153.0,0.6341463414634146,-4.4439915054723975e-05,10000.0,10000.0
460.0,153.0,0.6585365853658537,-2.8422612111809942e-05,10000.0,10000.0
460.0,153.0,0.6829268292682927,-8.822481568497086e-06,10000.0,10000.0
460.0,153.0,0.7073170731707318,-5.519467009038026e-06,10000.0,10000.0
460.0,153.0,0.7317073170731707,1.4497951702402422e-07,10000.0,10000.0
460.0,153.0,0.7560975609756098,5.432729080463294e-06,10000.0,10000.0
460.0,153.0,0.7804878048780488,-2.475674687648577e-06,10000.0,10000.0
460.0,153.0,0.8048780487804879,7.159622446702141e-06,10000.0,10000.0
460.0,153.0,0.8292682926829269,1.7235885422071474e-05,10000.0,10000.0
460.0,153.0,0.8536585365853658,4.076605486630713e-05,10000.0,10000.0
460.0,153.0,0.8780487804878049,5.86928646915452e-05,10000.0,10000.0
460.0,153.0,0.9024390243902439,8.148585057546593e-05,10000.0,10000.0
460.0,153.0,0.926829268292683,9.336606678420627e-05,10000.0,10000.0
460.0,153.0,0.951219512195122,8.355485109139999e-05,10000.0,10000.0
460.0,153.0,0.975609756097561,5.665114324641814e-05,10000.0,10000.0
470.0,157.0,0.024390243902439025,-5.584355839158741e-05,10000.0,10000.0
470.0,157.0,0.04878048780487805,-8.380392994707641e-05,10000.0,10000.0
470.0,157.0,0.07317073170731708,-8.913842977573862e-05,10000.0,10000.0
470.0,157.0,0.0975609756097561,-7.39272910341073e-05,10000.0,10000.0
470.0,157.0,0.12195121951219512,-6.387908325201465e-05,10000.0,10000.0
470.0,157.0,0.14634146341463417,-3.985007167822934e-05,10000.0,10000.0
470.0,157.0,0.17073170731707318,-1.784729127443362e-05,10000.0,10000.0
470.0,157.0,0.1951219512195122,-8.824521450214179e-06,10000.0,10000.0
470.0,157.0,0.21951219512195122,1.0330668928219933e-06,10000.0,10000.0
470.0,157.0,0.24390243902439024,-1.7676460057717168e-06,10000.0,10000.0
470.0,157.0,0.2682926829268293,1.3019661942631377e-06,10000.0,10000.0
470.0,157.0,0.29268292682926833,2.412956492704471e-06,10000.0,10000.0
470.0,157.0,0.3170731707317073,1.574754179931202e-05,10000.0,10000.0
470.0,157.0,0.34146341463414637,3.3384867254281015e-05,10000.0,10000.0
470.0,157.0,0.36585365853658536,4.703506661937314e-05,10000.0,10000.0
470.0,157.0,0.3902439024390244,7.326145730392933e-05,10000.0,10000.0
470.0,157.0,0.41463414634146345,8.742472595241084e-05,10000.0,10000.0
470.0,157.0,0.43902439024390244,8.91315346883077e-05,10000.0,10000.0
470.0,157.0,0.4634146341463415,7.299473267664292e-05,10000.0,10000.0
470.0,157.0,0.4878048780487805,3.2633661386344974e-05,10000.0,10000.0
470.0,157.0,0.5121951219512195,-3.1367909245088075e-05,10000.0,10000.0
470.0,157.0,0.5365853658536586,-7.204169444360596e-05,10000.0,10000.0
470.0,157.0,0.5609756097560976,-9.491485977884977e-05,10000.0,10000.0
470.0,157.0,0.5853658536585367,-8.530728724664283e-05,10000.0,10000.0
470.0,157.0,0.6097560975609756,-6.904622506390568e-05,10000.0,10000.0
470.0,157.0,0.6341463414634146,-4.6903458278634904e-05,10000.0,10000.0
470.0,157.0,0.6585365853658537,-3.023903723106035e-05,10000.0,10000.0
470.0,157.0,0.6829268292682927,-9.083561019125208e-06,10000.0,10000.0
470.0,157.0,0.7073170731707318,-3.59301970165139e-06,10000.0,10000.0
470.0,157.0,0.7317073170731707,3.683413780438566e-06,10000.0,10000.0
470.0,157.0,0.7560975609756098,-2.218017784144599e-06,10000.0,10000.0
470.0,157.0,0.7804878048780488,3.954089437811909e-06,10000.0,10000.0
470.0,157.0,0.8048780487804879,1.0804152801868267e-05,10000.0,10000.0
470.0,157.0,0.8292682926829269,1.8346045092779605e-05,10000.0,10000.0
470.0,157.0,0.8536585365853658,3.7840565290597627e-05,10000.0,10000.0
470.0,157.0,0.8780487804878049,5.857764622774827e-05,10000.0,10000.0
470.0,157.0,0.9024390243902439,8.194865252558966e-05,10000.0,10000.0
470.0,157.0,0.926829268292683,9.493011241360535e-05,10000.0,10000.0
470.0,157.0,0.951219512195122,8.140707103894862e-05,10000.0,10000.0
470.0,157.0,0.975609756097561,5.632648605948862e-05,10000.0,10000.0
480.0,160.0,0.024390243902439025,-5.296781221298193e-05,10000.0,10000.0
480.0,160.0,0.04878048780487805,-8.00497662163901e-05,10000.0,10000.0
480.0,160.0,0.07317073170731708,-8.808992126255542e-05,10000.0,10000.0
480.0,160.0,0.0975609756097561,-7.698174510324894e-05,10000.0,10000.0
480.0,160.0,0.12195121951219512,-5.0582808195648485e-05,10000.0,10000.0
480.0,160.0,0.14634146341463417,-3.716974055922145e-05,10000.0,10000.0
480.0,160.0,0.17073170731707318,-1.620748369935716e-05,10000.0,10000.0
480.0,160.0,0.1951219512195122,-8.351239516688308e-06,10000.0,10000.0
480.0,160.0,0.21951219512195122,1.7443039838036745e-06,10000.0,10000.0
480.0,160.0,0.24390243902439024,-3.3452155437849183e-07,10000.0,10000.0
480.0,160.0,0.2682926829268293,1.2497228956458578e-06,10000.0,10000.0
480.0,160.0,0.29268292682926833,-2.7119195695534113e-07,10000.0,10000.0
480.0,160.0,0.3170731707317073,1.5874852117372215e-05,10000.0,10000.0
480.0,160.0,0.34146341463414637,2.5987058888433447e-05,10000.0,10000.0
480.0,160.0,0.36585365853658536,4.945125847722105e-05,10000.0,10000.0
480.0,160.0,0.3902439024390244,6.180607614337265e-05,10000.0,10000.0
480.0,160.0,0.41463414634146345,8.202595259374366e-05,10000.0,10000.0
480.0,160.0,0.43902439024390244,8.795915825338063e-05,10000.0,10000.0
480.0,160.0,0.4634146341463415,7.161493011624262e-05,10000.0,10000.0
480.0,160.0,0.4878048780487805,3.026464366176056e-05,10000.0,10000.0
480.0,160.0,0.5121951219512195,-3.0703316581827757e-05,10000.0,10000.0
480.0,160.0,0.5365853658536586,-7.132501015788847e-05,10000.0,10000.0
480.0,160.0,0.5609756097560976,-8.931832944426682e-05,10000.0,10000.0
480.0,160.0,0.5853658536585367,-8.416780164596654e-05,10000.0,10000.0
480.0,160.0,0.6097560975609756,-6.989038745258068e-05,10000.0,10000.0
480.0,160.0,0.6341463414634146,-4.899172921035185e-05,10000.0,10000.0
480.0,160.0,0.6585365853658537,-3.7560755880361523e-05,10000.0,10000.0
480.0,160.0,0.6829268292682927,-9.890002808034187e-06,10000.0,10000.0
480.0,160.0,0.7073170731707318,-6.258425138195856e-06,10000.0,10000.0
480.0,160.0,0.7317073170731707,-3.277175140971866e-07,10000.0,10000.0
480.0,160.0,0.7560975609756098,9.08734316853843e-08,10000.0,10000.0
480.0,160.0,0.7804878048780488,1.8961814357066898e-07,10000.0,10000.0
480.0,160.0,0.8048780487804879,1.1605441852089137e-05,10000.0,10000.0
480.0,160.0,0.8292682926829269,2.0974612207846483e-05,10000.0,10000.0
480.0,160.0,0.8536585365853658,4.0387997516116174e-05,10000.0,10000.0
480.0,160.0,0.8780487804878049,5.788889587546878e-05,10000.0,10000.0
480.0,160.0,0.9024390243902439,8.010871351796151e-05,10000.0,10000.0
480.0,160.0,0.926829268292683,9.0852949983581e-05,10000.0,10000.0
480.0,160.0,0.951219512195122,8.455510677142859e-05,10000.0,10000.0
480.0,160.0,0.975609756097561,5.481152135332514e-05,10000.0,10000.0
490.0,163.0,0.024390243902439025,-5.568991298707739e-05,10000.0,10000.0
490.0,163.0,0.04878048780487805,-8.79064210907521e-05,10000.0,10000.0
490.0,163.0,0.07317073170731708,-0.00010517588788809948,10000.0,10000.0
490.0,163.0,0.0975609756097561,-0.00010782124392490573,10000.0,10000.0
490.0,163.0,0.12195121951219512,-9.675693390507565e-05,10000.0,10000.0
490.0,163.0,0.14634146341463417,-7.630356983507498e-05,10000.0,10000.0
490.0,163.0,0.17073170731707318,-6.234757505879093e-05,10000.0,10000.0
490.0,163.0,0.1951219512195122,-4.1745903581096265e-05,10000.0,10000.0
490.0,163.0,0.21951219512195122,-1.8296615259820778e-05,10000.0,10000.0
490.0,163.0,0.24390243902439024,-8.718223087448824e-06,10000.0,10000.0
490.0,163.0,0.2682926829268293,1.6872011113361e-05,10000.0,10000.0
490.0,163.0,0.29268292682926833,3.465555480271194e-05,10000.0,10000.0
490.0,163.0,0.3170731707317073,5.1922842952784684e-05,10000.0,10000.0
490.0,163.0,0.34146341463414637,7.013896743122989e-05,10000.0,10000.0
490.0,163.0,0.36585365853658536,8.219891039777074e-05,10000.0,10000.0
490.0,163.0,0.3902439024390244,0.00010557908901290624,10000.0,10000.0
490.0,163.0,0.41463414634146345,0.00010750773374866834,10000.0,10000.0
490.0,163.0,0.43902439024390244,9.934676275193588e-05,10000.0,10000.0
490.0,163.0,0.4634146341463415,7.645969846698463e-05,10000.0,10000.0
490.0,163.0,0.4878048780487805,3.09329425316019e-05,10000.0,10000.0
490.0,163.0,0.5121951219512195,-3.1931097784405495e-05,10000.0,10000.0
490.0,163.0,0.5365853658536586,-7.595847772935733e-05,10000.0,10000.0
490.0,163.0,0.5609756097560976,-0.00010175673530439493,10000.0,10000.0
490.0,163.0,0.5853658536585367,-0.00010905223111171143,10000.0,10000.0
490.0,163.0,0.6097560975609756,-0.00011067745575101582,10000.0,10000.0
490.0,163.0,0.6341463414634146,-8.967458432038256e-05,10000.0,10000.0
490.0,163.0,0.6585365853658537,-7.163071737034237e-05,10000.0,10000.0
490.0,163.0,0.6829268292682927,-5.100186977841057e-05,10000.0,10000.0
490.0,163.0,0.7073170731707318,-3.141105422246207e-05,10000.0,10000.0
490.0,163.0,0.7317073170731707,-1.5651338304575895e-05,10000.0,10000.0
490.0,163.0,0.7560975609756098,2.8812900723810263e-07,10000.0,10000.0
490.0,163.0,0.7804878048780488,2.2168802424431912e-05,10000.0,10000.0
490.0,163.0,0.8048780487804879,4.4846327174612086e-05,10000.0,10000.0
490.0,163.0,0.8292682926829269,5.524919236991369e-05,10000.0,10000.0
490.0,163.0,0.8536585365853658,8.08539520833287e-05,10000.0,10000.0
490.0,163.0,0.8780487804878049,9.659313111439038e-05,10000.0,10000.0
490.0,163.0,0.9024390243902439,0.00010853027204842345,10000.0,10000.0
490.0,163.0,0.926829268292683,0.00010427359526103234,10000.0,10000.0
490.0,163.0,0.951219512195122,8.874802123097951e-05,10000.0,10000.0
490.0,163.0,0.975609756097561,5.728909579552963e-05,10000.0,10000.0
500.0,167.0,0.024390243902439025,-5.479999024169226e-05,10000.0,10000.0
500.0,167.0,0.04878048780487805,-8.77390492176396e-05,10000.0,10000.0
500.0,167.0,0.07317073170731708,-0.00010327709922815321,10000.0,10000.0
500.0,167.0,0.0975609756097561,-0.00010956034181479275,10000.0,10000.0
500.0,167.0,0.12195121951219512,-9.531380728752128e-05,10000.0,10000.0
500.0,167.0,0.14634146341463417,-7.497518987024494e-05,10000.0,10000.0
500.0,167.0,0.17073170731707318,-5.9099636228768804e-05,10000.0,10000.0
500.0,167.0,0.1951219512195122,-3.991018036403068e-05,10000.0,10000.0
500.0,167.0,0.21951219512195122,-1.8876776691181114e-05,10000.0,10000.0
500.0,167.0,0.24390243902439024,-8.39836855153409e-06,10000.0,10000.0
500.0,167.0,0.2682926829268293,1.6562748978396513e-05,10000.0,10000.0
500.0,167.0,0.29268292682926833,3.224323727745962e-05,10000.0,10000.0
500.0,167.0,0.3170731707317073,4.824790172307908e-05,10000.0,10000.0
500.0,167.0,0.34146341463414637,7.26197179111313e-05,10000.0,10000.0
500.0,167.0,0.36585365853658536,8.989318781890245e-05,10000.0,10000.0
500.0,167.0,0.3902439024390244,0.00010302410353569913,10000.0,10000.0
500.0,167.0,0.41463414634146345,0.00010976777777516866,10000.0,10000.0
500.0,167.0,0.43902439024390244,9.934200337613586e-05,10000.0,10000.0
500.0,167.0,0.4634146341463415,7.566060265435007e-05,10000.0,10000.0
500.0,167.0,0.4878048780487805,3.0139442633973058e-05,10000.0,10000.0
500.0,167.0,0.5121951219512195,-3.051766925687761e-05,10000.0,10000.0
500.0,167.0,0.5365853658536586,-7.4598280166866e-05,10000.0,10000.0
500.0,167.0,0.5609756097560976,-9.932527208070022e-05,10000.0,10000.0
500.0,167.0,0.5853658536585367,-0.00010708908200429693,10000.0,10000.0
500.0,167.0,0.6097560975609756,-0.00010627047951181983,10000.0,10000.0
500.0,167.0,0.6341463414634146,-8.913333447060658e-05,10000.0,10000.0
500.0,167.0,0.6585365853658537,-6.89821719176517e-05,10000.0,10000.0
500.0,167.0,0.6829268292682927,-5.004779049053369e-05,10000.0,10000.0
500.0,167.0,0.7073170731707318,-2.7912557288414753e-05,10000.0,10000.0
500.0,167.0,0.7317073170731707,-1.2195462124016265e-05,10000.0,10000.0
500.0,167.0,0.7560975609756098,9.268780542717142e-06,10000.0,10000.0
500.0,167.0,0.7804878048780488,2.6260110605644522e-05,10000.0,10000.0
500.0,167.0,0.8048780487804879,4.435267909209221e-05,10000.0,10000.0
500.0,167.0,0.8292682926829269,5.8071783522939136e-05,10000.0,10000.0
500.0,167.0,0.8536585365853658,8.931388337593877e-05,10000.0,10000.0
500.0,167.0,0.8780487804878049,9.91780286412898e-05,10000.0,10000.0
500.0,167.0,0.9024390243902439,0.00010367333358255593,10000.0,10000.0
500.0,167.0,0.926829268292683,0.00010393237016703558,10000.0,10000.0
500.0,167.0,0.951219512195122,9.099504486111289e-05,10000.0,10000.0
500.0,167.0,0.975609756097561,5.696411749465503e-05,10000.0,10000.0
510.0,170.0,0.024390243902439025,-5.410324199840908e-05,10000.0,10000.0
510.0,170.0,0.04878048780487805,-8.678554427798614e-05,10000.0,10000.0
510.0,170.0,0.07317073170731708,-0.00010608542332719098,10000.0,10000.0
510.0,170.0,0.0975609756097561,-0.00010035992560503018,10000.0,10000.0
510.0,170.0,0.12195121951219512,-9.562834482947318e-05,10000.0,10000.0
510.0,170.0,0.14634146341463417,-7.711902193827337e-05,10000.0,10000.0
510.0,170.0,0.17073170731707318,-6.239236745276957e-05,10000.0,10000.0
510.0,170.0,0.1951219512195122,-4.285942905635699e-05,10000.0,10000.0
510.0,170.0,0.21951219512195122,-1.7130807041291123e-05,10000.0,10000.0
510.0,170.0,0.24390243902439024,-3.792842369950222e-06,10000.0,10000.0
510.0,170.0,0.2682926829268293,1.4117377310259905e-05,10000.0,10000.0
510.0,170.0,0.29268292682926833,3.045440692926295e-05,10000.0,10000.0
510.0,170.0,0.3170731707317073,4.7266591766086746e-05,10000.0,10000.0
510.0,170.0,0.34146341463414637,6.610823565404878e-05,10000.0,10000.0
510.0,170.0,0.36585365853658536,8.72724632915666e-05,10000.0,10000.0
510.0,170.0,0.3902439024390244,0.00010150536553165858,10000.0,10000.0
510.0,170.0,0.41463414634146345,0.00010520630475747714,10000.0,10000.0
510.0,170.0,0.43902439024390244,9.612744234314074e-05,10000.0,10000.0
510.0,170.0,0.4634146341463415,7.410222541057445e-05,10000.0,10000.0
510.0,170.0,0.4878048780487805,3.0226435903172883e-05,10000.0,10000.0
510.0,170.0,0.5121951219512195,-2.956411941212487e-05,10000.0,10000.0
510.0,170.0,0.5365853658536586,-7.349484548578773e-05,10000.0,10000.0
510.0,170.0,0.5609756097560976,-0.00010058119627949684,10000.0,10000.0
510.0,170.0,0.5853658536585367,-0.00010819343895508113,10000.0,10000.0
510.0,170.0,0.6097560975609756,-0.00010094119021115033,10000.0,10000.0
510.0,170.0,0.6341463414634146,-8.719292000716485e-05,10000.0,10000.0
510.0,170.0,0.6585365853658537,-7.182139184488545e-05,10000.0,10000.0
510.0,170.0,0.6829268292682927,-4.0578472049214005e-05,10000.0,10000.0
510.0,170.0,0.7073170731707318,-2.877124995751019e-05,10000.0,10000.0
510.0,170.0,0.7317073170731707,-8.341543855936406e-06,10000.0,10000.0
510.0,170.0,0.7560975609756098,2.4055240307073845e-06,10000.0,10000.0
510.0,170.0,0.7804878048780488,1.8724711605769755e-05,10000.0,10000.0
510.0,170.0,0.8048780487804879,3.935322760977396e-05,10000.0,10000.0
510.0,170.0,0.8292682926829269,5.47360173007696e-05,10000.0,10000.0
510.0,170.0,0.8536585365853658,8.198375002629903e-05,10000.0,10000.0
510.0,170.0,0.8780487804878049,9.555277234593894e-05,10000.0,10000.0
510.0,170.0,0.9024390243902439,0.00010445408658155871,10000.0,10000.0
510.0,170.0,0.926829268292683,0.00010258860354565698,10000.0,10000.0
510.0,170.0,0.951219512195122,8.619344091502031e-05,10000.0,10000.0
510.0,170.0,0.975609756097561,5.394644545695277e-05,10000.0,10000.0
520.0,173.0,0.024390243902439025,-5.393019780994108e-05,10000.0,10000.0
520.0,173.0,0.04878048780487805,-8.652276748380041e-05,10000.0,10000.0
520.0,173.0,0.07317073170731708,-9.906903814820346e-05,10000.0,10000.0
520.0,173.0,0.0975609756097561,-0.00010030003716534005,10000.0,10000.0
520.0,173.0,0.12195121951219512,-9.136921628364914e-05,10000.0,10000.0
520.0,173.0,0.14634146341463417,-7.499787614289263e-05,10000.0,10000.0
520.0,173.0,0.17073170731707318,-5.625867165106715e-05,10000.0,10000.0
520.0,173.0,0.1951219512195122,-3.35910292763952e-05,10000.0,10000.0
520.0,173.0,0.21951219512195122,-2.130448065108851e-05,10000.0,10000.0
520.0,173.0,0.24390243902439024,-1.2409683517815823e-05,10000.0,10000.0
520.0,173.0,0.2682926829268293,1.1047782387838831e-05,10000.0,10000.0
520.0,173.0,0.29268292682926833,3.5670574905643825e-05,10000.0,10000.0
520.0,173.0,0.3170731707317073,4.481358073124322e-05,10000.0,10000.0
520.0,173.0,0.34146341463414637,6.49896807755083e-05,10000.0,10000.0
520.0,173.0,0.36585365853658536,8.642891798802278e-05,10000.0,10000.0
520.0,173.0,0.3902439024390244,0.0001036173379502607,10000.0,10000.0
520.0,173.0,0.41463414634146345,0.00010629317164600926,10000.0,10000.0
520.0,173.0,0.43902439024390244,9.37435301047847e-05,10000.0,10000.0
520.0,173.0,0.4634146341463415,7.190070582090574e-05,10000.0,10000.0
520.0,173.0,0.4878048780487805,2.9298280655476266e-05,10000.0,10000.0
520.0,173.0,0.5121951219512195,-2.952190263404949e-05,10000.0,10000.0
520.0,173.0,0.5365853658536586,-7.285096543604558e-05,10000.0,10000.0
520.0,173.0,0.5609756097560976,-9.829730193371091e-05,10000.0,10000.0
520.0,173.0,0.5853658536585367,-0.00010126703761786899,10000.0,10000.0
520.0,173.0,0.6097560975609756,-9.699009875746085e-05,10000.0,10000.0
520.0,173.0,0.6341463414634146,-8.181639531566907e-05,10000.0,10000.0
520.0,173.0,0.6585365853658537,-6.587543125106585e-05,10000.0,10000.0
520.0,173.0,0.6829268292682927,-4.769096223837107e-05,10000.0,10000.0
520.0,173.0,0.7073170731707318,-3.504503751245343e-05,10000.0,10000.0
520.0,173.0,0.7317073170731707,-1.0571909135957796e-05,10000.0,10000.0
520.0,173.0,0.7560975609756098,4.918666845938779e-06,10000.0,10000.0
520.0,173.0,0.7804878048780488,2.410036455106071e-05,10000.0,10000.0
520.0,173.0,0.8048780487804879,4.8207751171842414e-05,10000.0,10000.0
520.0,173.0,0.8292682926829269,5.4144407992712906e-05,10000.0,10000.0
520.0,173.0,0.8536585365853658,7.805658184237178e-05,10000.0,10000.0
520.0,173.0,0.8780487804878049,9.051464706432226e-05,10000.0,10000.0
520.0,173.0,0.9024390243902439,0.00010251934096630669,10000.0,10000.0
520.0,173.0,0.926829268292683,0.00010234743226286844,10000.0,10000.0
520.0,173.0,0.951219512195122,8.683997711543265e-05,10000.0,10000.0
520.0,173.0,0.975609756097561,5.439686012806516e-05,10000.0,10000.0
530.0,177.0,0.024390243902439025,-5.236166601253545e-05,10000.0,10000.0
530.0,177.0,0.04878048780487805,-8.236263220557172e-05,10000.0,10000.0
530.0,177.0,0.07317073170731708,-9.801012980436243e-05,10000.0,10000.0
530.0,177.0,0.0975609756097561,-0.00010317557214283588,10000.0,10000.0
530.0,177.0,0.12195121951219512,-9.049651800569019e-05,10000.0,10000.0
530.0,177.0,0.14634146341463417,-7.409413589908938e-05,10000.0,10000.0
530.0,177.0,0.17073170731707318,-5.683848116981104e-05,10000.0,10000.0
530.0,177.0,0.1951219512195122,-3.6306207318356175e-05,10000.0,10000.0
530.0,177.0,0.21951219512195122,-2.3806292793356836e-05,10000.0,10000.0
530.0,177.0,0.24390243902439024,-2.5016327906841054e-06,10000.0,10000.0
530.0,177.0,0.2682926829268293,1.4722389996064838e-05,10000.0,10000.0
530.0,177.0,0.29268292682926833,2.7040509023172647e-05,10000.0,10000.0
530.0,177.0,0.3170731707317073,4.8407847711362484e-05,10000.0,10000.0
530.0,177.0,0.34146341463414637,6.372490532929507e-05,10000.0,10000.0
530.0,177.0,0.36585365853658536,8.654677236546291e-05,10000.0,10000.0
530.0,177.0,0.3902439024390244,9.698380458302933e-05,10000.0,10000.0
530.0,177.0,0.41463414634146345,0.0001052427917196943,10000.0,10000.0
530.0,177.0,0.43902439024390244,9.471781722516603e-05,10000.0,10000.0
530.0,177.0,0.4634146341463415,6.959635625085552e-05,10000.0,10000.0
530.0,177.0,0.4878048780487805,2.8766182903410532e-05,10000.0,10000.0
530.0,177.0,0.5121951219512195,-2.8365871451638035e-05,10000.0,10000.0
530.0,177.0,0.5365853658536586,-7.082563380866643e-05,10000.0,10000.0
530.0,177.0,0.5609756097560976,-9.751179182997795e-05,10000.0,10000.0
530.0,177.0,0.5853658536585367,-0.00010008409078495269,10000.0,10000.0
530.0,177.0,0.6097560975609756,-9.785788441969676e-05,10000.0,10000.0
530.0,177.0,0.6341463414634146,-8.031131897869315e-05,10000.0,10000.0
530.0,177.0,0.6585365853658537,-6.0109707700643134e-05,10000.0,10000.0
530.0,177.0,0.6829268292682927,-4.6639259653835886e-05,10000.0,10000.0
530.0,177.0,0.7073170731707318,-3.129559227796555e-05,10000.0,10000.0
530.0,177.0,0.7317073170731707,-1.43625913637082e-05,10000.0,10000.0
530.0,177.0,0.7560975609756098,1.1315676916264133e-05,10000.0,10000.0
530.0,177.0,0.7804878048780488,2.1448811366853805e-05,10000.0,10000.0
530.0,177.0,0.8048780487804879,4.380637665837527e-05,10000.0,10000.0
530.0,177.0,0.8292682926829269,5.227365252738221e-05,10000.0,10000.0
530.0,177.0,0.8536585365853658,7.510910898520738e-05,10000.0,10000.0
530.0,177.0,0.8780487804878049,8.871749904827867e-05,10000.0,10000.0
530.0,177.0,0.9024390243902439,9.755311221513374e-05,10000.0,10000.0
530.0,177.0,0.926829268292683,0.00010115580214467275,10000.0,10000.0
530.0,177.0,0.951219512195122,8.446035696174803e-05,10000.0,10000.0
530.0,177.0,0.975609756097561,5.0974190075897096e-05,10000.0,10000.0
540.0,180.0,0.024390243902439025,-5.126028125363983e-05,10000.0,10000.0
540.0,180.0,0.04878048780487805,-8.252940071389068e-05,10000.0,10000.0
540.0,180.0,0.07317073170731708,-9.640966481933971e-05,10000.0,10000.0
540.0,180.0,0.0975609756097561,-9.541612656057022e-05,10000.0,10000.0
540.0,180.0,0.12195121951219512,-8.638061133614106e-05,10000.0,10000.0
540.0,180.0,0.14634146341463417,-7.601717811276831e-05,10000.0,10000.0
540.0,180.0,0.17073170731707318,-5.3978895458571365e-05,10000.0,10000.0
540.0,180.0,0.1951219512195122,-4.1590581802128555e-05,10000.0,10000.0
540.0,180.0,0.21951219512195122,-1.6817747594775895e-05,10000.0,10000.0
540.0,180.0,0.24390243902439024,-5.333065875638471e-06,10000.0,10000.0
540.0,180.0,0.2682926829268293,1.4763786618699398e-05,10000.0,10000.0
540.0,180.0,0.29268292682926833,3.2252402942019895e-05,10000.0,10000.0
540.0,180.0,0.3170731707317073,4.603032005358332e-05,10000.0,10000.0
540.0,180.0,0.34146341463414637,6.34365187984806e-05,10000.0,10000.0
540.0,180.0,0.36585365853658536,8.236132509810816e-05,10000.0,10000.0
540.0,180.0,0.3902439024390244,9.317032928580094e-05,10000.0,10000.0
540.0,180.0,0.41463414634146345,9.42576115839712e-05,10000.0,10000.0
540.0,180.0,0.43902439024390244,9.048934494239537e-05,10000.0,10000.0
540.0,180.0,0.4634146341463415,7.010529296343177e-05,10000.0,10000.0
540.0,180.0,0.4878048780487805,2.8677914765249524e-05,10000.0,10000.0
540.0,180.0,0.5121951219512195,-2.848854520842759e-05,10000.0,10000.0
540.0,180.0,0.5365853658536586,-7.046183233752855e-05,10000.0,10000.0
540.0,180.0,0.5609756097560976,-9.05100410485274e-05,10000.0,10000.0
540.0,180.0,0.5853658536585367,-9.876646193197345e-05,10000.0,10000.0
540.0,180.0,0.6097560975609756,-9.210913146837256e-05,10000.0,10000.0
540.0,180.0,0.6341463414634146,-7.947046694196622e-05,10000.0,10000.0
540.0,180.0,0.6585365853658537,-7.158588210371371e-05,10000.0,10000.0
540.0,180.0,0.6829268292682927,-5.089906564262524e-05,10000.0,10000.0
540.0,180.0,0.7073170731707318,-2.6056128262380503e-05,10000.0,10000.0
540.0,180.0,0.7317073170731707,-1.2094488096744288e-05,10000.0,10000.0
540.0,180.0,0.7560975609756098,9.786741427322738e-06,10000.0,10000.0
540.0,180.0,0.7804878048780488,2.0370151630200088e-05,10000.0,10000.0
540.0,180.0,0.8048780487804879,4.2998818922034504e-05,10000.0,10000.0
540.0,180.0,0.8292682926829269,5.9684627328500703e-05,10000.0,10000.0
540.0,180.0,0.8536585365853658,7.536174905838707e-05,10000.0,10000.0
540.0,180.0,0.8780487804878049,9.182852409877098e-05,10000.0,10000.0
540.0,180.0,0.9024390243902439,9.974890951483811e-05,10000.0,10000.0
540.0,180.0,0.926829268292683,0.00010127928120364273,10000.0,10000.0
540.0,180.0,0.951219512195122,8.415692643514648e-05,10000.0,10000.0
540.0,180.0,0.975609756097561,4.944891588994232e-05,10000.0,10000.0
550.0,183.0,0.024390243902439025,-5.034922141891871e-05,10000.0,10000.0
550.0,183.0,0.04878048780487805,-8.26427303629498e-05,10000.0,10000.0
550.0,183.0,0.07317073170731708,-9.29628305171227e-05,10000.0,10000.0
550.0,183.0,0.0975609756097561,-9.660207165970045e-05,10000.0,10000.0
550.0,183.0,0.12195121951219512,-8.338051501679218e-05,10000.0,10000.0
550.0,183.0,0.14634146341463417,-7.24614231796983e-05,10000.0,10000.0
550.0,183.0,0.17073170731707318,-5.191844555489789e-05,10000.0,10000.0
550.0,183.0,0.1951219512195122,-3.703400233737169e-05,10000.0,10000.0
550.0,183.0,0.21951219512195122,-2.1054033462037068e-05,10000.0,10000.0
550.0,183.0,0.24390243902439024,-5.716785516288361e-06,10000.0,10000.0
550.0,183.0,0.2682926829268293,1.3448918206000088e-05,10000.0,10000.0
550.0,183.0,0.29268292682926833,2.8764603159906465e-05,10000.0,10000.0
550.0,183.0,0.3170731707317073,4.416977793179301e-05,10000.0,10000.0
550.0,183.0,0.34146341463414637,5.973374115064334e-05,10000.0,10000.0
550.0,183.0,0.36585365853658536,7.936913374411155e-05,10000.0,10000.0
550.0,183.0,0.3902439024390244,9.084422760161353e-05,10000.0,10000.0
550.0,183.0,0.41463414634146345,9.831695106415388e-05,10000.0,10000.0
550.0,183.0,0.43902439024390244,8.890146941586555e-05,10000.0,10000.0
550.0,183.0,0.4634146341463415,6.931908766631494e-05,10000.0,10000.0
550.0,183.0,0.4878048780487805,2.754307804483922e-05,10000.0,10000.0
550.0,183.0,0.5121951219512195,-2.812018142281713e-05,10000.0,10000.0
550.0,183.0,0.5365853658536586,-6.73913126945421e-05,10000.0,10000.0
550.0,183.0,0.5609756097560976,-8.999091153826824e-05,10000.0,10000.0
550.0,183.0,0.5853658536585367,-9.940705384164739e-05,10000.0,10000.0
550.0,183.0,0.6097560975609756,-9.293679570202733e-05,10000.0,10000.0
550.0,183.0,0.6341463414634146,-7.584787468945661e-05,10000.0,10000.0
550.0,183.0,0.6585365853658537,-5.900638491036607e-05,10000.0,10000.0
550.0,183.0,0.6829268292682927,-4.578627569837173e-05,10000.0,10000.0
550.0,183.0,0.7073170731707318,-2.9790903956745562e-05,10000.0,10000.0
550.0,183.0,0.7317073170731707,-1.5697127081510563e-05,10000.0,10000.0
550.0,183.0,0.7560975609756098,8.672774503931169e-07,10000.0,10000.0
550.0,183.0,0.7804878048780488,2.1563075644935536e-05,10000.0,10000.0
550.0,183.0,0.8048780487804879,3.803152211262814e-05,10000.0,10000.0
550.0,183.0,0.8292682926829269,4.775610155703369e-05,10000.0,10000.0
550.0,183.0,0.8536585365853658,7.333427015990448e-05,10000.0,10000.0
550.0,183.0,0.8780487804878049,8.509563302579588e-05,10000.0,10000.0
550.0,183.0,0.9024390243902439,9.277159006052362e-05,10000.0,10000.0
550.0,183.0,0.926829268292683,9.497975140003615e-05,10000.0,10000.0
550.0,183.0,0.951219512195122,8.314929536511727e-05,10000.0,10000.0
550.0,183.0,0.975609756097561,4.99347002606337e-05,10000.0,10000.0
560.0,187.0,0.024390243902439025,-5.083480361941339e-05,10000.0,10000.0
560.0,187.0,0.04878048780487805,-8.284488149576917e-05,10000.0,10000.0
560.0,187.0,0.07317073170731708,-9.056765399462137e-05,10000.0,10000.0
560.0,187.0,0.0975609756097561,-9.495457917051989e-05,10000.0,10000.0
560.0,187.0,0.12195121951219512,-8.58268984337761e-05,10000.0,10000.0
560.0,187.0,0.14634146341463417,-7.044914260652537e-05,10000.0,10000.0
560.0,187.0,0.17073170731707318,-4.748622698035631e-05,10000.0,10000.0
560.0,187.0,0.1951219512195122,-3.8480937451207384e-05,10000.0,10000.0
560.0,187.0,0.21951219512195122,-2.2401584422743446e-05,10000.0,10000.0
560.0,187.0,0.24390243902439024,-3.57935998461229e-06,10000.0,10000.0
560.0,187.0,0.2682926829268293,1.88390145711972e-05,10000.0,10000.0
560.0,187.0,0.29268292682926833,2.7700649187113808e-05,10000.0,10000.0
560.0,187.0,0.3170731707317073,4.739834801590594e-05,10000.0,10000.0
560.0,187.0,0.34146341463414637,6.446605190204661e-05,10000.0,10000.0
560.0,187.0,0.36585365853658536,7.78905619825512e-05,10000.0,10000.0
560.0,187.0,0.3902439024390244,9.203847887932057e-05,10000.0,10000.0
560.0,187.0,0.41463414634146345,9.305745749497993e-05,10000.0,10000.0
560.0,187.0,0.43902439024390244,8.704957287879762e-05,10000.0,10000.0
560.0,187.0,0.4634146341463415,6.866235881580098e-05,10000.0,10000.0
560.0,187.0,0.4878048780487805,2.727903640837785e-05,10000.0,10000.0
560.0,187.0,0.5121951219512195,-2.6979233056325114e-05,10000.0,10000.0
560.0,187.0,0.5365853658536586,-6.648936017591709e-05,10000.0,10000.0
560.0,187.0,0.5609756097560976,-9.243751795380576e-05,10000.0,10000.0
560.0,187.0,0.5853658536585367,-9.180488525353102e-05,10000.0,10000.0
560.0,187.0,0.6097560975609756,-9.162556313997758e-05,10000.0,10000.0
560.0,187.0,0.6341463414634146,-7.323573775684307e-05,10000.0,10000.0
560.0,187.0,0.6585365853658537,-5.797671642827892e-05,10000.0,10000.0
560.0,187.0,0.6829268292682927,-4.445882586426915e-05,10000.0,10000.0
560.0,187.0,0.7073170731707318,-2.2771023634233343e-05,10000.0,10000.0
560.0,187.0,0.7317073170731707,-1.520650703538669e-05,10000.0,10000.0
560.0,187.0,0.7560975609756098,-1.2082369568370165e-06,10000.0,10000.0
560.0,187.0,0.7804878048780488,2.3741552936297777e-05,10000.0,10000.0
560.0,187.0,0.8048780487804879,3.960682694477562e-05,10000.0,10000.0
560.0,187.0,0.8292682926829269,5.7534424644707684e-05,10000.0,10000.0
560.0,187.0,0.8536585365853658,7.244378821614778e-05,10000.0,10000.0
560.0,187.0,0.8780487804878049,8.787298224618181e-05,10000.0,10000.0
560.0,187.0,0.9024390243902439,9.513162192553543e-05,10000.0,10000.0
560.0,187.0,0.926829268292683,9.493917031293356e-05,10000.0,10000.0
560.0,187.0,0.951219512195122,7.78773672565054e-05,10000.0,10000.0
560.0,187.0,0.975609756097561,5.002079610880058e-05,10000.0,10000.0
570.0,190.0,0.024390243902439025,-4.953592352071093e-05,10000.0,10000.0
570.0,190.0,0.04878048780487805,-7.767171966487649e-05,10000.0,10000.0
570.0,190.0,0.07317073170731708,-9.172217367860611e-05,10000.0,10000.0
570.0,190.0,0.0975609756097561,-9.292433565351631e-05,10000.0,10000.0
570.0,190.0,0.12195121951219512,-8.573998093538762e-05,10000.0,10000.0
570.0,190.0,0.14634146341463417,-6.895676151087229e-05,10000.0,10000.0
570.0,190.0,0.17073170731707318,-5.696821786318531e-05,10000.0,10000.0
570.0,190.0,0.1951219512195122,-3.837831623307004e-05,10000.0,10000.0
570.0,190.0,0.21951219512195122,-1.145608575477347e-05,10000.0,10000.0
570.0,190.0,0.24390243902439024,-2.243892183618418e-06,10000.0,10000.0
570.0,190.0,0.2682926829268293,1.4902481232794435e-05,10000.0,10000.0
570.0,190.0,0.29268292682926833,3.061882295016276e-05,10000.0,10000.0
570.0,190.0,0.3170731707317073,4.210045593065846e-05,10000.0,10000.0
570.0,190.0,0.34146341463414637,6.303474643890734e-05,10000.0,10000.0
570.0,190.0,0.36585365853658536,8.019963619822046e-05,10000.0,10000.0
570.0,190.0,0.3902439024390244,9.168517556044497e-05,10000.0,10000.0
570.0,190.0,0.41463414634146345,9.327264157303039e-05,10000.0,10000.0
570.0,190.0,0.43902439024390244,8.660080776196062e-05,10000.0,10000.0
570.0,190.0,0.4634146341463415,6.490084046197777e-05,10000.0,10000.0
570.0,190.0,0.4878048780487805,2.670396318319731e-05,10000.0,10000.0
570.0,190.0,0.5121951219512195,-2.6996913461560824e-05,10000.0,10000.0
570.0,190.0,0.5365853658536586,-6.440538284539073e-05,10000.0,10000.0
570.0,190.0,0.5609756097560976,-8.875179049917903e-05,10000.0,10000.0
570.0,190.0,0.5853658536585367,-9.379271827062376e-05,10000.0,10000.0
570.0,190.0,0.6097560975609756,-9.285406357362036e-05,10000.0,10000.0
570.0,190.0,0.6341463414634146,-7.95838018080824e-05,10000.0,10000.0
570.0,190.0,0.6585365853658537,-6.384653735164179e-05,10000.0,10000.0
570.0,190.0,0.6829268292682927,-4.113308333416663e-05,10000.0,10000.0
570.0,190.0,0.7073170731707318,-2.7551963771700126e-05,10000.0,10000.0
570.0,190.0,0.7317073170731707,-5.963305723141038e-06,10000.0,10000.0
570.0,190.0,0.7560975609756098,1.28551252828919e-06,10000.0,10000.0
570.0,190.0,0.7804878048780488,1.2745372460670302e-05,10000.0,10000.0
570.0,190.0,0.8048780487804879,3.830452196239176e-05,10000.0,10000.0
570.0,190.0,0.8292682926829269,4.987041741656354e-05,10000.0,10000.0
570.0,190.0,0.8536585365853658,6.889162645636331e-05,10000.0,10000.0
570.0,190.0,0.8780487804878049,7.99097867050705e-05,10000.0,10000.0
570.0,190.0,0.9024390243902439,9.315852307849858e-05,10000.0,10000.0
570.0,190.0,0.926829268292683,9.125300591275945e-05,10000.0,10000.0
570.0,190.0,0.951219512195122,7.757698689917842e-05,10000.0,10000.0
570.0,190.0,0.975609756097561,4.7749140348588484e-05,10000.0,10000.0
580.0,193.0,0.024390243902439025,-4.833651856859041e-05,10000.0,10000.0
580.0,193.0,0.04878048780487805,-7.800057090666909e-05,10000.0,10000.0
580.0,193.0,0.07317073170731708,-9.156903324622383e-05,10000.0,10000.0
580.0,193.0,0.0975609756097561,-8.903071429137508e-05,10000.0,10000.0
580.0,193.0,0.12195121951219512,-8.273149820714086e-05,10000.0,10000.0
580.0,193.0,0.14634146341463417,-6.538215144202761e-05,10000.0,10000.0
580.0,193.0,0.17073170731707318,-4.995712133532792e-05,10000.0,10000.0
580.0,193.0,0.1951219512195122,-2.985403295911865e-05,10000.0,10000.0
580.0,193.0,0.21951219512195122,-1.7838374976640302e-05,10000.0,10000.0
580.0,193.0,0.24390243902439024,-7.850862442479978e-06,10000.0,10000.0
580.0,193.0,0.2682926829268293,1.0828286128629616e-05,10000.0,10000.0
580.0,193.0,0.29268292682926833,2.6203843264457417e-05,10000.0,10000.0
580.0,193.0,0.3170731707317073,4.4228558714829445e-05,10000.0,10000.0
580.0,193.0,0.34146341463414637,5.8186849168699274e-05,10000.0,10000.0
580.0,193.0,0.36585365853658536,7.288609660517553e-05,10000.0,10000.0
580.0,193.0,0.3902439024390244,8.800548864920565e-05,10000.0,10000.0
580.0,193.0,0.41463414634146345,9.098446643630551e-05,10000.0,10000.0
580.0,193.0,0.43902439024390244,8.729649987081472e-05,10000.0,10000.0
580.0,193.0,0.4634146341463415,6.337038664462364e-05,10000.0,10000.0
580.0,193.0,0.4878048780487805,2.682239159755871e-05,10000.0,10000.0
580.0,193.0,0.5121951219512195,-2.67762930398815e-05,10000.0,10000.0
580.0,193.0,0.5365853658536586,-6.542597397685039e-05,10000.0,10000.0
580.0,193.0,0.5609756097560976,-8.80510823701242e-05,10000.0,10000.0
580.0,193.0,0.5853658536585367,-9.380958647868915e-05,10000.0,10000.0
580.0,193.0,0.6097560975609756,-8.478283946434075e-05,10000.0,10000.0
580.0,193.0,0.6341463414634146,-7.77673350641339e-05,10000.0,10000.0
580.0,193.0,0.6585365853658537,-6.240790548417512e-05,10000.0,10000.0
580.0,193.0,0.6829268292682927,-4.713012962599134e-05,10000.0,10000.0
580.0,193.0,0.7073170731707318,-2.4750438003047614e-05,10000.0,10000.0
580.0,193.0,0.7317073170731707,-1.5393129779644466e-05,10000.0,10000.0
580.0,193.0,0.7560975609756098,3.177197462278125e-06,10000.0,10000.0
580.0,193.0,0.7804878048780488,1.806063419940267e-05,10000.0,10000.0
580.0,193.0,0.8048780487804879,3.6058486285332205e-05,10000.0,10000.0
580.0,193.0,0.8292682926829269,5.370922440489123e-05,10000.0,10000.0
580.0,193.0,0.8536585365853658,6.938455145168081e-05,10000.0,10000.0
580.0,193.0,0.8780487804878049,8.044243396473147e-05,10000.0,10000.0
580.0,193.0,0.9024390243902439,9.452179473187876e-05,10000.0,10000.0
580.0,193.0,0.926829268292683,9.058141662643762e-05,10000.0,10000.0
580.0,193.0,0.951219512195122,7.572394465786309e-05,10000.0,10000.0
580.0,193.0,0.975609756097561,4.6674673458169644e-05,10000.0,10000.0
590.0,197.0,0.024390243902439025,-4.548399463004871e-05,10000.0,10000.0
590.0,197.0,0.04878048780487805,-7.406332736675205e-05,10000.0,10000.0
590.0,197.0,0.07317073170731708,-8.882966825986192e-05,10000.0,10000.0
590.0,197.0,0.0975609756097561,-8.43720152526572e-05,10000.0,10000.0
590.0,197.0,0.12195121951219512,-8.125368920849163e-05,10000.0,10000.0
590.0,197.0,0.14634146341463417,-6.459923229886626e-05,10000.0,10000.0
590.0,197.0,0.17073170731707318,-5.9038673140608886e-05,10000.0,10000.0
590.0,197.0,0.1951219512195122,-2.9758452183744487e-05,10000.0,10000.0
590.0,197.0,0.21951219512195122,-1.6583579810141692e-05,10000.0,10000.0
590.0,197.0,0.24390243902439024,1.1719925426957656e-06,10000.0,10000.0
590.0,197.0,0.2682926829268293,1.4463742607843787e-05,10000.0,10000.0
590.0,197.0,0.29268292682926833,2.4416868414641458e-05,10000.0,10000.0
590.0,197.0,0.3170731707317073,4.8500788443561104e-05,10000.0,10000.0
590.0,197.0,0.34146341463414637,5.951018898079429e-05,10000.0,10000.0
590.0,197.0,0.36585365853658536,7.268850137715029e-05,10000.0,10000.0
590.0,197.0,0.3902439024390244,8.571625943062826e-05,10000.0,10000.0
590.0,197.0,0.41463414634146345,8.779695332060074e-05,10000.0,10000.0
590.0,197.0,0.43902439024390244,8.407240566635448e-05,10000.0,10000.0
590.0,197.0,0.4634146341463415,6.358117542231335e-05,10000.0,10000.0
590.0,197.0,0.4878048780487805,2.6058681405439743e-05,10000.0,10000.0
590.0,197.0,0.5121951219512195,-2.5626056854983352e-05,10000.0,10000.0
590.0,197.0,0.5365853658536586,-6.54041107500192e-05,10000.0,10000.0
590.0,197.0,0.5609756097560976,-8.344463811983994e-05,10000.0,10000.0
590.0,197.0,0.5853658536585367,-8.996152030420622e-05,10000.0,10000.0
590.0,197.0,0.6097560975609756,-8.599736171108625e-05,10000.0,10000.0
590.0,197.0,0.6341463414634146,-7.698051070558466e-05,10000.0,10000.0
590.0,197.0,0.6585365853658537,-6.421407089571907e-05,10000.0,10000.0
590.0,197.0,0.6829268292682927,-3.9957232521652496e-05,10000.0,10000.0
590.0,197.0,0.7073170731707318,-3.09152489601385e-05,10000.0,10000.0
590.0,197.0,0.7317073170731707,-1.2893712088522818e-05,10000.0,10000.0
590.0,197.0,0.7560975609756098,2.3672731623168518e-06,10000.0,10000.0
590.0,197.0,0.7804878048780488,2.20652944384274e-05,10000.0,10000.0
590.0,197.0,0.8048780487804879,4.0942358522777434e-05,10000.0,10000.0
590.0,197.0,0.8292682926829269,4.527292435014266e-05,10000.0,10000.0
590.0,197.0,0.8536585365853658,5.987768168406731e-05,10000.0,10000.0
590.0,197.0,0.8780487804878049,8.10541068002335e-05,10000.0,10000.0
590.0,197.0,0.9024390243902439,9.156573524507952e-05,10000.0,10000.0
590.0,197.0,0.926829268292683,8.737191991756006e-05,10000.0,10000.0
590.0,197.0,0.951219512195122,7.565077007508859e-05,10000.0,10000.0
590.0,197.0,0.975609756097561,4.8390207293566877e-05,10000.0,10000.0
600.0,200.0,0.024390243902439025,-4.922442500719575e-05,10000.0,10000.0
600.0,200.0,0.04878048780487805,-8.429615747780978e-05,10000.0,10000.0
600.0,200.0,0.07317073170731708,-0.00010498783423956621,10000.0,10000.0
600.0,200.0,0.0975609756097561,-0.00012166239115006513,10000.0,10000.0
600.0,200.0,0.12195121951219512,-0.00011891457500345818,10000.0,10000.0
600.0,200.0,0.14634146341463417,-0.0001052935514599505,10000.0,10000.0
600.0,200.0,0.17073170731707318,-9.439323752281992e-05,10000.0,10000.0
600.0,200.0,0.1951219512195122,-6.79190405144304e-05,10000.0,10000.0
600.0,200.0,0.21951219512195122,-3.895006459931287e-05,10000.0,10000.0
600.0,200.0,0.24390243902439024,-1.0945677894206368e-05,10000.0,10000.0
600.0,200.0,0.2682926829268293,2.068837788675818e-05,10000.0,10000.0
600.0,200.0,0.29268292682926833,5.220395933195402e-05,10000.0,10000.0
600.0,200.0,0.3170731707317073,8.089425760772198e-05,10000.0,10000.0
600.0,200.0,0.34146341463414637,0.00010317964254637732,10000.0,10000.0
600.0,200.0,0.36585365853658536,0.00011469992904990964,10000.0,10000.0
600.0,200.0,0.3902439024390244,0.00011913437099492529,10000.0,10000.0
600.0,200.0,0.41463414634146345,0.0001138785591153231,10000.0,10000.0
600.0,200.0,0.43902439024390244,9.932648956618488e-05,10000.0,10000.0
600.0,200.0,0.4634146341463415,6.969726217732445e-05,10000.0,10000.0
600.0,200.0,0.4878048780487805,2.6180213726607305e-05,10000.0,10000.0
600.0,200.0,0.5121951219512195,-2.6236832000572364e-05,10000.0,10000.0
600.0,200.0,0.5365853658536586,-6.731433005243482e-05,10000.0,10000.0
600.0,200.0,0.5609756097560976,-9.716642976147787e-05,10000.0,10000.0
600.0,200.0,0.5853658536585367,-0.00011204973744639011,10000.0,10000.0
600.0,200.0,0.6097560975609756,-0.000122284269150298,10000.0,10000.0
600.0,200.0,0.6341463414634146,-0.0001126145505228421,10000.0,10000.0
600.0,200.0,0.6585365853658537,-0.00010356923189250953,10000.0,10000.0
600.0,200.0,0.6829268292682927,-8.55635130609941e-05,10000.0,10000.0
600.0,200.0,0.7073170731707318,-5.184174144325038e-05,10000.0,10000.0
600.0,200.0,0.7317073170731707,-2.4930896742016896e-05,10000.0,10000.0
600.0,200.0,0.7560975609756098,-2.7258602635042095e-06,10000.0,10000.0
600.0,200.0,0.7804878048780488,3.3437236362794475e-05,10000.0,10000.0
600.0,200.0,0.8048780487804879,6.199637283709194e-05,10000.0,10000.0
600.0,200.0,0.8292682926829269,8.885507133533856e-05,10000.0,10000.0
600.0,200.0,0.8536585365853658,0.00010720164943150845,10000.0,10000.0
600.0,200.0,0.8780487804878049,0.0001159574688452687,10000.0,10000.0
600.0,200.0,0.9024390243902439,0.00011795890976621521,10000.0,10000.0
600.0,200.0,0.926829268292683,0.00010877786420791731,10000.0,10000.0
600.0,200.0,0.951219512195122,8.54618918064804e-05,10000.0,10000.0
600.0,200.0,0.975609756097561,4.8748933623135035e-05,10000.0,10000.0
610.0,203.0,0.024390243902439025,-4.692370702273896e-05,10000.0,10000.0
610.0,203.0,0.04878048780487805,-8.21657143357625e-05,10000.0,10000.0
610.0,203.0,0.07317073170731708,-0.00010878649339643283,10000.0,10000.0
610.0,203.0,0.0975609756097561,-0.00011482146278650191,10000.0,10000.0
610.0,203.0,0.12195121951219512,-0.00011278882435169187,10000.0,10000.0
610.0,203.0,0.14634146341463417,-0.00010986800565277965,10000.0,10000.0
610.0,203.0,0.17073170731707318,-9.075423911914983e-05,10000.0,10000.0
610.0,203.0,0.1951219512195122,-6.512774813664614e-05,10000.0,10000.0
610.0,203.0,0.21951219512195122,-3.9499773749933126e-05,10000.0,10000.0
610.0,203.0,0.24390243902439024,-6.582210786973797e-06,10000.0,10000.0
610.0,203.0,0.2682926829268293,2.266490083187794e-05,10000.0,10000.0
610.0,203.0,0.29268292682926833,5.263517279027054e-05,10000.0,10000.0
610.0,203.0,0.3170731707317073,8.099121791754009e-05,10000.0,10000.0
610.0,203.0,0.34146341463414637,0.00010344714837443635,10000.0,10000.0
610.0,203.0,0.36585365853658536,0.00011248407321768856,10000.0,10000.0
610.0,203.0,0.3902439024390244,0.00011500514973602966,10000.0,10000.0
610.0,203.0,0.41463414634146345,0.00011145565676703462,10000.0,10000.0
610.0,203.0,0.43902439024390244,9.403715540089748e-05,10000.0,10000.0
610.0,203.0,0.4634146341463415,6.614792346339184e-05,10000.0,10000.0
610.0,203.0,0.4878048780487805,2.550277612492674e-05,10000.0,10000.0
610.0,203.0,0.5121951219512195,-2.555824644320499e-05,10000.0,10000.0
610.0,203.0,0.5365853658536586,-6.62009675218907e-05,10000.0,10000.0
610.0,203.0,0.5609756097560976,-9.581317595878209e-05,10000.0,10000.0
610.0,203.0,0.5853658536585367,-0.00011316891727265102,10000.0,10000.0
610.0,203.0,0.6097560975609756,-0.00011703955353787454,10000.0,10000.0
610.0,203.0,0.6341463414634146,-0.00010854032654806676,10000.0,10000.0
610.0,203.0,0.6585365853658537,-0.00010282952737154704,10000.0,10000.0
610.0,203.0,0.6829268292682927,-7.978279885213208e-05,10000.0,10000.0
610.0,203.0,0.7073170731707318,-5.128036215498343e-05,10000.0,10000.0
610.0,203.0,0.7317073170731707,-2.683861867083359e-05,10000.0,10000.0
610.0,203.0,0.7560975609756098,8.972052362755923e-06,10000.0,10000.0
610.0,203.0,0.7804878048780488,4.210967590591872e-05,10000.0,10000.0
610.0,203.0,0.8048780487804879,6.393003857891704e-05,10000.0,10000.0
610.0,203.0,0.8292682926829269,9.01535750595396e-05,10000.0,10000.0
610.0,203.0,0.8536585365853658,0.00010461304524348391,10000.0,10000.0
610.0,203.0,0.8780487804878049,0.00011555832270728537,10000.0,10000.0
610.0,203.0,0.9024390243902439,0.000114234276678379,10000.0,10000.0
610.0,203.0,0.926829268292683,0.00010387497546251845,10000.0,10000.0
610.0,203.0,0.951219512195122,8.286070274809819e-05,10000.0,10000.0
610.0,203.0,0.975609756097561,4.7399502274439106e-05,10000.0,10000.0
620.0,207.0,0.024390243902439025,-4.6752504792342904e-05,10000.0,10000.0
620.0,207.0,0.04878048780487805,-8.19341544153788e-05,10000.0,10000.0
620.0,207.0,0.07317073170731708,-0.00010411827211050311,10000.0,10000.0
620.0,207.0,0.0975609756097561,-0.00011632161745819665,10000.0,10000.0
620.0,207.0,0.12195121951219512,-0.00011689641654775775,10000.0,10000.0
620.0,207.0,0.14634146341463417,-0.00010276953644566182,10000.0,10000.0
620.0,207.0,0.17073170731707318,-8.31034023670474e-05,10000.0,10000.0
620.0,207.0,0.1951219512195122,-5.6305015855887475e-05,10000.0,10000.0
620.0,207.0,0.21951219512195122,-4.420976578065429e-05,10000.0,10000.0
620.0,207.0,0.24390243902439024,-8.466635756863017e-06,10000.0,10000.0
620.0,207.0,0.2682926829268293,1.9321994074103276e-05,10000.0,10000.0
620.0,207.0,0.29268292682926833,5.1063029949206996e-05,10000.0,10000.0
620.0,207.0,0.3170731707317073,7.528302200915858e-05,10000.0,10000.0
620.0,207.0,0.34146341463414637,0.00010005686933983804,10000.0,10000.0
620.0,207.0,0.36585365853658536,0.00010638545490746942,10000.0,10000.0
620.0,207.0,0.3902439024390244,0.00011973934246277969,10000.0,10000.0
620.0,207.0,0.41463414634146345,0.00011294605984528747,10000.0,10000.0
620.0,207.0,0.43902439024390244,9.204311933079329e-05,10000.0,10000.0
620.0,207.0,0.4634146341463415,6.603173412268788e-05,10000.0,10000.0
620.0,207.0,0.4878048780487805,2.54149999055113e-05,10000.0,10000.0
620.0,207.0,0.5121951219512195,-2.5030406984514997e-05,10000.0,10000.0
620.0,207.0,0.5365853658536586,-6.597469521572894e-05,10000.0,10000.0
620.0,207.0,0.5609756097560976,-9.522157889363434e-05,10000.0,10000.0
620.0,207.0,0.5853658536585367,-0.0001091990112461583,10000.0,10000.0
620.0,207.0,0.6097560975609756,-0.00011784998688206405,10000.0,10000.0
620.0,207.0,0.6341463414634146,-0.00011403184337902201,10000.0,10000.0
620.0,207.0,0.6585365853658537,-9.126006550720437e-05,10000.0,10000.0
620.0,207.0,0.6829268292682927,-7.497213690083233e-05,10000.0,10000.0
620.0,207.0,0.7073170731707318,-5.054950807857686e-05,10000.0,10000.0
620.0,207.0,0.7317073170731707,-2.2558377973320103e-05,10000.0,10000.0
620.0,207.0,0.7560975609756098,1.7086591210333574e-05,10000.0,10000.0
620.0,207.0,0.7804878048780488,3.93105254461707e-05,10000.0,10000.0
620.0,207.0,0.8048780487804879,7.23601435013122e-05,10000.0,10000.0
620.0,207.0,0.8292682926829269,8.645146223398173e-05,10000.0,10000.0
620.0,207.0,0.8536585365853658,0.00010609140940445551,10000.0,10000.0
620.0,207.0,0.8780487804878049,0.0001203439093379731,10000.0,10000.0
620.0,207.0,0.9024390243902439,0.0001132129470903811,10000.0,10000.0
620.0,207.0,0.926829268292683,0.00010651880073513808,10000.0,10000.0
620.0,207.0,0.951219512195122,8.118603643232434e-05,10000.0,10000.0
620.0,207.0,0.975609756097561,4.804392076953218e-05,10000.0,10000.0
630.0,210.0,0.024390243902439025,-4.521148294985379e-05,10000.0,10000.0
630.0,210.0,0.04878048780487805,-8.007151779574081e-05,10000.0,10000.0
630.0,210.0,0.07317073170731708,-0.0001004805873150911,10000.0,10000.0
630.0,210.0,0.0975609756097561,-0.00011129129000217453,10000.0,10000.0
630.0,210.0,0.12195121951219512,-0.00011255864333786387,10000.0,10000.0
630.0,210.0,0.14634146341463417,-0.0001057355383522222,10000.0,10000.0
630.0,210.0,0.17073170731707318,-8.488924503901209e-05,10000.0,10000.0
630.0,210.0,0.1951219512195122,-6.27500460699455e-05,10000.0,10000.0
630.0,210.0,0.21951219512195122,-3.596770810189547e-05,10000.0,10000.0
630.0,210.0,0.24390243902439024,-9.079334393218142e-06,10000.0,10000.0
630.0,210.0,0.2682926829268293,1.780848938070945e-05,10000.0,10000.0
630.0,210.0,0.29268292682926833,5.451824806474235e-05,10000.0,10000.0
630.0,210.0,0.3170731707317073,7.650115571800287e-05,10000.0,10000.0
630.0,210.0,0.34146341463414637,0.000102311468516952,10000.0,10000.0
630.0,210.0,0.36585365853658536,0.00010864232901378683,10000.0,10000.0
630.0,210.0,0.3902439024390244,0.00011275848946751122,10000.0,10000.0
630.0,210.0,0.41463414634146345,0.00010942613881879232,10000.0,10000.0
630.0,210.0,0.43902439024390244,9.146554194075726e-05,10000.0,10000.0
630.0,210.0,0.4634146341463415,6.427296898369333e-05,10000.0,10000.0
630.0,210.0,0.4878048780487805,2.4663475521985162e-05,10000.0,10000.0
630.0,210.0,0.5121951219512195,-2.482522771121136e-05,10000.0,10000.0
630.0,210.0,0.5365853658536586,-6.335216977296465e-05,10000.0,10000.0
630.0,210.0,0.5609756097560976,-9.297090144323534e-05,10000.0,10000.0
630.0,210.0,0.5853658536585367,-0.00010854963379335461,10000.0,10000.0
630.0,210.0,0.6097560975609756,-0.00011068105114573257,10000.0,10000.0
630.0,210.0,0.6341463414634146,-0.00010784557889141792,10000.0,10000.0
630.0,210.0,0.6585365853658537,-9.64222109482964e-05,10000.0,10000.0
630.0,210.0,0.6829268292682927,-7.857201431555336e-05,10000.0,10000.0
630.0,210.0,0.7073170731707318,-5.5157686171131816e-05,10000.0,10000.0
630.0,210.0,0.7317073170731707,-1.7750609817966544e-05,10000.0,10000.0
630.0,210.0,0.7560975609756098,8.961070502273305e-06,10000.0,10000.0
630.0,210.0,0.7804878048780488,3.859258046913121e-05,10000.0,10000.0
630.0,210.0,0.8048780487804879,6.95733767414112e-05,10000.0,10000.0
630.0,210.0,0.8292682926829269,8.213106206535046e-05,10000.0,10000.0
630.0,210.0,0.8536585365853658,0.00010208869309261068,10000.0,10000.0
630.0,210.0,0.8780487804878049,0.00011329097955609018,10000.0,10000.0
630.0,210.0,0.9024390243902439,0.00011562936129263504,10000.0,10000.0
630.0,210.0,0.926829268292683,0.00010126539944491322,10000.0,10000.0
630.0,210.0,0.951219512195122,7.84675325042139e-05,10000.0,10000.0
630.0,210.0,0.975609756097561,4.6640104164765315e-05,10000.0,10000.0
640.0,213.0,0.024390243902439025,-4.515336519264487e-05,10000.0,10000.0
640.0,213.0,0.04878048780487805,-7.948994631342356e-05,10000.0,10000.0
640.0,213.0,0.07317073170731708,-9.696246335858692e-05,10000.0,10000.0
640.0,213.0,0.0975609756097561,-0.00010669301047985165,10000.0,10000.0
640.0,213.0,0.12195121951219512,-0.00011186440514986824,10000.0,10000.0
640.0,213.0,0.14634146341463417,-0.00010006301519698312,10000.0,10000.0
640.0,213.0,0.17073170731707318,-8.571485326883309e-05,10000.0,10000.0
640.0,213.0,0.1951219512195122,-6.19237245986093e-05,10000.0,10000.0
640.0,213.0,0.21951219512195122,-4.004353848819664e-05,10000.0,10000.0
640.0,213.0,0.24390243902439024,-1.8225702923066189e-06,10000.0,10000.0
640.0,213.0,0.2682926829268293,2.425252451199822e-05,10000.0,10000.0
640.0,213.0,0.29268292682926833,4.634458863352226e-05,10000.0,10000.0
640.0,213.0,0.3170731707317073,7.52323727783734e-05,10000.0,10000.0
640.0,213.0,0.34146341463414637,9.578782866690861e-05,10000.0,10000.0
640.0,213.0,0.36585365853658536,0.0001102935903166437,10000.0,10000.0
640.0,213.0,0.3902439024390244,0.0001081858588955086,10000.0,10000.0
640.0,213.0,0.41463414634146345,0.0001062347983860612,10000.0,10000.0
640.0,213.0,0.43902439024390244,9.228663233240384e-05,10000.0,10000.0
640.0,213.0,0.4634146341463415,6.464194978515311e-05,10000.0,10000.0
640.0,213.0,0.4878048780487805,2.48921229214924e-05,10000.0,10000.0
640.0,213.0,0.5121951219512195,-2.4573607463911072e-05,10000.0,10000.0
640.0,213.0,0.5365853658536586,-6.278158161601969e-05,10000.0,10000.0
640.0,213.0,0.5609756097560976,-9.036952934724406e-05,10000.0,10000.0
640.0,213.0,0.5853658536585367,-0.00010691207215972298,10000.0,10000.0
640.0,213.0,0.6097560975609756,-0.00011671118889859596,10000.0,10000.0
640.0,213.0,0.6341463414634146,-0.00010749398023295008,10000.0,10000.0
640.0,213.0,0.6585365853658537,-9.42428577971159e-05,10000.0,10000.0
640.0,213.0,0.6829268292682927,-6.86641174372693e-05,10000.0,10000.0
640.0,213.0,0.7073170731707318,-5.264989605437964e-05,10000.0,10000.0
640.0,213.0,0.7317073170731707,-1.9315830862223915e-05,10000.0,10000.0
640.0,213.0,0.7560975609756098,6.5293652116399925e-06,10000.0,10000.0
640.0,213.0,0.7804878048780488,3.550802079267765e-05,10000.0,10000.0
640.0,213.0,0.8048780487804879,6.533843880244753e-05,10000.0,10000.0
640.0,213.0,0.8292682926829269,8.10329935889557e-05,10000.0,10000.0
640.0,213.0,0.8536585365853658,9.630400425917073e-05,10000.0,10000.0
640.0,213.0,0.8780487804878049,0.00011449612612454159,10000.0,10000.0
640.0,213.0,0.9024390243902439,0.00010776024570232246,10000.0,10000.0
640.0,213.0,0.926829268292683,0.00010293563716382756,10000.0,10000.0
640.0,213.0,0.951219512195122,7.955874272738849e-05,10000.0,10000.0
640.0,213.0,0.975609756097561,4.592034069551438e-05,10000.0,10000.0
650.0,217.0,0.024390243902439025,-4.470006448187209e-05,10000.0,10000.0
650.0,217.0,0.04878048780487805,-7.789230283720336e-05,10000.0,10000.0
650.0,217.0,0.07317073170731708,-0.00010381454515337163,10000.0,10000.0
650.0,217.0,0.0975609756097561,-0.00010901830143922484,10000.0,10000.0
650.0,217.0,0.12195121951219512,-0.0001092536353867813,10000.0,10000.0
650.0,217.0,0.14634146341463417,-0.00010363006823449661,10000.0,10000.0
650.0,217.0,0.17073170731707318,-8.523735376555932e-05,10000.0,10000.0
650.0,217.0,0.1951219512195122,-6.548442183386631e-05,10000.0,10000.0
650.0,217.0,0.21951219512195122,-3.8405280330535e-05,10000.0,10000.0
650.0,217.0,0.24390243902439024,-1.851110825269192e-06,10000.0,10000.0
650.0,217.0,0.2682926829268293,2.7060569587440993e-05,10000.0,10000.0
650.0,217.0,0.29268292682926833,5.456281745190923e-05,10000.0,10000.0
650.0,217.0,0.3170731707317073,7.054705198662354e-05,10000.0,10000.0
650.0,217.0,0.34146341463414637,8.778882257917327e-05,10000.0,10000.0
650.0,217.0,0.36585365853658536,0.00010890346376487749,10000.0,10000.0
650.0,217.0,0.3902439024390244,0.00010734740520567143,10000.0,10000.0
650.0,217.0,0.41463414634146345,0.00010406223928884504,10000.0,10000.0
650.0,217.0,0.43902439024390244,9.025110147351766e-05,10000.0,10000.0
650.0,217.0,0.4634146341463415,6.298086876422524e-05,10000.0,10000.0
650.0,217.0,0.4878048780487805,2.3664781627070775e-05,10000.0,10000.0
650.0,217.0,0.5121951219512195,-2.4293090599940113e-05,10000.0,10000.0
650.0,217.0,0.5365853658536586,-6.292655766113996e-05,10000.0,10000.0
650.0,217.0,0.5609756097560976,-8.883093428266247e-05,10000.0,10000.0
650.0,217.0,0.5853658536585367,-0.00010499257132788893,10000.0,10000.0
650.0,217.0,0.6097560975609756,-0.00011004732928786492,10000.0,10000.0
650.0,217.0,0.6341463414634146,-0.00010425707865923406,10000.0,10000.0
650.0,217.0,0.6585365853658537,-9.668570149282174e-05,10000.0,10000.0
650.0,217.0,0.6829268292682927,-7.685455162183064e-05,10000.0,10000.0
650.0,217.0,0.7073170731707318,-4.900354057043337e-05,10000.0,10000.0
650.0,217.0,0.7317073170731707,-2.073239337454265e-05,10000.0,10000.0
650.0,217.0,0.7560975609756098,1.0211192795379382e-05,10000.0,10000.0
650.0,217.0,0.7804878048780488,3.240172137423595e-05,10000.0,10000.0
650.0,217.0,0.8048780487804879,6.534183813532277e-05,10000.0,10000.0
650.0,217.0,0.8292682926829269,8.071914804810516e-05,10000.0,10000.0
650.0,217.0,0.8536585365853658,9.86124714011377e-05,10000.0,10000.0
650.0,217.0,0.8780487804878049,0.00011037166904242604,10000.0,10000.0
650.0,217.0,0.9024390243902439,0.00011316529958875412,10000.0,10000.0
650.0,217.0,0.926829268292683,0.00010054157501189293,10000.0,10000.0
650.0,217.0,0.951219512195122,7.868817137873959e-05,10000.0,10000.0
650.0,217.0,0.975609756097561,4.445786126772573e-05,10000.0,10000.0
660.0,220.0,0.024390243902439025,-4.2901532235950416e-05,10000.0,10000.0
660.0,220.0,0.04878048780487805,-7.725999726051021e-05,10000.0,10000.0
660.0,220.0,0.07317073170731708,-9.772086433119674e-05,10000.0,10000.0
660.0,220.0,0.0975609756097561,-0.00010551913597810524,10000.0,10000.0
660.0,220.0,0.12195121951219512,-0.00010554415332327376,10000.0,10000.0
660.0,220.0,0.14634146341463417,-9.877441989085077e-05,10000.0,10000.0
660.0,220.0,0.17073170731707318,-8.788552212551345e-05,10000.0,10000.0
660.0,220.0,0.1951219512195122,-5.882108935867092e-05,10000.0,10000.0
660.0,220.0,0.21951219512195122,-3.6348741157984586e-05,10000.0,10000.0
660.0,220.0,0.24390243902439024,-1.32540414930441e-05,10000.0,10000.0
660.0,220.0,0.2682926829268293,2.065250208085162e-05,10000.0,10000.0
660.0,220.0,0.29268292682926833,4.642496650292588e-05,10000.0,10000.0
660.0,220.0,0.3170731707317073,7.121747319471921e-05,10000.0,10000.0
660.0,220.0,0.34146341463414637,9.590679641303892e-05,10000.0,10000.0
660.0,220.0,0.36585365853658536,0.00010720518074614746,10000.0,10000.0
660.0,220.0,0.3902439024390244,0.00010881664740248622,10000.0,10000.0
660.0,220.0,0.41463414634146345,0.00010393578735226403,10000.0,10000.0
660.0,220.0,0.43902439024390244,9.044962345330389e-05,10000.0,10000.0
660.0,220.0,0.4634146341463415,6.150551842592624e-05,10000.0,10000.0
660.0,220.0,0.4878048780487805,2.369678593913038e-05,10000.0,10000.0
660.0,220.0,0.5121951219512195,-2.390285397686358e-05,10000.0,10000.0
660.0,220.0,0.5365853658536586,-6.227661390144594e-05,10000.0,10000.0
660.0,220.0,0.5609756097560976,-8.694013587460544e-05,10000.0,10000.0
660.0,220.0,0.5853658536585367,-0.00010144941841641273,10000.0,10000.0
660.0,220.0,0.6097560975609756,-0.00010760931043220072,10000.0,10000.0
660.0,220.0,0.6341463414634146,-0.00010650212999170734,10000.0,10000.0
660.0,220.0,0.6585365853658537,-8.904978782405592e-05,10000.0,10000.0
660.0,220.0,0.6829268292682927,-7.34557226985611e-05,10000.0,10000.0
660.0,220.0,0.7073170731707318,-5.0125988090291986e-05,10000.0,10000.0
660.0,220.0,0.7317073170731707,-1.9782164331551115e-05,10000.0,10000.0
660.0,220.0,0.7560975609756098,3.135862054825278e-06,10000.0,10000.0
660.0,220.0,0.7804878048780488,3.7038908349313166e-05,10000.0,10000.0
660.0,220.0,0.8048780487804879,5.9183330587304336e-05,10000.0,10000.0
660.0,220.0,0.8292682926829269,8.30306503172563e-05,10000.0,10000.0
660.0,220.0,0.8536585365853658,9.74908343136545e-05,10000.0,10000.0
660.0,220.0,0.8780487804878049,0.00010637884885028321,10000.0,10000.0
660.0,220.0,0.9024390243902439,0.00010799189778904137,10000.0,10000.0
660.0,220.0,0.926829268292683,9.474675001248643e-05,10000.0,10000.0
660.0,220.0,0.951219512195122,7.726829262152757e-05,10000.0,10000.0
660.0,220.0,0.975609756097561,4.436208264823085e-05,10000.0,10000.0
670.0,223.0,0.024390243902439025,-4.389586595686932e-05,10000.0,10000.0
670.0,223.0,0.04878048780487805,-7.679960151028175e-05,10000.0,10000.0
670.0,223.0,0.07317073170731708,-9.871031234822711e-05,10000.0,10000.0
670.0,223.0,0.0975609756097561,-0.000102837918631202,10000.0,10000.0
670.0,223.0,0.12195121951219512,-0.00010473746776312858,10000.0,10000.0
670.0,223.0,0.14634146341463417,-9.919023187595595e-05,10000.0,10000.0
670.0,223.0,0.17073170731707318,-8.330396877167684e-05,10000.0,10000.0
670.0,223.0,0.1951219512195122,-5.976768971150288e-05,10000.0,10000.0
670.0,223.0,0.21951219512195122,-3.247940355073349e-05,10000.0,10000.0
670.0,223.0,0.24390243902439024,-6.761479623902755e-06,10000.0,10000.0
670.0,223.0,0.2682926829268293,2.7320859415939234e-05,10000.0,10000.0
670.0,223.0,0.29268292682926833,4.7515543219427816e-05,10000.0,10000.0
670.0,223.0,0.3170731707317073,6.932897849248448e-05,10000.0,10000.0
670.0,223.0,0.34146341463414637,9.68237308566409e-05,10000.0,10000.0
670.0,223.0,0.36585365853658536,0.00010079471076767991,10000.0,10000.0
670.0,223.0,0.3902439024390244,0.00010435833455251138,10000.0,10000.0
670.0,223.0,0.41463414634146345,0.00010401586894435581,10000.0,10000.0
670.0,223.0,0.43902439024390244,8.765036271065816e-05,10000.0,10000.0
670.0,223.0,0.4634146341463415,6.169889043974474e-05,10000.0,10000.0
670.0,223.0,0.4878048780487805,2.3727680940150818e-05,10000.0,10000.0
670.0,223.0,0.5121951219512195,-2.33219023436656e-05,10000.0,10000.0
670.0,223.0,0.5365853658536586,-6.012473041958578e-05,10000.0,10000.0
670.0,223.0,0.5609756097560976,-8.678300011501829e-05,10000.0,10000.0
670.0,223.0,0.5853658536585367,-0.00010380310402074149,10000.0,10000.0
670.0,223.0,0.6097560975609756,-0.00010326910128015485,10000.0,10000.0
670.0,223.0,0.6341463414634146,-0.00010344733163693039,10000.0,10000.0
670.0,223.0,0.6585365853658537,-9.378307056783793e-05,10000.0,10000.0
670.0,223.0,0.6829268292682927,-7.335987325925369e-05,10000.0,10000.0
670.0,223.0,0.7073170731707318,-4.441266790131355e-05,10000.0,10000.0
670.0,223.0,0.7317073170731707,-2.6219964524807582e-05,10000.0,10000.0
670.0,223.0,0.7560975609756098,5.470602823202714e-06,10000.0,10000.0
670.0,223.0,0.7804878048780488,3.223866427720787e-05,10000.0,10000.0
670.0,223.0,0.8048780487804879,5.992299333244224e-05,10000.0,10000.0
670.0,223.0,0.8292682926829269,8.024494906668105e-05,10000.0,10000.0
670.0,223.0,0.8536585365853658,9.422204269931234e-05,10000.0,10000.0
670.0,223.0,0.8780487804878049,0.00010347571913458098,10000.0,10000.0
670.0,223.0,0.9024390243902439,0.00010653610013736869,10000.0,10000.0
670.0,223.0,0.926829268292683,9.695291441715136e-05,10000.0,10000.0
670.0,223.0,0.951219512195122,7.538501128145588e-05,10000.0,10000.0
670.0,223.0,0.975609756097561,4.38121894535742e-05,10000.0,10000.0
680.0,227.0,0.024390243902439025,-4.217843365686207e-05,10000.0,10000.0
680.0,227.0,0.04878048780487805,-7.620740323213102e-05,10000.0,10000.0
680.0,227.0,0.07317073170731708,-9.268367418757811e-05,10000.0,10000.0
680.0,227.0,0.0975609756097561,-0.00010296006546830287,10000.0,10000.0
680.0,227.0,0.12195121951219512,-0.00010563609268946914,10000.0,10000.0
680.0,227.0,0.14634146341463417,-9.610806049170889e-05,10000.0,10000.0
680.0,227.0,0.17073170731707318,-7.722648602889199e-05,10000.0,10000.0
680.0,227.0,0.1951219512195122,-6.144876457015164e-05,10000.0,10000.0
680.0,227.0,0.21951219512195122,-3.621441627318948e-05,10000.0,10000.0
680.0,227.0,0.24390243902439024,-3.2239141534643466e-06,10000.0,10000.0
680.0,227.0,0.2682926829268293,2.656406781410191e-05,10000.0,10000.0
680.0,227.0,0.29268292682926833,4.9148005814798104e-05,10000.0,10000.0
680.0,227.0,0.3170731707317073,6.85803691407051e-05,10000.0,10000.0
680.0,227.0,0.34146341463414637,9.346767201305911e-05,10000.0,10000.0
680.0,227.0,0.36585365853658536,0.0001002397506135845,10000.0,10000.0
680.0,227.0,0.3902439024390244,0.00010956225446440395,10000.0,10000.0
680.0,227.0,0.41463414634146345,9.961676952545515e-05,10000.0,10000.0
680.0,227.0,0.43902439024390244,8.421338492410777e-05,10000.0,10000.0
680.0,227.0,0.4634146341463415,6.100013943149305e-05,10000.0,10000.0
680.0,227.0,0.4878048780487805,2.3270289944418964e-05,10000.0,10000.0
680.0,227.0,0.5121951219512195,-2.2719422860161187e-05,10000.0,10000.0
680.0,227.0,0.5365853658536586,-6.124932519769279e-05,10000.0,10000.0
680.0,227.0,0.5609756097560976,-8.706148481971088e-05,10000.0,10000.0
680.0,227.0,0.5853658536585367,-0.00010210873814977503,10000.0,10000.0
680.0,227.0,0.6097560975609756,-0.00010333431195591085,10000.0,10000.0
680.0,227.0,0.6341463414634146,-9.975391625917798e-05,10000.0,10000.0
680.0,227.0,0.6585365853658537,-8.305195212193456e-05,10000.0,10000.0
680.0,227.0,0.6829268292682927,-7.225948119803758e-05,10000.0,10000.0
680.0,227.0,0.7073170731707318,-4.8345638937063826e-05,10000.0,10000.0
680.0,227.0,0.7317073170731707,-2.4630145217285943e-05,10000.0,10000.0
680.0,227.0,0.7560975609756098,1.195988513903311e-05,10000.0,10000.0
680.0,227.0,0.7804878048780488,3.0716201745613944e-05,10000.0,10000.0
680.0,227.0,0.8048780487804879,6.059523826740043e-05,10000.0,10000.0
680.0,227.0,0.8292682926829269,7.774930960687743e-05,10000.0,10000.0
680.0,227.0,0.8536585365853658,9.405031029610979e-05,10000.0,10000.0
680.0,227.0,0.8780487804878049,0.0001010306800067609,10000.0,10000.0
680.0,227.0,0.9024390243902439,0.00010755853090265702,10000.0,10000.0
680.0,227.0,0.926829268292683,9.303891184771321e-05,10000.0,10000.0
680.0,227.0,0.951219512195122,7.36048193978558e-05,10000.0,10000.0
680.0,227.0,0.975609756097561,4.379485570274295e-05,10000.0,10000.0
690.0,230.0,0.024390243902439025,-4.192292550670044e-05,10000.0,10000.0
690.0,230.0,0.04878048780487805,-7.370073373593406e-05,10000.0,10000.0
690.0,230.0,0.07317073170731708,-9.218058548840468e-05,10000.0,10000.0
690.0,230.0,0.0975609756097561,-0.00010731362702769476,10000.0,10000.0
690.0,230.0,0.12195121951219512,-0.00010668555574519188,10000.0,10000.0
690.0,230.0,0.14634146341463417,-9.059194966881639e-05,10000.0,10000.0
690.0,230.0,0.17073170731707318,-8.120120466541108e-05,10000.0,10000.0
690.0,230.0,0.1951219512195122,-5.821692160799494e-05,10000.0,10000.0
690.0,230.0,0.21951219512195122,-4.144286740761154e-05,10000.0,10000.0
690.0,230.0,0.24390243902439024,-1.4819269816050146e-05,10000.0,10000.0
690.0,230.0,0.2682926829268293,2.8747758625391718e-05,10000.0,10000.0
690.0,230.0,0.29268292682926833,4.4330268352440886e-05,10000.0,10000.0
690.0,230.0,0.3170731707317073,6.454043430268143e-05,10000.0,10000.0
690.0,230.0,0.34146341463414637,8.622541846075907e-05,10000.0,10000.0
690.0,230.0,0.36585365853658536,9.401513320722646e-05,10000.0,10000.0
690.0,230.0,0.3902439024390244,0.00010633397974637114,10000.0,10000.0
690.0,230.0,0.41463414634146345,9.874745946247754e-05,10000.0,10000.0
690.0,230.0,0.43902439024390244,8.701976598486442e-05,10000.0,10000.0
690.0,230.0,0.4634146341463415,5.784986203065852e-05,10000.0,10000.0
690.0,230.0,0.4878048780487805,2.2075630904837384e-05,10000.0,10000.0
690.0,230.0,0.5121951219512195,-2.2073817805743356e-05,10000.0,10000.0
690.0,230.0,0.5365853658536586,-6.237620151833167e-05,10000.0,10000.0
690.0,230.0,0.5609756097560976,-8.571295316036065e-05,10000.0,10000.0
690.0,230.0,0.5853658536585367,-9.800338666195085e-05,10000.0,10000.0
690.0,230.0,0.6097560975609756,-0.00010674529982593972,10000.0,10000.0
690.0,230.0,0.6341463414634146,-9.654847430135305e-05,10000.0,10000.0
690.0,230.0,0.6585365853658537,-8.655202645201676e-05,10000.0,10000.0
690.0,230.0,0.6829268292682927,-6.915950204816657e-05,10000.0,10000.0
690.0,230.0,0.7073170731707318,-5.206600937666706e-05,10000.0,10000.0
690.0,230.0,0.7317073170731707,-2.2051745411064805e-05,10000.0,10000.0
690.0,230.0,0.7560975609756098,1.0721800510409163e-05,10000.0,10000.0
690.0,230.0,0.7804878048780488,3.382406848329478e-05,10000.0,10000.0
690.0,230.0,0.8048780487804879,6.323720831120283e-05,10000.0,10000.0
690.0,230.0,0.8292682926829269,8.090731129298412e-05,10000.0,10000.0
690.0,230.0,0.8536585365853658,8.97940352828488e-05,10000.0,10000.0
690.0,230.0,0.8780487804878049,9.956559459337367e-05,10000.0,10000.0
690.0,230.0,0.9024390243902439,9.70021873838235e-05,10000.0,10000.0
690.0,230.0,0.926829268292683,9.522496143866587e-05,10000.0,10000.0
690.0,230.0,0.951219512195122,7.183917740715495e-05,10000.0,10000.0
690.0,230.0,0.975609756097561,4.2925640335275905e-05,10000.0,10000.0
700.0,233.0,0.024390243902439025,-4.3714852460417206e-05,10000.0,10000.0
700.0,233.0,0.04878048780487805,-7.035445367335053e-05,10000.0,10000.0
700.0,233.0,0.07317073170731708,-8.564389943762795e-05,10000.0,10000.0
700.0,233.0,0.0975609756097561,-9.171797088260394e-05,10000.0,10000.0
700.0,233.0,0.12195121951219512,-9.837725613436343e-05,10000.0,10000.0
700.0,233.0,0.14634146341463417,-9.22308512651425e-05,10000.0,10000.0
700.0,233.0,0.17073170731707318,-8.123566930013904e-05,10000.0,10000.0
700.0,233.0,0.1951219512195122,-5.8405151397794096e-05,10000.0,10000.0
700.0,233.0,0.21951219512195122,-3.402506334194827e-05,10000.0,10000.0
700.0,233.0,0.24390243902439024,-1.0327221793451636e-05,10000.0,10000.0
700.0,233.0,0.2682926829268293,2.0451216342690786e-05,10000.0,10000.0
700.0,233.0,0.29268292682926833,4.1814211259785486e-05,10000.0,10000.0
700.0,233.0,0.3170731707317073,6.608527603803435e-05,10000.0,10000.0
700.0,233.0,0.34146341463414637,8.608378190509262e-05,10000.0,10000.0
700.0,233.0,0.36585365853658536,9.715202391044373e-05,10000.0,10000.0
700.0,233.0,0.3902439024390244,0.00010278328175841813,10000.0,10000.0
700.0,233.0,0.41463414634146345,9.472953582902577e-05,10000.0,10000.0
700.0,233.0,0.43902439024390244,8.22091621912502e-05,10000.0,10000.0
700.0,233.0,0.4634146341463415,5.551860825122379e-05,10000.0,10000.0
700.0,233.0,0.4878048780487805,2.251775263565914e-05,10000.0,10000.0
700.0,233.0,0.5121951219512195,-2.2905636915058202e-05,10000.0,10000.0
700.0,233.0,0.5365853658536586,-5.861438498415472e-05,10000.0,10000.0
700.0,233.0,0.5609756097560976,-8.150083983138879e-05,10000.0,10000.0
700.0,233.0,0.5853658536585367,-9.525712799910823e-05,10000.0,10000.0
700.0,233.0,0.6097560975609756,-9.968892644127481e-05,10000.0,10000.0
700.0,233.0,0.6341463414634146,-9.868268417956127e-05,10000.0,10000.0
700.0,233.0,0.6585365853658537,-8.155066427810998e-05,10000.0,10000.0
700.0,233.0,0.6829268292682927,-6.821092031222692e-05,10000.0,10000.0
700.0,233.0,0.7073170731707318,-5.079339129770932e-05,10000.0,10000.0
700.0,233.0,0.7317073170731707,-1.540401938783964e-05,10000.0,10000.0
700.0,233.0,0.7560975609756098,3.173472165447222e-06,10000.0,10000.0
700.0,233.0,0.7804878048780488,2.5634427988905362e-05,10000.0,10000.0
700.0,233.0,0.8048780487804879,6.082052146413941e-05,10000.0,10000.0
700.0,233.0,0.8292682926829269,7.880609132516898e-05,10000.0,10000.0
700.0,233.0,0.8536585365853658,9.261074426147181e-05,10000.0,10000.0
700.0,233.0,0.8780487804878049,9.543319405989126e-05,10000.0,10000.0
700.0,233.0,0.9024390243902439,9.718388773898524e-05,10000.0,10000.0
700.0,233.0,0.926829268292683,9.319908635955915e-05,10000.0,10000.0
700.0,233.0,0.951219512195122,7.094499056542858e-05,10000.0,10000.0
700.0,233.0,0.975609756097561,4.0720692334023366e-05,10000.0,10000.0
