1.568563050812670293e-05,-2.478816215495125222e-04,-1.495616459286657927e-04,-1.251857583673288837e-04,1.249518843133693748e-04,-2.015885316808541236e-04,-4.161134161632942200e-04,-1.662896260047528295e-04,2.362139079949490683e-04,1.568563050812670293e-05
-1.125461523512656528e-04,-3.242401990147773675e-04,8.665226206628327561e-05,-1.222513156343906730e-04,6.588592950514224507e-05,-3.908682145959336326e-04,-5.513610160959473783e-04,-2.253555808129799592e-04,1.110281496276201846e-04,-9.954166178662265507e-05
5.306925237913526650e-05,-6.824937845411807721e-04,-8.511968883069087437e-05,-3.375589745977118422e-04,-5.929982886218663866e-05,-5.160539729632625163e-04,-3.990150660104738482e-04,1.085832718196910913e-05,1.066531885367261179e-04,-3.636176731907576941e-04
3.633831102109474648e-05,-5.168783798107798528e-04,-9.691356645327438117e-05,-1.719435698673109228e-04,-4.447056040703155702e-05,-5.583929311038807403e-04,-5.272468488698662040e-04,-6.647819407435242352e-05,-1.431145915228717669e-04,-4.312572127136878042e-04
2.019537157514956658e-04,-7.666461598703777375e-04,-1.316500329081961079e-04,-2.970866544799166675e-04,-4.884552149792562373e-05,-8.821469268525048953e-04,-9.433602650331604240e-04,-1.088171522149706475e-04,2.250081320752915243e-05,-4.654350594717347658e-04
1.596147576108774419e-04,-1.045397760335357385e-03,-1.586216806328263158e-04,-4.253184373393090233e-04,-9.287375324511107713e-05,-9.594834481088264280e-04,-8.865471235283716757e-04,3.120390458494764086e-04,-3.656514160069797726e-05,-3.404831751583653910e-04
3.252301623412783612e-04,-1.122734281591679026e-03,6.993724097574603553e-06,-5.641088472394557981e-04,1.433401547498379912e-04,-7.232695401138773596e-04,-9.824855292528680492e-04,5.482529538444254769e-04,-5.525433989034603515e-05,-2.976560460103787591e-04
8.046247071692121718e-04,-1.141423479881327084e-03,1.726091288279755229e-04,-6.696031372317523891e-04,3.089555594802389105e-04,-7.425946706388489912e-04,-9.795510865199298384e-04,5.639385843525521799e-04,-2.324947341461997517e-04,-4.227991306229845038e-04
8.474518363171988037e-04,-1.269655262740719548e-03,-4.631265427878193675e-06,-6.547738687765973075e-04,1.937282671854895525e-04,-5.902487205533754611e-04,-1.104694171132535475e-03,5.048726295443250502e-04,-3.607265170055921075e-04,-5.001356518793060365e-04
1.187169575588091584e-03,-1.471243794421573780e-03,5.596566706569353240e-05,-1.105219611632313973e-03,9.778986146099307060e-05,-6.342769523005609145e-04,-8.684802631375864064e-04,1.057583765042689750e-03,-3.039133755008033592e-04,-7.480172734288185587e-04
1.100615361762656390e-03,-1.235029886426624712e-03,2.899401934106332450e-05,-1.222120854628497462e-03,-3.218255684723366709e-04,-6.783051840477463679e-04,-9.108192212782046304e-04,8.743567889566371786e-04,-6.769946750585429090e-05,-7.749889211534487666e-04
9.343257357579035603e-04,-1.192202757278638080e-03,1.030482105141526661e-05,-9.859069466335483936e-04,9.903062959211038525e-05,-6.826801451386404346e-04,-1.027720464274388228e-03,8.699818278657431118e-04,-3.317754789099893300e-04,-7.867827987760322734e-04
7.625537848609294104e-04,-1.189268314545699869e-03,-6.703170020490626605e-05,-8.202915419031474743e-04,6.086246200741093470e-04,-9.324479251982383194e-04,-1.061898311032435189e-03,6.927414336098893953e-04,-4.670230788426424882e-04,-7.299696572712435251e-04
6.165699252097009246e-04,-9.530544065507508007e-04,1.691822077900428023e-04,-9.590819518032942491e-04,5.099973197167276913e-04,-9.666257719562852809e-04,-8.962829063020342699e-04,7.932375005484444035e-04,-3.014076741122415689e-04,-7.723086154118617491e-04
4.883381423503085688e-04,-9.872322533087977622e-04,1.074443092676818272e-04,-9.162548226553076172e-04,3.437076937119748618e-04,-8.554201761150321366e-04,-1.056835805857918049e-03,7.168789230831795582e-04,-5.925712999872839986e-04,-8.340465139342227241e-04
4.110016210939870362e-04,-4.776382628267988005e-04,3.108573180241698194e-05,-9.935913439116290415e-04,3.167360459873446539e-04,-9.230597156379622466e-04,-8.206218978629689804e-04,6.578129682749524285e-04,-6.043651776098675054e-04,-1.250159930097517053e-03
6.472155290889361045e-04,-6.494102137237729505e-04,1.967011365328179013e-04,-9.979663050025231082e-04,2.974109154623730223e-04,-1.089349341642715076e-03,-8.796878526711961101e-04,6.391237699853043706e-04,-6.817016988661890381e-04,-1.261953807720100559e-03
6.202438813643058966e-04,-8.326371898098255215e-04,6.175573345972649574e-04,-8.935039076254532291e-04,4.223627997757423971e-04,-1.139983078019551985e-03,-7.140724479407951908e-04,4.728341439805515412e-04,-7.257299306133744915e-04,-1.266328768810994626e-03
4.951007967517001519e-04,-9.608689726692178773e-04,4.033799251170366211e-04,-7.278885028950523098e-04,3.358085859503073117e-04,-1.137048635286613775e-03,-7.410440956654253987e-04,1.490801482319273862e-04,-7.680688887539927154e-04,-1.285017967100642684e-03
1.004694787233699222e-03,-9.180418435212312454e-04,3.692020783589896596e-04,-7.122028723869256069e-04,9.427190118904739142e-04,-1.134114192553675564e-03,-9.426326273462795223e-04,2.096770807254991122e-04,-5.318549807590436471e-04,-1.048804059105693616e-03
1.170310191964100141e-03,-1.167809623580829022e-03,7.338400405293602847e-04,-7.308920706765736647e-04,7.654786176346201976e-04,-1.131179749820737353e-03,-1.070864410205671878e-03,2.702740132190708383e-04,-5.994945202819737572e-04,-1.075775706830323824e-03
1.111244237155873012e-03,-6.582156330988300601e-04,7.944369730229320107e-04,-3.100358726121266086e-04,7.611036565437261309e-04,-1.070582817327165627e-03,-1.449325019666856691e-03,1.929374919627493057e-04,-7.887742031970532662e-04,-9.101603020999229042e-04
1.068905279015254679e-03,-2.193154770184454518e-04,7.267974335000019007e-04,-5.370932441538543494e-04,6.258560566110729726e-04,-1.216566676978394004e-03,-1.650913551347710923e-03,1.156009707064277730e-04,-8.311131613376714902e-04,-9.219541797225064110e-04
1.234520683745655599e-03,1.689843097650361656e-05,6.998257857753716928e-04,-6.976461437097382368e-04,2.473954471498880517e-04,-1.050951272247993085e-03,-1.485298146617310003e-03,5.653501589820064330e-05,-5.948992533427224219e-04,-1.050185962581898658e-03
1.117619440749472110e-03,1.252346988560954985e-05,6.321862462524415827e-04,-8.145473867059217256e-04,9.684097877490894200e-05,-1.217240898252745914e-03,-1.512269794341940211e-03,-6.036622709798284553e-05,-7.200423379553281666e-04,-1.136740176407333852e-03
1.021681035024975519e-03,-4.379222729701071157e-04,5.558276687871767374e-04,-9.104857924304182075e-04,3.777502396668181231e-05,-1.400467874338798486e-03,-1.701549477257019612e-03,-1.109999634748197548e-04,-1.153114246696073080e-04,-1.076143243913762126e-03
1.036510303480130601e-03,-6.042118989748599452e-04,6.670332646284298818e-04,-9.291749907200662654e-04,4.586312220311288684e-04,-1.462205772861159461e-03,-1.685863846748892909e-03,-5.040303098124802872e-05,-3.306190836329284772e-04,-9.681789214429751839e-04
1.024716425857547094e-03,-6.389483654297816720e-04,5.993937251054997717e-04,-1.143352400200294602e-03,6.242466267615297878e-04,-1.567700062853455943e-03,-1.176269856266893947e-03,-2.109559305371319160e-04,-3.647969303909754388e-04,-1.151405897529027755e-03
7.645896822277263322e-04,-6.507422430523651788e-04,5.950187640146057050e-04,-1.193986136577131511e-03,4.636937272056459005e-04,-1.001988734699594012e-03,-1.115672923773322221e-03,-2.975101443625670014e-04,-4.899826887583043225e-04,-1.185583744287074717e-03
7.304118354696793707e-04,-7.124801415747261538e-04,5.359528092063785753e-04,-1.228163983335178473e-03,8.523311774446097958e-05,-1.127174493066922896e-03,-9.500575190429213016e-04,-4.257419272219593572e-04,-2.537687807633552542e-04,-1.228206482889252806e-03
6.713458806614522410e-04,-7.742180400970871288e-04,2.447891833313361456e-04,-1.255135631059808680e-03,-8.105650826029184991e-05,-1.019210170596135953e-03,-1.045995924767417675e-03,-4.375358048445428640e-04,-3.497071864878517362e-04,-1.278840219266089715e-03
6.096079821390912659e-04,-1.022099661646599759e-03,4.104045880617370650e-04,-1.353762931417190445e-03,1.551573997346572184e-04,-1.144395928963464837e-03,-1.043061482034479464e-03,-6.147761991003965806e-04,-3.683963847774997941e-04,-1.505337200009301910e-03
5.589742457622543566e-04,-1.237407320609920820e-03,6.466184960566861333e-04,-1.387940778175237406e-03,-2.208299452119649817e-05,-1.269581687330793721e-03,-1.203614381590363460e-03,-5.999469306452414989e-04,-3.877215153024714256e-04,-1.524662330534273542e-03
4.999082909540272270e-04,-1.314743841866242244e-03,6.495529387896243441e-04,-1.637708558234835399e-03,1.028688897921728766e-04,-1.320215423707630630e-03,-1.207989342681257527e-03,-8.141243401254698352e-04,-4.742757291279065110e-04,-1.464065398040701816e-03
7.361221989489762953e-04,-1.299058211358115542e-03,4.723125445337706275e-04,-1.877948660925927646e-03,-3.237871014048028170e-05,-1.425709713699927113e-03,-1.374278968686010356e-03,-3.045303496434708735e-04,-5.360136276502674860e-04,-1.448379767532575113e-03
6.854884625721393860e-04,-1.546939832907628064e-03,3.227508986051048348e-04,-1.712333256195526726e-03,-1.754944168532520006e-05,-1.512263927525362307e-03,-1.313682036192438630e-03,-4.214315926396543623e-04,-8.597676233988916410e-04,-1.212165859537626044e-03
4.214124511680043469e-04,-1.590070128318076936e-03,1.839604887049580599e-04,-1.546717851465125807e-03,-2.007764177713777711e-04,-1.637407012137968160e-03,-1.729795452355732850e-03,-6.711993726992522471e-04,-8.449383549437365594e-04,-1.046550454807225125e-03
3.537729116450742369e-04,-1.505790545638003870e-03,3.340602032997895023e-05,-1.310503943470176739e-03,1.754185043651274555e-04,-1.809178963034942418e-03,-1.493581544360783782e-03,-7.302653275074793768e-04,-9.945000008724023521e-04,-1.050925415898119192e-03
1.644932287299947279e-04,-1.583127066894325294e-03,2.696199283249280185e-04,-1.460065589398842640e-03,-3.988915459819371376e-05,-1.924406255329691885e-03,-1.659871170365536611e-03,-7.979048670304094868e-04,-9.788143703642756491e-04,-1.128261937154440616e-03
-1.873374735605784318e-05,-1.668354391975270749e-03,4.256255678320027772e-05,-1.649345272313922257e-03,-2.061787806029465433e-04,-2.073967901258357786e-03,-1.798661580265683386e-03,-8.742634444956743321e-04,-1.156054764620129474e-03,-1.300033888051414874e-03
-2.457911188977855840e-04,-1.718988128352107658e-03,1.559090905857006982e-05,-1.588748339820350531e-03,2.146774174615005129e-04,-2.078342862349251852e-03,-1.817986710790655018e-03,-6.380495365007252638e-04,-1.160429725711023541e-03,-1.327005535776045082e-03
-3.221496963630504293e-04,-1.112077702411941055e-03,1.812063137889709892e-04,-1.607437538109998589e-03,1.804995707034535513e-04,-2.090136739971835359e-03,-1.860325668931273133e-03,-4.018356285057761955e-04,-1.211063462087860450e-03,-1.618169161651087512e-03
-4.390509393592339181e-04,-5.051672764717744530e-04,1.038697925326494565e-04,-1.746227948010145364e-03,-1.979610387577313696e-04,-1.982172417501048417e-03,-1.958952969288654897e-03,-5.406260384059229703e-04,-1.230388592612832082e-03,-1.381955253656138444e-03
-5.349893450837304000e-04,-5.393451232298214146e-04,-6.241983347210337298e-05,-1.960405357490373809e-03,-2.570269935659584993e-04,-2.099073660497231906e-03,-1.978278099813626529e-03,-5.599511689308946018e-04,-1.390941492168716077e-03,-1.459291774912459868e-03
-5.536785433733784579e-04,-5.735229699878683762e-04,-1.300593729950334830e-04,-2.065899647482670291e-03,-3.739282365621419881e-04,-1.933458255766830986e-03,-2.167557782728706146e-03,-5.786403672205426597e-04,-1.529731902068862852e-03,-1.619844674468343647e-03
-6.496169490978749399e-04,-3.373090619929193078e-04,-4.577979031496041702e-05,-2.077693525105253798e-03,-5.021600194215343439e-04,-2.009816833232095940e-03,-1.641515359690470409e-03,-3.424264592255935914e-04,-1.293517994073913784e-03,-1.280126935197450867e-03
-7.361711629233100252e-04,-4.624948203602481916e-04,1.103335118982833127e-05,-2.183187815097550281e-03,-2.659461114265852756e-04,-2.014191794322990007e-03,-1.626686091235315327e-03,-5.694838307673213322e-04,-1.459807620078666613e-03,-1.314304781955497829e-03
-9.079431138202841752e-04,-4.595603776273099808e-04,-2.530426602143067078e-04,-2.017572410367149578e-03,-4.047365213267320504e-04,-2.011257351590052013e-03,-1.653657738959945535e-03,-4.445319464539519575e-04,-1.838268229539851643e-03,-1.298619151447371126e-03
-3.983491233382852135e-04,-4.788855081522816123e-04,-3.918330701144534826e-04,-1.851957005636748659e-03,-5.542981672553978431e-04,-2.088593872846373437e-03,-2.073273168893275276e-03,-4.885601782011374109e-04,-2.027547912454931260e-03,-1.548386931506968902e-03
-4.027240844291792802e-04,-5.957867511484651012e-04,-4.105222684041015405e-04,-2.159188579341940993e-03,-6.219377067783279532e-04,-2.165930394102694861e-03,-2.555109992257061091e-03,-5.751143920265724963e-04,-2.011862281946804557e-03,-1.582564778265015864e-03
-4.214132827188273381e-04,-6.464204875253020104e-04,-5.387540512634938963e-04,-2.193366426099988171e-03,-6.489093545029581611e-04,-2.216564130479531554e-03,-2.318896084262112023e-03,-4.094989872961715769e-04,-1.591006083882357501e-03,-1.416949373534614944e-03
-4.637522408594455621e-04,-6.887594456659202344e-04,-5.505479288860774031e-04,-2.289304831824484545e-03,-7.771411373623505169e-04,-2.258903088620149886e-03,-2.508175767177191640e-03,-5.600534556711506866e-04,-1.617977731606987709e-03,-9.960931754701678881e-04
-6.790598998227667313e-04,-5.364134955804467043e-04,-1.116477728056927948e-04,-2.490893363505338777e-03,-7.815160984532445836e-04,-2.473080498100378114e-03,-2.584534344642456377e-03,-3.238395476762016183e-04,-1.381763823612038641e-03,-1.007887053092751395e-03
-1.735380172971970857e-04,-5.981513941028076793e-04,-2.075861785301892767e-04,-2.726704832876790906e-03,-8.801433988106262393e-04,-2.491769696390025955e-03,-2.418918939912055241e-03,-3.669698430866505986e-04,-1.145549915617089572e-03,-1.050509791694929484e-03
-1.578523867890703827e-04,-5.375544616092359533e-04,-3.738758045349421062e-04,-2.746029963401762537e-03,-1.005329157177955231e-03,-2.727581165761478084e-03,-2.486558479434985459e-03,-4.443063643429721312e-04,-1.207287814139450547e-03,-6.296535936304824277e-04
-2.169183415972975124e-04,-6.139130390745007985e-04,-4.080536512929890678e-04,-2.773001611126392745e-03,-9.447322246843835054e-04,-2.888134065317361863e-03,-2.625348889335132017e-03,-3.874932228381833830e-04,-1.226612944664422179e-03,-6.414474712530659345e-04
-3.224126315895941034e-04,-6.480908858325477601e-04,-4.198475289155725746e-04,-2.962281294041472363e-03,-9.417977819514452946e-04,-2.938767801694198989e-03,-2.730843179327428500e-03,-5.537828488429362124e-04,-1.261349411119344014e-03,-8.685048427947936753e-04
-4.393138745857775923e-04,-8.143805118373005896e-04,-6.084034599217478037e-04,-2.980970492331120637e-03,-9.687694296760755025e-04,-2.881954660189410024e-03,-2.817397393152863694e-03,-6.155207473652971875e-04,-1.273143288741927521e-03,-9.967366256541860311e-04
-5.745614745184307506e-04,-8.261743894598840964e-04,-6.425813066797947653e-04,-3.216781961702572766e-03,-1.074263719668371985e-03,-2.867125391734255159e-03,-2.934298636149047183e-03,-1.059267568832982257e-04,-1.277518249832821588e-03,-1.157289525210070027e-03
-6.897887668131801086e-04,-9.513601478272129802e-04,-7.189398841450596106e-04,-3.156185029209001257e-03,-8.380498116734229168e-04,-2.864190949001316731e-03,-2.976921374751225272e-03,-2.211540491780475837e-04,-1.321546481580007041e-03,-5.503790992699034244e-04
-7.321277249537983325e-04,-9.936991059678310957e-04,-1.120294582048930081e-04,-3.252123434933497630e-03,-8.727862781283446435e-04,-2.627977041006367663e-03,-3.093822617747408760e-03,-3.077082630034826691e-04,-1.397905059045271778e-03,-5.773507469945336323e-04
-4.959138169588492642e-04,-1.070057683433095833e-03,-3.005853892110682372e-04,-3.329459956189819055e-03,-7.071708733979437242e-04,-2.462361636275966527e-03,-3.098197578838302827e-03,-3.418861097615296307e-04,-1.575145453301125386e-03,-5.205376054897448840e-04
-3.302984122284483449e-04,-1.074432644523989899e-03,-3.992126895684498930e-04,-3.468250366089965613e-03,-7.413487201559906857e-04,-2.481050834565614802e-03,-2.945851628752829514e-03,-2.208541690575145525e-04,-1.154289255236678330e-03,-5.796035602979720137e-04
-3.743266439756337983e-04,-1.058747014015863196e-03,-2.335972848380489736e-04,-3.583477658384715079e-03,-8.089882596789207958e-04,-2.244836926570665733e-03,-3.074083411612221761e-03,-1.705359845625596064e-05,-1.303850901165344231e-03,-5.227904187931832654e-04
-3.586410134675070954e-04,-1.043061383507736493e-03,-3.587403694506547183e-04,-3.670031872210150273e-03,-9.049266654034172777e-04,-2.241902483837727306e-03,-3.150441989077486498e-03,2.191603095386931077e-04,-1.138235496434943312e-03,-5.421155493181548969e-04
-4.438683385484526586e-04,-1.085400341648354826e-03,-2.507760469798677762e-04,-3.798263655069542520e-03,-9.489548971506027311e-04,-2.005688575842778237e-03,-2.984826584347085796e-03,-4.491570186544193138e-05,-1.224789710260378289e-03,-4.171636650047855222e-04
-5.398067442729491405e-04,-1.171954555473790020e-03,-4.113289465357516635e-04,-3.562049747074593452e-03,-9.759265448752329391e-04,-2.182928970098631846e-03,-3.035460320723922488e-03,5.088939970792109250e-05,-1.302126231516699713e-03,-5.037178788302206075e-04
-5.821457024135673645e-04,-1.156268924965663317e-03,-6.378259272789637505e-04,-3.580738945364241727e-03,-1.062480758700668024e-03,-1.946715062103682777e-03,-3.131398726448418861e-03,-4.504900601657538944e-05,-1.468415857521452542e-03,-3.381024740998196882e-04
-6.412116572217944942e-04,-1.241496250046608772e-03,-5.772289947853920244e-04,-3.705924703731570610e-03,-8.262668507057189561e-04,-2.052209352095979260e-03,-3.143192604071002368e-03,-2.343286889316548985e-04,-1.554970071346887736e-03,-4.768928839999664630e-04
-8.244386333078470653e-04,-1.218838766026002478e-03,-6.042006425100222324e-04,-3.740102550489617789e-03,-1.076034630765316732e-03,-1.967929769415906194e-03,-3.239131009795498742e-03,-2.186430584235281955e-04,-1.878724067095511891e-03,-5.386307825223274380e-04
-6.588232285774461459e-04,-1.269472502402839388e-03,-7.324324253694145881e-04,-3.774839016944539407e-03,-1.060349000257190030e-03,-2.002107616173953372e-03,-3.289764746172335434e-03,-3.904150093205023455e-04,-1.457867869031064835e-03,-6.774211924224742129e-04
-9.085910086370440307e-04,-1.033258594407890319e-03,-7.517575558943862197e-04,-3.852175538200860831e-03,-1.146903214082625223e-03,-1.836492211443552453e-03,-3.286830303439397007e-03,-3.061354266404292795e-04,-1.516933823839291965e-03,-6.817961535133682796e-04
-1.059145477012023249e-03,-1.283026374467488313e-03,-7.635514335169697265e-04,-3.326133115162625310e-03,-1.272046298695231076e-03,-1.921719536524498124e-03,-3.121214898708995870e-03,2.595759015134326518e-04,-1.622428113831588664e-03,-6.861711146042623463e-04
-8.935300722816223295e-04,-1.117410969737087393e-03,-8.141851698938066357e-04,-3.451318873529954194e-03,-1.035832390700282008e-03,-2.038620779520681613e-03,-3.165243130456181324e-03,1.243283015807794935e-04,-1.684166012353949639e-03,-8.367255829792414560e-04
-8.329331397880506034e-04,-1.193769547202352347e-03,-2.881427468555708979e-04,-3.666626532493275255e-03,-9.278680682294950660e-04,-2.329784405395724043e-03,-3.199420977214228502e-03,3.605422095757285618e-04,-1.702855210643597697e-03,-9.140621042355629887e-04
-8.373081008789446701e-04,-1.198144508293246414e-03,-3.746969606810059833e-04,-3.728364431015636013e-03,-6.916541602345459977e-04,-2.496074031400476873e-03,-3.324564061826834355e-03,3.165139778285431084e-04,-1.780191731899919121e-03,-1.030963347231746586e-03
-8.559972991685927280e-04,-9.619306002982973454e-04,-4.423365002039360934e-04,-3.732739392106530080e-03,-8.068814525292953557e-04,-2.481244762945322008e-03,-3.343253260116482196e-03,2.110196878362465174e-04,-1.684386630326556097e-03,-8.732510446155762260e-04
-8.746864974582407859e-04,-9.737244779208808522e-04,-6.086261262086889228e-04,-3.838233682098826562e-03,-8.492204106699135797e-04,-2.620035172845468566e-03,-3.393886996493318889e-03,5.634815369357165996e-05,-1.801287873322739586e-03,-9.984368029829051097e-04
-8.717520547253025751e-04,-1.189032136884201913e-03,-7.368579090680812786e-04,-4.116985282563805776e-03,-9.547147006622101707e-04,-2.559438240351897056e-03,-3.509114288788068355e-03,-6.883760467375722378e-05,-1.863025771845100561e-03,-1.060174701505266085e-03
-9.308180095335297048e-04,-1.231371095024820245e-03,-6.762609765745095525e-04,-4.242171040931134660e-03,-1.060208990654506762e-03,-2.556503797618958629e-03,-3.568180243596295702e-03,2.708801345971355561e-04,-1.882350902370072193e-03,-1.300414804196358548e-03
-9.501431400585013363e-04,-1.391923994580704024e-03,-8.778495082553636761e-04,-4.402723940487018872e-03,-1.110842727031343671e-03,-2.758092329299812861e-03,-3.644538821061560439e-03,2.367022878390885945e-04,-1.461494704305625137e-03,-1.134799399465957629e-03
-1.027479661314822761e-03,-1.641691774640301801e-03,-1.003035266622692451e-03,-4.538956905608368918e-03,-6.012487365493447092e-04,-2.863586619292109343e-03,-3.884778923752652685e-03,1.115165294717597108e-04,-1.725570715709760176e-03,-1.196537297988318604e-03
-1.104816182571144185e-03,-1.668663422364932009e-03,-8.780833823093230767e-04,-4.625511119433803678e-03,-7.508103824780105020e-04,-3.002377029192255901e-03,-3.788973822179289661e-03,3.515795200649486554e-05,-1.559955310979359256e-03,-1.321723056355647487e-03
-1.124141313096115816e-03,-1.783890714659681475e-03,-7.257374322238495466e-04,-4.018600693493637292e-03,-6.550052809046474781e-04,-3.061442984000482814e-03,-3.552759914184340593e-03,-7.033633798580172548e-05,-1.737195705235213081e-03,-1.585799067759782527e-03
-9.585259083657148970e-04,-2.077701677965159647e-03,-7.848033870320766762e-04,-3.411690267553470907e-03,-7.140712357128746078e-04,-3.309324605549995336e-03,-3.603393650561177719e-03,-2.535633140718542965e-04,-1.500981797240264013e-03,-1.528985926254993778e-03
-9.854975560903451049e-04,-2.145341217488089865e-03,-9.099891453994055600e-04,-3.246074862823069770e-03,-7.564101938534928318e-04,-3.424551897844744803e-03,-3.731625433420569966e-03,-2.506288713389160858e-04,-1.606476087232560496e-03,-1.547675124544641836e-03
-9.898725171812391716e-04,-1.979725812757689163e-03,-9.717270439217665350e-04,-3.250449823913963837e-03,-7.407245633453661288e-04,-3.579223431987419660e-03,-3.808961954676891391e-03,-3.561231613312126768e-04,-1.846716189923652742e-03,-1.646302424902023383e-03
-1.051610415703600147e-03,-2.227607434307201685e-03,-8.467751596083971603e-04,-3.312187722436324595e-03,-7.830635214859843528e-04,-3.873034395292897832e-03,-3.643346549946490688e-03,-5.224127873359655063e-04,-1.945343490281034506e-03,-1.806855324457907162e-03
-6.571006891952660498e-04,-2.393897060311954515e-03,-6.105612516134480919e-04,-3.146572317705923459e-03,-7.801290787530461420e-04,-3.636820487297948764e-03,-3.809636175951243518e-03,-5.411019856256135642e-04,-1.964668620806006138e-03,-1.570641416462958094e-03
-6.614756502861601165e-04,-2.412586258601602356e-03,-1.825486926506892336e-04,-3.197206054082760152e-03,-9.406819783089300294e-04,-3.680848719045134217e-03,-3.852258914553421607e-03,-6.693337684850059199e-04,-2.153948303721085755e-03,-1.604819263221005056e-03
-7.866614086534890003e-04,-2.480225798124532574e-03,-3.077344510180181174e-04,-3.247839790459596844e-03,-9.838122737193789012e-04,-3.677914276312196223e-03,-3.938813128378856367e-03,-8.298866680408898073e-04,-2.532408913182270568e-03,-1.666557161743366031e-03
-1.001969067616810278e-03,-2.514962264579454192e-03,-3.583681873948550266e-04,-3.474897162001324476e-03,-1.112044056578771149e-03,-3.764468490137631417e-03,-4.063998886746185250e-03,-1.044064077521118144e-03,-2.768220382553722696e-03,-1.816118807672031932e-03
-1.237780536988262407e-03,-2.730269923542775253e-03,-3.701620650174385335e-04,-3.600040246613930330e-03,-1.171110011386998278e-03,-3.881369733133814906e-03,-4.279306545709506311e-03,-8.078501695261690752e-04,-3.187835812487052438e-03,-2.232232223835325935e-03
-1.288414273365099316e-03,-2.945577582506096314e-03,-4.953478233847674172e-04,-3.847921868163442852e-03,-1.213448969527616394e-03,-3.756417848820445531e-03,-4.375244951434003118e-03,-1.223963585689463295e-03,-3.265172333743373862e-03,-2.189405094687339303e-03
-8.604017144023404576e-04,-2.779962177775695611e-03,-4.347508908911956911e-04,-3.852296829254336918e-03,-1.390689363783470002e-03,-3.818155747342806723e-03,-4.669055914739481290e-03,-1.243288716214434927e-03,-3.099556929012973160e-03,-2.186470651954401309e-03
-8.790909126919885155e-04,-2.839028132583922524e-03,-4.391258519820897578e-04,-3.948235234978833726e-03,-1.433028321924088334e-03,-3.822530708433700790e-03,-4.703233761497528469e-03,-1.305026614736795902e-03,-3.084727660557818295e-03,-2.170785021446274606e-03
-1.080679444372842531e-03,-2.865999780308552732e-03,-2.735104472516888385e-04,-3.712021326983884657e-03,-1.548255614218837801e-03,-3.401674510369253734e-03,-4.737411608255575647e-03,-1.701606365034224241e-03,-3.212959443417210542e-03,-2.005169616715873904e-03
-1.230241090301508432e-03,-2.700384375578152030e-03,-3.175386789988742919e-04,-3.872574226539768436e-03,-1.382640209488436881e-03,-3.516901802664003200e-03,-4.872659208188228480e-03,-1.826749449646830094e-03,-3.379249069421963372e-03,-2.009544577806767970e-03
-1.419520773216588049e-03,-2.817285618574335519e-03,-5.533501483703264206e-04,-3.811977294046196493e-03,-1.217024804758035962e-03,-3.593260380129267937e-03,-4.764694885717441972e-03,-1.845438647936478152e-03,-3.254297185108593997e-03,-1.843929173076367051e-03
-1.534748065511337516e-03,-2.664939668488862205e-03,-5.875279951283733822e-04,-3.646361889315795357e-03,-1.345256587617428209e-03,-3.620232027853898145e-03,-4.769069846808336038e-03,-1.984229057836624927e-03,-3.359791475100890479e-03,-1.848304134167261118e-03
-1.685302533886316734e-03,-2.058029242548695820e-03,-7.592999460253475321e-04,-3.630676258807668654e-03,-1.379434434375475171e-03,-3.835539686817219206e-03,-4.846406368064657896e-03,-2.185817589517479159e-03,-3.437127996357211904e-03,-1.612090226172312049e-03
-1.727925272488494823e-03,-1.548435252066696858e-03,-5.230860380303984638e-04,-3.819955941722748272e-03,-1.484928724367771870e-03,-3.599325778822270137e-03,-4.610192460069708828e-03,-2.324607999417626150e-03,-3.626407679272291521e-03,-2.028203642335606269e-03
-1.770264230629113155e-03,-1.698989720441676076e-03,-5.074004075222717609e-04,-3.854692408177669890e-03,-1.527267682508390203e-03,-3.765615404827022967e-03,-4.444577055339307692e-03,-2.459855599350279417e-03,-3.645732809797263153e-03,-2.242381051815834497e-03
-1.875758520621409638e-03,-1.696055277708737865e-03,-7.089889392031258845e-04,-3.889428874632591508e-03,-1.604604203764711627e-03,-3.800351871281944585e-03,-4.478754902097354870e-03,-2.546409813175714611e-03,-3.680469276252184771e-03,-2.478192521187286626e-03
-1.791158014087872305e-03,-1.715380408233709497e-03,-1.993949487211269227e-04,-3.924165341087513560e-03,-1.368390295769762559e-03,-3.859417826090171498e-03,-4.529388638474191563e-03,-2.580587659933761789e-03,-3.514853871521783635e-03,-2.312577116456885490e-03
-1.818129661812502513e-03,-1.930688067197030774e-03,-3.775726775802120544e-04,-3.720364770486254968e-03,-1.608630398460854805e-03,-3.936754347346493356e-03,-4.541182516096775069e-03,-2.807645031475489421e-03,-3.686625822418757893e-03,-2.411204416814267254e-03
-1.995370056068356338e-03,-1.915858798741875693e-03,-2.119572728498111350e-04,-3.859155180386401526e-03,-1.759184866835834023e-03,-4.013112924811758526e-03,-4.666325600709380489e-03,-2.467927292204596425e-03,-3.728964780559376226e-03,-1.901610426332268292e-03
-2.245137836127954114e-03,-1.750243394011474773e-03,-3.725101724056950224e-04,-3.984340938753730410e-03,-1.884327951448439877e-03,-4.074850823334119285e-03,-4.752879814534815249e-03,-2.526993247012823338e-03,-3.763142627317423404e-03,-2.090890109247347910e-03
-2.242203393395016120e-03,-1.939523076926554391e-03,-4.976532570183007671e-04,-4.109526697121059294e-03,-1.648114043453490808e-03,-4.241140449338872548e-03,-4.787616280989737301e-03,-2.470180105508034372e-03,-3.888328385684752288e-03,-2.219121892106740157e-03
-2.246578354485910187e-03,-1.878926144432982665e-03,-5.842074708437358524e-04,-4.171264595643420052e-03,-1.536908447612237664e-03,-4.226311180883717683e-03,-4.679651958518949925e-03,-2.886293521671328376e-03,-3.722712980954351152e-03,-2.324616182099036640e-03
-2.250953315576804253e-03,-1.642712236438033597e-03,-6.348412072205727617e-04,-4.075459494070057462e-03,-1.642402737604534146e-03,-4.331805470876014599e-03,-4.804837716886278809e-03,-2.883359078938389948e-03,-3.643174732666446501e-03,-2.420554587823533013e-03
-2.098607365491330506e-03,-1.676890083196080558e-03,-8.011308332253255912e-04,-4.117798452210675794e-03,-1.710042277127464365e-03,-4.271208538382443090e-03,-4.816631594508862316e-03,-2.717743674207988812e-03,-3.647549693757340568e-03,-2.454732434581580192e-03
-2.346488987040843029e-03,-1.511274678465679639e-03,-8.517645696021625005e-04,-3.952183047480274658e-03,-1.887282671383317973e-03,-4.332946436904803848e-03,-4.858970552649480648e-03,-2.481529766213039744e-03,-3.522597809443971193e-03,-2.411905305433593560e-03
-2.358282864663426535e-03,-1.738332050007407488e-03,-6.155506616072134321e-04,-4.118472673485027921e-03,-1.721667266652917054e-03,-4.428884842629300655e-03,-5.060559084330334446e-03,-2.606672850825645597e-03,-3.556775656202017938e-03,-2.507843711158089933e-03
-2.475184107659610024e-03,-1.834270455731903861e-03,-7.873226125041875821e-04,-4.284762299489781184e-03,-1.961907369344009517e-03,-4.506221363885622513e-03,-5.064934045421228513e-03,-1.999762424885478777e-03,-3.496178723708446429e-03,-2.636075494017482181e-03
-2.542823647182540243e-03,-1.846064333354487368e-03,-6.349766624187140520e-04,-4.296556177112364691e-03,-2.100697779244156509e-03,-4.518015241508206020e-03,-5.091905693145859155e-03,-1.834147020155077858e-03,-3.326944744972015582e-03,-2.883957115566994703e-03
-2.593457383559377369e-03,-1.888687071956665457e-03,-3.987627544237649837e-04,-4.235959244618793182e-03,-2.199325079601538273e-03,-4.577081196316432933e-03,-5.281185376060938338e-03,-1.884780756531914767e-03,-3.361681211426937200e-03,-2.903282246091966334e-03
-2.833697486250469615e-03,-1.984625477681161831e-03,-6.466443759732775059e-04,-4.254648442908441457e-03,-2.183639449093411570e-03,-4.638819094838793691e-03,-4.941467636790045775e-03,-1.952420296054844986e-03,-3.478582454423120689e-03,-3.063835145647850113e-03
-2.950598729246653104e-03,-2.150915103685914660e-03,-6.889833341138957299e-04,-4.251714000175503029e-03,-2.385227980774265802e-03,-4.031908668898627306e-03,-4.983806594930664108e-03,-2.048358701779341359e-03,-3.513318920878042307e-03,-3.235607096544824372e-03
-3.027935250502974528e-03,-2.193537842288092749e-03,-8.172151169732880856e-04,-4.015500092180553961e-03,-2.510413739141594686e-03,-4.160140451758019553e-03,-4.747592686935715039e-03,-2.110096600301702117e-03,-3.517693881968936374e-03,-3.320834421625769826e-03
-3.217214933418054146e-03,-2.227715689046139494e-03,-8.015294864651613827e-04,-4.034825222705525592e-03,-2.522207616764178192e-03,-4.145311183302864688e-03,-4.511378778940765971e-03,-2.137068248026332325e-03,-3.392741997655566999e-03,-3.363173379766388159e-03
-3.267848669794890838e-03,-2.286781643854366407e-03,-8.788660077214829154e-04,-3.695107483434633029e-03,-2.608761830589613386e-03,-4.270496941670193572e-03,-4.961824521796482854e-03,-2.587513990882048774e-03,-2.998232271147233119e-03,-3.488359138133717043e-03
-3.482026079275119066e-03,-2.305470842144014681e-03,-6.426520997265338471e-04,-3.634510550941061520e-03,-2.635733478314243594e-03,-4.209900009176622063e-03,-5.078725764792665909e-03,-2.351300082887099706e-03,-3.084786484972668313e-03,-3.654648764138469872e-03
-3.559362600531440490e-03,-2.302536399411076254e-03,-7.385905054510303290e-04,-3.785065019316040738e-03,-2.712092055779508331e-03,-4.195070740721467198e-03,-5.112903611550713087e-03,-2.437854296712534900e-03,-3.171340698798103507e-03,-3.418434856143520804e-03
-3.694610200464093757e-03,-2.066322491416127186e-03,-8.668222883104226848e-04,-3.619449614585639602e-03,-2.723885933402091838e-03,-3.958856832726518130e-03,-5.263458079925692305e-03,-2.745085870417727017e-03,-3.075535597224740483e-03,-3.584724482148273633e-03
-3.781164414289528951e-03,-1.830108583421178117e-03,-9.820495806051720428e-04,-3.453834209855238466e-03,-2.959697402773543966e-03,-4.109411301101497348e-03,-5.162962012987137514e-03,-2.934365553332806634e-03,-3.171474002949236856e-03,-3.875888108023316063e-03
-3.848803953812459169e-03,-2.007348977677031725e-03,-1.000738778894820101e-03,-3.458209170946132532e-03,-2.723483494778594898e-03,-3.943795896371096212e-03,-5.102365080493566005e-03,-2.424771562850807673e-03,-3.005858598218835720e-03,-3.926521844400152755e-03
-3.612590045817510101e-03,-2.105976278034413490e-03,-1.035475245349741936e-03,-3.462584132037026599e-03,-2.851715277637987146e-03,-4.079043496303749045e-03,-4.866151172498616936e-03,-2.259156158120406536e-03,-3.232915969760563352e-03,-3.985587799208379668e-03
-3.763144514192489319e-03,-2.192530491859848683e-03,-1.201764871354494765e-03,-3.122866392766134036e-03,-2.910781232446214492e-03,-4.233715030446423902e-03,-4.910179404245802390e-03,-2.374383450415156003e-03,-3.361147752619955600e-03,-3.997381676830963175e-03
-3.760210071459550892e-03,-2.419027472603060662e-03,-1.198830428621556555e-03,-3.349923764307861668e-03,-2.401187241964215530e-03,-4.230780587713485474e-03,-5.087419798501656432e-03,-2.208768045684755300e-03,-3.437506330085220337e-03,-4.122524761443568594e-03
-3.865704361451847374e-03,-2.182813564608111594e-03,-1.344814288272785149e-03,-3.488714174208008660e-03,-2.462925140486576722e-03,-4.065165182983084338e-03,-4.851205890506707363e-03,-2.043152640954354164e-03,-3.449300207707803843e-03,-4.173158497820405287e-03
-4.037476312348821199e-03,-2.225152522748729926e-03,-1.356608165895368655e-03,-3.539347910584845353e-03,-2.448095872031421857e-03,-4.161103588707581145e-03,-4.869895088796355638e-03,-2.139091046678850538e-03,-3.615589833712556673e-03,-4.215497455961023619e-03
-4.041851273439715266e-03,-1.715558532266730964e-03,-1.443162379720803849e-03,-3.029753920102846391e-03,-2.490434830172040190e-03,-4.053139266236793770e-03,-4.866960646063417210e-03,-2.305380672683603367e-03,-3.650326300167478291e-03,-4.291856033426288790e-03
-3.933886950968927890e-03,-1.742530179991361172e-03,-1.581952789620950624e-03,-3.073782151850031844e-03,-2.656724456176793019e-03,-4.130475787493115628e-03,-4.701345241333016074e-03,-2.373020212206533586e-03,-3.043415874227311906e-03,-4.417041791793617674e-03
-4.011223472225249748e-03,-2.049761753696553723e-03,-1.624575528223128713e-03,-2.645769592887273203e-03,-2.752662861901289393e-03,-3.964860382762714491e-03,-4.787899455158450834e-03,-1.852947720211781026e-03,-3.077593720985359084e-03,-4.484681331316547892e-03
-3.775009564230300679e-03,-1.884146348966152804e-03,-1.839883187186449991e-03,-2.437016998011531238e-03,-2.837890186982234848e-03,-3.728646474767765423e-03,-4.965139849414304876e-03,-1.792350787718209300e-03,-3.216384130885505642e-03,-4.661921725572401934e-03
-3.609394159499899543e-03,-1.647932440971203736e-03,-1.938510487543831755e-03,-2.664074369553258870e-03,-2.976680596882381839e-03,-3.733021435858659490e-03,-5.100387449346957709e-03,-1.851416742526436430e-03,-2.971766010741145637e-03,-4.696658192027323986e-03
-3.694621484580844998e-03,-1.227076242906756679e-03,-2.025064701369266949e-03,-2.621247240405272239e-03,-2.467086606400382878e-03,-4.183467178714376372e-03,-5.272159400243931968e-03,-1.265593293769247830e-03,-3.132318910297029416e-03,-4.857211091583208198e-03
-3.944389264640442774e-03,-9.908623349118076112e-04,-2.101423278834531685e-03,-2.698583761661593663e-03,-2.595318389259775125e-03,-4.202792309239348004e-03,-5.176354298670568510e-03,-1.341951871234512567e-03,-3.292871809852913195e-03,-4.901239323330393652e-03
-3.928703634132316505e-03,-8.252469301814066918e-04,-2.251977747209510904e-03,-2.946465383211106185e-03,-2.720504147627104009e-03,-4.386019285325400141e-03,-5.274981599027950274e-03,-1.376688337689434185e-03,-3.312196940377884827e-03,-4.480383125265946162e-03
-4.006040155388638363e-03,-8.439361284710547497e-04,-2.249043304476572476e-03,-2.965154581500754026e-03,-2.898681876486189357e-03,-4.343192156177413943e-03,-5.259295968519824005e-03,-1.526249983618100086e-03,-3.652950261929284546e-03,-4.531016861642782854e-03
-4.456485898244355245e-03,-1.045524660151908765e-03,-2.276014952201202684e-03,-3.015788317877590718e-03,-3.004176166478485840e-03,-4.650423729882606494e-03,-5.566527542225016556e-03,-1.290036075623151018e-03,-3.703583998306121672e-03,-4.550341992167754486e-03
-4.561980188236652162e-03,-1.062255601509949285e-03,-2.477603483882056916e-03,-3.102342531703025912e-03,-3.400755916775913962e-03,-4.865731388845927555e-03,-5.672021832217313472e-03,-1.467276469879004626e-03,-3.820485241302305161e-03,-4.699903638096420387e-03
-4.612613924613488854e-03,-1.080944799799597343e-03,-2.583097773874353398e-03,-3.207836821695322395e-03,-3.427727564500544170e-03,-5.244191998307112801e-03,-5.748380409682578643e-03,-1.451590839370877923e-03,-3.871118977679142287e-03,-4.591939315625633011e-03
-4.674351823135849612e-03,-7.412270605287045629e-04,-2.650737313397283617e-03,-3.323064113990071861e-03,-3.495367104023474388e-03,-5.278369845065159979e-03,-5.752755370773472710e-03,-1.448656396637939712e-03,-3.938758517202072505e-03,-4.634278273766251344e-03
-4.522005873050375865e-03,-7.754049072867515244e-04,-2.718376852920213835e-03,-3.357800580444993480e-03,-3.591305509747970762e-03,-5.444659471069913242e-03,-5.779727018498102484e-03,-1.525992917894261353e-03,-3.935824074469134078e-03,-4.677408569176700649e-03
-4.572639609427212558e-03,-9.907125662500728021e-04,-2.661563711415425304e-03,-3.434159157910258216e-03,-3.650371464556197675e-03,-5.521995992326235100e-03,-5.806698666222732258e-03,-1.465395985400689627e-03,-4.013160595725455936e-03,-4.816198979076847207e-03
-4.707887209359865391e-03,-1.024890413008119764e-03,-2.712197447792261996e-03,-3.594712057466141995e-03,-3.634685834048070972e-03,-5.318195421724976509e-03,-5.934930449082124505e-03,-1.631685611405442457e-03,-4.055499553866074268e-03,-4.944430761936239455e-03
-5.086347818821050637e-03,-9.820632838601331318e-04,-2.716572408883156063e-03,-3.722943840325534243e-03,-3.619000203539944269e-03,-5.152580016994575372e-03,-5.939305410173018572e-03,-1.574872469900653708e-03,-4.172400796862258190e-03,-5.059658054230988487e-03
-5.252637444825803900e-03,-1.043801182382494107e-03,-2.775638363691382976e-03,-3.557328435595133106e-03,-3.638325334064915900e-03,-5.267807309289324405e-03,-5.831341087702231196e-03,-1.594197600425625340e-03,-4.223034533239094883e-03,-5.174885346525737520e-03
-5.271962575350775532e-03,-1.087829414129679560e-03,-2.787432241313966483e-03,-3.643882649420568300e-03,-3.815565728320769508e-03,-5.363745715013821212e-03,-5.917895301527665956e-03,-1.671534121681946764e-03,-4.383587432794979095e-03,-5.194210477050709152e-03
-5.314301533491393864e-03,-8.432112939853193389e-04,-2.873986455139401677e-03,-3.478267244690167598e-03,-3.858188466922947597e-03,-5.502536124913967770e-03,-6.119483833208519755e-03,-1.698505769406576972e-03,-4.549877058799731491e-03,-5.228946943505631204e-03
-5.730414949654687867e-03,-9.391496997098158208e-04,-2.951322976395723101e-03,-3.242053336695218529e-03,-3.954126872647444405e-03,-5.487706856458812905e-03,-6.062670691703730790e-03,-1.749139505783413881e-03,-4.569202189324703123e-03,-5.357178726365023451e-03
-5.792152848177048625e-03,-7.814373970936454609e-04,-3.028659497652044525e-03,-2.902335597424325966e-03,-3.788511467917043268e-03,-5.723518325830265034e-03,-6.322797435333551985e-03,-1.583524101053012962e-03,-4.985315605487997126e-03,-5.523468352369775847e-03
-5.811477978702020257e-03,-1.122190718645045071e-03,-3.047348695941692366e-03,-2.969975136947256185e-03,-3.622896063186642132e-03,-5.808745650911210923e-03,-6.408024760414497874e-03,-1.719757066174362574e-03,-5.090809895480294042e-03,-5.527843313460669913e-03
-5.808543535969081829e-03,-8.859768106500960031e-04,-2.811134787946743298e-03,-3.047311658203577609e-03,-3.641585261476290407e-03,-5.842923497669258101e-03,-6.506652060771879638e-03,-1.858547476074509349e-03,-5.292398427161147841e-03,-5.821654276766148085e-03
-5.867609490777308742e-03,-9.725310244755310885e-04,-2.878774327469673516e-03,-3.152805948195874092e-03,-3.676321727931212025e-03,-5.877659964124180153e-03,-6.523383002129920158e-03,-1.870341353697092856e-03,-5.528209896532599969e-03,-5.971215922694813986e-03
-5.631395582782359674e-03,-1.048889601940795934e-03,-3.039327227025557295e-03,-3.164599825818457599e-03,-3.761549053012157480e-03,-5.708425985387749306e-03,-6.357767597399519022e-03,-1.987242596693276561e-03,-4.962498568378738255e-03,-5.805600517964412850e-03
-5.674018321384538197e-03,-1.177121384800188398e-03,-3.228606909940636913e-03,-2.824882086547565035e-03,-3.773342930634740987e-03,-5.897705668302828490e-03,-6.425407136922449240e-03,-2.083181002417772935e-03,-5.061125868736120019e-03,-5.856234254341249543e-03
-5.678393282475432263e-03,-1.294022627796371887e-03,-3.464418379312089041e-03,-2.883948041355791948e-03,-3.785136808257324494e-03,-6.058258567858712702e-03,-6.444096335212097515e-03,-2.094974880040356442e-03,-5.186311627103448903e-03,-6.234694863802434789e-03
-5.795294525471615318e-03,-1.057808719801422818e-03,-3.569912669304385524e-03,-2.902637239645440223e-03,-3.862473329513645918e-03,-6.015431438710725637e-03,-6.633376018127176699e-03,-2.129152726798403186e-03,-5.190686588194342969e-03,-6.400984489807188052e-03
-5.807088403094198825e-03,-1.247088402716502436e-03,-3.620546405681222650e-03,-2.393043249163441261e-03,-4.028762955518398747e-03,-6.092767959967047495e-03,-6.772166428027323257e-03,-2.196792266321333405e-03,-5.175000957686215833e-03,-6.061266750536295489e-03
-5.641472998363797689e-03,-1.314727942239432654e-03,-3.384332497686273582e-03,-2.570283643419294869e-03,-4.062940802276445926e-03,-5.527056631813185780e-03,-6.986343837507551918e-03,-2.201167227412227471e-03,-5.280495247678512749e-03,-6.238507144792149531e-03
-5.475857593633396553e-03,-1.149112537509031735e-03,-3.434966234063110274e-03,-2.730836542975178648e-03,-4.006127660771656961e-03,-5.604393153069507638e-03,-7.236111617567150128e-03,-2.205542188503121538e-03,-5.405681006045841633e-03,-6.399060044348033743e-03
-5.519885825380582006e-03,-1.024160653195662360e-03,-3.573756643963256832e-03,-2.716007274520023350e-03,-4.048466618912275293e-03,-5.672032692592437857e-03,-7.286745353943986821e-03,-2.355103834431787439e-03,-5.448019964186459965e-03,-6.162846136353084675e-03
-5.581623723902942764e-03,-8.585452484652614409e-04,-3.578131605054150899e-03,-2.550391869789622214e-03,-4.082644465670322471e-03,-5.244020133629678782e-03,-7.453034979948739217e-03,-2.472005077427970928e-03,-5.586810374086606523e-03,-6.364434668033938473e-03
-5.668177937728377525e-03,-9.202831469876224160e-04,-3.693358897348900365e-03,-2.655886159781918696e-03,-4.144382364192683230e-03,-4.637109707689512396e-03,-7.216821071953790148e-03,-2.600236860287363175e-03,-5.741481908229281381e-03,-6.514989136408917692e-03
-5.247321739663930035e-03,-9.709168833644593252e-04,-3.677673266840773662e-03,-2.419672251786969628e-03,-4.358559773672911891e-03,-4.826389390604591580e-03,-7.366382717882456049e-03,-2.442524557671192816e-03,-5.753275785851864887e-03,-6.643220919268309939e-03
-5.266010937953578309e-03,-1.137206509369212155e-03,-3.925554888390286185e-03,-2.487311791309899846e-03,-4.122345865677962823e-03,-4.660773985874190443e-03,-7.200767313152054913e-03,-2.461213755960841090e-03,-5.787453632609912066e-03,-6.661910117557958214e-03
-5.432300563958330705e-03,-1.233144915093708528e-03,-3.993194427913216403e-03,-2.426714858816327904e-03,-4.337653524641283884e-03,-4.695510452329112495e-03,-7.325910397764660333e-03,-2.445528125452714387e-03,-5.791828593700806133e-03,-6.902150220249050894e-03
-5.459272211682960479e-03,-1.292210869901935658e-03,-4.052260382721443316e-03,-2.190500950821378835e-03,-3.997935785370391321e-03,-4.529895047598711359e-03,-7.368249355905278665e-03,-2.442593682719776393e-03,-6.041596373760404343e-03,-6.427080358853078275e-03
-5.660860743363814278e-03,-1.304004747524519165e-03,-4.009433253573457118e-03,-2.038155000735905088e-03,-3.832320380639990184e-03,-4.615122372679657248e-03,-7.604060825276730794e-03,-2.620771411578861308e-03,-5.805382465765455274e-03,-6.552266117220407159e-03
-5.722598641886175036e-03,-1.308379708615413231e-03,-4.071171152095817876e-03,-2.049948878358488595e-03,-3.596106472645041116e-03,-4.105528382197657852e-03,-7.631032473001361435e-03,-3.102608234942647123e-03,-5.881741043230720445e-03,-6.779323488762135225e-03
-5.911878324801254220e-03,-1.385716229871734873e-03,-4.115199383843003329e-03,-2.127285399614810019e-03,-3.724338255504433363e-03,-4.192082596023092612e-03,-7.922196098876402998e-03,-3.263161134498530902e-03,-6.006926801598049329e-03,-6.543109580767186156e-03
-5.896192694293127951e-03,-1.428846525282183744e-03,-3.878985475848054261e-03,-2.223223805339306393e-03,-3.571992305418959616e-03,-4.317268354390421496e-03,-8.027690388868699914e-03,-3.349715348323966096e-03,-6.065992756406276241e-03,-6.306895672772237088e-03
-5.955258649101354863e-03,-9.192525348001847826e-04,-3.938051430656281174e-03,-2.300560326595627817e-03,-3.606170152177006795e-03,-4.335957552680069771e-03,-8.070029347009318246e-03,-3.673469344072590251e-03,-6.151220081487222130e-03,-6.598059298647279518e-03
-6.060752939093651780e-03,-1.015190940524681156e-03,-4.127331113571360358e-03,-2.477800720851481425e-03,-3.521890569496933729e-03,-4.471205152612722604e-03,-7.463118921069151861e-03,-3.437255436077641182e-03,-6.026268197173853189e-03,-7.048505041502996400e-03
-6.138089460349973638e-03,-1.026984818147264663e-03,-4.277885581946339576e-03,-2.312185316121080289e-03,-3.540579767786582004e-03,-4.515233384359908057e-03,-7.711000542618664383e-03,-3.652563095040962243e-03,-6.053239844898482963e-03,-7.147132341860378164e-03
-5.901875552355024569e-03,-1.086050772955491793e-03,-4.479474113627193374e-03,-2.075971408126131221e-03,-3.706869393791334833e-03,-4.650480984292560890e-03,-7.938057914160391582e-03,-3.649628652308023816e-03,-6.112305799706709876e-03,-7.296693987789044065e-03
-5.665661644360075501e-03,-1.211236531322820676e-03,-4.463788483119067105e-03,-2.174598708483512985e-03,-3.890096369877387404e-03,-4.718120523815491109e-03,-7.949851791782975088e-03,-3.774771736920629669e-03,-6.251096209606856434e-03,-7.381921312869989954e-03
-5.684986774885047132e-03,-1.272974429845181651e-03,-4.460854040386128677e-03,-2.114001775989941476e-03,-4.015282128244716288e-03,-4.777186478623718022e-03,-7.961645669405558595e-03,-3.714174804427057726e-03,-6.389886619507002992e-03,-7.178120742268731362e-03
-5.704311905410018764e-03,-1.257288799337054949e-03,-4.528493579909058896e-03,-2.173067730798168389e-03,-4.216870659925570086e-03,-4.720373337118929057e-03,-8.003984627546176928e-03,-3.699345535971902861e-03,-6.416858267231633633e-03,-7.344410368273483758e-03
-5.789539230490964652e-03,-1.307922535713891858e-03,-4.764305049280511024e-03,-2.271695031155550153e-03,-4.322364949917867002e-03,-4.788012876641859275e-03,-7.838369222815775791e-03,-3.834593135904556128e-03,-6.435547465521281908e-03,-7.178794963543082622e-03
-5.823717077249011831e-03,-1.326611734003539916e-03,-4.782994247570159299e-03,-2.358249244980985346e-03,-4.471926595846532904e-03,-5.003320535605180336e-03,-7.880708180956394124e-03,-3.984154781833221595e-03,-6.432613022788343481e-03,-7.221417702145261144e-03
-5.973278723177677732e-03,-1.353583381728170124e-03,-4.949283873574912562e-03,-2.362624206071879413e-03,-4.306311191116131767e-03,-4.942723603111608827e-03,-8.063935157042446261e-03,-3.995948659455805102e-03,-6.582174668717009382e-03,-7.055802297414860008e-03
-6.007456569935724910e-03,-1.593823484419262370e-03,-4.968609004099884194e-03,-2.653787831946921843e-03,-4.356944927492968460e-03,-5.020060124367930685e-03,-8.131574696565375612e-03,-3.759734751460856034e-03,-6.632808405093846074e-03,-6.852178929614514274e-03
-6.026145768225373185e-03,-1.254105745148369590e-03,-5.055163217925318954e-03,-2.488172427216521140e-03,-4.715198513019372081e-03,-5.039385254892902316e-03,-8.199214236088304963e-03,-3.895967716582205646e-03,-6.572211472600274565e-03,-7.334015752978299656e-03
-5.789931860230424117e-03,-1.296444703288987706e-03,-5.290974687296771083e-03,-2.593666717208817623e-03,-4.734523643544343713e-03,-5.116721776149224174e-03,-8.276550757344626821e-03,-3.930704183037127264e-03,-6.584005350222858072e-03,-7.360987400702930297e-03
-5.979211543145503301e-03,-1.235847770795415980e-03,-5.406201979591520115e-03,-3.013282147142147364e-03,-4.673926711050772204e-03,-5.293962170405078216e-03,-8.352909334809891992e-03,-3.947435124395167784e-03,-6.712237133082250319e-03,-7.265182299129566840e-03
-5.918614610651931791e-03,-1.322401984620850957e-03,-5.825817409524850291e-03,-3.017657108233041431e-03,-4.735664609573132962e-03,-5.529773639776530345e-03,-8.567086744290120653e-03,-4.086225534295314342e-03,-6.771303087890477232e-03,-7.370676589121863756e-03
-5.861801469147142826e-03,-1.373035720997687866e-03,-6.015097092439929474e-03,-3.094993629489362855e-03,-4.797402508095493720e-03,-5.372061337160359551e-03,-8.611114976037306107e-03,-4.145291489103541255e-03,-6.896446172503082651e-03,-7.390001719646835388e-03
-5.986944553759748246e-03,-1.312438788504116140e-03,-6.186869043336903733e-03,-3.156731528011724047e-03,-4.801777469186387787e-03,-5.311464404666788042e-03,-8.696342301118251128e-03,-4.180027955558463307e-03,-6.915771303028054283e-03,-7.153787811651886319e-03
-5.380034127819581860e-03,-1.255625646999327391e-03,-6.422680512708355861e-03,-3.306293173940389948e-03,-4.863515367708748545e-03,-5.295778774158661772e-03,-8.715667431643222759e-03,-3.759171757494016251e-03,-6.974837257836281196e-03,-7.278930896264491739e-03
-5.143820219824632792e-03,-1.546789272874369821e-03,-6.484418411230716620e-03,-2.699382748000223563e-03,-4.939873945174013715e-03,-5.307572651781245279e-03,-8.615171364704667101e-03,-3.634219873180646876e-03,-7.080331547828578112e-03,-6.769336905782493211e-03
-5.148195180915526858e-03,-1.589128231014987937e-03,-6.656190362127690878e-03,-2.761120646522584321e-03,-4.703660037179064647e-03,-5.383931229246510450e-03,-8.781460990709420364e-03,-3.646013750803230383e-03,-7.064645917320451843e-03,-6.708739973288921701e-03
-5.426946781380506506e-03,-1.853204242419122976e-03,-6.754817662485072642e-03,-2.896368246455237588e-03,-4.708034998269958714e-03,-5.470485443071945210e-03,-8.840526945517648144e-03,-3.751508040795526865e-03,-6.724928178049559280e-03,-6.770477871811282460e-03
-5.412117512925351641e-03,-2.019493868423876022e-03,-6.789554128939994694e-03,-2.730752841724836885e-03,-4.868587897825842926e-03,-5.595671201439274094e-03,-9.054704354997876806e-03,-3.838062254620962059e-03,-6.759106024807606458e-03,-6.804655718569329638e-03
-5.439089160649982282e-03,-2.003808237915749319e-03,-6.876108342765429454e-03,-2.807111419190101622e-03,-4.702972493095441790e-03,-5.682225415264708854e-03,-8.889088950267475669e-03,-3.963248012988290943e-03,-6.835464602272871629e-03,-6.965208618125213851e-03
-4.929495170167982887e-03,-2.099746643640245693e-03,-6.937846241287790212e-03,-2.826436549715073254e-03,-4.466758585100492722e-03,-5.516610010534307718e-03,-8.923266797025522848e-03,-3.797632608257889807e-03,-6.847258479895455135e-03,-7.007547576265832183e-03
-5.118774853083062071e-03,-2.142085601780864025e-03,-7.104135867292542608e-03,-2.660821144984672551e-03,-4.500936431858539900e-03,-5.651857610466960551e-03,-8.757651392295121712e-03,-3.816321806547538081e-03,-6.972444238262784019e-03,-6.991861945757705046e-03
-5.161113811223680403e-03,-2.160774800070512300e-03,-7.108510828383436675e-03,-2.722559043507033309e-03,-4.629168214717932148e-03,-5.915933621871095373e-03,-8.825290931818051063e-03,-3.892680384012802818e-03,-7.034182136785144777e-03,-7.193450477438558845e-03
-5.195850277678602455e-03,-2.247329013895947494e-03,-7.285751222639290717e-03,-2.570213093421559562e-03,-4.754353973085261031e-03,-5.927727499493678880e-03,-8.859468778576098241e-03,-3.926858230770849563e-03,-7.261239508326872844e-03,-7.236073216040736500e-03
-4.756950121598217847e-03,-2.244394571163009500e-03,-7.370978547720236605e-03,-2.589538223946531194e-03,-4.766147850707844538e-03,-5.995367039016609098e-03,-9.025758404580851504e-03,-4.004194752027171421e-03,-7.427529134331626107e-03,-7.070457811310335364e-03
-4.862444411590514763e-03,-2.008180663168060431e-03,-7.486205840014985638e-03,-2.079944233464532232e-03,-4.763213407974906111e-03,-6.029544885774656277e-03,-8.868046101964680711e-03,-3.767980844032222353e-03,-7.566319544231772665e-03,-7.132195709832696122e-03
-4.938802989055779934e-03,-2.385293607574716802e-03,-7.646758739570869851e-03,-2.114122080222578977e-03,-4.912775053903572012e-03,-6.195834511779409540e-03,-8.872421063055574778e-03,-3.854535057857657546e-03,-7.609449839642221970e-03,-7.174818448434873777e-03
-4.510790430093020859e-03,-2.452933147097647020e-03,-7.586161807077298341e-03,-2.118497041313473044e-03,-4.971841008711798925e-03,-6.043488561693935793e-03,-8.997606821422903661e-03,-3.930893635322922283e-03,-7.651788797782840303e-03,-7.261372662260308537e-03
-4.588126951349342716e-03,-2.449998704364709026e-03,-7.701389099372047374e-03,-2.152674888071520222e-03,-4.846889124398429116e-03,-6.040554118960997365e-03,-9.065246360945833012e-03,-3.694679727327973215e-03,-7.415574889787891234e-03,-7.204559520755519572e-03
-4.573297682894187852e-03,-2.627239098620562634e-03,-7.826532183984652793e-03,-1.731818690007073166e-03,-4.952383414390726032e-03,-5.804340210966048297e-03,-9.132885900468762364e-03,-3.973431327792952862e-03,-7.566129358162870452e-03,-7.393839203670598756e-03
-4.678791972886484768e-03,-2.669861837222740723e-03,-8.204992793445838040e-03,-1.892371589562956945e-03,-4.971072612680374307e-03,-5.900278616690545104e-03,-8.896671992473813295e-03,-3.807815923062551726e-03,-7.400513953432469316e-03,-7.571079597926452798e-03
-4.697481171176133043e-03,-2.728927792030967636e-03,-8.621106209609132043e-03,-1.988309995287453318e-03,-5.387186028843668310e-03,-6.049840262619211005e-03,-8.660458084478864227e-03,-3.571602015067602658e-03,-7.468153492955399535e-03,-7.405464193196051662e-03
-4.741509402923318496e-03,-2.771266750171585969e-03,-8.787395835613885306e-03,-2.065646516543774742e-03,-5.448923927366029069e-03,-6.092179220759829338e-03,-8.664833045569758294e-03,-3.648938536323924082e-03,-7.573647782947696451e-03,-7.417258070818635168e-03
-4.738574960190380068e-03,-2.245224327133350448e-03,-8.447678096342992743e-03,-2.008833375038985777e-03,-5.650512459046882867e-03,-6.209080463756013260e-03,-8.499217640839357157e-03,-3.691277494464542414e-03,-7.617676014694881904e-03,-7.556048480718781726e-03
-4.806214499713310287e-03,-2.370410085500679331e-03,-8.008777940262609002e-03,-2.175123001043738607e-03,-5.566232876366809801e-03,-6.458848243815611470e-03,-8.541556598979975490e-03,-3.758917033987472633e-03,-7.644647662419512546e-03,-7.642602694544216486e-03
-5.183327444119967091e-03,-2.134196177505730263e-03,-8.387238549723794248e-03,-2.236860899566099799e-03,-5.814114497916322323e-03,-6.455913801082673042e-03,-8.583895557120593822e-03,-4.022993045391607889e-03,-7.794209308348178447e-03,-7.757829986838965519e-03
-5.288821734112264007e-03,-1.897982269510781195e-03,-8.637006329783392458e-03,-2.451038309046328027e-03,-5.858142729663507776e-03,-6.490650267537595094e-03,-8.772451488126768726e-03,-3.457281717237746174e-03,-7.813534438873150079e-03,-7.947109669754044703e-03
-5.405722977108447930e-03,-2.003476559503077677e-03,-8.671742796238314510e-03,-2.485774775501249645e-03,-5.877467860188479408e-03,-6.618882050396987342e-03,-8.756765857618642457e-03,-3.221067809242797106e-03,-7.881173978396079430e-03,-7.981846136208966755e-03
-5.449751208855633383e-03,-2.251358181052590200e-03,-8.722376532615152070e-03,-2.528905070911698517e-03,-5.641253952193530340e-03,-6.866763671946499864e-03,-8.753831414885704029e-03,-3.263406767383415438e-03,-7.958510499652401288e-03,-8.008817783933596529e-03
-5.574894293468238803e-03,-2.270683311577561831e-03,-8.756554379373199248e-03,-2.514075802456543218e-03,-6.057367368356824343e-03,-6.909102630087118196e-03,-8.815569313408065655e-03,-3.027192859388466370e-03,-7.977199697942048695e-03,-7.772603875938647461e-03
-5.409278888737837666e-03,-2.472271843258416063e-03,-8.520340471378250180e-03,-2.418270700883180194e-03,-6.272675027320145404e-03,-7.014596920079415113e-03,-9.004848996323144839e-03,-3.069531817529084702e-03,-7.988993575564632202e-03,-7.955830852024699598e-03
-5.173064980742888598e-03,-2.077762116750082183e-03,-8.505511202923095315e-03,-2.452448547641226939e-03,-6.331740982128372316e-03,-7.091933441335736971e-03,-9.047187954463763171e-03,-3.103709664287131881e-03,-8.066330096820954060e-03,-8.171138510988020659e-03
-5.308312580675541431e-03,-2.120384855352260272e-03,-8.622412445919278370e-03,-2.700330169190739461e-03,-6.456884066740977736e-03,-7.031336508842165461e-03,-9.066513084988734802e-03,-3.264262563843015660e-03,-8.249557072907006197e-03,-8.385315920468249321e-03
-5.350651538816159764e-03,-2.216323261076756646e-03,-8.664751404059896703e-03,-2.872102120087713720e-03,-6.441198436232850599e-03,-6.795122600847216393e-03,-9.128250983511096428e-03,-3.098647159112614957e-03,-7.527108304545925173e-03,-8.481254326192745260e-03
-5.362445416438743270e-03,-2.220698222167650712e-03,-8.732390943582826054e-03,-2.433201964007329111e-03,-6.485226667980036053e-03,-6.862762140370146612e-03,-9.170589941651714760e-03,-3.166286698635545176e-03,-7.652251389158530592e-03,-8.542992224715106886e-03
-5.305632274933954305e-03,-2.011945627291908748e-03,-8.767127410037748106e-03,-2.196988056012380043e-03,-6.527565626120654385e-03,-6.874556017992730118e-03,-9.204767788409761939e-03,-3.170661659726439242e-03,-7.713989287680891350e-03,-8.744580756395961552e-03
-5.302697832201015878e-03,-2.239002998833636380e-03,-8.786452540562719737e-03,-2.215677254302028318e-03,-6.291351718125705317e-03,-6.638342109997781050e-03,-9.223456986699409346e-03,-3.204839506484486421e-03,-7.880278913685643746e-03,-8.831134970221397179e-03
-5.314491709823599384e-03,-2.315361576298901117e-03,-8.620837135832318601e-03,-2.050061849571627182e-03,-6.396846008118002233e-03,-6.657031308287429325e-03,-9.395228937596382737e-03,-3.239017353242533599e-03,-7.985773203677940663e-03,-8.927073375945893119e-03
-5.357622005234048690e-03,-2.254764643805329608e-03,-8.655014982590365780e-03,-2.135289174652572636e-03,-6.160632100123053165e-03,-6.684002956012059099e-03,-9.523460720455775852e-03,-3.617477962703718412e-03,-8.028112161818558995e-03,-8.761457971215491983e-03
-5.444176219059483450e-03,-2.305398380182166300e-03,-8.809686516733040637e-03,-1.969673769922171934e-03,-6.157697657390114737e-03,-6.734636692388895791e-03,-9.542785850980747483e-03,-3.660608258114167284e-03,-8.124050567543054935e-03,-8.251863980733492587e-03
-5.722927819524463097e-03,-2.440645980114819567e-03,-8.701722194262254129e-03,-1.733459861927222866e-03,-6.216763612198341650e-03,-6.859822450756224675e-03,-9.604523749503109109e-03,-3.719674212922394196e-03,-8.128425528633949002e-03,-8.015650072738543519e-03
-5.828422109516760014e-03,-2.575893580047472833e-03,-8.763460092784615754e-03,-2.012211462392202513e-03,-6.156166679704770141e-03,-6.902161408896843008e-03,-9.616317627125692616e-03,-3.796032790387658933e-03,-8.392501540038083824e-03,-8.279726084142678341e-03
-5.825487666783821586e-03,-2.653230101303794258e-03,-8.527246184789666686e-03,-1.904247139921415571e-03,-6.242720893530204901e-03,-7.478503988987526482e-03,-9.635006825415340023e-03,-3.559818882392709865e-03,-8.497995830030380740e-03,-8.322348822744856864e-03
-5.810658398328666721e-03,-2.449606733503448958e-03,-8.524311742056728258e-03,-1.908622101012309637e-03,-6.419961287786058943e-03,-6.968909998505527087e-03,-9.398792917420390955e-03,-3.979434312326039606e-03,-8.647557475959046641e-03,-8.041125071156772844e-03
-5.244947070174805007e-03,-2.588397143403595516e-03,-8.600670319521993429e-03,-1.920415978634893144e-03,-6.080243548515166380e-03,-7.030647897027887845e-03,-9.162579009425441887e-03,-4.145723938330792002e-03,-8.709295374481408267e-03,-8.085153302903958297e-03
-4.824090872110357517e-03,-2.622574990161642694e-03,-8.364456411527044360e-03,-1.754800573904492225e-03,-5.914628143784765243e-03,-7.266459366399339974e-03,-9.221644964233669667e-03,-4.232278152156226762e-03,-8.824522666776158167e-03,-8.300460961867279358e-03
-4.828465833201251584e-03,-2.386361082166693626e-03,-8.489642169894373244e-03,-1.813866528712719355e-03,-5.999855468865711132e-03,-6.756865375917341446e-03,-9.283382862756031292e-03,-4.282911888533063455e-03,-8.828897627867052234e-03,-8.284775331359153089e-03
-4.262754505047389869e-03,-2.398154959789277132e-03,-8.940087912750090127e-03,-2.172120114239122976e-03,-6.058921423673938045e-03,-6.843419589742776206e-03,-9.398610155050781192e-03,-4.046697980538114386e-03,-8.944124920161802134e-03,-8.227962189854364991e-03
-4.339113082512655040e-03,-2.647922739848874909e-03,-9.318548522211275373e-03,-2.006504709508721840e-03,-6.101544162276116567e-03,-6.919778167208041376e-03,-9.058892415779888629e-03,-3.881082575807713250e-03,-9.110414546166555397e-03,-8.075616239768891244e-03
-4.231148760041868531e-03,-2.725259261105196333e-03,-9.377614477019503153e-03,-2.297668335383764270e-03,-6.256215696418791425e-03,-6.987417706730971595e-03,-8.893277011049487493e-03,-3.644868667812764182e-03,-8.875648574899246135e-03,-8.110352706223813296e-03
-4.249837958331516806e-03,-2.559643856374795197e-03,-9.454950998275825011e-03,-2.463957961388517099e-03,-6.171615189885254309e-03,-7.006106905020619870e-03,-8.928013477504409545e-03,-3.750362957805060665e-03,-9.090956233862567196e-03,-8.225579998518563196e-03
-3.910120219060624243e-03,-2.323429948379846129e-03,-9.514016953084052791e-03,-2.602748371288664091e-03,-6.248951711141576167e-03,-7.121334197315368902e-03,-8.913184209049254680e-03,-3.938918888811236002e-03,-9.507069650025861199e-03,-8.364370408418709754e-03
-4.015614509052921159e-03,-2.500670342635699737e-03,-9.277803045089103723e-03,-2.727891455901269944e-03,-6.283129557899623345e-03,-7.188973736838299121e-03,-8.917559170140148747e-03,-4.355607162577411658e-03,-9.742881119397313328e-03,-8.128156500423760686e-03
-3.849999104322520023e-03,-2.791833968510742166e-03,-9.568966670964147020e-03,-2.562276051170869241e-03,-6.310101205624253987e-03,-7.128376804344727612e-03,-8.929353047762732254e-03,-4.417345061099772416e-03,-9.233287128915313932e-03,-8.132531461514654753e-03
-3.692286801706349663e-03,-2.850899923318969513e-03,-9.332752762969197952e-03,-2.581601181695840873e-03,-6.511689737305107785e-03,-7.329965336025581410e-03,-8.913667417254605985e-03,-4.356748128606200907e-03,-9.483054908974912142e-03,-8.359028442257866731e-03
-4.016040797454973818e-03,-2.912637821841330271e-03,-9.419306976794633579e-03,-2.336983061551480868e-03,-6.570755692113334698e-03,-7.356936983750211184e-03,-8.918042378345500051e-03,-4.462242418598497823e-03,-9.467369278466785873e-03,-8.508590088186532632e-03
-3.812417429654628518e-03,-2.747022417110929135e-03,-9.253691572064232443e-03,-2.423537275376916062e-03,-6.567821249380396270e-03,-7.558525515431064982e-03,-8.752426973615098915e-03,-4.612796886973477041e-03,-9.451683647958659604e-03,-8.595144302011968260e-03
-3.927644721949377984e-03,-2.781200263868976313e-03,-9.272380770353879850e-03,-2.687613286781051318e-03,-6.331607341385447202e-03,-7.683711273798393866e-03,-8.736741343106972646e-03,-5.107794919427042883e-03,-9.576869406325988487e-03,-8.809321711492196921e-03
-4.218808347824420414e-03,-2.886694553861272796e-03,-9.400612553213272965e-03,-2.774167500606486512e-03,-6.407965918850712372e-03,-7.244811117718009258e-03,-8.652140836573434662e-03,-5.166860874235269796e-03,-9.411254001595587351e-03,-8.656975761406723174e-03
-4.454619817195872543e-03,-2.913666201585903004e-03,-9.517513796209456020e-03,-2.850526078071751249e-03,-6.494520132676147132e-03,-7.471868489259737324e-03,-8.801702482502100564e-03,-5.262799279959766603e-03,-9.423047879218170858e-03,-8.683947409131352949e-03
-4.531956338452194401e-03,-2.932991332110874635e-03,-9.559852754350074353e-03,-2.892865036212369581e-03,-6.611421375672331055e-03,-7.339003981178005356e-03,-8.879039003758422421e-03,-5.641259889420951849e-03,-9.465386837358789190e-03,-8.703272539656324580e-03
-4.627894744176691208e-03,-2.872394399617303126e-03,-9.394237349619673216e-03,-2.727249631481968445e-03,-6.679060915195261273e-03,-7.173388576447604220e-03,-8.906010651483052196e-03,-5.830539572336031033e-03,-9.642627231614643232e-03,-8.467058631661375512e-03
-4.906646344641670855e-03,-3.086571809097531354e-03,-9.333640417126101707e-03,-2.893539257486721274e-03,-6.571096592724473898e-03,-6.566478150507437835e-03,-8.849197509978264098e-03,-5.834914533426925100e-03,-9.793181699989621583e-03,-8.517692368038213072e-03
-4.993200558467105615e-03,-3.002292226417458288e-03,-9.410976938382423565e-03,-2.927717104244768019e-03,-6.760376275639553081e-03,-6.600655997265485013e-03,-8.876169157702893872e-03,-5.839289494517819167e-03,-9.921413482849014698e-03,-8.642878126405541955e-03
-5.054938456989466374e-03,-3.079628747673779712e-03,-9.577266564387176828e-03,-3.129305635925622251e-03,-6.764751236730447148e-03,-6.644684229012670466e-03,-8.937907056225255498e-03,-5.823603864009692030e-03,-1.004655656746162098e-02,-8.677055973163589134e-03
-5.193728866889612932e-03,-3.121967705814398045e-03,-9.766546247302256012e-03,-2.893091727930673183e-03,-6.826489135252807906e-03,-6.408470321017721398e-03,-9.066138839084648612e-03,-6.000844258265546072e-03,-1.017478835032101410e-02,-8.565850377322336423e-03
-5.205522744512196438e-03,-3.311247388729477662e-03,-9.800724094060303190e-03,-2.954829626453034375e-03,-6.590275227257858838e-03,-6.323869814484184282e-03,-9.191324597451977496e-03,-6.077202835730811242e-03,-1.029001564261576400e-02,-8.039807954284100902e-03
-5.351506604163424816e-03,-3.605058352034955834e-03,-9.950285739988969091e-03,-2.998857858200219828e-03,-6.162262668295099763e-03,-6.158254409753783146e-03,-9.287263003176473436e-03,-6.074268392997872815e-03,-1.030870484090541141e-02,-8.116166531749366073e-03
-5.185891199433023679e-03,-3.666796250557317026e-03,-1.015187427166982376e-02,-3.262933869604354650e-03,-6.180951866584748038e-03,-6.142568779245656876e-03,-9.392757293168770352e-03,-6.151604914254194673e-03,-1.030577039817247298e-02,-8.192525109214631243e-03
-5.228230157573642012e-03,-3.926922994187138222e-03,-1.017056346995947116e-02,-3.324671768126715408e-03,-6.309183649444140285e-03,-6.277816379178309709e-03,-9.411446491458417760e-03,-6.323376865151168931e-03,-1.042267164116865603e-02,-8.211214307504278651e-03
-5.255201805298271786e-03,-3.757689015450707375e-03,-1.016762902722653274e-02,-3.329046729217609475e-03,-6.725297065607434288e-03,-6.320155337318928042e-03,-9.278581983376686659e-03,-6.538684524114489992e-03,-1.046669987291584149e-02,-8.297768521329714278e-03
-5.360696095290568702e-03,-3.784660663175337583e-03,-1.017200398831742680e-02,-2.901034170254850400e-03,-6.490531094340125894e-03,-5.899299139254481419e-03,-9.542657994780821482e-03,-6.644178814106786908e-03,-1.058192716521059139e-02,-8.393706927054210218e-03
-5.124482187295619634e-03,-3.846398561697698774e-03,-1.020618183507547398e-02,-2.664820262259901332e-03,-6.541164830716962586e-03,-5.926270786979111194e-03,-9.900911580307224236e-03,-6.742806114464168672e-03,-1.066848137903602702e-02,-8.480261140879645845e-03
-4.888268279300670566e-03,-3.858192439320282281e-03,-1.022550696560044561e-02,-2.691791909984531540e-03,-6.730444513632041770e-03,-5.690056878984162125e-03,-1.003615918023987794e-02,-6.762131244989140304e-03,-1.078538262203221007e-02,-8.640814040435530058e-03
-4.652054371305721497e-03,-3.621978531325333213e-03,-1.037506861152911151e-02,-2.252891753904146931e-03,-6.792182412154402528e-03,-5.701850756606745632e-03,-1.008018741198706339e-02,-6.796309091747187482e-03,-1.080407182032185748e-02,-8.301096301164637495e-03
-4.713792269828082256e-03,-3.607149262870178348e-03,-1.050330039438850463e-02,-1.743297763422147970e-03,-6.452464672883509965e-03,-5.465636848611796564e-03,-1.012331770739751183e-02,-6.560095183752238414e-03,-1.101937947928517854e-02,-8.362834199686999120e-03
-4.885564220725056514e-03,-3.097555272388179386e-03,-1.052198959267815204e-02,-1.871529546281540217e-03,-6.613017572439394177e-03,-5.561575254336293371e-03,-1.006650456589272373e-02,-6.621833082274599172e-03,-1.111531788500967448e-02,-8.424572098209360746e-03
-4.719948815994655378e-03,-3.040742130883390855e-03,-1.067155123860681794e-02,-1.913868504422158549e-03,-6.718511862431691094e-03,-5.733347205233267629e-03,-1.015173189097366875e-02,-6.640522280564247447e-03,-1.132949529448990314e-02,-8.638749507689589407e-03
-4.746920463719285152e-03,-3.304818142287525677e-03,-1.016602935608124786e-02,-1.677654596427209481e-03,-6.777577817239918007e-03,-5.497133297238318561e-03,-1.020236562735050631e-02,-6.691156016941084139e-03,-1.157926307454950135e-02,-9.089195250545306290e-03
-4.581305058988884016e-03,-3.347157100428144010e-03,-1.010921621457645976e-02,-1.805886379286601728e-03,-6.913810782361268052e-03,-5.541161528985504015e-03,-1.029830403307500225e-02,-6.454942108946135071e-03,-1.170444883291683023e-02,-9.131534208685924622e-03
-4.615482905746931194e-03,-3.358950978050727516e-03,-1.028645660883231380e-02,-1.640270974556200809e-03,-7.038953866973873472e-03,-5.560486659510475646e-03,-1.013268862834460111e-02,-6.522581648469065289e-03,-1.172377396344180187e-02,-9.208870729942246480e-03
-4.787254856643905453e-03,-3.475852221046911005e-03,-1.037301082265774943e-02,-1.841859506237054824e-03,-6.873338462243472335e-03,-5.572280537133059153e-03,-1.041144022880957989e-02,-6.356966243738664153e-03,-1.178551186196416349e-02,-9.334056488309575364e-03
-4.277660866161906925e-03,-3.592753464043094494e-03,-1.053356372221363364e-02,-1.928413720062490018e-03,-7.109149931614924464e-03,-5.707528137065711986e-03,-1.062674788777290096e-02,-6.368760121361247660e-03,-1.178988682305505756e-02,-9.432683788666957128e-03
-4.336726820970133837e-03,-3.635376202645272583e-03,-1.036794831748323251e-02,-1.947738850587461649e-03,-7.127839129904572739e-03,-5.766594091873938899e-03,-1.067077611952008641e-02,-6.616641742910760182e-03,-1.177420119254693129e-02,-9.621963471582036312e-03
-4.171111416239732701e-03,-3.694442157453499929e-03,-1.053423794348798577e-02,-2.009476749109822408e-03,-7.132214090995466806e-03,-5.810622323621124352e-03,-1.075733033334552204e-02,-7.067087485766477065e-03,-1.187013959827142723e-02,-9.699299992838358170e-03
-4.337401042244485097e-03,-3.762081696976430148e-03,-1.059330389829621355e-02,-1.994647480654667543e-03,-7.281775736924132707e-03,-5.470904584350231789e-03,-1.081639628815374982e-02,-6.557493495284477669e-03,-1.200893000817157379e-02,-9.849854461213336521e-03
-4.462544126857090517e-03,-3.963670228657283946e-03,-1.065236985310444133e-02,-1.573791282590220487e-03,-7.448065362928885103e-03,-5.362940261879445281e-03,-1.098268591415850308e-02,-6.391878090554076533e-03,-1.184331460344117265e-02,-9.684239056482935384e-03
-4.549098340682525277e-03,-4.050224442482718706e-03,-1.077751293771704762e-02,-1.600762930314850695e-03,-7.544003768653381910e-03,-5.405563000481623803e-03,-1.102671414590568853e-02,-6.388943647821138105e-03,-1.178271767094760114e-02,-9.718975522937857436e-03
-4.533412710174399007e-03,-4.062018320105302213e-03,-1.093806583727293183e-02,-1.725906014927456548e-03,-7.704556668209266122e-03,-5.320962493948086687e-03,-1.116550455580583509e-02,-6.223328243090736969e-03,-1.191796527088025484e-02,-9.847207305797250551e-03
-4.929992460471827563e-03,-4.001421387611730704e-03,-1.102462005109836746e-02,-1.875467660856122449e-03,-7.781893189465587980e-03,-5.318028051215148259e-03,-1.116987951689672916e-02,-6.351560025950129217e-03,-1.168175136288530577e-02,-9.908945204319612177e-03
-4.972331418612445895e-03,-3.835805982881329568e-03,-1.051502606061636806e-02,-2.047239611753096707e-03,-7.897120481760337013e-03,-5.478580950771032472e-03,-1.117425447798762322e-02,-6.363353903572712723e-03,-1.178724565287760269e-02,-1.006949810387549639e-02
-4.806716013882044759e-03,-3.326211992399330606e-03,-1.068131568662112132e-02,-2.152733901745393190e-03,-7.947754218137174573e-03,-5.555917472027354330e-03,-1.146541810386266652e-02,-6.382679034097684355e-03,-1.182142349963564987e-02,-1.029655547541722359e-02
-4.840893860640091938e-03,-3.089998084404381538e-03,-1.079821692961730438e-02,-1.643139911263394228e-03,-7.932068587629048304e-03,-5.716470371583238543e-03,-1.129980269913226539e-02,-6.146465126102735287e-03,-1.193832474263183292e-02,-1.042478725827661670e-02
-4.845268821730986004e-03,-3.140631820781218664e-03,-1.063260152488690324e-02,-1.720476432519715652e-03,-8.172308690320140984e-03,-5.803024585408673303e-03,-1.135043643550910294e-02,-6.197098862479571979e-03,-1.195764987315680455e-02,-1.044347645656626411e-02
-4.930496146811931893e-03,-3.182970778921836996e-03,-1.054800101835336526e-02,-1.897716826775569261e-03,-8.297494448687469867e-03,-5.800090142675734875e-03,-1.092242387654634474e-02,-6.386378545394651163e-03,-1.189705294066323304e-02,-1.048581541470688244e-02
-4.869899214318360384e-03,-3.250610318444767215e-03,-1.073728070126844444e-02,-1.732101422045168341e-03,-8.396121749044851632e-03,-5.193179716735568489e-03,-1.090759460809118987e-02,-6.150164637399702094e-03,-1.197341151812849822e-02,-1.060104270700163234e-02
-4.874274175409254450e-03,-3.234924687936640512e-03,-1.075596989955809185e-02,-1.766279268803215303e-03,-8.573362143300705673e-03,-5.252245671543795402e-03,-1.109687429100626906e-02,-6.246103043124198902e-03,-1.215663849421455035e-02,-1.072622846536896123e-02
-5.040563801414007714e-03,-3.449102097416868740e-03,-1.064800557708730534e-02,-1.256685278321216341e-03,-8.570427700567767246e-03,-5.016031763548846334e-03,-1.138803791688131062e-02,-6.001484922979838897e-03,-1.228182425258187924e-02,-1.074491766365860863e-02
-5.102301699936368472e-03,-3.212888189421919671e-03,-1.081429520309205861e-02,-1.020471370326267273e-03,-8.574802661658661312e-03,-5.141217521916175218e-03,-1.141500956460594039e-02,-6.077843500445104068e-03,-1.240701001094920812e-02,-1.013800723771844138e-02
-5.241092109836515030e-03,-3.428195848385240732e-03,-1.093119644608824166e-02,-1.071105106703104182e-03,-8.571868218925722885e-03,-5.218554043172497076e-03,-1.135441263211236888e-02,-6.244133126449856463e-03,-1.253524179380860124e-02,-1.022456145154387701e-02
-5.412864060733489288e-03,-3.270483545769070372e-03,-1.109748607209299492e-02,-8.348911987081551137e-04,-8.649204740182044743e-03,-5.343739801539825959e-03,-1.092640007314961068e-02,-6.271104774174486238e-03,-1.289349537933500399e-02,-1.005894604681347587e-02
-5.176650152738540220e-03,-3.425155079911745230e-03,-1.109455162936005650e-02,-9.600342833207608584e-04,-8.633519109673918474e-03,-5.421076322796147817e-03,-1.094572520367458231e-02,-6.214291632669697273e-03,-1.309508391101585865e-02,-1.024822572972855506e-02
-5.291877445033289253e-03,-3.459891546366666848e-03,-1.122278341221944961e-02,-1.126323909325513579e-03,-8.695257008196280099e-03,-5.871522065651864700e-03,-1.033881477773441505e-02,-6.403571315584776456e-03,-1.292946850628545752e-02,-1.051230174113268988e-02
-5.378431658858724013e-03,-3.626181172371419677e-03,-1.142437194390030428e-02,-9.570899305890827324e-04,-8.820442766563608983e-03,-5.810925133158293190e-03,-1.043475318345891099e-02,-6.575343266481750715e-03,-1.305770028914485063e-02,-1.054703820758761193e-02
-5.495332901854907068e-03,-3.712735386196854871e-03,-1.151092615772573990e-02,-1.018827829111443707e-03,-8.855179233018531035e-03,-5.574711225163344122e-03,-1.060104280946366426e-02,-6.422997316396276968e-03,-1.289208488441444950e-02,-1.071881015848458532e-02
-5.836086223406306353e-03,-3.789093963662119608e-03,-1.155495438947292536e-02,-1.038152959636415339e-03,-8.916917131540892660e-03,-5.601682872887973896e-03,-1.043542740473326312e-02,-6.327192214822913510e-03,-1.315616089581858432e-02,-1.084395324309719161e-02
-5.870264070164353531e-03,-3.848159918470346955e-03,-1.157427951999789699e-02,-1.273964429007867468e-03,-8.680703223545943592e-03,-5.621008003412945528e-03,-1.053136581045775906e-02,-6.338986092445497017e-03,-1.291994698782363525e-02,-1.103323292601227079e-02
-5.882057947786937038e-03,-3.934714132295781715e-03,-1.172483398837287534e-02,-1.412754838908014243e-03,-8.171109233063944197e-03,-5.606178734957790663e-03,-1.059043176526598684e-02,-6.381608831047675540e-03,-1.295412483458168243e-02,-1.103029848327933236e-02
-6.059298342042791080e-03,-4.002353671818711933e-03,-1.121931210584730526e-02,-1.431444037197662300e-03,-8.462272858938985759e-03,-5.731364493325119547e-03,-1.025071402599509428e-02,-6.440674785855902452e-03,-1.305275213493906419e-02,-1.079408457528438330e-02
-5.823084434047842012e-03,-4.036531518576759112e-03,-1.098309819785235619e-02,-1.517998251023097277e-03,-8.337320974625616818e-03,-5.979246114874632069e-03,-1.025508898708598834e-02,-6.467646433580533094e-03,-1.321330503449494841e-02,-1.077142709126377787e-02
-5.807398803539715743e-03,-3.800317610581810043e-03,-1.047350420737035680e-02,-1.604552464848532471e-03,-8.413679552090881988e-03,-6.084740404866928985e-03,-1.023940335657786208e-02,-6.494618081305162868e-03,-1.327504293301731003e-02,-1.094960482012286365e-02
-6.008987335220569541e-03,-3.634702205851408907e-03,-1.063405710692624101e-02,-1.646891422989150804e-03,-8.500233765916317616e-03,-6.152379944389859204e-03,-1.030114125510022370e-02,-6.529354547760084920e-03,-1.345322066187639581e-02,-1.103615903394829928e-02
-5.843371930490168405e-03,-3.693768160659635820e-03,-1.061837147641811474e-02,-1.733445636814585997e-03,-8.577570287172639474e-03,-6.186557791147906382e-03,-1.033587772155514575e-02,-6.606691069016406778e-03,-1.347254579240136745e-02,-1.107878177255047780e-02
-5.968557688857497288e-03,-3.720739808384266028e-03,-1.072386576641041166e-02,-1.916672612900638568e-03,-8.628204023549477034e-03,-6.262916368613171553e-03,-1.046410950441453887e-02,-6.789918045102458916e-03,-1.348433967002395095e-02,-1.107584732981753937e-02
-5.732343780862548220e-03,-3.563027505768095668e-03,-1.078293172121863944e-02,-1.960700844647824022e-03,-8.877971803609075244e-03,-5.753322378131172157e-03,-1.044842387390641260e-02,-6.786983602369520488e-03,-1.350366480054892258e-02,-1.108022229090843344e-02
-5.496129872867599152e-03,-3.581716704057743943e-03,-1.088842601121093635e-02,-1.835748960334454647e-03,-9.003114888221681530e-03,-5.772011576420820432e-03,-1.048260172066445978e-02,-6.829322560510138820e-03,-1.364245521044906914e-02,-1.116677650473386907e-02
-5.507923750490182659e-03,-3.624339442659922032e-03,-1.038290412868536627e-02,-2.002038586339207477e-03,-9.070754427744610882e-03,-5.833749474943181190e-03,-1.046691609015633351e-02,-6.989875460066023033e-03,-1.369308894682590670e-02,-1.127227079472616598e-02
-5.668476650046066871e-03,-3.674973179036759158e-03,-1.044464202720772790e-02,-2.130270369198599724e-03,-9.113093385885229214e-03,-6.097825486347316012e-03,-1.023070218216138444e-02,-7.139437105994688934e-03,-1.352747354209550557e-02,-1.126933635199322756e-02
-5.755030863871501631e-03,-3.876561710717613390e-03,-1.057287381006712101e-02,-2.172609327339218056e-03,-9.147271232643276392e-03,-6.148459222724152705e-03,-1.039699180816613770e-02,-6.973821701264287798e-03,-1.372906207377636023e-02,-1.103312244399827849e-02
-5.816768762393862389e-03,-3.833734581569626758e-03,-1.055718817955899475e-02,-2.206787174097265235e-03,-9.330498208729328530e-03,-6.199092959100989397e-03,-9.976135610101690213e-03,-7.000793348988917572e-03,-1.395555905451957221e-02,-1.109486034252064011e-02
-5.966330408322528291e-03,-3.597520673574677690e-03,-1.060782191593583230e-02,-2.312281464089561717e-03,-9.406856786194593700e-03,-6.241431917241607730e-03,-1.021637571279278289e-02,-7.189349279995092476e-03,-1.405418635487695397e-02,-1.112183199024526989e-02
-6.091516166689857174e-03,-3.736311083474824248e-03,-1.060488747320289388e-02,-2.478571090094314547e-03,-9.545647196094740258e-03,-6.260757047766579361e-03,-1.036593735872144879e-02,-6.768493081930644986e-03,-1.344727592893678672e-02,-1.157227773310098677e-02
-6.126252633144779226e-03,-3.770488930232871426e-03,-1.060195303046995545e-02,-2.603714174706920400e-03,-9.651141486087037175e-03,-6.385942806133908245e-03,-9.989742436584942917e-03,-6.945733476186499028e-03,-1.356250322123153662e-02,-1.163401563162334840e-02
-5.890038725149830158e-03,-3.260894939750872464e-03,-1.068850724429539108e-02,-2.588028544198793697e-03,-9.929893086552017689e-03,-6.546495705689792458e-03,-1.004037617296178048e-02,-6.979911322944546206e-03,-1.314164702316708913e-02,-1.139780172362839933e-02
-5.847211596001843092e-03,-3.366389229743168947e-03,-1.075614678381832043e-02,-2.674582758024228891e-03,-9.941686964174601196e-03,-6.588834663830410790e-03,-1.004475113405267454e-02,-6.373000897004379821e-03,-1.290543311517214006e-02,-1.142477337135302910e-02
-6.024451990257697134e-03,-3.428127128265529705e-03,-1.083348330507464229e-02,-2.863862440939308508e-03,-9.946061925265495263e-03,-6.631173621971029122e-03,-1.026005879301599560e-02,-6.407178743762426999e-03,-1.307172274117689333e-02,-1.159106299735778237e-02
-6.043777120782668766e-03,-3.412441497757403002e-03,-1.092003751890007791e-02,-2.906485179541486597e-03,-1.002339844652181712e-02,-6.846481280934350183e-03,-1.039884920291614216e-02,-6.425867942052075274e-03,-1.250601141302303161e-02,-1.162524084411582954e-02
-5.799159000638308761e-03,-3.246826093027002300e-03,-1.041044352841807852e-02,-3.056046825470152498e-03,-9.787184538526868052e-03,-6.923817802190672041e-03,-1.016263529492119309e-02,-6.369054800547286309e-03,-1.254835037116364994e-02,-1.171179505794126517e-02
-5.924302085250914181e-03,-3.461003502507230527e-03,-1.051593781841037543e-02,-3.233287219726006106e-03,-1.002299600789832018e-02,-6.974451538567508734e-03,-1.015970085218825467e-02,-6.284454294013749193e-03,-1.194143994522348269e-02,-1.185058546784141173e-02
-5.928677046341808247e-03,-3.400406570013658585e-03,-1.056657155478721299e-02,-3.067671814995604970e-03,-9.915031685427533673e-03,-6.993776669092480365e-03,-1.020203981032887300e-02,-6.371008507839183953e-03,-1.216849731676520989e-02,-1.195607975783370865e-02
-6.034171336334105164e-03,-3.164192662018709516e-03,-1.058526075307686040e-02,-3.518117557851321853e-03,-9.992368206683855530e-03,-7.070135246557745536e-03,-1.025267354670571056e-02,-6.520570153767849854e-03,-1.224485589423047506e-02,-1.195314531510077022e-02
-6.119398661415051052e-03,-3.289378420386038400e-03,-1.064432670788508818e-02,-3.616744858208703617e-03,-9.931771274190284021e-03,-7.147471767814067393e-03,-1.033001006796203242e-02,-6.539895284292821485e-03,-1.241662784512744845e-02,-1.197183451339041763e-02
-5.883184753420101984e-03,-3.331717378526656732e-03,-1.040811279989013911e-02,-3.277027118937811054e-03,-9.916942005735129156e-03,-6.911257859819118325e-03,-9.723099642021865163e-03,-6.387549334207347738e-03,-1.249396436638377031e-02,-1.196890007065747920e-02
-5.717569348689700848e-03,-3.166101973796255596e-03,-1.052334009218488901e-02,-3.288820996560394561e-03,-1.009418239999098320e-02,-6.988594381075440183e-03,-9.707414011513738894e-03,-6.537110980136013640e-03,-1.188705394044360306e-02,-1.206752737101486096e-02
-5.744540996414330622e-03,-3.291287732163584480e-03,-1.057397382856172657e-02,-3.449373896116278339e-03,-9.857968491996034130e-03,-7.165834775331294225e-03,-9.775053551036668245e-03,-6.300897072141064571e-03,-1.192123178720165023e-02,-1.213516691053779031e-02
-5.368346074277825612e-03,-3.457577358168337309e-03,-1.040835842383132544e-02,-3.468699026641249971e-03,-1.027408190815932813e-02,-6.929620867336345157e-03,-9.890280843331418145e-03,-5.961179332870172008e-03,-1.191829734446871181e-02,-1.213954187162868438e-02
-5.528898973833709825e-03,-3.563071648160633792e-03,-1.020688646550519871e-02,-3.495670674365880179e-03,-1.010846650342892700e-02,-6.508764669271898534e-03,-9.451380687251032670e-03,-6.127468958874924404e-03,-1.181033302199792530e-02,-1.251800248108986963e-02
-5.513213343325582688e-03,-3.698319248093287059e-03,-9.697292475023199312e-03,-3.722728045907607811e-03,-1.027475612943368026e-02,-6.636996452131290782e-03,-9.537934901076468297e-03,-6.214023172700359164e-03,-1.185295576060010382e-02,-1.282523405479506218e-02
-5.599767557151017448e-03,-3.823505006460615942e-03,-9.812519767317949212e-03,-3.799086623372872548e-03,-1.041354653933382682e-02,-6.655685650420939056e-03,-9.831745864381947336e-03,-6.474149916330180360e-03,-1.191202171540833160e-02,-1.285997052124998423e-02
-5.727999340010409696e-03,-3.938732298755365409e-03,-9.871585722126176993e-03,-3.817775821662520823e-03,-1.053873229770115570e-02,-6.490070245690537920e-03,-9.937240154374244253e-03,-6.612940326230326918e-03,-1.208926210966418564e-02,-1.297687176424616728e-02
-5.789737238532770454e-03,-4.178972401446458089e-03,-9.635371814131227924e-03,-3.868409558039357515e-03,-1.054310725879204977e-02,-6.661842196587512178e-03,-1.010352978037899752e-02,-6.447324921499925782e-03,-1.192364670493378451e-02,-1.301921072238678562e-02
-5.832076196673388786e-03,-3.669378410964459127e-03,-9.850679473094548985e-03,-3.927475512847584428e-03,-1.070366015834793398e-02,-6.425628288592563110e-03,-1.013050142810362729e-02,-6.362724414966388665e-03,-1.208993633093853777e-02,-1.308685026190971497e-02
-5.595862288678439718e-03,-3.703556257722505872e-03,-9.975865231461877869e-03,-3.962211979302506480e-03,-1.046744625035298491e-02,-6.907465111956348491e-03,-1.020783794935994915e-02,-6.440060936222710523e-03,-1.221816811379793088e-02,-1.319234455190201188e-02
-5.638485027280617373e-03,-3.905144789403360104e-03,-9.449822808423642348e-03,-4.067706269294803396e-03,-1.045176061984485864e-02,-6.891779481448222222e-03,-1.035839241773492750e-02,-6.437126493489772096e-03,-1.243234552327815955e-02,-1.321166968242698352e-02
-5.706124566803547592e-03,-3.966882687925721296e-03,-9.500456544800479908e-03,-4.111734501041988850e-03,-1.050239435622169620e-02,-6.925957328206269401e-03,-1.045433082345942344e-02,-6.479465451630390428e-03,-1.269642153468229437e-02,-1.320873523969404509e-02
-5.831310325170876475e-03,-3.730668779930772228e-03,-9.544484776547665361e-03,-3.875520593047039782e-03,-1.088085496568288145e-02,-6.968580066808447923e-03,-1.028871541872902230e-02,-6.498154649920038703e-03,-1.281332277767847742e-02,-1.269914124921204569e-02
-5.917864538996311236e-03,-3.646068273397235111e-03,-9.629712101628610382e-03,-4.041810219051792177e-03,-1.064464105768793238e-02,-6.965645624075509496e-03,-1.033105437686964063e-02,-6.658707549475922916e-03,-1.296288442360714332e-02,-1.270351621030293976e-02
-5.952042385754358414e-03,-3.969822269145859700e-03,-9.744939393923360282e-03,-4.158711462047975232e-03,-1.067161270541256216e-02,-7.192142604818721474e-03,-1.035802602459427041e-02,-6.793955149408575749e-03,-1.301351815998398088e-02,-1.306176979582934251e-02
-5.949107943021419986e-03,-3.733608361150910632e-03,-9.688126252418572185e-03,-4.245265675873409993e-03,-1.090742417478401428e-02,-7.234481562959339807e-03,-1.043438460205953558e-02,-7.210068565571869752e-03,-1.309085468124030274e-02,-1.315770820155383845e-02
-5.779873964284989139e-03,-3.737983322241804698e-03,-9.731256547829020623e-03,-4.405818575429294205e-03,-1.113392115552722626e-02,-7.293547517767566719e-03,-1.047751489746998402e-02,-7.214443526662763818e-03,-1.310954387952995015e-02,-1.337301586051715951e-02
-5.822212922425607472e-03,-3.843477612234101181e-03,-9.623292225358234114e-03,-4.383161091408687912e-03,-1.113829611661812033e-02,-7.370884039023888577e-03,-1.024130098947503495e-02,-7.403723209577843002e-03,-1.317128177805231178e-02,-1.348991710351334257e-02
-5.618589554625262605e-03,-3.415465053271342540e-03,-9.690931764881163465e-03,-4.417897557863609964e-03,-1.126652789947751344e-02,-7.414912270771074031e-03,-1.031863751073135681e-02,-7.454356945954679695e-03,-1.325783599187774740e-02,-1.352465356996826462e-02
-5.757379964525409163e-03,-3.179251145276393471e-03,-9.868172159137017507e-03,-4.516524858220991728e-03,-1.142708079903339766e-02,-7.630219929734395092e-03,-1.049040946162833020e-02,-7.288741541224278558e-03,-1.309222058714734627e-02,-1.368520646952414883e-02
-5.825019504048339382e-03,-3.013635740545992335e-03,-9.945508680393339365e-03,-4.535214056510640003e-03,-1.155531258189279077e-02,-7.394006021739446023e-03,-1.032479405689792906e-02,-7.375295755049713319e-03,-1.311919223487197604e-02,-1.373584020590098639e-02
-5.901378081513604552e-03,-3.089994318011257072e-03,-9.988638975803787803e-03,-4.369598651780238867e-03,-1.172708453278976416e-02,-7.685169647614488453e-03,-1.038386001170615684e-02,-7.209680350319312182e-03,-1.316181497347415456e-02,-1.339612246663009383e-02
-6.061930981069488765e-03,-3.101788195633840579e-03,-9.823023571073386667e-03,-4.446935173036560725e-03,-1.173145949388065823e-02,-7.934937427674086663e-03,-1.021824460697575571e-02,-6.973466442324363114e-03,-1.328700073184148345e-02,-1.341481166491974124e-02
-6.157869386793985572e-03,-3.337599665005292707e-03,-9.827398532164280734e-03,-4.563836416032744647e-03,-1.179319739240301985e-02,-8.228748390979565702e-03,-1.023756973750072734e-02,-7.000438090048993756e-03,-1.345329035784623671e-02,-1.350136587874517687e-02
-6.599384709720651845e-03,-3.101385757010343639e-03,-9.591184624169331666e-03,-4.398221011302343511e-03,-1.198247707531809904e-02,-8.247437589269213110e-03,-1.040385936350548060e-02,-6.834822685318592619e-03,-1.328767495311583557e-02,-1.344455273724038877e-02
-6.584555441265496981e-03,-2.935770352279942937e-03,-9.595559585260225732e-03,-4.162007103307394443e-03,-1.156162087725365155e-02,-8.315077128792142461e-03,-1.043859582996040265e-02,-6.869000532076639798e-03,-1.305146104512088651e-02,-1.344161829450745034e-02
-6.671109655090931741e-03,-2.994836307088169849e-03,-9.599934546351119799e-03,-4.311568749236060344e-03,-1.180950249880316494e-02,-8.440262887159471344e-03,-1.020238192196545358e-02,-6.632786624081690730e-03,-1.254186705463888711e-02,-1.346030749279709775e-02
-6.705287501848978919e-03,-3.196424838769024081e-03,-9.749496192279785700e-03,-4.436754507603389228e-03,-1.202367990828339360e-02,-8.379665954665899835e-03,-9.807872195457119704e-03,-6.396572716086741661e-03,-1.252618142413076084e-02,-1.364958717571217693e-02
-6.723976700138627194e-03,-3.321567923381629935e-03,-9.746561749546847273e-03,-4.603044133608142491e-03,-1.206601886642401193e-02,-8.475604360390395775e-03,-9.869610093979481330e-03,-6.458310614609102419e-03,-1.236056601940035971e-02,-1.364665273297923850e-02
-6.663379767645055685e-03,-3.340893053906601566e-03,-9.667023501258942622e-03,-4.587358503100016222e-03,-1.230183033579546406e-02,-8.543243899913325126e-03,-9.911949052120099662e-03,-6.874424030772396423e-03,-1.247579331169510961e-02,-1.341043882498428944e-02
-6.511033817559581938e-03,-3.375629520361523184e-03,-9.157429510776943227e-03,-4.491553401526652764e-03,-1.232051953408511147e-02,-8.793011679972923336e-03,-1.004018083497949278e-02,-6.878798991863290489e-03,-1.223957940370016054e-02,-1.330994275804573378e-02
-6.274819909564632869e-03,-3.409807367119569929e-03,-9.464661084482135778e-03,-4.668793795782506806e-03,-1.232489449517600553e-02,-8.942573325901589237e-03,-9.803966926984543709e-03,-7.056039386119144531e-03,-1.228191836184077887e-02,-1.314432735331533264e-02
-6.452060303820486911e-03,-3.173593459124620861e-03,-9.507000042622754110e-03,-4.608196863288935297e-03,-1.232196005244306711e-02,-8.961262524191236645e-03,-9.830938574709173483e-03,-7.154666686476526295e-03,-1.232425731998139720e-02,-1.320339330812356042e-02
-6.286444899090085775e-03,-3.421475080674133383e-03,-9.341384637892352974e-03,-4.669934761811296055e-03,-1.235669651889798916e-02,-8.995440370949283823e-03,-9.890004529517401263e-03,-7.356255218157380094e-03,-1.232132287724845877e-02,-1.324601604672573894e-02
-6.345510853898312688e-03,-3.483212979196494141e-03,-9.383723596032971306e-03,-4.871523293492149853e-03,-1.234101088838986289e-02,-8.938627229444495725e-03,-9.932343487658019596e-03,-7.442809431982814854e-03,-1.238306077577082040e-02,-1.328019389348378612e-02
-6.572568225440040754e-03,-3.246999071201545073e-03,-9.147509688038022238e-03,-5.048763687748003895e-03,-1.233807644565692446e-02,-9.174438698815947854e-03,-9.807391603344650655e-03,-7.476987278740862032e-03,-1.249996201876700345e-02,-1.311457848875338499e-02
-6.697711310052646173e-03,-3.666614501134874814e-03,-9.286300097938168796e-03,-4.812549779753054827e-03,-1.240571598517985381e-02,-9.236176597338309480e-03,-9.893945817170086282e-03,-7.474052836007923604e-03,-1.251175589638958696e-02,-1.309889285824525872e-02
-6.682882041597491309e-03,-3.670989462225768881e-03,-8.865443899873721306e-03,-4.937735538120383710e-03,-1.242504111570482545e-02,-9.463233968880036678e-03,-9.657731909175137214e-03,-7.675641367688777403e-03,-1.253044509467923437e-02,-1.308320722773713245e-02
-6.808025126210096728e-03,-3.898046833767496513e-03,-8.699828495143320170e-03,-4.956424736410031985e-03,-1.252097952142932138e-02,-9.530873508402966029e-03,-9.824021535179890477e-03,-7.579836266115413945e-03,-1.269099799423511858e-02,-1.308758218882802651e-02
-6.842202972968143906e-03,-3.388452843285497552e-03,-8.092918069203152917e-03,-4.720210828415082917e-03,-1.235536411669892025e-02,-9.573496247005144552e-03,-9.900380112645155647e-03,-7.343622358120464877e-03,-1.272517584099316576e-02,-1.292196678409762538e-02
-7.031482655883223090e-03,-3.527243253185644543e-03,-7.583324078721153522e-03,-4.956022297786535045e-03,-1.233967848619079398e-02,-9.678990536997441468e-03,-9.996318518369651587e-03,-7.340687915387526449e-03,-1.273696971861574927e-02,-1.302746107408992229e-02
-6.865867251152821954e-03,-3.524308810452706116e-03,-7.645061977243514280e-03,-4.719808389791585977e-03,-1.241603706365605915e-02,-9.698315667522413100e-03,-9.486724527887652192e-03,-7.490249561316192350e-03,-1.285219701091049917e-02,-1.286184566935952116e-02
-6.991053009520150838e-03,-3.574942546829542808e-03,-7.936225603118556710e-03,-4.815746795516082784e-03,-1.225042165892565801e-02,-9.870087618419386491e-03,-9.506049658412623823e-03,-7.532588519456810683e-03,-1.234260302042849977e-02,-1.292358356788188278e-02
-7.205230419000379499e-03,-3.690169839124292275e-03,-7.970403449876603888e-03,-4.820121756606976851e-03,-1.237865344178505113e-02,-1.014883921888436527e-02,-9.644840068312770381e-03,-7.609925040713132541e-03,-1.247083480328789289e-02,-1.298264952269011056e-02
-7.281588996465644670e-03,-3.589673772185737050e-03,-8.087304692872786943e-03,-4.887761296129907070e-03,-1.247459184750954707e-02,-9.912625310889416202e-03,-9.519888183999401440e-03,-7.373711132718183472e-03,-1.252990075809612067e-02,-1.302667775443729602e-02
-7.368143210291079430e-03,-3.640307508562573742e-03,-8.276584375787866127e-03,-4.651547388134958001e-03,-1.259149309050573012e-02,-1.029108592035060145e-02,-9.597224705255723298e-03,-7.512501542618330030e-03,-1.270167270899309406e-02,-1.320990473052334815e-02
-7.202527805560678294e-03,-3.683437803973022614e-03,-8.335650330596093907e-03,-4.817837014139710397e-03,-1.270672038280048002e-02,-1.037764013417603708e-02,-9.722367789868329585e-03,-7.678791168623083294e-03,-1.284046311889324062e-02,-1.362601814668664216e-02
-7.141930873067106784e-03,-3.517822399242621911e-03,-8.347444208218677414e-03,-4.814902571406771969e-03,-1.300053134610595906e-02,-1.075610074363722232e-02,-9.707538521413174720e-03,-7.817581578523229852e-03,-1.260424921089829155e-02,-1.338980423869169309e-02
-7.308220499071859180e-03,-3.178104659971729348e-03,-8.705697793745080168e-03,-4.649287166676370833e-03,-1.287557946179259012e-02,-1.077478994192686973e-02,-9.628000273125270070e-03,-7.978134478079114064e-03,-1.277053883690304481e-02,-1.340159811631427660e-02
-7.327545629596830812e-03,-3.456856260436708995e-03,-8.732669441469709942e-03,-4.745225572400867640e-03,-1.292621319816942768e-02,-1.079347914021651714e-02,-9.704358850590535240e-03,-8.193442137042435125e-03,-1.274788135288243765e-02,-1.359087779922935578e-02
-7.386611584405057725e-03,-3.706624040496306772e-03,-8.567054036739308806e-03,-4.911515198405620036e-03,-1.244681865334149387e-02,-1.055726523222156807e-02,-9.887585826676587378e-03,-8.027826732312033989e-03,-1.258226594815203651e-02,-1.298396737328918853e-02
-7.405300782694705999e-03,-3.646027108002734829e-03,-8.695285819598701921e-03,-4.970581153213846949e-03,-1.235101355176813041e-02,-1.067249252451631797e-02,-1.011464319821831458e-02,-7.919862409841247480e-03,-1.274281884770792073e-02,-1.327513099916423009e-02
-7.252954832609232252e-03,-3.823267502258588437e-03,-8.757023718121063546e-03,-4.909984220720275440e-03,-1.276712696793142442e-02,-1.067686748560721204e-02,-1.032882060769854324e-02,-7.754247005110846344e-03,-1.296931582845113270e-02,-1.337375829952161185e-02
-7.419244458613985516e-03,-3.909821716084023631e-03,-8.946303401036142730e-03,-5.288444830181460686e-03,-1.270653003543785291e-02,-1.073593344041543982e-02,-1.031399133924338837e-02,-7.359737278602512464e-03,-1.254845963038668522e-02,-1.276684787358144460e-02
-7.437933656903633790e-03,-3.986180293549288801e-03,-8.850498299462779273e-03,-5.413630588548789570e-03,-1.274070788219590009e-02,-1.049971953242049075e-02,-1.034816918600143555e-02,-7.123523370607563396e-03,-1.276376728935000628e-02,-1.280158434003636665e-02
-7.449727534526217297e-03,-4.062538871014553972e-03,-8.955992589455076189e-03,-5.500184802374224330e-03,-1.274508284328679415e-02,-1.026350562442554168e-02,-1.056347684496475661e-02,-7.312803053522642580e-03,-1.259815188461960514e-02,-1.284392329817698498e-02
-7.483905381284264476e-03,-3.826324963019604904e-03,-8.848028266984289680e-03,-5.677425196630078372e-03,-1.257584886455036244e-02,-1.026057118169260325e-02,-1.062254279977298439e-02,-7.562570833582240790e-03,-1.301484015838577993e-02,-1.287865976463190704e-02
-7.534539117661101168e-03,-3.903661484275926328e-03,-8.964929509980472735e-03,-5.826986842558744273e-03,-1.258022382564125650e-02,-1.043781157594845729e-02,-1.071848120549748033e-02,-7.589542481306870564e-03,-1.250524616790378053e-02,-1.289798489515687867e-02
-7.630477523385597975e-03,-3.980998005532247752e-03,-9.042266031236794593e-03,-5.987539742114628485e-03,-1.197331339970108925e-02,-1.060958352684543068e-02,-1.077754716030570811e-02,-7.608231679596518839e-03,-1.259180038172921616e-02,-1.307522528941273271e-02
-7.614791892877470839e-03,-4.097899248528430807e-03,-9.128820245062230221e-03,-6.112682826727233905e-03,-1.180769799497068812e-02,-1.083608050758864266e-02,-1.088304145029800503e-02,-7.768784579152403051e-03,-1.263413933986983449e-02,-1.311756424755335104e-02
-7.739934977490076258e-03,-4.141927480275616261e-03,-8.892606337067281153e-03,-5.947067421996832769e-03,-1.186943589349304974e-02,-1.089514646239687044e-02,-1.095068098982093438e-02,-7.611072276536233125e-03,-1.273007774559433043e-02,-1.288135033955840197e-02
-7.868166760349468505e-03,-4.185955712022801714e-03,-8.998100627059578069e-03,-6.006133376805059682e-03,-1.188812509178269715e-02,-1.092988292885179250e-02,-1.116598864878425544e-02,-7.875148287940367947e-03,-1.280741426685065229e-02,-1.288572530064929604e-02
-7.929904658871830131e-03,-4.229983943769987167e-03,-9.009894504682161576e-03,-6.246373479496152362e-03,-1.128121466584252990e-02,-1.093425788994268656e-02,-1.110539171629068393e-02,-8.052388682196221989e-03,-1.284159211360869947e-02,-1.313360692219880943e-02
-7.964082505629877309e-03,-4.227049501037048740e-03,-9.105832910406657515e-03,-6.396927947871131580e-03,-1.143077631177119580e-02,-1.114956554890600762e-02,-1.113956956304873111e-02,-8.267696341159543050e-03,-1.267597670887829833e-02,-1.296799151746840829e-02
-7.798467100899476173e-03,-4.332543791029345656e-03,-9.272122536411410779e-03,-6.231312543140730444e-03,-1.144257018939377930e-02,-1.109275240740121952e-02,-1.162140638641251736e-02,-8.433985967164296313e-03,-1.256477111303704562e-02,-1.301033047560902663e-02
-7.885021314724911801e-03,-4.483098259404324874e-03,-9.520004157960924168e-03,-6.308649064397052302e-03,-1.147730665584870136e-02,-1.114338614377805708e-02,-1.174654947102512365e-02,-8.468163813922343491e-03,-1.232855720504209655e-02,-1.301470543669992069e-02
-7.719405909994510664e-03,-4.468268990949170009e-03,-9.735311816924245229e-03,-6.143033659666651165e-03,-1.149663178637367299e-02,-1.108657300227326899e-02,-1.186177676331987355e-02,-8.554718027747779119e-03,-1.234035108266468006e-02,-1.267498769742902813e-02
-7.908685592909589848e-03,-4.593454749316498893e-03,-9.852213059920428284e-03,-6.220370180922973023e-03,-1.163187938630632669e-02,-1.150268641843656299e-02,-1.184609113281174728e-02,-8.679861112360385406e-03,-1.243628948838917600e-02,-1.243877378943407906e-02
-7.892999962401463579e-03,-4.083860758834500365e-03,-9.686597655190027148e-03,-6.306924394748407783e-03,-1.179816901231107995e-02,-1.154530915703874151e-02,-1.195158542280404419e-02,-8.722200070501003738e-03,-1.260257911439392926e-02,-1.254426807942637598e-02
-8.309688236167640102e-03,-4.134494495211337058e-03,-9.977761281065068710e-03,-5.967206655477515220e-03,-1.178248338180295368e-02,-1.170586205659462573e-02,-1.199392438094466252e-02,-8.857447670433657438e-03,-1.270807340438622618e-02,-1.248367114693280447e-02
-8.408315536525021866e-03,-4.284056141140002959e-03,-1.014953323196204210e-02,-6.009545613618133553e-03,-1.180180851232792531e-02,-1.188908903268067786e-02,-1.182830897621426139e-02,-8.891625517191704617e-03,-1.283325916275355506e-02,-1.271948261630425660e-02
-8.467381491333249646e-03,-4.326395099280621291e-03,-1.027471899032937099e-02,-6.051884571758751885e-03,-1.194059892222807187e-02,-1.193142799082129620e-02,-1.200008092711123478e-02,-8.726010112461303481e-03,-1.291981337657899069e-02,-1.273817181459390400e-02
-8.509720449473867979e-03,-4.168682796664451365e-03,-1.038021328032166790e-02,-6.168785814754934940e-03,-1.199123265860490943e-02,-1.140538556778306067e-02,-1.213887133701138134e-02,-8.831504402453600397e-03,-1.302530766657128761e-02,-1.298793959465350221e-02
-8.529045579998839610e-03,-4.334972422669204628e-03,-1.048570757031396482e-02,-6.180579692377518447e-03,-1.175501875060996036e-02,-1.146445152259128845e-02,-1.263386936946494718e-02,-8.918058616279036024e-03,-1.307594140294812517e-02,-1.309343388464579913e-02
-8.654188664611445897e-03,-4.169357017938803492e-03,-1.032009216558356368e-02,-6.295806984672267480e-03,-1.163006686629659142e-02,-1.156307882294867022e-02,-1.246825396473454604e-02,-8.936747814568683432e-03,-1.311828036108874350e-02,-1.341718788039442285e-02
-8.488573259881044761e-03,-3.933143109943854424e-03,-1.033941729610853531e-02,-6.420992743039596364e-03,-1.146445146156619029e-02,-1.159725666970671740e-02,-1.257374825472684296e-02,-8.515891616504235942e-03,-1.329005231198571689e-02,-1.350374209421985848e-02
-8.530912218021663093e-03,-4.061374892803246671e-03,-1.047820770600868187e-02,-6.610272425954675547e-03,-1.152351741637441807e-02,-1.103154534155285568e-02,-1.248914774819330498e-02,-8.006297626022236547e-03,-1.339554660197801381e-02,-1.348805646371173221e-02
-8.581545954398500653e-03,-4.276682551766567732e-03,-1.064449733201343513e-02,-6.725499718249424580e-03,-1.159987599383968324e-02,-1.087383303893668489e-02,-1.259464203818560189e-02,-8.083634147278558404e-03,-1.315933269398306474e-02,-1.349985034133431572e-02
-8.747835580403253916e-03,-4.281057512857461798e-03,-1.040828342401848607e-02,-6.729874679340318647e-03,-1.161920112436465487e-02,-1.063761913094173582e-02,-1.262161368591023167e-02,-8.211865930137951519e-03,-1.299371728925266360e-02,-1.354387857308150117e-02
-8.582220175672852780e-03,-4.115442108127060662e-03,-1.049483763784392169e-02,-6.907115073596172689e-03,-1.145358571963425373e-02,-1.020960657197897761e-02,-1.238539977791528260e-02,-8.046250525407550383e-03,-1.337217789871384885e-02,-1.371565052397847456e-02
-8.699121418669035835e-03,-4.142413755851691304e-03,-1.058139185166935732e-02,-6.672349102328864294e-03,-1.158181750249364685e-02,-1.033474965659158390e-02,-1.246175835538054777e-02,-8.487765848334216656e-03,-1.344951441997017071e-02,-1.373497565450344619e-02
-8.824307177036364719e-03,-3.632819765369692342e-03,-1.064903139119228667e-02,-6.506733697598463158e-03,-1.160878915021827662e-02,-1.040238919611451325e-02,-1.221714023523618776e-02,-8.728005951025309336e-03,-1.366482207893349177e-02,-1.383091406022794213e-02
-8.886045075558726344e-03,-3.675158723510310674e-03,-1.069137034933290500e-02,-6.656295343527129059e-03,-1.161316411130917069e-02,-1.051929043911069631e-02,-1.227887813375854939e-02,-8.814560164850744964e-03,-1.370744481753567029e-02,-1.417166738177934142e-02
-9.011230833926055228e-03,-3.438944815515361606e-03,-1.073399308793508353e-02,-6.049384917586962673e-03,-1.119230791324472320e-02,-1.017957269983980374e-02,-1.204266422576360032e-02,-8.578346256855795895e-03,-1.378478133879199215e-02,-1.421569561352652687e-02
-8.845615429195654092e-03,-3.482973047262547060e-03,-1.073105864520214510e-02,-6.076356565311592448e-03,-1.132053969610411631e-02,-9.943358791844854674e-03,-1.208500318390421865e-02,-8.674284662580291835e-03,-1.384384729360021993e-02,-1.425803457166714520e-02
-9.105742172825474420e-03,-3.487348008353441126e-03,-1.085929042806153821e-02,-6.152715142776857618e-03,-1.126372655459932821e-02,-1.002991300567029030e-02,-1.210369238219386606e-02,-8.573788595641736177e-03,-1.360763338560527086e-02,-1.419743763917357370e-02
-9.110117133916368487e-03,-3.633331868004669504e-03,-1.091835638286976599e-02,-6.172040273301829250e-03,-1.143001618060408148e-02,-1.015814478852968342e-02,-1.221891967448861596e-02,-8.763068278556815360e-03,-1.394838670715667014e-02,-1.367139521613533817e-02
-9.227018376912551542e-03,-3.738826157996965986e-03,-1.099569290412608785e-02,-6.267978679026326057e-03,-1.146419402736212866e-02,-1.031869768808556763e-02,-1.206657372440314221e-02,-8.526854370561866292e-03,-1.360866896788577758e-02,-1.343518130814038911e-02
-9.405196105771637324e-03,-4.154939574160259989e-03,-1.103803186226670618e-02,-6.354532892851760817e-03,-1.129857862263172752e-02,-1.030386841963041276e-02,-1.224381411865899626e-02,-8.466257438068294783e-03,-1.382397662684909864e-02,-1.356036706650771799e-02
-9.424521236296608956e-03,-4.181911221884890631e-03,-1.121527225652256023e-02,-6.493323302751907375e-03,-1.136031652115408914e-02,-1.048110881388626681e-02,-1.235904141095374616e-02,-8.516891174445132343e-03,-1.385871309330402069e-02,-1.368555282487504687e-02
-8.914927245814609560e-03,-4.216089068642937809e-03,-1.147934826792669505e-02,-6.757399314156042197e-03,-1.142205441967645077e-02,-1.031549340915586567e-02,-1.235610696822080773e-02,-8.513956731712193915e-03,-1.379811616081044919e-02,-1.377078014995599189e-02
-9.116515777495464226e-03,-4.155492136149366300e-03,-1.152168722606731338e-02,-6.591783909425641061e-03,-1.099404186071369256e-02,-1.007927950116091660e-02,-1.257141462718412879e-02,-8.402751135870941204e-03,-1.398134313689650132e-02,-1.353456624196104283e-02
-8.880301869500515158e-03,-3.989876731418965164e-03,-1.164991900892670650e-02,-6.807091568388962122e-03,-1.099110741798075414e-02,-1.012161845930153493e-02,-1.263315252570649042e-02,-8.479109713336206375e-03,-1.409657042919125122e-02,-1.336895083723064169e-02
-8.930935605877352718e-03,-4.008565929708613439e-03,-1.163508974047155163e-02,-6.641476163658560986e-03,-1.114066906390942004e-02,-1.035742992867298706e-02,-1.284846018466981148e-02,-8.476175270603267947e-03,-1.411525962748089863e-02,-1.374606378163729763e-02
-8.992673504399714343e-03,-4.020359807331196945e-03,-1.121423354240710414e-02,-6.718812684914882843e-03,-1.098295676129324924e-02,-1.048261568704031595e-02,-1.290752613947803926e-02,-8.725943050662866157e-03,-1.416589336385773619e-02,-1.387124954000462651e-02
-9.004467382022297850e-03,-4.097696328587518803e-03,-1.141582207408795881e-02,-6.482598776919933775e-03,-1.116019715554910328e-02,-1.055025522656324530e-02,-1.305708778540670516e-02,-8.886495950218750370e-03,-1.454435397331892144e-02,-1.393298743852698814e-02
-8.838851977291896714e-03,-3.861482420592569735e-03,-1.145816103222857714e-02,-6.494392654542517282e-03,-1.120332745095955172e-02,-1.053542595810809043e-02,-1.311882568392906678e-02,-9.011639034831356657e-03,-1.467960157325157514e-02,-1.400062697804991749e-02
-8.635051406690637255e-03,-3.920548375400796648e-03,-1.122194712423362807e-02,-6.328777249812116146e-03,-1.134211786085969828e-02,-1.054721983573067394e-02,-1.316116464206968512e-02,-9.030328233121004064e-03,-1.444338766525662607e-02,-1.424850859959942914e-02
-8.469436001960236118e-03,-3.979614330209023561e-03,-1.168616030780394999e-02,-6.495066875816869409e-03,-1.158999948240920994e-02,-1.055159479682156801e-02,-1.322023059687791290e-02,-9.107664754377325922e-03,-1.460967729126137933e-02,-1.439807024552809504e-02
-8.504172468415158170e-03,-3.743400422214074492e-03,-1.177138763288489501e-02,-6.410466369283332293e-03,-1.165173738093157156e-02,-1.057091992734653964e-02,-1.305461519214751176e-02,-8.942049349646924786e-03,-1.472657853425756239e-02,-1.452630202838748816e-02
-8.580531045880423341e-03,-3.577785017483673356e-03,-1.189653071749750129e-02,-6.174252461288383224e-03,-1.168591522768961874e-02,-1.069915171020593275e-02,-1.299401825965394025e-02,-9.027276674727869807e-03,-1.485176429262489127e-02,-1.453809590601007166e-02
-8.599856176405394972e-03,-3.412169612753272220e-03,-1.137048829445926577e-02,-6.251588982544705082e-03,-1.170524035821459037e-02,-1.073388817666085480e-02,-1.320932591861726131e-02,-9.113830888553305434e-03,-1.491940383214782062e-02,-1.480217191741420649e-02
-8.923610172154018694e-03,-3.471235567561499133e-03,-1.147598258445156269e-02,-6.143624660073917707e-03,-1.153962495348418923e-02,-1.093547670834170947e-02,-1.338109786951423470e-02,-9.421062462258497985e-03,-1.494637547987245040e-02,-1.510940349111939904e-02
-8.950581819878648468e-03,-3.515263799308684586e-03,-1.159120987674631259e-02,-6.379436129445369835e-03,-1.164511924347648615e-02,-1.113706524002256414e-02,-1.351988827941438126e-02,-9.418128019525559558e-03,-1.500544143468067818e-02,-1.522630473411558209e-02
-9.366695236041942471e-03,-3.362917849223210839e-03,-1.146625799243294365e-02,-6.413613976203417014e-03,-1.172147782094175132e-02,-1.172722818490332976e-02,-1.357052201579121882e-02,-9.595368413781413600e-03,-1.508277795593700003e-02,-1.521147546566042723e-02
-9.385384434331589878e-03,-3.197302444492809703e-03,-1.163254761843769691e-02,-6.538799734570745897e-03,-1.189871821519760536e-02,-1.194140559438355842e-02,-1.356758757305828039e-02,-9.534771481287842090e-03,-1.521802555586965373e-02,-1.537776509166518049e-02
-9.436018170708427438e-03,-3.283856658318244897e-03,-1.165951926616232669e-02,-6.752977144050974559e-03,-1.213452968456905749e-02,-1.201874211563988028e-02,-1.368281486535303029e-02,-9.585405217664679650e-03,-1.505241015113925260e-02,-1.562564671321469215e-02
-9.596571070264311651e-03,-3.280922215585306903e-03,-1.166389422725322075e-02,-6.795316102191592891e-03,-1.219626758309141912e-02,-1.209510069310514545e-02,-1.362221793285945878e-02,-9.833286839214191305e-03,-1.543087076060043784e-02,-1.546003130848429101e-02
-9.600946031355205718e-03,-3.470201898500386520e-03,-1.150618192463704996e-02,-6.807109979814176398e-03,-1.223044542984946630e-02,-1.219103909882964139e-02,-1.367285166923629634e-02,-9.919841053039626932e-03,-1.526525535587003671e-02,-1.546440626957518508e-02
-9.815123440835434379e-03,-3.504938364955308139e-03,-1.179734555051209152e-02,-6.857743716191013091e-03,-1.234567272214421620e-02,-1.236827949308549543e-02,-1.369982331696092612e-02,-9.754225648309225796e-03,-1.539044111423736559e-02,-1.536860116800182162e-02
-9.901677654660870007e-03,-3.502003922222369711e-03,-1.163173014578169039e-02,-6.877068846715984722e-03,-1.218005731741381506e-02,-1.253456911909024869e-02,-1.388305029304697825e-02,-9.882457431168618911e-03,-1.478353068829719834e-02,-1.513238726000687255e-02
-1.014191775735196269e-02,-3.662556821778253490e-03,-1.169936968530461974e-02,-6.904040494440615364e-03,-1.211946038492024355e-02,-1.202497512860824930e-02,-1.367751170081858529e-02,-9.716842026438217775e-03,-1.499883834726051940e-02,-1.521894147383230818e-02
-1.055803117351525669e-02,-3.808540681429481867e-03,-1.176700922482754909e-02,-6.738425089710214227e-03,-1.228575001092499681e-02,-1.208671302713061092e-02,-1.386679138373366448e-02,-9.803396240263653402e-03,-1.506647788678344875e-02,-1.526156421243448670e-02
-1.077220858299548535e-02,-3.842718528187528612e-03,-1.212526281035395184e-02,-6.873672689642867061e-03,-1.278074804337856266e-02,-1.217326724095604655e-02,-1.335719739325166508e-02,-9.815190117886236909e-03,-1.510065573354149593e-02,-1.532330211095684833e-02
-1.035135238493103786e-02,-3.746913426614165588e-03,-1.234057046931727290e-02,-6.951009210899188918e-03,-1.272393490187377456e-02,-1.213044011180806035e-02,-1.338416904097629485e-02,-9.826983995508820416e-03,-1.540788730724668848e-02,-1.526270517846327682e-02
-1.018573698020063673e-02,-3.896475072542831489e-03,-1.235236434693985641e-02,-6.866729628219115852e-03,-1.248772099387882549e-02,-1.196482470707765922e-02,-1.332357210848272334e-02,-9.925611295866202180e-03,-1.546962520576905011e-02,-1.465579475252310956e-02
-9.949523072205687657e-03,-3.908268950165414563e-03,-1.253054207579894219e-02,-6.886054758744087484e-03,-1.254678694868705327e-02,-1.194913907656953295e-02,-1.346236251838286990e-02,-1.012719982754705685e-02,-1.558485249806380001e-02,-1.414620076204111017e-02
-1.000015680858252522e-02,-4.033454708532743446e-03,-1.269683170180369546e-02,-6.984682059101469248e-03,-1.266201424098180317e-02,-1.134222865062936569e-02,-1.350470147652348823e-02,-1.012426538481411842e-02,-1.534863859006885094e-02,-1.380648302277021761e-02
-9.763942900587576149e-03,-4.222010639538918350e-03,-1.286312132780844872e-02,-7.011653706826099022e-03,-1.281157588691046907e-02,-1.138456760876998403e-02,-1.326848756852853917e-02,-1.012133094208117999e-02,-1.534570414733591251e-02,-1.384066086952826478e-02
-9.807971132334761602e-03,-4.097058755225549409e-03,-1.262690741981349965e-02,-7.045831553584146201e-03,-1.305181598960156175e-02,-1.152335801867013058e-02,-1.275889357804653977e-02,-1.018039689688940777e-02,-1.551747609823288590e-02,-1.401790126378411883e-02
-9.571757224339812534e-03,-4.235849165125695967e-03,-1.275209317818082853e-02,-7.141769959308643008e-03,-1.337556998535018547e-02,-1.173866567763345164e-02,-1.252267967005159070e-02,-1.036967657980448695e-02,-1.557921399675524753e-02,-1.407696721859234661e-02
-9.649093745596134392e-03,-4.179036023620907002e-03,-1.305932475188602108e-02,-7.308059585313395404e-03,-1.346212419917562110e-02,-1.186689746049284476e-02,-1.260923388387702633e-02,-1.078929200973781713e-02,-1.564095189527760915e-02,-1.422752168696732496e-02
-9.774236830208740678e-03,-4.380624555301760800e-03,-1.312106265040838271e-02,-7.142444180582994268e-03,-1.371000582072513449e-02,-1.197239175048514168e-02,-1.260629944114408790e-02,-1.080798120802746454e-02,-1.547533649054720802e-02,-1.427154991871451041e-02
-9.951477224464594720e-03,-4.439690510109987713e-03,-1.295544724567798157e-02,-7.210083720105924486e-03,-1.360204149825434798e-02,-1.195670611997701541e-02,-1.260336499841114948e-02,-1.079315193957230967e-02,-1.523912258255225895e-02,-1.438677721100926031e-02
-1.000211096084143228e-02,-4.590244978484966931e-03,-1.298962509243602875e-02,-7.450323822797017166e-03,-1.368726882333529300e-02,-1.206220040996931232e-02,-1.243774959368074834e-02,-1.095944156557706294e-02,-1.538868422848092485e-02,-1.422116180627885917e-02
-9.836495556111031144e-03,-4.624981444939888983e-03,-1.311476817704863504e-02,-6.924281399758781645e-03,-1.374633477814352078e-02,-1.217910165296549538e-02,-1.244954347130333185e-02,-1.072322765758211387e-02,-1.522306882375052371e-02,-1.435995221617900573e-02
-9.975285966011177702e-03,-5.003442054401074229e-03,-1.267586802096825130e-02,-6.966620357899399978e-03,-1.375070973923441485e-02,-1.226565586679093101e-02,-1.193994948082133245e-02,-1.091250734049719305e-02,-1.538935844975527698e-02,-1.448509530079161202e-02
-1.033353955153758046e-02,-5.153003700329740130e-03,-1.289004543044847996e-02,-7.132909983904152373e-03,-1.341099199996352229e-02,-1.224997023628280474e-02,-1.203588788654582839e-02,-1.093119653878684046e-02,-1.548798575011265874e-02,-1.454683319931397364e-02
-1.025400130324967581e-02,-5.110176571181753932e-03,-1.282944849795490845e-02,-7.159881631628782148e-03,-1.341536696105441635e-02,-1.229399846802999019e-02,-1.212111521162677341e-02,-1.109174943834272467e-02,-1.506712955204821125e-02,-1.460589915412220142e-02
-1.035949559324197272e-02,-5.208803871539135696e-03,-1.292538690367940439e-02,-7.194059478386829326e-03,-1.344233860877904613e-02,-1.263475178958138948e-02,-1.218285311014913504e-02,-1.085553553034777560e-02,-1.522768245160409546e-02,-1.469245336794763705e-02
-1.034466632478681786e-02,-5.205869428806197269e-03,-1.281742258120861788e-02,-7.178373847878703057e-03,-1.356752436714637501e-02,-1.266948825603631153e-02,-1.226018963140545689e-02,-1.092317506987070495e-02,-1.544299011056741652e-02,-1.469682832903853112e-02
-1.043122053861225348e-02,-4.766969272725812660e-03,-1.269247069689524894e-02,-6.974573277277444465e-03,-1.366346277287087095e-02,-1.266655381330337310e-02,-1.228716127913008667e-02,-1.075755966514030382e-02,-1.568323021325850747e-02,-1.473100617579657830e-02
-1.057001094851240004e-02,-4.883870515721996583e-03,-1.216642827385701342e-02,-6.553717079212997842e-03,-1.366052833013793252e-02,-1.278345505629955615e-02,-1.232950023727070500e-02,-1.067328008246022988e-02,-1.606169082271969098e-02,-1.479864571531950765e-02
-1.066594935423689598e-02,-4.918606982176918635e-03,-1.193021436586206435e-02,-6.044123088730998447e-03,-1.365759388740499410e-02,-1.278783001739045022e-02,-1.216388483254030387e-02,-1.073501798098259151e-02,-1.618683390733229727e-02,-1.483282356207755483e-02
-1.079418113709628910e-02,-5.382820165747240551e-03,-1.199195226438442598e-02,-6.210412714735751710e-03,-1.380715553333366000e-02,-1.291297310200305651e-02,-1.176937510603196999e-02,-1.079408393579081929e-02,-1.602121850260189787e-02,-1.483719852316844889e-02
-1.079124669436335067e-02,-5.518067765679893384e-03,-1.203598049613161143e-02,-6.458294336285264232e-03,-1.357094162533871093e-02,-1.310225278491813569e-02,-1.153316119803702092e-02,-1.085582183431318092e-02,-1.624827587414362506e-02,-1.479437139402046270e-02
-1.087780090818878630e-02,-5.552804232134815436e-03,-1.204035545722250550e-02,-6.397697403791692723e-03,-1.296403119939854368e-02,-1.286603887692318662e-02,-1.153753615912791498e-02,-1.098405361717257403e-02,-1.608266046941322566e-02,-1.491955715238779158e-02
-1.104409053419353956e-02,-5.730044626390669478e-03,-1.202552618876735063e-02,-6.448331140168529416e-03,-1.319108857094027087e-02,-1.236051699439761654e-02,-1.166267924374052127e-02,-1.112284402707272059e-02,-1.610963211713785717e-02,-1.509132910328476497e-02
-1.117232231705293267e-02,-5.204002203352433957e-03,-1.202259174603441221e-02,-6.525667661424851274e-03,-1.318815412820733245e-02,-1.230370385289282845e-02,-1.183445119463749466e-02,-1.123974527006890364e-02,-1.624842252703800546e-02,-1.485511519528981590e-02
-1.118411619467551618e-02,-5.290556417177868717e-03,-1.204956339375904198e-02,-6.587405559947212032e-03,-1.324989202672969407e-02,-1.230807881398372251e-02,-1.187679015277811299e-02,-1.130148316859126527e-02,-1.573882853655600780e-02,-1.491685309381217753e-02
-1.122645515281613451e-02,-5.054342509182919649e-03,-1.232831499422402249e-02,-6.621583406705259210e-03,-1.331753156625262342e-02,-1.243322189859632880e-02,-1.202734462115309134e-02,-1.138671049367221029e-02,-1.576580018428063931e-02,-1.507740599336806174e-02
-1.127708888919297207e-02,-4.818128601187970581e-03,-1.265206898997264622e-02,-6.648555054429889852e-03,-1.345376453137397260e-02,-1.259951152460108206e-02,-1.215248770576569763e-02,-1.121747651493577858e-02,-1.588102747657538921e-02,-1.456781200288606234e-02
-1.131126673595101925e-02,-5.001355577274022718e-03,-1.283024671883173200e-02,-6.412341146434940783e-03,-1.369400463406506528e-02,-1.236329761660613299e-02,-1.215686266685659170e-02,-1.131341492066027452e-02,-1.609633513553871201e-02,-1.440219659815566121e-02
-1.144651433588367295e-02,-4.835740172543621582e-03,-1.287427495057891745e-02,-6.508279552159437591e-03,-1.345779072607011621e-02,-1.244985183043156862e-02,-1.223419918811291356e-02,-1.136404865703711208e-02,-1.615540109034693805e-02,-1.423658119342526007e-02
-1.152385085713999481e-02,-4.952641415539804637e-03,-1.294191449010184680e-02,-6.272065644164488522e-03,-1.354434493989555184e-02,-1.248458829688649067e-02,-1.226837703487096073e-02,-1.112783474904216301e-02,-1.621713898886929794e-02,-1.432313540725069570e-02
-1.101425686665799542e-02,-4.979613063264434411e-03,-1.302846870392728243e-02,-6.550817244629468170e-03,-1.362957226497649686e-02,-1.224837438889154161e-02,-1.233601657439389009e-02,-1.116201259580021019e-02,-1.625187545532421826e-02,-1.375742407909683399e-02
-1.105828509840518087e-02,-5.395726479427728414e-03,-1.307249693567446788e-02,-6.385201839899067033e-03,-1.374479955727124676e-02,-1.257212838464016533e-02,-1.249656947394977430e-02,-1.116638755689110425e-02,-1.591215771605332396e-02,-1.352121017110188492e-02
-1.105535065567224244e-02,-5.414415677717376689e-03,-1.264448437671170968e-02,-6.551491465903820297e-03,-1.379543329364808432e-02,-1.268902962763634838e-02,-1.251589460447474593e-02,-1.120872651503172258e-02,-1.603730080066593025e-02,-1.369298212199885831e-02
-1.118358243853163556e-02,-5.529642970012125722e-03,-1.287154174825343687e-02,-6.594114204505998819e-03,-1.385717119217044595e-02,-1.281726141049574150e-02,-1.245529767198117442e-02,-1.142290392451195125e-02,-1.603436635793299356e-02,-1.356803023768548937e-02
-1.094736853053668649e-02,-5.779410750071723932e-03,-1.286860730552049845e-02,-6.680668418331433579e-03,-1.395310959789494189e-02,-1.265164600576534036e-02,-1.252293721150410377e-02,-1.143469780213453475e-02,-1.615126760092917835e-02,-1.368325752998023927e-02
-1.097434017826131626e-02,-5.945700376076477195e-03,-1.308278471500072711e-02,-6.444454510336484511e-03,-1.411939922389969515e-02,-1.285323453744619503e-02,-1.228672330350915470e-02,-1.146887564889258193e-02,-1.636544501040940527e-02,-1.369505140760282277e-02
-1.128157175196650881e-02,-6.134980058991556379e-03,-1.311696256175877429e-02,-6.023598312272037889e-03,-1.415357707065774233e-02,-1.306741194692642369e-02,-1.232145976996407676e-02,-1.196387368134614777e-02,-1.642718290893176517e-02,-1.371374060589247018e-02
-1.130026095025615622e-02,-6.010028174678187438e-03,-1.313565176004842169e-02,-6.050569959996667663e-03,-1.420421080703457989e-02,-1.290179654219602255e-02,-1.235619623641899881e-02,-1.198319881187111940e-02,-1.648892080745412506e-02,-1.379009918335773535e-02
-1.132723259798078599e-02,-5.949431242184615928e-03,-1.311996612954029542e-02,-5.443659534056501277e-03,-1.427185034655750924e-02,-1.308502351828207469e-02,-1.262027224782313363e-02,-1.198757377296201347e-02,-1.647323517694599879e-02,-1.400427659283796401e-02
-1.145546438084017911e-02,-6.008497196992842841e-03,-1.317059986591713298e-02,-5.278044129326100141e-03,-1.421125341406393773e-02,-1.314676141680443631e-02,-1.275906265772328019e-02,-1.200626297125166088e-02,-1.661202558684614708e-02,-1.410977088283026093e-02
-1.158060746545278540e-02,-6.104435602717339648e-03,-1.317497482700802705e-02,-5.542120140730234963e-03,-1.428761199152920290e-02,-1.316545061509408372e-02,-1.252284874972833112e-02,-1.201805684887424439e-02,-1.650406126437535884e-02,-1.419632509665569656e-02
-1.162294642359340373e-02,-6.181772123973661506e-03,-1.323671272553038868e-02,-5.539185697997296536e-03,-1.441279774989653178e-02,-1.320778957323470205e-02,-1.256547148833050964e-02,-1.200237121836611812e-02,-1.654640022251597717e-02,-1.377546889859124907e-02
-1.156613328208861563e-02,-6.166086493465535237e-03,-1.327089057228843585e-02,-5.625739911822731296e-03,-1.443212288042150342e-02,-1.319296030477954719e-02,-1.262453744313873742e-02,-1.204499395696829664e-02,-1.660546617732420321e-02,-1.394724084948822246e-02
-1.173242290809336889e-02,-6.233726032988465456e-03,-1.345411754837448799e-02,-5.803917640681816210e-03,-1.454735017271625332e-02,-1.340826796374286825e-02,-1.279082706914349069e-02,-1.206431908749326827e-02,-1.643985077259380381e-02,-1.410779374904410667e-02
-1.174421678571595240e-02,-6.260697680713096097e-03,-1.347280674666413540e-02,-5.808292601772710277e-03,-1.431113626472130425e-02,-1.352349525603761815e-02,-1.255461316114854162e-02,-1.223060871349802153e-02,-1.644422573368469614e-02,-1.423297950741143555e-02
-1.180328274052418018e-02,-6.377598923709279152e-03,-1.362236839259280130e-02,-5.904231007497207084e-03,-1.443936804758069736e-02,-1.355823172249254020e-02,-1.273185355540439566e-02,-1.217001178100445002e-02,-1.627861032895429674e-02,-1.435812259202404184e-02
-1.182197193881382759e-02,-6.389392801331862659e-03,-1.305665706443893959e-02,-6.043021417397353642e-03,-1.462864773049577655e-02,-1.343327983817917126e-02,-1.249563964740944659e-02,-1.241977956106404823e-02,-1.632924406533113257e-02,-1.446361688201633876e-02
-1.190852615263926322e-02,-6.401186678954446166e-03,-1.306845094206152309e-02,-6.120357938653675500e-03,-1.420779153243132906e-02,-1.345260496870414289e-02,-1.251432884569909400e-02,-1.251840686142143000e-02,-1.654342147481135950e-02,-1.471338466207593697e-02
-1.186569902349127702e-02,-5.980330480889998676e-03,-1.311247917380870855e-02,-6.280910838209559713e-03,-1.404217612770092792e-02,-1.343691933819601662e-02,-1.227811493770414493e-02,-1.250357759296627513e-02,-1.674501000649221416e-02,-1.479993887590137260e-02
-1.214445062395625580e-02,-6.042068379412359434e-03,-1.313945082153333832e-02,-6.419701248109706271e-03,-1.432092772816590670e-02,-1.356210509656334551e-02,-1.239501618070032798e-02,-1.241929801028620120e-02,-1.712347061595339767e-02,-1.506401488730550742e-02
-1.224994491394855271e-02,-6.289950000961871956e-03,-1.279973308226244576e-02,-6.254085843379305135e-03,-1.440748194199134233e-02,-1.354641946605521924e-02,-1.239208173796738956e-02,-1.245347585704424838e-02,-1.740222221641837819e-02,-1.523578683820248081e-02
-1.242171686484552610e-02,-6.418181783821264204e-03,-1.227966059026769363e-02,-6.270816784737345655e-03,-1.446921984051370395e-02,-1.355079442714611331e-02,-1.243521203337783800e-02,-1.245785081813514245e-02,-1.716600830842342912e-02,-1.507017143347207967e-02
-1.248078281965375388e-02,-6.434912725179304724e-03,-1.221906365777412212e-02,-5.663906358797179269e-03,-1.468452749947702501e-02,-1.331458051915116424e-02,-1.242038276492268313e-02,-1.264713050105022163e-02,-1.720834726656404745e-02,-1.456057744299008028e-02
-1.255811934091007574e-02,-5.908870302141069203e-03,-1.231500206349861806e-02,-5.813468004725845170e-03,-1.476186402073334687e-02,-1.314896511442076310e-02,-1.253728400791886619e-02,-1.248941819843405084e-02,-1.704273186183364805e-02,-1.493769038739673621e-02
-1.256249430200096981e-02,-5.488014104076621713e-03,-1.246967359764129292e-02,-5.832793135250816802e-03,-1.415495359479317962e-02,-1.313327948391263683e-02,-1.253434956518592776e-02,-1.232380279370364970e-02,-1.718152227173379634e-02,-1.505291767969148611e-02
-1.205697241947539973e-02,-5.251800196081672645e-03,-1.241286045613650482e-02,-5.748513552570743736e-03,-1.416674747241576313e-02,-1.289706557591768776e-02,-1.263984385517822467e-02,-1.238286874851187748e-02,-1.701590686700339694e-02,-1.463206148162703862e-02
-1.213333099694066490e-02,-5.429040590337526687e-03,-1.248921903360176999e-02,-5.876745335430135983e-03,-1.410615053992219162e-02,-1.327552618537887301e-02,-1.269890980998645245e-02,-1.248836303850417440e-02,-1.710246108082883257e-02,-1.484736914059035968e-02
-1.151078023863445418e-02,-5.506377111593848545e-03,-1.273898681366136820e-02,-6.059972311516188120e-03,-1.394053513519179048e-02,-1.344181581138362627e-02,-1.274954354636329001e-02,-1.253070199664479273e-02,-1.659286709034683491e-02,-1.507442651213208688e-02
-1.142617973210091620e-02,-5.720554521074077206e-03,-1.261403492934799926e-02,-6.226261937520941384e-03,-1.439098087804750736e-02,-1.320560190338867720e-02,-1.287472930473061890e-02,-1.254939119493444014e-02,-1.642363311161040493e-02,-1.512506024850892444e-02
-1.143797360972349970e-02,-5.732348398696660713e-03,-1.280259086035417417e-02,-6.392551563525694647e-03,-1.450620817034225726e-02,-1.322492703391364884e-02,-1.292536304110745646e-02,-1.249257805342965204e-02,-1.651957151733490087e-02,-1.488884634051397537e-02
-1.160974556062047310e-02,-5.716662768188534444e-03,-1.288781818543511919e-02,-6.479105777351129407e-03,-1.452489736863190467e-02,-1.322199259118071041e-02,-1.286854989960266836e-02,-1.270788571239297310e-02,-1.669134346823187426e-02,-1.496618286177029723e-02
-1.182505321958379416e-02,-5.855453178088681002e-03,-1.237822419495311979e-02,-6.513283624109176585e-03,-1.457553110500874223e-02,-1.320716332272555554e-02,-1.294490847706793353e-02,-1.275022467053359143e-02,-1.674197720460871008e-02,-1.504254143923556240e-02
-1.191028054466473918e-02,-5.923092717611611220e-03,-1.203850645568222723e-02,-6.673836523665060798e-03,-1.433931719701379316e-02,-1.328449984398187740e-02,-1.251689591810517532e-02,-1.289978631646225733e-02,-1.690253010416459256e-02,-1.493133584339430969e-02
-1.201577483465703609e-02,-5.686878809616662152e-03,-1.211584297693854909e-02,-6.802068306524453045e-03,-1.382972320653179377e-02,-1.346174023823773144e-02,-1.266745038648015367e-02,-1.303503391639491103e-02,-1.719369373003963586e-02,-1.440529342035607417e-02
-1.203446403294668350e-02,-5.671193179108535015e-03,-1.215002082369659626e-02,-6.820757504814101320e-03,-1.398439474067446862e-02,-1.349591808499577862e-02,-1.215785639599815428e-02,-1.326209128793663823e-02,-1.717800809953150959e-02,-1.455584788873105252e-02
-1.222301996395285840e-02,-5.434979271113585947e-03,-1.218419867045464344e-02,-6.970319150742767221e-03,-1.396870911016634235e-02,-1.350029304608667269e-02,-1.219203424275620146e-02,-1.329626913469468541e-02,-1.657109767359134234e-02,-1.461491384353928030e-02
-1.230824728903380343e-02,-5.573769681013732505e-03,-1.231944627038729714e-02,-7.098550933602159468e-03,-1.373249520217139329e-02,-1.351961817661164432e-02,-1.223437320089681979e-02,-1.340176342468698233e-02,-1.669628343195866949e-02,-1.474009960190660919e-02
-1.257232330043793825e-02,-5.578144642104626572e-03,-1.241807357074467891e-02,-6.862337025607210400e-03,-1.405624919792001701e-02,-1.362511246660394124e-02,-1.237316361079696635e-02,-1.354055383458712888e-02,-1.682451521481806087e-02,-1.498986738196620740e-02
-1.278763095940125931e-02,-5.562459011596500302e-03,-1.197917341466429517e-02,-6.929976565130140619e-03,-1.406804307554260051e-02,-1.338889855860899217e-02,-1.237022916806402792e-02,-1.337493842985672775e-02,-1.692045362054255681e-02,-1.508849468232358916e-02
-1.280695608992623094e-02,-5.581784142121471934e-03,-1.206572762848973079e-02,-7.090529464686024831e-03,-1.421760472147126642e-02,-1.322328315387859103e-02,-1.248713041106021097e-02,-1.357652696153758241e-02,-1.713576127950587960e-02,-1.521368044069091804e-02
-1.294220368985888464e-02,-5.345570234126522866e-03,-1.212746552701209242e-02,-7.117501112410655473e-03,-1.416079157996647832e-02,-1.347305093393818924e-02,-1.276588201152518975e-02,-1.364416650106051176e-02,-1.715445047779552701e-02,-1.524065208841554782e-02
-1.243260969937688525e-02,-5.473802016985915113e-03,-1.221401974083752805e-02,-7.353312581782107601e-03,-1.427769282296266137e-02,-1.296345694345618985e-02,-1.286182041724968569e-02,-1.384575503274136643e-02,-1.725038888352002295e-02,-1.528327482701772634e-02
-1.257140010927703180e-02,-5.237588108990966045e-03,-1.229135626209384990e-02,-7.365106459404691108e-03,-1.412534687287718763e-02,-1.317876460241951091e-02,-1.281899328810169950e-02,-1.403503471565644561e-02,-1.732674746098528812e-02,-1.534234078182595412e-02
-1.265795432310246743e-02,-5.221902478482838908e-03,-1.238729466781834584e-02,-7.128892551409742040e-03,-1.418708477139954925e-02,-1.324640414194244026e-02,-1.290554750192713512e-02,-1.408566845203328317e-02,-1.709053355299033905e-02,-1.528552764032116602e-02
-1.264312505464731257e-02,-5.327396768475135824e-03,-1.253685631374701175e-02,-7.147581749699390315e-03,-1.395087086340460018e-02,-1.341269376794719352e-02,-1.233983617377327341e-02,-1.434974446343741800e-02,-1.685431964499538998e-02,-1.534726553884352765e-02
-1.279367952302229092e-02,-5.346721899000107456e-03,-1.257919527188763008e-02,-7.262809041994139347e-03,-1.338515953525073847e-02,-1.349924798177262915e-02,-1.235656711513131306e-02,-1.458555593280887012e-02,-1.685869460608628578e-02,-1.543249286392447267e-02
-1.279074508028935249e-02,-5.303894769852121258e-03,-1.234298136389268101e-02,-7.641269651455324594e-03,-1.346151811271600364e-02,-1.351793718006227656e-02,-1.240720085150815062e-02,-1.464729383133123175e-02,-1.691776056089451183e-02,-1.563408139560532734e-02
-1.291897686314874560e-02,-5.475666720749095516e-03,-1.251475331478965440e-02,-7.717628228920589764e-03,-1.368857548425773084e-02,-1.300834318958027716e-02,-1.239151522100002435e-02,-1.478608424123137831e-02,-1.709500095515036414e-02,-1.573001980132982328e-02
-1.295315470990679278e-02,-5.552025298214360687e-03,-1.234913791005925326e-02,-7.481414320925640696e-03,-1.370790061478270247e-02,-1.338680379904146241e-02,-1.241020441928967176e-02,-1.484782213975373993e-02,-1.728428063806544332e-02,-1.556440439659942214e-02
-1.307829779451939907e-02,-5.892778619765759972e-03,-1.244776521041663503e-02,-7.478479878192702268e-03,-1.361209551320933901e-02,-1.345444333856439176e-02,-1.245254337743029009e-02,-1.461160823175879087e-02,-1.743026449771667083e-02,-1.561503813297625970e-02
-1.325647552337848485e-02,-5.935117577906378304e-03,-1.193817121993463563e-02,-7.529113614569538961e-03,-1.367973505273226836e-02,-1.350507707494122932e-02,-1.251428127595265172e-02,-1.476116987768745677e-02,-1.750760101897299095e-02,-1.566567186935309552e-02
-1.329960581878893329e-02,-5.939492538997272371e-03,-1.197234906669268281e-02,-7.606450135825860819e-03,-1.334001731346137580e-02,-1.367136670094598258e-02,-1.256491501232948928e-02,-1.476554483877835083e-02,-1.755022375757516948e-02,-1.583196149535784705e-02
-1.336724535831186264e-02,-6.175304008368724500e-03,-1.223642507809681763e-02,-7.625775266350832450e-03,-1.310380340546642673e-02,-1.378659399324073248e-02,-1.265146922615492490e-02,-1.484288136003467269e-02,-1.756891295586481688e-02,-1.599251439491372953e-02
-1.288785081348392883e-02,-6.172369565635786072e-03,-1.227876403623743597e-02,-7.687513164873193208e-03,-1.316554130398878836e-02,-1.392538440314087904e-02,-1.282324117705189830e-02,-1.499343582840965104e-02,-1.805074977922860313e-02,-1.575630048691878046e-02
-1.305962276438090222e-02,-6.176744526726680139e-03,-1.238425832622973288e-02,-7.783451570597690015e-03,-1.333183092999354162e-02,-1.390969877263275277e-02,-1.291917958277639424e-02,-1.502040747613428082e-02,-1.816765102222478792e-02,-1.585223889264327640e-02
-1.318476584899350851e-02,-5.755888328662233516e-03,-1.241899479268465493e-02,-7.944004470153573361e-03,-1.309561702199859255e-02,-1.405926041856141867e-02,-1.310845926569147342e-02,-1.524746484767600802e-02,-1.839470839376651512e-02,-1.542422633368051819e-02
-1.326112442645877368e-02,-5.519674420667284448e-03,-1.259076674358162833e-02,-7.859403963620035377e-03,-1.303880388049380445e-02,-1.399866348606784716e-02,-1.320439767141596936e-02,-1.540801774723189223e-02,-1.822909298903611572e-02,-1.545840418043856537e-02
-1.339991483635892024e-02,-5.655907385788634494e-03,-1.242515133885122719e-02,-8.036644357875889419e-03,-1.325298128997403312e-02,-1.417590388032370120e-02,-1.324673662955658769e-02,-1.540508330449895380e-02,-1.829083088755847561e-02,-1.485149375449839812e-02
-1.316370092836397117e-02,-5.714973340596861406e-03,-1.274890533459985091e-02,-7.641729566493418897e-03,-1.323729565946590685e-02,-1.423764177884606283e-02,-1.301052272156163862e-02,-1.563214067604068100e-02,-1.805461697956352654e-02,-1.491913329402132747e-02
-1.328060217136015422e-02,-5.881262966601614670e-03,-1.285439962459214783e-02,-7.684068524634037230e-03,-1.340358528547066011e-02,-1.428026451744824135e-02,-1.311601701155393554e-02,-1.546652527131027986e-02,-1.817980273793085716e-02,-1.493782249231097488e-02
-1.333966812616838200e-02,-5.715647561871213533e-03,-1.293173614584846969e-02,-7.873348207549117281e-03,-1.289399129498866071e-02,-1.445750491170409539e-02,-1.310033138104580927e-02,-1.531417932122480612e-02,-1.842957051799045537e-02,-1.507661290221112144e-02
-1.335835732445802941e-02,-5.979723573275348356e-03,-1.308129779177713559e-02,-7.915687165689735613e-03,-1.293633025312927905e-02,-1.454405912552953102e-02,-1.293471597631540813e-02,-1.536481305760164368e-02,-1.863115904967131004e-02,-1.510358454993575121e-02
-1.340899106083486697e-02,-5.999048703800319987e-03,-1.315863431303345744e-02,-8.151498635061187742e-03,-1.297050809988732623e-02,-1.430784521753458195e-02,-1.269850206832045907e-02,-1.543245259712457303e-02,-1.868179278604814586e-02,-1.519952295566024715e-02
-1.356954396039075118e-02,-6.115949946796503042e-03,-1.325457271875795338e-02,-8.148564192328249314e-03,-1.254965190182287874e-02,-1.436958311605694358e-02,-1.283374966825311277e-02,-1.580956554153123070e-02,-1.866696351759299100e-02,-1.459261252972007990e-02
-1.340392855566035005e-02,-6.261933806447731420e-03,-1.338982031869060708e-02,-8.273707276940855601e-03,-1.276495956078619980e-02,-1.448648435905312663e-02,-1.283812462934400683e-02,-1.582825473982087811e-02,-1.854201163327962032e-02,-1.485668854112421472e-02
-1.358715553174640218e-02,-5.841077608383284797e-03,-1.332922338619703558e-02,-8.108091872210454465e-03,-1.276202511805326137e-02,-1.437852003658234012e-02,-1.308789240940360504e-02,-1.592419314554537405e-02,-1.837639622854922092e-02,-1.491842643964657635e-02
-1.360584473003604959e-02,-5.891711344760121490e-03,-1.293471365968870170e-02,-8.167157827018682245e-03,-1.291158676398192727e-02,-1.443758599139056790e-02,-1.321307816777093393e-02,-1.575857774081497464e-02,-1.849329747154540571e-02,-1.494539808737120612e-02
-1.368318125129237145e-02,-5.655497436765172421e-03,-1.295403879021367333e-02,-8.292343585386011129e-03,-1.313808374472513925e-02,-1.392799200090856851e-02,-1.326371190414777149e-02,-1.604974136669001794e-02,-1.825708356355045664e-02,-1.493056881891605125e-02
-1.362258431879879994e-02,-5.689675283523219600e-03,-1.295110434748073490e-02,-8.276657954877884860e-03,-1.290186983673019018e-02,-1.414329965987188957e-02,-1.302749799615282242e-02,-1.599292822518522811e-02,-1.835302196927495258e-02,-1.494236269653863476e-02
-1.311299032831680055e-02,-5.980838909398262029e-03,-1.282615246316736596e-02,-8.111042550147483723e-03,-1.266565592873524111e-02,-1.401834777555852063e-02,-1.331866162202786572e-02,-1.605466612370758800e-02,-1.839536092741557091e-02,-1.505758998883338466e-02
-1.327927995432155381e-02,-6.048478448921192248e-03,-1.288789036168972758e-02,-8.288282944403337765e-03,-1.267003088982613518e-02,-1.408008567408088225e-02,-1.335283946878591289e-02,-1.631874213511172456e-02,-1.842233257514020242e-02,-1.501476285968539846e-02
-1.329796915261120122e-02,-5.812264540926243180e-03,-1.292206820844777476e-02,-8.403510236698087665e-03,-1.271236984796675351e-02,-1.411426352083892943e-02,-1.346806676108066279e-02,-1.640396946019266958e-02,-1.843412645276278766e-02,-1.502655673730798197e-02
-1.333214699936924839e-02,-5.816639502017137246e-03,-1.299842678591303993e-02,-8.282478295994072370e-03,-1.261656474639339005e-02,-1.420081773466436506e-02,-1.357356105107295971e-02,-1.648130598144898970e-02,-1.843850141385368346e-02,-1.514178402960273187e-02
-1.342808540509374433e-02,-5.931866794311886279e-03,-1.309705408627042170e-02,-8.367705621075017391e-03,-1.250860042392260355e-02,-1.369122374418236567e-02,-1.366011526489839534e-02,-1.673107376150858791e-02,-1.783159098791351621e-02,-1.490557012160778280e-02
-1.291849141461174494e-02,-5.766251389581485143e-03,-1.313123193302846888e-02,-8.658869246950060689e-03,-1.292821585385593372e-02,-1.373356270232298400e-02,-1.378525834951100162e-02,-1.668824663236060171e-02,-1.781590535740538994e-02,-1.494819286020996132e-02
-1.231158098867157769e-02,-5.600635984851084007e-03,-1.321778614685390450e-02,-8.655934804217122261e-03,-1.294690505214558113e-02,-1.376774054908103118e-02,-1.391044410787833051e-02,-1.677347395744154673e-02,-1.783459455569503735e-02,-1.496751799073493296e-02
-1.237064694347980547e-02,-5.091041994369084611e-03,-1.329512266811022636e-02,-8.599121662712334163e-03,-1.316108246162580979e-02,-1.361539459899555743e-02,-1.348243154891557230e-02,-1.684983253490681190e-02,-1.739569439961465361e-02,-1.508441923373111601e-02
-1.249579002809241175e-02,-5.268282388624938653e-03,-1.305890876011527729e-02,-8.603496623803228230e-03,-1.332737208763056305e-02,-1.374058035736288631e-02,-1.324621764092062323e-02,-1.689386076665399736e-02,-1.781180781577794761e-02,-1.508879419482201008e-02
-1.261101732038716165e-02,-4.661371962684772267e-03,-1.307759795840492470e-02,-8.607871584894122297e-03,-1.316175668290016192e-02,-1.350436644936793724e-02,-1.339577928684928913e-02,-1.709544929833485202e-02,-1.786244155215478344e-02,-1.520569543781819313e-02
-1.277730694639191492e-02,-4.638714478664165974e-03,-1.320278371677225358e-02,-8.857639364953720507e-03,-1.282203894362926935e-02,-1.350143200663499882e-02,-1.346341882637221848e-02,-1.712962714509289747e-02,-1.791307528853161926e-02,-1.524831817642037166e-02
-1.280427859411654469e-02,-4.755615721660349030e-03,-1.304507141415608279e-02,-8.436783166889273017e-03,-1.284072814191891676e-02,-1.366198490619088303e-02,-1.351405256274905604e-02,-1.716380499185094291e-02,-1.794725313528966470e-02,-1.525269313751126572e-02
-1.296483149367242890e-02,-4.250093839134778950e-03,-1.288735911153991200e-02,-8.271167762158871881e-03,-1.293935544227629852e-02,-1.372962444571381238e-02,-1.365284297264920260e-02,-1.748755898759956837e-02,-1.782230125097629403e-02,-1.532905171497653089e-02
-1.308997457828503519e-02,-4.261887716757362457e-03,-1.298598641189729376e-02,-8.321801498535709440e-03,-1.288254230077151043e-02,-1.374141832333639589e-02,-1.406895638881249661e-02,-1.747187335709144210e-02,-1.781936680824335734e-02,-1.570751232443771614e-02
-1.285376067029008612e-02,-4.338246294222627628e-03,-1.302072287835221581e-02,-8.085587590540760372e-03,-1.327912205106893812e-02,-1.357580291860599475e-02,-1.414629291006881846e-02,-1.747624831818233443e-02,-1.780368117773523107e-02,-1.554189691970731500e-02
-1.279694752878529802e-02,-4.335311851489689200e-03,-1.311666128407671175e-02,-8.170814915621705393e-03,-1.338461634106123503e-02,-1.382368454015550641e-02,-1.424492021042620023e-02,-1.747331387544939774e-02,-1.785431491411206689e-02,-1.537628151497691387e-02
-1.285601348359352580e-02,-4.210359967176320259e-03,-1.300869696160592524e-02,-7.563904489681539008e-03,-1.341879418781928221e-02,-1.390102106141182826e-02,-1.424929517151709429e-02,-1.763960350145414926e-02,-1.779371798161849538e-02,-1.514006760698196480e-02
-1.290664721997036336e-02,-4.287696488432642117e-03,-1.306776291641415302e-02,-7.625642388203899766e-03,-1.348053208634164384e-02,-1.402925284427122138e-02,-1.431103307003945592e-02,-1.740338959345920020e-02,-1.782789582837654083e-02,-1.512438197647383853e-02
-1.292597235049533499e-02,-4.135350538347168370e-03,-1.330357438578560515e-02,-7.776196856578878984e-03,-1.355689066380690901e-02,-1.397243970276643328e-02,-1.419982747419820321e-02,-1.765315737351879841e-02,-1.759168192038159176e-02,-1.495876657174343739e-02
-1.295294399821996477e-02,-4.139725499438062437e-03,-1.319236878994435244e-02,-7.826830592955715676e-03,-1.367379190680309206e-02,-1.412200134869509918e-02,-1.436611710020295647e-02,-1.770379110989563423e-02,-1.735546801238664269e-02,-1.479315116701303626e-02
-1.310349846659494312e-02,-4.201463397960423195e-03,-1.321105798823399985e-02,-8.004070987211569718e-03,-1.365810627629496579e-02,-1.420855556252053481e-02,-1.439308874792758625e-02,-1.746757720190068516e-02,-1.741453396719486874e-02,-1.462753576228263512e-02
-1.311529234421752663e-02,-4.076511513647053386e-03,-1.297484408023905078e-02,-8.187297963297621856e-03,-1.366990015391754930e-02,-1.397234165452558574e-02,-1.424074279784211250e-02,-1.749454884962531667e-02,-1.739884833668674247e-02,-1.480477615653848916e-02
-1.319262886547384848e-02,-4.127145250023890079e-03,-1.302547781661588834e-02,-8.264634484553943714e-03,-1.343368624592260023e-02,-1.405889586835102137e-02,-1.423780835510917407e-02,-1.767777582571137054e-02,-1.757702606554582825e-02,-1.492000344883323906e-02
-1.322680671223189566e-02,-4.293434876028642475e-03,-1.317503946254455424e-02,-8.340993062019208884e-03,-1.343806120701349430e-02,-1.400208272684623327e-02,-1.445311601407249513e-02,-1.787936435739222521e-02,-1.772658771147449241e-02,-1.512159198051409373e-02
-1.324613184275686729e-02,-4.459724502033395738e-03,-1.319436459306952587e-02,-8.104779154024259816e-03,-1.337746427451992279e-02,-1.404442168498685160e-02,-1.447180521236214254e-02,-1.791410082384714553e-02,-1.786537812137464071e-02,-1.518332987903645535e-02
-1.355336341646205985e-02,-4.223510594038446669e-03,-1.302874918833912474e-02,-7.947066851408089022e-03,-1.343653022932815057e-02,-1.398760854348206351e-02,-1.452243894873898010e-02,-1.767788691585219646e-02,-1.762916421337969164e-02,-1.528195717939383712e-02
-1.353767778595393358e-02,-4.389800220043199933e-03,-1.260789299027467725e-02,-7.904239722260102824e-03,-1.381364317373480650e-02,-1.400693367400703514e-02,-1.460899316256441573e-02,-1.751227151112179706e-02,-1.778971711293557412e-02,-1.494223944012294455e-02
-1.369823068550981779e-02,-4.153586312048250864e-03,-1.261226795136557131e-02,-8.039487322192756524e-03,-1.415439649528620579e-02,-1.404927263214765347e-02,-1.459330753205628946e-02,-1.700267752063979940e-02,-1.792850752283572241e-02,-1.500130539493117234e-02
-1.376587022503274714e-02,-4.230922833304572722e-03,-1.263923959909020109e-02,-8.051281199815340031e-03,-1.391818258729125672e-02,-1.403444336369249860e-02,-1.466966610952155463e-02,-1.714146793053994769e-02,-1.795547917056035392e-02,-1.517854578918702638e-02
-1.380989845677993259e-02,-3.994708925309623654e-03,-1.276442535745752997e-02,-8.118920739338269382e-03,-1.375256718256085559e-02,-1.405376849421747024e-02,-1.472873206432978241e-02,-1.720910747006287878e-02,-1.787119958788027999e-02,-1.542642741073653803e-02
-1.360609788617867313e-02,-3.999083886400517721e-03,-1.282349131226575775e-02,-8.334228398301590443e-03,-1.379490614070147392e-02,-1.421432139377335445e-02,-1.484563330732596546e-02,-1.705139516744670972e-02,-1.792183332425711581e-02,-1.571759103661158133e-02
-1.368343440743499499e-02,-4.084311211481463609e-03,-1.293871860456050765e-02,-8.098014490306641375e-03,-1.373430920820790241e-02,-1.415372446127978294e-02,-1.483080403887081060e-02,-1.720606670158938284e-02,-1.797246706063395164e-02,-1.577932893513394122e-02
-1.376998862126043062e-02,-4.103000409771111884e-03,-1.300045650308286928e-02,-7.932399085576240239e-03,-1.377833743995508786e-02,-1.435531299296063761e-02,-1.466518863414040946e-02,-1.704045129685898344e-02,-1.799115625892359904e-02,-1.576364330462581495e-02
-1.380472508771535267e-02,-4.087314779262985615e-03,-1.313570410301552298e-02,-7.875585944071452141e-03,-1.386489165378052349e-02,-1.452708494385761100e-02,-1.460837549263562136e-02,-1.680423738886403437e-02,-1.823139636161468999e-02,-1.577543718224840019e-02
-1.400631361939620734e-02,-3.929602476646814821e-03,-1.319477005782375076e-02,-7.814989011577880632e-03,-1.410513175647161617e-02,-1.451139931334948473e-02,-1.472527673563180442e-02,-1.685487112524087019e-02,-1.827373531975530832e-02,-1.594172680825315172e-02
-1.408365014065252920e-02,-4.046503719642997876e-03,-1.336654200872072415e-02,-7.901543225403316259e-03,-1.404453482397804466e-02,-1.462830055634566778e-02,-1.472965169672269849e-02,-1.683918549473274393e-02,-1.821692217825051849e-02,-1.606691256662048234e-02
-1.420883589901985808e-02,-4.088842677783616208e-03,-1.342827990724308578e-02,-7.462643069322931651e-03,-1.430466156760786499e-02,-1.439208664835071871e-02,-1.456403629199229735e-02,-1.671423361041937325e-02,-1.805130677352011909e-02,-1.613455210614341342e-02
-1.422752509730950549e-02,-4.166179199039938066e-03,-1.351350723232403080e-02,-7.467018030413825717e-03,-1.432335076589751240e-02,-1.452031843121011183e-02,-1.439842088726189621e-02,-1.679059218788463842e-02,-1.811304467204247898e-02,-1.624977939843816332e-02
-1.435271085567683437e-02,-4.380356608520166728e-03,-1.356414096870086836e-02,-7.562956436138322525e-03,-1.440068728715383425e-02,-1.481412939451559087e-02,-1.405870314799100365e-02,-1.685823172740756951e-02,-1.831463320372333364e-02,-1.619296625693337349e-02
-1.426843127299676217e-02,-4.414534455278213906e-03,-1.380438107139196104e-02,-7.622022390946549437e-03,-1.444302624529445259e-02,-1.491006780024008681e-02,-1.406307810908189772e-02,-1.686260668849846184e-02,-1.837369915853155969e-02,-1.623530521507399182e-02
-1.425360200454160731e-02,-4.539677539890819326e-03,-1.403143844293368823e-02,-7.664361349087167770e-03,-1.448564898389663111e-02,-1.497180569876244843e-02,-1.412214406389012550e-02,-1.703437863939543523e-02,-1.866751012183703873e-02,-1.630294475459692291e-02
-1.425066756180866888e-02,-4.523991909382692189e-03,-1.397084151044011673e-02,-7.879669008050489698e-03,-1.424943507590168204e-02,-1.500598354552049561e-02,-1.388593015589517643e-02,-1.713987292938773041e-02,-1.877300441182933391e-02,-1.613732934986652351e-02
-1.425504252289956295e-02,-4.640893152378875244e-03,-1.413713113644486999e-02,-7.923697239797675151e-03,-1.431707461542461139e-02,-1.501035850661138968e-02,-1.394766805441753806e-02,-1.690365902139278134e-02,-1.853679050383438484e-02,-1.619906724838888340e-02
-1.444432220581464213e-02,-5.122729975742660626e-03,-1.438501275799438164e-02,-7.687483331802726083e-03,-1.415145921069421026e-02,-1.512725974960757273e-02,-1.394473361168459963e-02,-1.666744511339783227e-02,-1.878655828389398305e-02,-1.620344220947977920e-02
-1.427870680108424099e-02,-5.184467874265021384e-03,-1.453457440392304754e-02,-7.451269423807777015e-03,-1.418563705745225743e-02,-1.528781264916345695e-02,-1.436084702784789363e-02,-1.688275277236115507e-02,-1.882918102249616157e-02,-1.641874986844310200e-02
-1.437464520680873693e-02,-5.309653632632350267e-03,-1.464980169621779744e-02,-7.687080893179229144e-03,-1.394942314945730837e-02,-1.534687860397168473e-02,-1.452713665385264689e-02,-1.704330567191703755e-02,-1.890553959996142674e-02,-1.671256083174858104e-02
-1.440938167326365899e-02,-5.073439724637401199e-03,-1.483908137913287663e-02,-7.913577873922441122e-03,-1.401116104797966999e-02,-1.552411899822753877e-02,-1.464403789684882995e-02,-1.702762004140891128e-02,-1.899209381378686237e-02,-1.686212247767724520e-02
-1.448574025072892416e-02,-5.057754094129274930e-03,-1.488170411773505515e-02,-7.989936451387706293e-03,-1.402295492560225350e-02,-1.565235078108693015e-02,-1.467877436330375200e-02,-1.726786014410000222e-02,-1.911727957215419299e-02,-1.673717059336387453e-02
-1.464629315028480837e-02,-5.101782325876460383e-03,-1.500993590059444827e-02,-7.753722543392757224e-03,-1.405713277236030068e-02,-1.565672574217782248e-02,-1.475611088456007386e-02,-1.739304590246733284e-02,-1.922277386214648817e-02,-1.672148496285574826e-02
-1.486047055976503703e-02,-5.163520224398821142e-03,-1.477372199259949920e-02,-7.588107138662356088e-03,-1.411887067088266230e-02,-1.561389861302983628e-02,-1.459049547982967272e-02,-1.752127768532672422e-02,-1.905715845741608877e-02,-1.676382392099636659e-02
-1.503224251066201042e-02,-5.346747200484874146e-03,-1.487921628259179611e-02,-7.879270764537399385e-03,-1.395325526615226117e-02,-1.571939290302213146e-02,-1.434587735968531272e-02,-1.728506377733177515e-02,-1.906153341850698457e-02,-1.652761001300141752e-02
-1.516047429352140354e-02,-5.390775432232059600e-03,-1.489854141311676775e-02,-8.094578423500720446e-03,-1.401232122096048895e-02,-1.589116485391910485e-02,-1.438821631782593105e-02,-1.733569751370861098e-02,-1.929734488787843844e-02,-1.636199460827101812e-02
-1.538753166506313073e-02,-5.540337078160725501e-03,-1.501376870541151765e-02,-8.260868049505473709e-03,-1.403101041925013635e-02,-1.572554944918870545e-02,-1.445585585734886040e-02,-1.753728604538946564e-02,-1.906113097988348937e-02,-1.652254750782690060e-02
-1.544926956358549236e-02,-5.626891291986160261e-03,-1.504794655216956482e-02,-8.024654141510524641e-03,-1.401618115079498149e-02,-1.555993404445830432e-02,-1.429024045261845927e-02,-1.758791978176630147e-02,-1.943959158934467288e-02,-1.652692246891779293e-02
-1.543444029513033749e-02,-5.828479823667014059e-03,-1.481173264417461576e-02,-8.083720096318752421e-03,-1.426406277234449488e-02,-1.573170599535527944e-02,-1.455431646402259409e-02,-1.777719946468138065e-02,-1.920337768134972381e-02,-1.653871634654037470e-02
-1.541961102667518263e-02,-5.945381066663197114e-03,-1.496129429010328166e-02,-8.126342834920930944e-03,-1.429103442006912465e-02,-1.549549208736033037e-02,-1.458849431078064127e-02,-1.794897141557835404e-02,-1.936393058090560629e-02,-1.666385943115298099e-02
-1.541667658394224420e-02,-6.007118965185557873e-03,-1.514985022110945656e-02,-8.484596420447333698e-03,-1.452684588944057678e-02,-1.551222302871837003e-02,-1.466485288824590644e-02,-1.778335601084795464e-02,-1.952448348046148877e-02,-1.660326249865940948e-02
-1.546070481568942966e-02,-5.586262767121111250e-03,-1.526675146410563962e-02,-8.503285618736981105e-03,-1.465507767229996990e-02,-1.549653739821024376e-02,-1.490509299093699912e-02,-1.781032765857258615e-02,-1.963971077275623867e-02,-1.644555019604324042e-02
-1.569651628506088178e-02,-5.763503161376965292e-03,-1.530092931086368679e-02,-8.631517401596374220e-03,-1.448946226756956876e-02,-1.543972425670545566e-02,-1.499032031601794414e-02,-1.797088055812846863e-02,-1.906941935538438229e-02,-1.648817293464541894e-02
-1.627285886515156613e-02,-5.527289253382016224e-03,-1.506471540286873773e-02,-8.665695248354421398e-03,-1.460468955986431866e-02,-1.544409921779634973e-02,-1.506765683727426600e-02,-1.798267443575105040e-02,-1.906648491265144560e-02,-1.648523849191248225e-02
-1.640109064801095751e-02,-5.291075345387067155e-03,-1.514994272794968275e-02,-8.622868119206435200e-03,-1.469124377368975429e-02,-1.546342434832132136e-02,-1.510183468403231317e-02,-1.809790172804580030e-02,-1.902365778350345940e-02,-1.631962308718208285e-02
-1.655576218215363410e-02,-5.125459940656666019e-03,-1.522630130541494792e-02,-8.642193249731406832e-03,-1.481642953205708317e-02,-1.572750035972545618e-02,-1.499387036156152667e-02,-1.818445594187123593e-02,-1.911959618922795534e-02,-1.644480884554941347e-02
-1.672753413305060749e-02,-5.286012840212550232e-03,-1.537586295134361382e-02,-8.265998327594900955e-03,-1.482080449314797724e-02,-1.528860020364507244e-02,-1.508980876728602261e-02,-1.831268772473062731e-02,-1.919693271048427546e-02,-1.657304062840880485e-02
-1.682347253877510343e-02,-5.363349361468872090e-03,-1.561167442071506595e-02,-7.926280588324008392e-03,-1.483259837077056074e-02,-1.505238629565012337e-02,-1.557164559064980885e-02,-1.807647381673567824e-02,-1.921625784100924883e-02,-1.674481257930577824e-02
-1.686581149691572176e-02,-5.491581144328264337e-03,-1.570761282643956189e-02,-7.993920127846937743e-03,-1.489166432557878852e-02,-1.454279230516812398e-02,-1.568687288294455875e-02,-1.818196810672797342e-02,-1.910829351853846059e-02,-1.699269420085528989e-02
-1.704305189117157407e-02,-4.981987153846265809e-03,-1.570467838370662519e-02,-7.757706219851988674e-03,-1.512747579495024065e-02,-1.493937205546555166e-02,-1.545065897494960969e-02,-1.768591944899067930e-02,-1.928553391279431289e-02,-1.711787995922262051e-02
-1.680683798317662500e-02,-5.360447763307451055e-03,-1.583291016656601657e-02,-7.816772174660216455e-03,-1.518654174975846843e-02,-1.495869718599052330e-02,-1.561121187450549390e-02,-1.756096756467730863e-02,-1.877593992231231523e-02,-1.695226455449222111e-02
-1.657062407518167593e-02,-5.124233855312501987e-03,-1.587524912470663491e-02,-7.209861748720050069e-03,-1.560265516592176244e-02,-1.499287503274857047e-02,-1.567027782931372168e-02,-1.754528193416918236e-02,-1.887187832803681117e-02,-1.689545141298743128e-02
-1.664698265264694110e-02,-5.502694464773687233e-03,-1.604153875071138644e-02,-7.044246343989648933e-03,-1.562198029644673407e-02,-1.501220016327354211e-02,-1.558599824663364775e-02,-1.754234749143624567e-02,-1.907346685971766584e-02,-1.679964631141406955e-02
-1.649463670256146736e-02,-5.337079060043286097e-03,-1.620782837671613796e-02,-7.169432102356977816e-03,-1.569931681770305593e-02,-1.501657512436443617e-02,-1.573555989256231191e-02,-1.771958788569209797e-02,-1.919865261808499646e-02,-1.697141826231104295e-02
-1.654527043893830318e-02,-5.100865152048337028e-03,-1.622455931807417762e-02,-7.335721728361730212e-03,-1.574995055407989175e-02,-1.505919786296661469e-02,-1.577029635901723223e-02,-1.729873168762765048e-02,-1.941396027704831925e-02,-1.709656134692364923e-02
-1.666049773123305308e-02,-4.706355425540003148e-03,-1.667500506092989276e-02,-7.354410926651378487e-03,-1.574701611134695506e-02,-1.482298395497166563e-02,-1.576736191628429554e-02,-1.747690941648673627e-02,-1.943264947533796666e-02,-1.720205563691594441e-02
-1.673685630869831825e-02,-4.783691946796325006e-03,-1.643879115293494370e-02,-7.450349332375875294e-03,-1.554339274354660932e-02,-1.483477783259424913e-02,-1.553114800828934647e-02,-1.769221707545005906e-02,-1.955779255995057295e-02,-1.737929603117179672e-02
-1.718730205155403340e-02,-4.788066907887219073e-03,-1.660508077893969522e-02,-7.469674462900846926e-03,-1.568218315344675762e-02,-1.500106745859900240e-02,-1.547055107579577496e-02,-1.772695354190497938e-02,-1.957711769047554284e-02,-1.745663255242811684e-02
-1.732609246145418169e-02,-4.551852999892270005e-03,-1.682038843790301802e-02,-7.556228676726281686e-03,-1.572452211158737595e-02,-1.495824032945101620e-02,-1.540995414330220345e-02,-1.785518532476437076e-02,-1.945216580616217217e-02,-1.763387294668396915e-02
-1.734541759197915506e-02,-4.537023731437115140e-03,-1.695917884780316631e-02,-7.623868216249211904e-03,-1.612110186188480537e-02,-1.515982886113187086e-02,-1.544413199006025063e-02,-1.827129874092766476e-02,-1.929981985607669842e-02,-1.757327601419039764e-02
-1.710920368398420599e-02,-4.579362689577733472e-03,-1.710874049373183048e-02,-7.658604682704133956e-03,-1.641491282519028441e-02,-1.538688623267359806e-02,-1.554007039578474657e-02,-1.811895279084219101e-02,-1.913420445134629902e-02,-1.767877030418269282e-02
-1.717684322350713708e-02,-4.591156567200316979e-03,-1.687252658573688141e-02,-7.717670637512360869e-03,-1.647665072371264430e-02,-1.545452577219652741e-02,-1.561740691704106843e-02,-1.823585403383837580e-02,-1.919327040615452507e-02,-1.779399759647744272e-02
-1.712003008200234724e-02,-4.081562576718317584e-03,-1.708783424470020421e-02,-7.760009595652979202e-03,-1.635169883939927363e-02,-1.562081539820128068e-02,-1.578917886793804182e-02,-1.835108132613312570e-02,-1.925500830467688496e-02,-1.788055181030287835e-02
-1.713182395962493249e-02,-4.247852202723070847e-03,-1.722406720982155512e-02,-7.802348553793597534e-03,-1.619398653678310457e-02,-1.572630968819357586e-02,-1.578624442520510512e-02,-1.843630865121407073e-02,-1.931407425948511100e-02,-1.829666522646617235e-02
-1.718245769600176831e-02,-4.082236797992669711e-03,-1.734921029443416141e-02,-7.979588948049450708e-03,-1.608602221431231633e-02,-1.576943998360402430e-02,-1.562062902047470399e-02,-1.865048606069429765e-02,-1.939141078074143112e-02,-1.818870090399538411e-02
-1.734874732200651984e-02,-4.330118419542182233e-03,-1.756451795339748420e-02,-8.094816240344200609e-03,-1.584980830631736726e-02,-1.590823039350417259e-02,-1.573753026347088704e-02,-1.870955201550252370e-02,-1.940320465836401637e-02,-1.833925537237036246e-02
-1.714494675140526211e-02,-4.407454940798504091e-03,-1.760685691153810253e-02,-8.156554138866562234e-03,-1.587677995404199877e-02,-1.567201648550922352e-02,-1.593911879515174171e-02,-1.872824121379217110e-02,-1.954199506826416466e-02,-1.838328360411754792e-02
-1.701999486709189144e-02,-4.469192839320864849e-03,-1.737064300354315347e-02,-8.262048428858859150e-03,-1.588115491513289457e-02,-1.576795489123371946e-02,-1.597385526160666203e-02,-1.871341194533701624e-02,-1.952630943775603839e-02,-1.843391734049438374e-02
-1.716955651302055560e-02,-4.303577434590463713e-03,-1.686104901306115580e-02,-8.259113986125920723e-03,-1.544225475905251083e-02,-1.577974876885630123e-02,-1.607934955159895721e-02,-1.871047750260407955e-02,-1.960266801522130356e-02,-1.849565523901674363e-02
-1.715387088251242934e-02,-4.345916392731082045e-03,-1.702733863906590733e-02,-8.022900078130971654e-03,-1.538165782655893932e-02,-1.577681432612336454e-02,-1.591373414686855781e-02,-1.883566326097140670e-02,-1.982916499596451554e-02,-1.858220945284217926e-02
-1.724980928823692528e-02,-4.517688343628056304e-03,-1.679112473107095826e-02,-8.049871725855601429e-03,-1.521604242182853818e-02,-1.593736722567924702e-02,-1.595607310500917614e-02,-1.887039972742632701e-02,-1.966354959123411614e-02,-1.882244955553327020e-02
-1.691009154896603098e-02,-4.645920126487448551e-03,-1.694167919944593662e-02,-8.165099018150351329e-03,-1.523536755235350981e-02,-1.610913917657622041e-02,-1.613331349926502845e-02,-1.886746528469339032e-02,-1.942733568323916707e-02,-1.871448523306248196e-02
-1.693706319669066249e-02,-4.409706218492499483e-03,-1.677606379471553721e-02,-8.012753068064877582e-03,-1.541859452843956195e-02,-1.614387564303114073e-02,-1.589709959127007938e-02,-1.895401949851882595e-02,-1.947796941961600289e-02,-1.881042363878697790e-02
-1.710335282269541402e-02,-4.486064795957764653e-03,-1.681024164147358266e-02,-8.306564031370356621e-03,-1.548623406796249130e-02,-1.617805348978918617e-02,-1.603234719120273308e-02,-1.884605517604803770e-02,-1.953970731813836278e-02,-1.888776016004329802e-02
-1.659375883221341635e-02,-4.636619264332743871e-03,-1.689546896655452768e-02,-8.325253229660004028e-03,-1.525002015996754223e-02,-1.633860638934506865e-02,-1.624765485016605587e-02,-1.860984126805308864e-02,-1.970599694414311431e-02,-1.907703984295837721e-02
-1.668969723793791229e-02,-4.886387044392342081e-03,-1.695720686507688757e-02,-8.375886966036841588e-03,-1.531175805848990386e-02,-1.627800945685149714e-02,-1.644924338184691054e-02,-1.873502702642041579e-02,-1.974833590228373265e-02,-1.891142443822797781e-02
-1.685025013749379477e-02,-4.883452601659403654e-03,-1.709599727497703586e-02,-8.139673058041892520e-03,-1.538909457974622572e-02,-1.676576960163239996e-02,-1.645361834293780634e-02,-1.877905525816760124e-02,-1.979146619769418108e-02,-1.898778301569324298e-02
-1.686204401511638001e-02,-4.758500717346033845e-03,-1.720149156496933104e-02,-8.328952740956971704e-03,-1.522347917501582458e-02,-1.694300999588825227e-02,-1.603276214487335885e-02,-1.888454954815989642e-02,-1.991665195606150823e-02,-1.917100999177929685e-02
-1.689622186187442546e-02,-4.820238615868394604e-03,-1.726055751977755709e-02,-8.607704341421950484e-03,-1.530081569627214644e-02,-1.707124177874764365e-02,-1.552724026234778877e-02,-1.897110376198533205e-02,-1.930974153012134098e-02,-1.923274789030165674e-02
-1.708550154478950464e-02,-4.654623211137993467e-03,-1.675096352929555943e-02,-8.809292873102805149e-03,-1.534484392801933189e-02,-1.711358073688826198e-02,-1.570448065660364281e-02,-1.934821670639198798e-02,-1.914412612539094158e-02,-1.913694278872829502e-02
-1.707067227633434978e-02,-4.716361109660354226e-03,-1.691151642885144191e-02,-8.469575133831912586e-03,-1.510863002002438282e-02,-1.728535268778523537e-02,-1.583271243946303419e-02,-1.942457528385725316e-02,-1.926102736838712637e-02,-1.926517457158768640e-02
-1.748678569249764378e-02,-5.094821719121539472e-03,-1.695554466059862736e-02,-8.520208870208750146e-03,-1.543238401577300654e-02,-1.711973728305483597e-02,-1.582977799673009750e-02,-1.891498129337525549e-02,-1.934758158221256200e-02,-1.928386376987733380e-02
-1.761501747535703516e-02,-4.858607811126590403e-03,-1.695261021786569067e-02,-8.658999280108896704e-03,-1.554761130806775644e-02,-1.724492304142216659e-02,-1.597576185638132501e-02,-1.900153550720069112e-02,-1.936627078050220940e-02,-1.904764986188238474e-02
-1.737880356736208609e-02,-4.622393903131641335e-03,-1.693692458735756440e-02,-8.787231062968289819e-03,-1.538199590333735531e-02,-1.730398899623039263e-02,-1.599445105467097242e-02,-1.883592010247029172e-02,-1.880055945234834769e-02,-1.888203445715198533e-02
-1.748429785735438127e-02,-4.811673586046720519e-03,-1.705382583035374919e-02,-8.771545432460163549e-03,-1.555376785423432870e-02,-1.713837359149999323e-02,-1.605618895319333231e-02,-1.908380172401980338e-02,-1.881235332997092946e-02,-1.926049506661316885e-02
-1.772010932672583167e-02,-4.768846456898734321e-03,-1.688821042562334979e-02,-8.937835058464916813e-03,-1.562140739375725805e-02,-1.722492780532542886e-02,-1.618137471156066293e-02,-1.915144126354273446e-02,-1.864311935123449948e-02,-1.902428115861821978e-02
-1.748389541873088260e-02,-4.795818104623364095e-03,-1.672259502089295038e-02,-8.829870735994130304e-03,-1.568904693328018740e-02,-1.729256734484835994e-02,-1.622371366970128126e-02,-1.936561867302296139e-02,-1.830340161196360518e-02,-1.908601905714057967e-02
-1.759912271102563250e-02,-4.188907678683197709e-03,-1.680914923471838601e-02,-8.880504472370967864e-03,-1.564621980413220120e-02,-1.731125654313800735e-02,-1.637327531562994543e-02,-1.953739062391993478e-02,-1.841862890425835508e-02,-1.899021395556721795e-02
-1.736290880303068343e-02,-4.274135003764143598e-03,-1.674855230222481450e-02,-8.997405715367150919e-03,-1.589598758419179941e-02,-1.733058167366297725e-02,-1.638506919325252720e-02,-1.901134820088169752e-02,-1.848036680278071497e-02,-1.908884125592459971e-02
-1.747813609532543333e-02,-4.509946473135595726e-03,-1.690910520178069698e-02,-9.093344121091646859e-03,-1.593016543094984486e-02,-1.736531814011789757e-02,-1.655135881925727873e-02,-1.913649128549430381e-02,-1.854210470130307487e-02,-1.918746855628198147e-02
-1.739385651264535940e-02,-4.528635671425244001e-03,-1.696817115658892303e-02,-9.155082019614008484e-03,-1.617804705249935651e-02,-1.758062579908122036e-02,-1.638574341452687932e-02,-1.917911402409648233e-02,-1.880618071270721142e-02,-1.902185315155158207e-02
-1.746149605216829048e-02,-4.711862647511297006e-03,-1.673195724859397396e-02,-9.189259866372055663e-03,-1.639335471146267931e-02,-1.765796232033754048e-02,-1.622012800979647992e-02,-1.926434134917742735e-02,-1.864056530797681202e-02,-1.851225916106958441e-02
-1.752323395069065037e-02,-4.586910763197928065e-03,-1.679102320340220000e-02,-9.439027646431653873e-03,-1.639042026872974261e-02,-1.770058505893971901e-02,-1.620444237928835365e-02,-1.930668030731804569e-02,-1.868459353972399747e-02,-1.870081509207575932e-02
-1.710237775262620288e-02,-4.736472409126593966e-03,-1.662540779867180060e-02,-8.929433655949654478e-03,-1.643444850047692807e-02,-1.709367463299955175e-02,-1.637621433018532704e-02,-1.914106490258764628e-02,-1.877114775354943310e-02,-1.874484332382294477e-02
-1.726866737863095441e-02,-4.832410814851090773e-03,-1.638919389067685153e-02,-8.948122854239301885e-03,-1.667468860316801901e-02,-1.721886039136687890e-02,-1.656549401310040623e-02,-1.897544949785724688e-02,-1.902091553360903131e-02,-1.885033761381523995e-02
-1.730284522538899986e-02,-4.666795410120689637e-03,-1.622357848594645213e-02,-9.429959677603088133e-03,-1.677062700889251495e-02,-1.722323535245777471e-02,-1.682957002450454279e-02,-1.900242114558187839e-02,-1.905509338036707676e-02,-1.886966274434020985e-02
-1.746339812494488233e-02,-4.783696653116873559e-03,-1.571398449546445447e-02,-9.193745769608139065e-03,-1.700643847826396882e-02,-1.734842111082510185e-02,-1.686374787126258823e-02,-1.862622622344537252e-02,-1.909743233850769509e-02,-1.908384015382043677e-02
-1.759162990780427371e-02,-4.889190943109170476e-03,-1.578162403498738556e-02,-9.190811326875200638e-03,-1.702576360878894218e-02,-1.733273548031697558e-02,-1.689071951898721974e-02,-1.864491542173501992e-02,-1.910922621613028033e-02,-1.919906744611518667e-02
-1.763565813955145917e-02,-4.383669060583600396e-03,-1.590680979335471618e-02,-9.025195922144799501e-03,-1.718631650834482466e-02,-1.709652157232202652e-02,-1.695245741750957963e-02,-1.866424055225999329e-02,-1.905241307462549050e-02,-1.920344240720608248e-02
-1.780194776555621070e-02,-4.388044021674494463e-03,-1.556709205408382361e-02,-9.240503581108120562e-03,-1.727287072217026029e-02,-1.686030766432707745e-02,-1.699648564925676508e-02,-1.832452281298909899e-02,-1.911415097314785039e-02,-1.920050796447314578e-02
-1.719503733961604344e-02,-4.548596921230378676e-03,-1.594555266354500886e-02,-9.317840102364442420e-03,-1.750868219154171068e-02,-1.694553498940802247e-02,-1.704711938563360091e-02,-1.858859882439323555e-02,-1.911121653041491369e-02,-1.896429405647819671e-02
-1.658812691367587619e-02,-4.582774767988425854e-03,-1.622430426400998937e-02,-9.081626194369493352e-03,-1.754286003829975613e-02,-1.697971283616606791e-02,-1.688150398090320151e-02,-1.864766477920146159e-02,-1.912990572870456110e-02,-1.879867865174779731e-02
-1.659250187476676852e-02,-4.890006341693618405e-03,-1.631085847783542500e-02,-9.198527437365676407e-03,-1.762941425212519175e-02,-1.699150671378864969e-02,-1.682469083939841167e-02,-1.841145087120651253e-02,-1.911422009819643483e-02,-1.887503722921306248e-02
-1.673129228466691681e-02,-4.829409409200046896e-03,-1.631523343892631733e-02,-9.032912032635275271e-03,-1.785647162366691895e-02,-1.697582108328052342e-02,-1.648497310012751738e-02,-1.843842251893114403e-02,-1.924245188105582621e-02,-1.888683110683564426e-02
-1.649507837667196775e-02,-4.833784370290940963e-03,-1.639256996018263746e-02,-8.796698124640326202e-03,-1.770412567358144521e-02,-1.723989709468465997e-02,-1.658360040048489914e-02,-1.844279748002203984e-02,-1.940874150706057774e-02,-1.903639275276430842e-02
-1.649945333776286355e-02,-4.818098739782814693e-03,-1.646892853764790263e-02,-8.815387322929973610e-03,-1.780961996357374039e-02,-1.730163499320701986e-02,-1.652678725898010931e-02,-1.820658357202709077e-02,-1.952396879935532764e-02,-1.917518316266445672e-02
-1.653363118452090899e-02,-4.877164694591041606e-03,-1.630331313291750323e-02,-8.892723844186295468e-03,-1.784379781033178583e-02,-1.737799357067228503e-02,-1.664368850197629410e-02,-1.832348481502327556e-02,-1.918425106008443334e-02,-1.932474480859312088e-02
-1.664885847681565889e-02,-4.963718908416476366e-03,-1.634565209105812156e-02,-8.970060365442617326e-03,-1.789443154670862166e-02,-1.756122054675833891e-02,-1.664806346306718643e-02,-1.808727090702832649e-02,-1.861853973193057163e-02,-1.950198520284897319e-02
-1.669949221319249472e-02,-5.152998591331555550e-03,-1.636434128934776897e-02,-9.171648897123471991e-03,-1.818559517258366495e-02,-1.714036434869389142e-02,-1.676496470606337122e-02,-1.804444377788034029e-02,-1.863033360955315687e-02,-1.957932172410529331e-02
-1.686578183919724624e-02,-4.987383186601154414e-03,-1.645089550317320459e-02,-9.006033492393070855e-03,-1.824466112739189100e-02,-1.719099808507072724e-02,-1.678365390435301863e-02,-1.807918024433526061e-02,-1.877989525548182104e-02,-1.962995546048212914e-02
-1.670016643446684684e-02,-5.137937654976133632e-03,-1.647022063369817796e-02,-9.121260784687820755e-03,-1.824903608848278680e-02,-1.734055973099939141e-02,-1.676796827384489236e-02,-1.832894802439485882e-02,-1.882392348722900649e-02,-1.966413330724017458e-02
-1.641894268287876282e-02,-5.266169437835525879e-03,-1.623400672570322889e-02,-9.238162027684003810e-03,-1.834497449420728274e-02,-1.771902034046057492e-02,-1.625837428336289470e-02,-1.831326239388673255e-02,-1.862012291662774877e-02,-1.981468777561515293e-02
-1.658523230888351435e-02,-4.756575447353526484e-03,-1.623107228297029220e-02,-8.898444288413111247e-03,-1.840671239272964263e-02,-1.784420609882790554e-02,-1.670882002621860984e-02,-1.814764698915633315e-02,-1.863944804715272213e-02,-1.993983086022775922e-02
-1.664429826369174040e-02,-4.862069737345823400e-03,-1.572147829248829454e-02,-8.746098338327637500e-03,-1.853189815109697325e-02,-1.797945369876055924e-02,-1.665200688471382001e-02,-1.791143308116138408e-02,-1.862376241664459586e-02,-1.978211855761159016e-02
-1.665609214131432564e-02,-4.839412253325217107e-03,-1.580670561756923956e-02,-8.993979959877149155e-03,-1.864712544339172315e-02,-1.806600791258599487e-02,-1.641579297671887094e-02,-1.799666040624232910e-02,-1.866779064839178132e-02,-1.996534553369764403e-02
-1.669843109945494397e-02,-4.778815320831645598e-03,-1.581108057866013189e-02,-8.484385969395149760e-03,-1.879767991176670150e-02,-1.819115099719860115e-02,-1.642016793780976674e-02,-1.803083825300037454e-02,-1.851007834577561226e-02,-2.013711748459461742e-02
-1.674077005759556230e-02,-5.086046894536838149e-03,-1.579539494815200562e-02,-8.561722490651471618e-03,-1.886531945128963259e-02,-1.823517922894578661e-02,-1.687061368066548189e-02,-1.752124426251837688e-02,-1.855410657752279771e-02,-2.036417485613634462e-02
-1.686900184045495368e-02,-5.202948137533022072e-03,-1.586303448767493671e-02,-8.325508582656522549e-03,-1.862910554329468352e-02,-1.823955419003667894e-02,-1.671290137804931283e-02,-1.767080590844704105e-02,-1.856590045514538295e-02,-2.054740183222239849e-02
-1.703529146645970521e-02,-5.037332732802620935e-03,-1.590537344581555504e-02,-8.604260183121503064e-03,-1.876533850841603443e-02,-1.822386855952855267e-02,-1.702013295175450538e-02,-1.811232123137370559e-02,-1.869104353975798924e-02,-2.068264943215505219e-02
-1.714078575645200039e-02,-5.154233975798803991e-03,-1.588968781530742877e-02,-8.671899722644432415e-03,-1.874965287790790816e-02,-1.860232916898973618e-02,-1.704710459947913689e-02,-1.836020285292321724e-02,-1.886281549065496263e-02,-2.070197456268002556e-02
-1.726592884106460668e-02,-5.221873515321734209e-03,-1.596604639277269394e-02,-8.722533459021269975e-03,-1.881139077643026805e-02,-1.863706563544465650e-02,-1.717224768409174318e-02,-1.865401381622869628e-02,-1.900160590055511092e-02,-2.072066376096967297e-02
-1.725024321055648041e-02,-5.388163141326486605e-03,-1.634450700223387745e-02,-8.818471864745765915e-03,-1.881576573752116038e-02,-1.874255992543695168e-02,-1.762269342694745833e-02,-1.888107118777042348e-02,-1.911683319284986082e-02,-2.090921969197584787e-02
-1.742748360481233272e-02,-5.422340988084533783e-03,-1.642086557969914262e-02,-9.058711967436858595e-03,-1.889310225877748051e-02,-1.878569022084740012e-02,-1.761975898421452164e-02,-1.894013714257864953e-02,-1.917857109137222071e-02,-2.113627706351757507e-02
-1.750482012606865284e-02,-5.456518834842580962e-03,-1.625525017496874322e-02,-9.225001593441611858e-03,-1.892728010553552595e-02,-1.854947631285245105e-02,-1.776932063014318580e-02,-1.904563143257094471e-02,-1.901295568664182131e-02,-2.114065202460847087e-02
-1.774063159544010670e-02,-5.533855356098902820e-03,-1.591553243569784892e-02,-9.286739491963973483e-03,-1.884267959900198797e-02,-1.869903795878111522e-02,-1.784665715139950593e-02,-1.908797039071156304e-02,-1.880915511604056359e-02,-2.122720623843390650e-02
-1.772494596493198044e-02,-5.368239951368501683e-03,-1.590070316724269406e-02,-9.229926350459185386e-03,-1.892001612025830809e-02,-1.846282405078616615e-02,-1.750693941212861163e-02,-1.930327804967488584e-02,-1.884389158249548391e-02,-2.131243356351485152e-02
-1.779258550445491152e-02,-5.352554320860375414e-03,-1.591939236553234147e-02,-9.407166744715039428e-03,-1.913532377922163089e-02,-1.864006444504201845e-02,-1.752562861041825903e-02,-1.936501594819724573e-02,-1.833429759201348624e-02,-2.148967395777070383e-02
-1.779696046554580385e-02,-5.394893279000993747e-03,-1.568317845753739240e-02,-9.535398527574432542e-03,-1.917935201096881634e-02,-1.872529177012296348e-02,-1.757626234679509486e-02,-1.939919379495529117e-02,-1.831946832355833138e-02,-2.162492155770335753e-02
-1.788351467937123948e-02,-5.544454924929659648e-03,-1.584373135709327488e-02,-9.893652113100835296e-03,-1.932891365689748051e-02,-1.815958044196910176e-02,-1.771505275669524315e-02,-1.940356875604618697e-02,-1.845825873345847967e-02,-2.174182280069954232e-02
-1.791769252612928492e-02,-5.710744550934412911e-03,-1.571877947277990420e-02,-1.010895977206415636e-02,-1.953050218857833517e-02,-1.828781222482849314e-02,-1.777679065521760304e-02,-1.961887641500950977e-02,-1.853559525471479980e-02,-2.195713045966286511e-02
-1.797675848093751097e-02,-5.722538428556996418e-03,-1.613489288894319820e-02,-9.943344367333755221e-03,-1.970867991743742095e-02,-1.847636815583466804e-02,-1.794856260611457643e-02,-1.979611680926536207e-02,-1.863153366043929574e-02,-2.201886835818522500e-02
-1.785180659662414029e-02,-5.894310379453970676e-03,-1.617802318435364664e-02,-9.927658736825628952e-03,-1.983386567580475157e-02,-1.870342552737639524e-02,-1.815015113779543110e-02,-1.937526061120091458e-02,-1.875667674505190202e-02,-2.215765876808537330e-02
-1.791354449514650019e-02,-5.944944115830807368e-03,-1.601240777962324724e-02,-1.005280182143823524e-02,-1.991120219706107169e-02,-1.819383153689439758e-02,-1.821188903631779099e-02,-1.940223225892554609e-02,-1.880731048142873785e-02,-2.206185366651201157e-02
-1.767733058715155112e-02,-6.128171091916859506e-03,-1.586006182953777349e-02,-1.021909144744298850e-02,-1.996183593343790752e-02,-1.821315666741937095e-02,-1.825591726806497644e-02,-1.923661685419514669e-02,-1.894255808136139155e-02,-2.222814329251676310e-02
-1.707042016121138386e-02,-6.224109497641356313e-03,-1.587938696006274686e-02,-1.033431873973773840e-02,-1.998880758116253903e-02,-1.804754126268897155e-02,-1.847122492702829924e-02,-1.873109497166957835e-02,-1.904805237135368673e-02,-2.207579734243128936e-02
-1.710459800796942931e-02,-6.564862819192755598e-03,-1.598488125005504204e-02,-1.031863310922961213e-02,-2.009430187115483421e-02,-1.819809573106394990e-02,-1.854856144828461936e-02,-1.879283287019193824e-02,-1.919403623100491424e-02,-2.230285471397301655e-02
-1.712328720625907671e-02,-6.736634770089729857e-03,-1.601185289777967355e-02,-1.008241920123466306e-02,-2.011362700167980411e-02,-1.824043468920456823e-02,-1.876273885776484629e-02,-1.890806016248668814e-02,-1.925577412952727413e-02,-2.231464859159559833e-02
-1.731256688917415590e-02,-6.963692141631457923e-03,-1.603054209606932096e-02,-1.010110839952431047e-02,-1.994801159694940471e-02,-1.872227151256835448e-02,-1.901250663782444450e-02,-1.901355445247898332e-02,-1.928274577725190564e-02,-2.239987591667654335e-02
-1.697284914990326160e-02,-7.078919433926206956e-03,-1.604986722659429432e-02,-1.012043353004928210e-02,-1.999203982869659016e-02,-1.880882572639379011e-02,-1.877629272982949543e-02,-1.899786882197085705e-02,-1.911713037252150624e-02,-2.258915559959162253e-02
-1.709803490827058875e-02,-7.129553170303043648e-03,-1.588425182186389492e-02,-1.015516999650420416e-02,-1.975582592070164109e-02,-1.893401148476112072e-02,-1.890452451268888681e-02,-1.884552287188538330e-02,-1.923235766481625614e-02,-2.271738738245101391e-02
-1.700222980669722703e-02,-7.133928131393937715e-03,-1.590357695238886482e-02,-1.021423595131243194e-02,-1.984238013452707672e-02,-1.918189310631063238e-02,-1.894855274443607226e-02,-1.885731674950796855e-02,-1.927469662295687447e-02,-2.278502692197394500e-02
-1.701402368431981227e-02,-7.201567670916867933e-03,-1.566736304439391575e-02,-1.015363901881886043e-02,-1.990144608933530276e-02,-1.924363100483299227e-02,-1.899918648081290809e-02,-1.891638270431619459e-02,-1.903848271496192540e-02,-2.283566065835078082e-02
-1.699833805381168600e-02,-7.185882040408741664e-03,-1.543114913639896668e-02,-9.909020898674500422e-03,-2.013725755870675316e-02,-1.949339878489259048e-02,-1.923499795018435848e-02,-1.908267233032094612e-02,-1.905717191325157281e-02,-2.281997502784265455e-02
-1.683272264908128660e-02,-7.170196409900615395e-03,-1.554805037939514974e-02,-9.986357419930822280e-03,-2.017143540546479860e-02,-1.938543446242180224e-02,-1.930263748970728957e-02,-1.910964397804557763e-02,-1.909979465185375133e-02,-2.288761456736558564e-02
-1.700449459997825999e-02,-7.109599477407043885e-03,-1.578386184876660187e-02,-9.558344860968064072e-03,-2.025798961929023423e-02,-1.941240611014643375e-02,-1.945730902384996269e-02,-1.916870993285380367e-02,-1.918634886567918696e-02,-2.324586815289199013e-02
-1.649490060949626233e-02,-7.525712893570337889e-03,-1.578092740603366517e-02,-9.433392976654695131e-03,-2.030032857743085256e-02,-1.945474506828705208e-02,-1.958249478221728984e-02,-1.920344639930872399e-02,-1.919072382677008276e-02,-2.336276939588817492e-02
-1.660039489948855751e-02,-7.612267107395772649e-03,-1.582355014463584369e-02,-9.197179068659746062e-03,-2.014261627481468350e-02,-1.947407019881202545e-02,-1.934628087422234077e-02,-1.927108593883165508e-02,-1.949795540047527531e-02,-2.348795515425550207e-02
-1.609080090900655985e-02,-7.609332664662834221e-03,-1.565793473990544429e-02,-9.363468694664499326e-03,-2.017679412157272895e-02,-1.957956448880432063e-02,-1.952950785030839465e-02,-1.943737556483640661e-02,-1.962618718333466669e-02,-2.332233974952510266e-02
-1.607511527849843358e-02,-7.443717259932433085e-03,-1.560112159840065620e-02,-9.613236474724097536e-03,-2.025413064282904907e-02,-1.970475024717165125e-02,-1.997995359316410979e-02,-1.951471208609272673e-02,-1.966092364978958701e-02,-2.315672434479470326e-02
-1.605942964799030731e-02,-7.207503351937484017e-03,-1.572630735676798508e-02,-9.698463799805042557e-03,-2.027345577335402244e-02,-1.978208676842797137e-02,-2.007589199888860573e-02,-1.960126629991816236e-02,-1.942470974179463794e-02,-2.321579029960292931e-02
-1.545251922205014006e-02,-7.332646436550089436e-03,-1.588686025632386756e-02,-9.717788930330014188e-03,-2.039864153172134958e-02,-1.982611500017515682e-02,-2.020103508350121202e-02,-1.962823794764279386e-02,-1.963888715127486487e-02,-2.325812925774354764e-02
-1.528690381731973892e-02,-7.337021397640983503e-03,-1.565064634832891849e-02,-9.760919225740462626e-03,-2.062569890326307678e-02,-1.983048996126605262e-02,-1.969144109301921436e-02,-1.974513919063897865e-02,-1.985306456075509179e-02,-2.283727305967910015e-02
-1.532164028377466097e-02,-7.381049629388168956e-03,-1.522979015026447100e-02,-9.676639643060390428e-03,-2.046008349853267738e-02,-1.996928037116620092e-02,-1.987466806910526823e-02,-1.999490697069857686e-02,-1.985743952184598760e-02,-2.260105915168415108e-02
-1.548792990977941424e-02,-7.458386150644490814e-03,-1.543137868194532566e-02,-9.744279182583319779e-03,-1.993404107549444013e-02,-2.020509184053765478e-02,-1.994230760862819932e-02,-1.997922134019045060e-02,-1.934784553136398993e-02,-2.279033883459923027e-02
-1.553856364615625180e-02,-7.470180028267074321e-03,-1.547540691369251112e-02,-9.803345137391547559e-03,-2.007283148539458842e-02,-2.021688571816023655e-02,-1.977669220389779992e-02,-2.004095923871281049e-02,-1.939018448950460827e-02,-2.300564649356255306e-02
-1.554293860724714586e-02,-7.598411811126466568e-03,-1.563007844783518424e-02,-9.847373369138733012e-03,-2.010700933215263386e-02,-1.998067181016528748e-02,-1.989359344689398471e-02,-2.007513708547085593e-02,-1.932958755701103676e-02,-2.258479029549810557e-02
-1.571471055814412099e-02,-7.775652205382320610e-03,-1.564940357836015761e-02,-9.611159461143783944e-03,-2.011880320977521563e-02,-2.000764345788991899e-02,-2.007682042298003858e-02,-2.008693096309344117e-02,-1.920463567269766608e-02,-2.267134450932354120e-02
-1.587526345770000347e-02,-7.818274943984498265e-03,-1.567637522608478912e-02,-1.006160520399950083e-02,-2.010397394132006077e-02,-2.004998241603053732e-02,-2.009550962126968598e-02,-2.021207404770604746e-02,-1.903902026796726668e-02,-2.275789872314897683e-02
-1.597120186342449941e-02,-7.582061035989549197e-03,-1.544016131808984005e-02,-1.013894172525582268e-02,-2.035374172137965898e-02,-2.010061615240737315e-02,-2.035958563267382254e-02,-2.029862826153148309e-02,-1.860012011188688294e-02,-2.292418834915372836e-02
-1.613749148942925093e-02,-7.687555325981846113e-03,-1.545885051637948746e-02,-1.018957546163266024e-02,-2.044968012710415492e-02,-2.014464438415455860e-02,-2.045821293303120431e-02,-2.048790794444656227e-02,-1.872835189474627432e-02,-2.302281564951111012e-02
-1.605321190674917700e-02,-7.729894284122464446e-03,-1.548582216410411723e-02,-9.953361553637711176e-03,-2.021346621910920585e-02,-2.019527812053139443e-02,-2.043555544901059715e-02,-2.071440492518977425e-02,-1.856273649001587492e-02,-2.285720024478071072e-02
-1.609555086488979533e-02,-7.734269245213358512e-03,-1.561405394696351034e-02,-9.717147645642762108e-03,-2.029080274036552597e-02,-2.033151108565274534e-02,-2.072671907488564044e-02,-2.083130616818595904e-02,-1.869096827287526630e-02,-2.297410148777689551e-02
-1.615461681969802138e-02,-7.859412329825964799e-03,-1.559922467850835548e-02,-9.931325055122990769e-03,-2.037735695419096160e-02,-2.027091415315917383e-02,-2.076934181348781897e-02,-2.094653346048070894e-02,-1.872514611963331174e-02,-2.305143800903321563e-02
-1.632090644570277291e-02,-7.798815397332393290e-03,-1.577646507276420779e-02,-9.695111147128041701e-03,-2.073561053971736609e-02,-2.047250268484002850e-02,-2.060372640875741956e-02,-2.078091805575030954e-02,-1.889143574563806327e-02,-2.313799222285865126e-02
-1.673701986186606691e-02,-7.914042689627143190e-03,-1.589169236505895769e-02,-9.780338472208986722e-03,-2.086384232257675747e-02,-2.045767341638487363e-02,-2.088247800922240008e-02,-2.093147252412528789e-02,-1.914120352569766148e-02,-2.297237681812825186e-02
-1.677175632832098723e-02,-7.973108644435370970e-03,-1.591866401278358920e-02,-9.544124564214037654e-03,-2.062762841458180840e-02,-2.059292101631752733e-02,-2.101070979208179146e-02,-2.087465938262049805e-02,-1.926638928406498863e-02,-2.297675177921914419e-02
-1.689689941293359352e-02,-7.970174201702432543e-03,-1.568245010478864013e-02,-9.548499525304931720e-03,-2.080486880883766071e-02,-2.042730561158712793e-02,-2.103768143980642297e-02,-2.099984514098782867e-02,-1.943267891006974016e-02,-2.253785162313876045e-02
-1.691622454345856341e-02,-8.120728670077410893e-03,-1.576900431861407575e-02,-9.463899018771393737e-03,-2.099414849175273989e-02,-2.041161998107900166e-02,-2.097708450731285146e-02,-2.087489325667445800e-02,-1.984879232623303416e-02,-2.257258808959368077e-02
-1.711781307513941808e-02,-8.668811856840600433e-03,-1.576606987588113906e-02,-9.475692896393977244e-03,-2.103648744989335823e-02,-2.047068593588722771e-02,-2.114337413331760299e-02,-2.123314684220086249e-02,-1.991643186575596525e-02,-2.240697268486328136e-02
-1.715254954159433839e-02,-8.976043430545792984e-03,-1.577786375350372083e-02,-9.460863627938822379e-03,-2.107882640803397656e-02,-1.996109194540523005e-02,-2.124886842330989817e-02,-2.130950541966612766e-02,-2.004161762412329240e-02,-2.225462673477780762e-02
-1.715692450268523073e-02,-9.010221277303840162e-03,-1.576217812299559456e-02,-9.611418096313800730e-03,-2.122938087640895491e-02,-2.000343090354584838e-02,-2.131060632183225806e-02,-2.149273239575218153e-02,-2.010335552264565229e-02,-2.225169229204487092e-02
-1.699130909795483133e-02,-8.902256954833053654e-03,-1.509297338580681443e-02,-9.771970995869684942e-03,-2.099316696841400584e-02,-2.003760875030389382e-02,-2.114499091710185866e-02,-2.143213546325861002e-02,-1.986714161465070322e-02,-2.229403125018548926e-02
-1.734956268348123581e-02,-8.936434801591100832e-03,-1.496802150149344549e-02,-9.756285365361558673e-03,-2.105490486693636573e-02,-1.987199334557349442e-02,-2.115678479472444390e-02,-2.163372399493946469e-02,-2.003343124065545475e-02,-2.220975166750541532e-02
-1.718394727875083641e-02,-8.987068537967938392e-03,-1.496508705876050706e-02,-9.740599734853432404e-03,-2.054531087645436807e-02,-1.986905890284055773e-02,-2.125272320044893984e-02,-2.167775222668665014e-02,-2.009516913917781464e-02,-2.228611024497068049e-02
-1.728944156874313159e-02,-9.112254296335267276e-03,-1.486928195718714360e-02,-9.990367514913030614e-03,-2.037969547172396867e-02,-1.991139786098117606e-02,-2.125709816153983217e-02,-2.151213682195625074e-02,-1.985895523118286557e-02,-2.194639250569978620e-02
-1.694972382947223730e-02,-9.155384591745715714e-03,-1.463306804919219453e-02,-1.015665714091778388e-02,-2.062946325178356688e-02,-2.007195076053705854e-02,-2.109148275680943277e-02,-2.151651178304714307e-02,-1.984326960067473930e-02,-2.204501980605716796e-02
-1.679737787938676355e-02,-8.645790601263716318e-03,-1.452186245335094182e-02,-1.019083498767583106e-02,-2.067180220992418521e-02,-1.965109456247261105e-02,-2.103088582431586126e-02,-2.128029787505219400e-02,-1.942241340261029181e-02,-2.227207717759889516e-02
-1.696366750539151508e-02,-8.136196610781716923e-03,-1.464700553796354811e-02,-1.017514935716770479e-02,-2.061120527743061370e-02,-1.976799580546879584e-02,-2.101605655586070640e-02,-2.150679485579540598e-02,-1.945714986906521213e-02,-2.240732477753154886e-02
-1.635675707945134782e-02,-8.121367342326562058e-03,-1.467397718568817788e-02,-1.000953395243730365e-02,-2.067294317595297359e-02,-2.001587742701830749e-02,-2.118234618186545792e-02,-2.158413137705172610e-02,-1.947647499959018202e-02,-2.244150262428959430e-02
-1.647365832244753261e-02,-8.369248963876075448e-03,-1.485215491454726366e-02,-1.002885908296227528e-02,-2.023404301987258985e-02,-2.018216705302305902e-02,-2.119414005948803970e-02,-2.166146789830804623e-02,-1.951121146604510234e-02,-2.254699691428188948e-02
-1.637785322087417089e-02,-8.541020914773048839e-03,-1.472720303023389472e-02,-9.968262150468703772e-03,-2.038459748824756820e-02,-2.021634489978110447e-02,-2.123727035489848813e-02,-2.166584285939893856e-02,-1.966077311197376651e-02,-2.248639998178831798e-02
-1.638222818196506669e-02,-8.375405510042647703e-03,-1.478894092875625635e-02,-9.980056028091287279e-03,-2.055088711425231973e-02,-2.038263452578585599e-02,-2.124906423252106991e-02,-2.168453205768858597e-02,-1.960395997046897668e-02,-2.254546593659654402e-02
-1.625727629765169602e-02,-8.576994041723502368e-03,-1.480073480637883986e-02,-9.919459095597715770e-03,-2.064682551997681567e-02,-2.044170048059408204e-02,-2.130813018732929595e-02,-2.174359801249681201e-02,-1.975352161639764084e-02,-2.265096022658883920e-02
-1.602106238965674695e-02,-8.156137843659054878e-03,-1.482005993690381149e-02,-9.393416672559480249e-03,-2.048121011524641627e-02,-2.010198274132318774e-02,-2.107191627933434688e-02,-2.150738410450186294e-02,-1.989231202629778913e-02,-2.269329918472945753e-02
-1.568134465038585265e-02,-8.198476801799673211e-03,-1.458384602890886242e-02,-9.412741803084451880e-03,-2.064749974125116780e-02,-2.020747703131548292e-02,-2.098731577280080890e-02,-2.159261142958280796e-02,-1.997886624012322476e-02,-2.245708527673450847e-02
-1.571552249714389810e-02,-8.294415207524169151e-03,-1.467040024273429805e-02,-9.431431001374099288e-03,-2.053953541878037956e-02,-2.035703867724414709e-02,-2.075110186480585983e-02,-2.135639752158785890e-02,-2.003793219493145081e-02,-2.259587568663465676e-02
-1.583242374014008289e-02,-8.298790168615063217e-03,-1.471302298133647657e-02,-9.847544417537393291e-03,-2.019981767950948526e-02,-1.983696618524939323e-02,-2.033024566674141234e-02,-2.158345489312958609e-02,-1.980171828693650174e-02,-2.262284733435928827e-02
-1.600966413439593519e-02,-8.394728574339559157e-03,-1.481851727132877349e-02,-9.851919378628287358e-03,-2.003420227477908586e-02,-2.012812981112443653e-02,-2.041547299182235736e-02,-2.141783948839918669e-02,-1.982104341746147164e-02,-2.265702518111733371e-02
-1.602145801201852043e-02,-8.428906421097606336e-03,-1.465290186659837235e-02,-1.011599539003242218e-02,-2.004599615240167110e-02,-2.034343747008775932e-02,-2.042726686944493913e-02,-2.154298257301179298e-02,-2.002263194914232630e-02,-2.290490680266684537e-02
-1.612695230201081562e-02,-8.664717890469058464e-03,-1.473023838785469421e-02,-1.025478579993256874e-02,-1.998539921990809959e-02,-2.050972709609251085e-02,-2.019105296144999007e-02,-2.137736716828139358e-02,-1.996581880763753647e-02,-2.290928176375774117e-02
-1.596133689728041621e-02,-8.683407088758705872e-03,-1.482886568821207597e-02,-1.025185135719963031e-02,-2.000472435043307295e-02,-2.027351318809756178e-02,-2.032984337135013836e-02,-2.114115326028644451e-02,-2.002755670615989636e-02,-2.290634732102480448e-02
-1.616292542896127088e-02,-8.849696714763459135e-03,-1.509294169961621079e-02,-1.008623595246922917e-02,-2.015428599636173712e-02,-2.031754141984474724e-02,-2.032690892861720167e-02,-2.090493935229149544e-02,-2.006173455291794180e-02,-2.296541327583303052e-02
-1.592671152096632181e-02,-8.974839799376065422e-03,-1.519843598960850771e-02,-1.007055032196110290e-02,-2.026951328865648702e-02,-2.032191638093563957e-02,-2.039454846814013275e-02,-2.105450099822015961e-02,-2.050324987584460634e-02,-2.306404057619041228e-02
-1.634282493712961581e-02,-9.189017208856294083e-03,-1.503282058487810657e-02,-9.904934917230701769e-03,-2.032014702503332285e-02,-2.042741067092793475e-02,-2.033395153564656124e-02,-2.107382612874512950e-02,-2.039528555337381810e-02,-2.331192219773992394e-02
-1.640189089193784186e-02,-9.338578854784959984e-03,-1.519337348443399079e-02,-1.003316670009009488e-02,-2.077059276788903799e-02,-2.053290496092022993e-02,-2.045913729401389186e-02,-2.101322919625155800e-02,-2.048051287845476312e-02,-2.341741648773221912e-02
-1.641368476956042710e-02,-9.437206155142341749e-03,-1.531855924280131967e-02,-1.006790316654501694e-02,-2.086653117361353393e-02,-2.057524391906084826e-02,-1.994954330353189420e-02,-2.108958777371682317e-02,-2.031489747372436372e-02,-2.346054678314266756e-02
-1.624806936483002770e-02,-9.614446549398195790e-03,-1.535273708955936685e-02,-1.050941848947168321e-02,-2.105581085652861312e-02,-2.063698181758320815e-02,-2.004548170925639014e-02,-2.129117630539767783e-02,-2.044008323209169087e-02,-2.337594627660912958e-02
-1.601185545683507863e-02,-9.611512106665257363e-03,-1.539507604769998518e-02,-9.999824498989683813e-03,-2.124509053944369230e-02,-2.047136641285280875e-02,-2.018427211915653843e-02,-2.137773051922311346e-02,-2.060063613164757335e-02,-2.348144056660142476e-02
-1.590389113436429039e-02,-9.445896701934856227e-03,-1.542925389445803236e-02,-9.874872614676314872e-03,-2.109274458935821855e-02,-2.064860680710866106e-02,-2.031951971908919213e-02,-2.086813652874111580e-02,-2.054382299014278351e-02,-2.371725203597287862e-02
-1.592321626488926029e-02,-9.862010118098150230e-03,-1.559554352046278562e-02,-9.535154875405422309e-03,-2.085653068136326949e-02,-2.064567236437572437e-02,-2.049129166998616552e-02,-2.086520208600817911e-02,-2.058695328555323195e-02,-2.393142944545310555e-02
-1.605144804774865167e-02,-9.923748016620511855e-03,-1.560733739808536913e-02,-9.519469244897296040e-03,-2.102282030736802101e-02,-2.068040883083064468e-02,-2.063008207988631382e-02,-2.078060157947464112e-02,-2.073651493148189612e-02,-2.391574381494497928e-02
-1.610208178412548749e-02,-9.414154026138512460e-03,-1.570327580380986507e-02,-9.563497476644481493e-03,-2.110937452119345664e-02,-2.051479342610024528e-02,-2.039386817189136475e-02,-2.082294053761525945e-02,-2.086474671434128750e-02,-2.339567132295022542e-02
-1.616114773893371354e-02,-9.177940118143563392e-03,-1.553766039907946393e-02,-9.625235375166843119e-03,-2.094375911646305724e-02,-2.045798028459545545e-02,-2.042804601864941019e-02,-2.098923016362001098e-02,-2.087654059196387274e-02,-2.340746520057281066e-02
-1.614546210842558727e-02,-9.303125876510892275e-03,-1.557239686553438598e-02,-9.115641384684843723e-03,-2.105898640875780714e-02,-2.052561982411838654e-02,-2.056329361858206389e-02,-2.108516856934450692e-02,-2.091887955010449107e-02,-2.345809893694964648e-02
-1.618808484702776579e-02,-9.389680090336327903e-03,-1.565895107935982161e-02,-9.177379283207205349e-03,-2.082277250076285807e-02,-2.060197840158365171e-02,-2.062235957339028994e-02,-2.084895466134955785e-02,-2.104711133296388245e-02,-2.345516449421670979e-02
-1.633863931540274414e-02,-9.625491559707780032e-03,-1.549333567462942048e-02,-9.294280526203388404e-03,-2.080794323230770321e-02,-2.062895004930828322e-02,-2.038614566539534087e-02,-2.096585590434574264e-02,-2.081089742496893338e-02,-2.349778723281888831e-02
-1.638097827354336247e-02,-9.389277651712830963e-03,-1.550512955225200398e-02,-8.687370100263221151e-03,-2.088527975356402333e-02,-2.074585129230446801e-02,-2.040547079592031077e-02,-2.109099898895834893e-02,-2.090683583069342932e-02,-2.354842096919572414e-02
-1.647691667926785841e-02,-9.604585310676152024e-03,-1.575301117380151564e-02,-8.746436055071448931e-03,-2.091225140128865484e-02,-2.023625730182247034e-02,-2.016925688792536170e-02,-2.113362172756052745e-02,-2.090390138796049263e-02,-2.365391525918801932e-02
-1.631130127453745901e-02,-9.681921831932473882e-03,-1.583034769505783576e-02,-8.918208005968422322e-03,-2.102915264428483963e-02,-2.025558243234744371e-02,-2.054636983233201764e-02,-2.062402773707852979e-02,-2.079943899058342427e-02,-2.341770135119307025e-02
-1.631567623562835134e-02,-9.787416121924770798e-03,-1.584903689334748317e-02,-9.084497631973175585e-03,-2.103352760537573196e-02,-2.034213664617287934e-02,-2.081044584373615419e-02,-2.069166727660146088e-02,-2.097121094148039766e-02,-2.342949522881565549e-02
-1.634264788335298285e-02,-9.830546417335219236e-03,-1.574107257087669492e-02,-9.161834153229497443e-03,-2.115042884837191675e-02,-2.028153971367930783e-02,-2.082913504202580160e-02,-2.087489425268751475e-02,-2.098794188283843731e-02,-2.355468098718298264e-02
-1.656970525489471005e-02,-9.881180153712056796e-03,-1.576039770140166829e-02,-8.740977955165049954e-03,-2.126565614066666665e-02,-2.034917925320223892e-02,-2.048941730275490730e-02,-2.091892248443470020e-02,-2.098500744010550062e-02,-2.376998864614630544e-02
-1.672025972326968840e-02,-9.885555114802950863e-03,-1.589918811130181658e-02,-8.930257638080129137e-03,-2.135221035449210228e-02,-2.049973372157721727e-02,-2.048648286002197061e-02,-2.086210934292991037e-02,-2.081939203537510122e-02,-2.378931377667127534e-02
-1.690953940618476758e-02,-9.991049404795247779e-03,-1.581458760476827860e-02,-8.914572007572002868e-03,-2.111599644649715321e-02,-1.999013973109521961e-02,-2.037851853755118237e-02,-2.090473208153208889e-02,-2.107951877900492155e-02,-2.390454106896602524e-02
-1.707009230574065006e-02,-1.040773767856142257e-02,-1.564897220003787920e-02,-8.976309906094364494e-03,-2.087978253850220414e-02,-2.028130335697026290e-02,-2.051730894745133066e-02,-2.126298566705849338e-02,-2.117545718472941749e-02,-2.407083069497077676e-02
-1.711412053748783552e-02,-1.042642687685106997e-02,-1.579952666841285755e-02,-9.052668483559629664e-03,-2.091396038526024959e-02,-2.034894289649319399e-02,-2.035169354272093126e-02,-2.133934424452375855e-02,-2.105050530041604681e-02,-2.364997449690632927e-02
-1.724936813742048922e-02,-1.064173453581439104e-02,-1.587686318966917767e-02,-9.139222697385065292e-03,-2.082935987872671160e-02,-2.056312030597342091e-02,-2.038587138947897670e-02,-2.143528265024825449e-02,-2.116573259271079671e-02,-2.358937756441275777e-02
-1.724643369468755252e-02,-1.073767294153888698e-02,-1.592089142141636313e-02,-9.151016575007648798e-03,-2.084868500925168150e-02,-2.072940993197817244e-02,-2.014965748148402763e-02,-2.156046840861558511e-02,-2.134297298696664902e-02,-2.361634921213738927e-02
-1.725080865577844486e-02,-1.092695262445396616e-02,-1.596323037955698146e-02,-9.210082529815876579e-03,-2.097387076761900865e-02,-2.096522140134962631e-02,-2.019199643962464596e-02,-2.163682698608085028e-02,-2.140471088548900891e-02,-2.378263883814214080e-02
-1.727013378630341822e-02,-1.091126699394583989e-02,-1.596029593682404477e-02,-9.271820428338238204e-03,-2.113442366717489113e-02,-2.114844837743568018e-02,-2.029749072961694115e-02,-2.181406738033670259e-02,-2.153294266834840029e-02,-2.344292109887124650e-02
-1.741611764595464573e-02,-1.094600346040076194e-02,-1.579468053209364536e-02,-9.333558326860599830e-03,-2.117676262531550946e-02,-2.121608791695861126e-02,-2.046926268051391454e-02,-2.157785347234175352e-02,-2.159200862315662633e-02,-2.361469304976821990e-02
-1.707639990668375143e-02,-1.111777541129773533e-02,-1.591982361670625165e-02,-9.330623884127661402e-03,-2.126331683914094509e-02,-2.138785986785558466e-02,-2.048105655813649978e-02,-2.145290158802838285e-02,-2.161133375368159970e-02,-2.377524594932410237e-02
-1.715275848414901660e-02,-1.116011436943835367e-02,-1.595400146346429709e-02,-9.415851209208606423e-03,-2.109770143441054568e-02,-2.115164595986063559e-02,-2.064734618414125131e-02,-2.121668768003343378e-02,-2.145362145106543064e-02,-2.390038903393670866e-02
-1.726798577644376650e-02,-1.161056011229407055e-02,-1.553314526539984960e-02,-9.651662678580058552e-03,-2.103710450191697418e-02,-2.095017400153450712e-02,-2.064441174140831461e-02,-2.138297730603818531e-02,-2.153095797232175077e-02,-2.377543714962333798e-02
-1.766456552674119593e-02,-1.159573084383891568e-02,-1.565004650839603439e-02,-9.802217146955036903e-03,-2.080089059392202511e-02,-2.125740557523969967e-02,-2.076131298440449940e-02,-2.140166650432783271e-02,-2.154964717061139817e-02,-2.379476228014831135e-02
-1.770859375848838138e-02,-1.163835358244109421e-02,-1.581633613440078592e-02,-9.869856686477966254e-03,-2.085995654873025115e-02,-2.134395978906513530e-02,-2.087654027669924930e-02,-2.142099163485280261e-02,-2.172688756486725048e-02,-2.337390608208386386e-02
-1.773556540621301289e-02,-1.172490779626652983e-02,-1.558012222640583685e-02,-1.002041115485294460e-02,-2.097685779172643594e-02,-2.145918708135988520e-02,-2.106581995961432849e-02,-2.153789287784898740e-02,-2.171205829641209561e-02,-2.349909184045119448e-02
-1.779730330473537278e-02,-1.183040208625882675e-02,-1.558449718749673092e-02,-1.010696536867838023e-02,-2.126802141760147924e-02,-2.153652360261620533e-02,-2.119096304422693477e-02,-2.158102317325943584e-02,-2.175608652815928107e-02,-2.357642836170751460e-02
-1.781599250302502019e-02,-1.196564968619148045e-02,-1.534828327950178185e-02,-9.941349963947979096e-03,-2.103180750960653017e-02,-2.173811213429705999e-02,-2.128959034458431654e-02,-2.168651746325173102e-02,-2.159047112342888167e-02,-2.334021445371256553e-02
-1.765037709829462079e-02,-1.209388146905087356e-02,-1.524778721256322619e-02,-1.001770854141324427e-02,-2.127968913115604183e-02,-2.178045109243767832e-02,-2.104497222443995480e-02,-2.152090205852133162e-02,-2.147926552758762722e-02,-2.283062046323056787e-02
-1.722952090023017330e-02,-1.218981987477536950e-02,-1.541407683856797946e-02,-1.014594032427263738e-02,-2.132202808929666016e-02,-2.190559417705028461e-02,-2.117015798280728195e-02,-2.169814245277718393e-02,-2.160749731044701860e-02,-2.284994559375554124e-02
-1.740676129448602560e-02,-1.229531416476766642e-02,-1.553926259693530834e-02,-1.020500627908086516e-02,-2.137266182567349598e-02,-2.230217392734771403e-02,-2.104520609849391127e-02,-2.170993633039976917e-02,-2.183455468198874580e-02,-2.303922527667062042e-02
-1.749198861956697063e-02,-1.240080845475996334e-02,-1.563520100265980428e-02,-1.035556074745584351e-02,-2.138445570329607776e-02,-2.242735968571504118e-02,-2.113176031231934690e-02,-2.154432092566936977e-02,-2.168220873190327205e-02,-2.280301136867567136e-02
-1.738402429709618238e-02,-1.259008813767504252e-02,-1.567782374126198280e-02,-1.048074650582317240e-02,-2.146968302837702278e-02,-2.243915356333762295e-02,-2.151022092178053041e-02,-2.110542076958898602e-02,-2.184849835790802358e-02,-2.287936994614093653e-02
-1.759933195605950518e-02,-1.260877733596468993e-02,-1.596898736713702610e-02,-1.085785945022982833e-02,-2.179343702412564823e-02,-2.192955957285562529e-02,-2.165620478143175792e-02,-2.125498241551765019e-02,-2.164469778730676586e-02,-2.264315603814598746e-02
-1.773812236595965347e-02,-1.244316193123428879e-02,-1.595330173662889983e-02,-1.104713913314490752e-02,-2.197067741838150054e-02,-2.217932735291522350e-02,-2.141999087343680885e-02,-2.143820939160370406e-02,-2.186000544627008865e-02,-2.270222199295421350e-02
-1.757250696122925407e-02,-1.251080147075721814e-02,-1.598747958338694528e-02,-1.113236645822585254e-02,-2.200541388483642086e-02,-2.231457495284787720e-02,-2.148172877195916874e-02,-2.149727534641193011e-02,-2.201467698041276178e-02,-2.308068260241539701e-02
-1.759119615951890148e-02,-1.258813799201354000e-02,-1.575126567539199621e-02,-1.134654386770608120e-02,-2.210135229056091680e-02,-2.243971803746048349e-02,-2.174185551558898907e-02,-2.133165994168153071e-02,-2.207641487893512167e-02,-2.315801912367171714e-02
-1.778047584243398066e-02,-1.262231583877158718e-02,-1.614784542568942563e-02,-1.156185152666940226e-02,-2.212067742108588669e-02,-2.257850844736063178e-02,-2.186704127395631969e-02,-2.116604453695113131e-02,-2.215375140019144179e-02,-2.337219653315194406e-02
-1.778485080352487646e-02,-1.303842925493488118e-02,-1.631413505169417716e-02,-1.158054072495904967e-02,-2.223757866408207148e-02,-2.257557400462769509e-02,-2.143902871499355975e-02,-2.117041949804202711e-02,-2.181403366092054749e-02,-2.276528610721177681e-02
-1.754863689552992739e-02,-1.261041669597212297e-02,-1.638177459121710824e-02,-1.134432681696410060e-02,-2.245175607356229841e-02,-2.257263956189475840e-02,-2.145835384551852965e-02,-2.117479445913292291e-02,-2.210519728679559079e-02,-2.265732178474098857e-02
-1.767382265389725454e-02,-1.264459454273017015e-02,-1.662965621276661990e-02,-1.140606471548646222e-02,-2.251349397208465830e-02,-2.273319246145064088e-02,-2.163012579641550304e-02,-2.104984257481955223e-02,-2.216426324160381683e-02,-2.269149963149903401e-02
-1.770800050065529999e-02,-1.273114875655560578e-02,-1.669139411128897979e-02,-1.147370425500939158e-02,-2.264172575494404968e-02,-2.291043285570649318e-02,-2.147777984633002929e-02,-2.071012483554865793e-02,-2.234150363585966914e-02,-2.279699392149132919e-02
-1.779322782573624501e-02,-1.289170165611148999e-02,-1.670318798891156503e-02,-1.159889001337672046e-02,-2.272827996876948531e-02,-2.257071511643559888e-02,-2.146209421582190302e-02,-2.078746135680497806e-02,-2.217588823112926974e-02,-2.288354813531676482e-02
-1.783556678387686334e-02,-1.302793462123283917e-02,-1.676492588743392492e-02,-1.161068389099930397e-02,-2.278734592357771135e-02,-2.261474334818278434e-02,-2.148906586354653453e-02,-2.093702300273364222e-02,-2.211529129863569823e-02,-2.293418187169360065e-02
-1.811431838434184385e-02,-1.306211246799088635e-02,-1.689011164580125207e-02,-1.164542035745422602e-02,-2.282152377033575680e-02,-2.255793020667799451e-02,-2.125285195555158546e-02,-2.042742901225164456e-02,-2.215002776509061855e-02,-2.299591977021596054e-02
-1.814849623109988930e-02,-1.312117842279911413e-02,-1.688717720306831538e-02,-1.130570261818333345e-02,-2.231600188781018845e-02,-2.256230516776888684e-02,-2.143009234980743777e-02,-2.064273667121496736e-02,-2.191381385709566948e-02,-2.325999578162009709e-02
-1.798288082636948990e-02,-1.324636418116644301e-02,-1.696353578053358055e-02,-1.139225683200876908e-02,-2.249922886389624233e-02,-2.261293890414572266e-02,-2.142715790707450108e-02,-2.040652276322001829e-02,-2.157409611782477518e-02,-2.324516651316494223e-02
-1.781726542163909049e-02,-1.301015027317149395e-02,-1.715281546344865973e-02,-1.150748412430351898e-02,-2.271340627337646925e-02,-2.244732349941532326e-02,-2.149479744659743216e-02,-2.020272219261876057e-02,-2.167959040781707036e-02,-2.332152509063020740e-02
-1.758105151364414143e-02,-1.314894068307164050e-02,-1.759433078637532427e-02,-1.156922202282588061e-02,-2.254779086864606985e-02,-2.232237161510195259e-02,-2.166108707260218369e-02,-2.031794948491351047e-02,-2.171376825457511581e-02,-2.308531118263525833e-02
-1.734483760564919236e-02,-1.319296891481882596e-02,-1.763835901812250972e-02,-1.158101590044846411e-02,-2.258252733510099017e-02,-2.234106081339159999e-02,-2.172015302741040974e-02,-2.040317680999445549e-02,-2.162916774804157782e-02,-2.284909727464030926e-02
-1.768559092720059164e-02,-1.295675500682387689e-02,-1.740214511012756066e-02,-1.174156880000434833e-02,-2.259432121272357541e-02,-2.243699921911609593e-02,-2.177078676378724556e-02,-2.061848446895777828e-02,-2.163354270913247362e-02,-2.285347223573120506e-02
-1.768996588829148398e-02,-1.340720074967959377e-02,-1.747948163138388078e-02,-1.178559703175153378e-02,-2.206827878968533815e-02,-2.237640228662252442e-02,-2.194255871468421895e-02,-2.086636609050728994e-02,-2.146792730440207422e-02,-2.314463586160624836e-02
-1.790414329777171090e-02,-1.324158534494919263e-02,-1.783773521691028527e-02,-1.178266258901859535e-02,-2.220352638961799185e-02,-2.257799081830337909e-02,-2.193962427195128226e-02,-2.093400563003022102e-02,-2.146499286166913753e-02,-2.312980659315109350e-02
-1.800963758776400608e-02,-1.344317387663004730e-02,-1.802701489982536445e-02,-1.154644868102364628e-02,-2.233175817247738323e-02,-2.258978469592596433e-02,-2.199025800832811808e-02,-2.096097727775485253e-02,-2.129937745693873813e-02,-2.331303356923714737e-02
-1.813478067237661237e-02,-1.327755847189964616e-02,-1.808875279834772434e-02,-1.153076305051552002e-02,-2.243725246246967842e-02,-2.235357078793101526e-02,-2.211848979118750946e-02,-2.106647156774714771e-02,-2.142456321530606528e-02,-2.332482744685972914e-02
-1.829533357193249485e-02,-1.333929637042200779e-02,-1.821393855671505496e-02,-1.151593378206036515e-02,-2.247959142061029675e-02,-2.254285047084609445e-02,-2.213028366881009124e-02,-2.114283014521241288e-02,-2.159085284131081681e-02,-2.332189300412679245e-02
-1.839396087228987661e-02,-1.364652794412720034e-02,-1.841552708839590963e-02,-1.154290542978499493e-02,-2.260477717897762390e-02,-2.256217560137106781e-02,-2.222622207453458718e-02,-2.122016666646873301e-02,-2.171603859967814742e-02,-2.340844721795222808e-02
-1.822834546755947721e-02,-1.369716168050403790e-02,-1.854071284676323678e-02,-1.162024195104131678e-02,-2.274002477891027760e-02,-2.276376413305192248e-02,-2.226884481313676570e-02,-2.124713831419336452e-02,-2.177510455448637347e-02,-2.335163407644743824e-02
-1.851950909343452051e-02,-1.374779541688087546e-02,-1.858474107851042223e-02,-1.174847373390070990e-02,-2.279065851528711342e-02,-2.286925842304421766e-02,-2.238574605613295049e-02,-2.128947727233398285e-02,-2.180984102094129379e-02,-2.344757248217193418e-02
-1.876739071498403216e-02,-1.376712054740584709e-02,-1.869023536850271741e-02,-1.179109647250288842e-02,-2.228106452480511576e-02,-2.295581263686965329e-02,-2.250264729912913528e-02,-2.143903891826264702e-02,-2.198708141519714609e-02,-2.293797849168993652e-02
-1.888429195798021695e-02,-1.381114877915303255e-02,-1.867540610004756255e-02,-1.190632376479763832e-02,-2.233169826118195159e-02,-2.299894293228010173e-02,-2.254577759453958372e-02,-2.150077681678500691e-02,-2.213306527484837360e-02,-2.298060123029211504e-02
-1.886860632747209068e-02,-1.357493487115808348e-02,-1.878090039003985773e-02,-1.139672977431563893e-02,-2.237432099978413011e-02,-2.322600030382182892e-02,-2.258980582628676917e-02,-2.153495466354305235e-02,-2.213744023593926941e-02,-2.369534669515113712e-02
-1.904584672172794299e-02,-1.395339548061926872e-02,-1.881507823679790317e-02,-1.123111436958523779e-02,-2.240849884654217555e-02,-2.335118606218915954e-02,-2.257412019577864290e-02,-2.158558839991988818e-02,-2.218807397231610523e-02,-2.370714057277371889e-02
-1.905022168281883532e-02,-1.396518935824185223e-02,-1.889241475805422329e-02,-1.099490046159028872e-02,-2.217228493854722648e-02,-2.336297993981174131e-02,-2.259280939406829031e-02,-2.168152680564438411e-02,-2.235436359832085676e-02,-2.374187703922863921e-02
-1.946983711275216550e-02,-1.404252587949817409e-02,-1.918357838392926659e-02,-1.099196601885735029e-02,-2.223402283706958638e-02,-2.325501561734095307e-02,-2.261149859235793771e-02,-2.180975858850377549e-02,-2.258086057906406874e-02,-2.390242993878452168e-02
-1.956577551847666144e-02,-1.398571273799338599e-02,-1.901796297919886719e-02,-1.082635061412694916e-02,-2.240031246307433790e-02,-2.338020137570828022e-02,-2.250353426988714947e-02,-2.193490167311638178e-02,-2.264259847758642863e-02,-2.402757302339712797e-02
-1.962751341699902133e-02,-1.411085582260599228e-02,-1.908560251872179828e-02,-1.086897335272912768e-02,-2.258959214598941709e-02,-2.328439627413491850e-02,-2.233791886515675007e-02,-2.197724063125700011e-02,-2.240638456959147956e-02,-2.417713466932579214e-02
-1.974274070929377123e-02,-1.394524041787559114e-02,-1.928719105040265294e-02,-1.101853499865779358e-02,-2.268553055171391303e-02,-2.315944438982154782e-02,-2.255322652412007287e-02,-2.206379484508243574e-02,-2.252328581258766435e-02,-2.425349324679105731e-02
-1.975947165065181088e-02,-1.399587415425242870e-02,-1.932953000854327127e-02,-1.106087395679841191e-02,-2.297669417758895632e-02,-2.332573401582629935e-02,-2.268847412405272657e-02,-2.182758093708748667e-02,-2.272487434426851902e-02,-2.401727933879610824e-02
-1.981010538702864671e-02,-1.417405188311151448e-02,-1.931384437803514501e-02,-1.117610124909316181e-02,-2.281107877285855692e-02,-2.334442321411594676e-02,-2.245226021605777750e-02,-2.212139190039296571e-02,-2.276721330240913735e-02,-2.412277362878840342e-02
-1.968515350271527603e-02,-1.419274108140116189e-02,-1.943074562103132980e-02,-1.093988734109821274e-02,-2.297163167241443940e-02,-2.344991750410824194e-02,-2.249459917419839583e-02,-2.233669955935628851e-02,-2.280955226054975568e-02,-2.425100541164779480e-02
-1.990046116167859883e-02,-1.402712567667076075e-02,-1.946492346778937524e-02,-1.095857653938786015e-02,-2.319868904395616660e-02,-2.302906130604379445e-02,-2.261150041719458062e-02,-2.234849343697887375e-02,-2.287719180007268677e-02,-2.441729503765254633e-02
-1.988477553117047256e-02,-1.406974841527293928e-02,-1.942209633864138904e-02,-1.116016507106871482e-02,-2.268909505347416894e-02,-2.304085518366637969e-02,-2.267056637200280667e-02,-2.241023133550123364e-02,-2.272484584998721302e-02,-2.445963399579316466e-02
-1.992739826977265108e-02,-1.410392626203098645e-02,-1.949845491610665421e-02,-1.120329536647916326e-02,-2.272327290023221438e-02,-2.306782683139101120e-02,-2.270530283845772698e-02,-2.238757385148062648e-02,-2.286363625988736131e-02,-2.393359157275492741e-02
-2.030585887923383459e-02,-1.410099181929804803e-02,-1.954107765470883273e-02,-1.103767996174876212e-02,-2.272033845749927769e-02,-2.264697063332656371e-02,-2.287159246446247851e-02,-2.215135994348567741e-02,-2.280303932739378980e-02,-2.414776898223515433e-02
-2.034819783737445292e-02,-1.414333077743866636e-02,-1.963701606043332867e-02,-1.083387939114750440e-02,-2.273902765578892510e-02,-2.259015749182177388e-02,-2.295814667828791414e-02,-2.217833159121030892e-02,-2.283721717415183525e-02,-2.431405860823990586e-02
-2.054978636905530759e-02,-1.397771537270826522e-02,-1.992817968630837197e-02,-1.088451312752434195e-02,-2.278165039439110362e-02,-2.235394358382682481e-02,-2.317345433725123693e-02,-2.194211768321535985e-02,-2.289628312896006129e-02,-2.436469234461674169e-02
-2.049297322755051776e-02,-1.410594715556765834e-02,-2.010635741516745775e-02,-1.109869053700457062e-02,-2.287758880011559956e-02,-2.235100914109388812e-02,-2.337504286893209160e-02,-2.196144281374032975e-02,-2.273066772422966189e-02,-2.465585597049178498e-02
-2.032735782282011835e-02,-1.398099527125428940e-02,-2.026691031472334023e-02,-1.113286838376261779e-02,-2.301637921001574785e-02,-2.241007509590211416e-02,-2.350022862729941875e-02,-2.206693710373262493e-02,-2.274999285475463179e-02,-2.480541761642044915e-02
-2.023155272124675663e-02,-1.402333422939490773e-02,-2.003069640672839116e-02,-1.092924501596227206e-02,-2.295578227752217634e-02,-2.241445005699300996e-02,-2.361712987029560354e-02,-2.225016407981867880e-02,-2.280905880956285783e-02,-2.456920370842550008e-02
-2.032749112697125257e-02,-1.405030587711953750e-02,-1.986508100199799176e-02,-1.094793421425191947e-02,-2.308401406038156772e-02,-2.258073968299776149e-02,-2.310753587981360588e-02,-2.228434192657672425e-02,-2.294784921946300613e-02,-2.486036733430054338e-02
-2.045263421158385886e-02,-1.416720712011572056e-02,-1.980826786049320193e-02,-1.098267068070684152e-02,-2.309580793800414950e-02,-2.270897146585715287e-02,-2.287132197181865681e-02,-2.236070050404198942e-02,-2.306475046245919092e-02,-2.493672591176580855e-02
-2.047960585930849037e-02,-1.421784085649255812e-02,-1.997455748649795346e-02,-1.112146109060698808e-02,-2.310018289909504530e-02,-2.283415722422448002e-02,-2.294768054928392198e-02,-2.240303946218260775e-02,-2.312648836098155081e-02,-2.508628755769447272e-02
-2.042279271780370054e-02,-1.443314851545587918e-02,-1.998635136412053870e-02,-1.116459138601743652e-02,-2.325485443323772189e-02,-2.325377265415781020e-02,-2.313696023219900116e-02,-2.248037598343892787e-02,-2.329277798698630234e-02,-2.523684202606945107e-02
-2.068686872920783709e-02,-1.448378225183271674e-02,-1.997066573361241243e-02,-1.133088101202218978e-02,-2.356208600694291444e-02,-2.308815724942741079e-02,-2.333854876387985583e-02,-2.272825760498843953e-02,-2.346454993788327573e-02,-2.522115639556132480e-02
-2.017727473872583943e-02,-1.452691254724316518e-02,-1.980505032888201303e-02,-1.142681941774668572e-02,-2.355915156420997775e-02,-2.313049620756802913e-02,-2.328173562237506600e-02,-2.277088034359061805e-02,-2.357977723017802563e-02,-2.543533380504155172e-02
-2.029250203102058933e-02,-1.429069863924821611e-02,-1.978936469837388676e-02,-1.144614454827165735e-02,-2.360978530058681357e-02,-2.316523267402294944e-02,-2.330042482066471340e-02,-2.260526493886021865e-02,-2.366633144400346125e-02,-2.519911989704660266e-02
-2.032667987777863478e-02,-1.447997832216329529e-02,-1.936135213941112682e-02,-1.156137184056640725e-02,-2.384559676995826744e-02,-2.321586641039978527e-02,-2.341732606366089819e-02,-2.275993647300289524e-02,-2.368565657452843115e-02,-2.525818585185482870e-02
-2.033847375540121655e-02,-1.464626794816804856e-02,-1.948649522402373310e-02,-1.162901138008933660e-02,-2.350587903068737314e-02,-2.325060287685470559e-02,-2.343601526195054560e-02,-2.280255921160507376e-02,-2.370498170505340452e-02,-2.538332893646743499e-02
-1.973156332946104929e-02,-1.475176223816034547e-02,-1.942968208251894327e-02,-1.170634790134565846e-02,-2.381311060439256569e-02,-2.366729115062088037e-02,-2.351335178320686572e-02,-2.282188434213004713e-02,-2.346876779705845545e-02,-2.546988315029287062e-02
-1.976574117621909474e-02,-1.480239597453718303e-02,-1.961896176543402245e-02,-1.185590954727432436e-02,-2.357689669639761662e-02,-2.350167574589048097e-02,-2.361884607319916091e-02,-2.284120947265502050e-02,-2.295917380657645779e-02,-2.546694870755993392e-02
-1.952952726822414567e-02,-1.429280198405518364e-02,-1.968660130495695354e-02,-1.198109530564165325e-02,-2.364453623592054771e-02,-2.344107881339690946e-02,-2.338263216520421184e-02,-2.311996107312000101e-02,-2.279355840184605839e-02,-2.550928766570055226e-02
-1.953390222931503800e-02,-1.443159239395533019e-02,-1.972077915171499898e-02,-1.181547990091125211e-02,-2.380508913547643018e-02,-2.356626457176423661e-02,-2.349953340820039663e-02,-2.324819285597939239e-02,-2.285529630036841828e-02,-2.534367226097015285e-02
-1.956087387703966951e-02,-1.444338627157791370e-02,-1.989801954597085129e-02,-1.194371168377064522e-02,-2.399364506648260509e-02,-2.295935414582406936e-02,-2.362471916656772725e-02,-2.330725881078761844e-02,-2.297219754336460307e-02,-2.536236145925980026e-02
-1.959561034349458983e-02,-1.458217668147806026e-02,-2.001492078896703608e-02,-1.177809627904024409e-02,-2.407000364394787026e-02,-2.253134158686130942e-02,-2.345910376183732785e-02,-2.319605321494636399e-02,-2.311098795326475136e-02,-2.553960185351565257e-02
-1.965467629830281587e-02,-1.462451563961867859e-02,-1.995810764746224625e-02,-1.183716223384847187e-02,-2.405431801343974399e-02,-2.269763121286606095e-02,-2.352674330136025893e-02,-2.306318870686463116e-02,-2.318832447452107148e-02,-2.566478761188298319e-02
-1.971641419682517576e-02,-1.481379532253375778e-02,-2.017228505694247317e-02,-1.168481628376299812e-02,-2.403863238293161772e-02,-2.263703428037248944e-02,-2.369303292736501046e-02,-2.300259177437105965e-02,-2.323895821089790731e-02,-2.560419067938941168e-02
-1.979375071808149589e-02,-1.493893840714636406e-02,-2.011547191543768334e-02,-1.178344358412037989e-02,-2.425394004189494052e-02,-2.276526606323188082e-02,-2.352741752263461106e-02,-2.303732824082597996e-02,-2.345426586986123010e-02,-2.566592857791177157e-02
-1.922803938992763417e-02,-1.505416569944111396e-02,-2.015950014718486880e-02,-1.190858666873298617e-02,-2.435943433188723570e-02,-2.280929429497906627e-02,-2.357805125901144688e-02,-2.325263589978930276e-02,-2.351333182466945615e-02,-2.550821627529560251e-02
-1.907569343984216043e-02,-1.494620137697032745e-02,-1.999388474245446939e-02,-1.197032456725534780e-02,-2.443677085314355582e-02,-2.256467617483470453e-02,-2.352123811750665705e-02,-2.327132509807895017e-02,-2.369057221892530846e-02,-2.551259123638649484e-02
-1.901888029833737059e-02,-1.470998746897537839e-02,-1.975767083445952033e-02,-1.181261226463917700e-02,-2.451312943060882099e-02,-2.250786303332991470e-02,-2.359857463876297717e-02,-2.311897914799347642e-02,-2.369494718001620426e-02,-2.555661946813368030e-02
-1.905361676479229091e-02,-1.476062120535221595e-02,-1.988590261731891171e-02,-1.186324600101601456e-02,-2.434751402587842159e-02,-2.252655223161956211e-02,-2.370406892875527236e-02,-2.295336374326307702e-02,-2.381017447231095416e-02,-2.561835736665604019e-02
-1.923085715904814322e-02,-1.489941161525236250e-02,-2.000112990961366161e-02,-1.203501795191298795e-02,-2.433182839537029532e-02,-2.241858790914877386e-02,-2.380956321874756754e-02,-2.278774833853267762e-02,-2.405994225237055237e-02,-2.562273232774693599e-02
-1.930819368030446334e-02,-1.498596582907779813e-02,-2.007748848707892678e-02,-1.215191919490917101e-02,-2.443732268536259050e-02,-2.259035986004574725e-02,-2.387130111726992743e-02,-2.277206270802455135e-02,-2.420950389829921653e-02,-2.564205745827190935e-02
-1.940413208602895928e-02,-1.507252004290323376e-02,-2.015384706454419195e-02,-1.173106299684472352e-02,-2.447966164350320883e-02,-2.262453770680379270e-02,-2.393303901579228732e-02,-2.283970224754748243e-02,-2.436005836667419489e-02,-2.571939397952822948e-02
-1.952927517064156557e-02,-1.510725650935815581e-02,-2.033707404063024582e-02,-1.174285687446730703e-02,-2.472754326505272049e-02,-2.265927417325871301e-02,-2.387244208329871581e-02,-2.290734178707041352e-02,-2.447528565896894479e-02,-2.571645953679529278e-02
-1.957161412878218390e-02,-1.494164110462775467e-02,-2.046225979899757297e-02,-1.150664296647235796e-02,-2.486633367495286878e-02,-2.242306026526376395e-02,-2.416625304660419485e-02,-2.312264944603373631e-02,-2.455164423643420996e-02,-2.556411358670981904e-02
-1.905154163678743004e-02,-1.501799968209301984e-02,-2.052399769751993286e-02,-1.172195062543567902e-02,-2.463011976695791971e-02,-2.243485414288634572e-02,-2.420859200474481318e-02,-2.328893907203848784e-02,-2.465713852642650514e-02,-2.560814181845700449e-02
-1.909388059492804837e-02,-1.526776746215261805e-02,-2.097444344037564801e-02,-1.172632558652657309e-02,-2.471667398078335534e-02,-2.252008146796729074e-02,-2.424332847119973350e-02,-2.335657861156141893e-02,-2.469131637318455058e-02,-2.561251677954790029e-02
-1.923986445457927588e-02,-1.533540700167554741e-02,-2.107038184610014395e-02,-1.182226399225106903e-02,-2.475929671938553386e-02,-2.257914742277551678e-02,-2.380442831511934976e-02,-2.344313282538685456e-02,-2.484087801911321475e-02,-2.572941802254408508e-02
-1.908751850449380214e-02,-1.557121847104699953e-02,-2.128455925558037087e-02,-1.185700045870599108e-02,-2.459368131465513446e-02,-2.237534685217425906e-02,-2.363881291038895036e-02,-2.357936579050820547e-02,-2.505505542859344167e-02,-2.549320411454913601e-02
-1.946463144890045807e-02,-1.559054360157197117e-02,-2.129635313320295265e-02,-1.142898789974323287e-02,-2.435746740666018539e-02,-2.250053261054158621e-02,-2.384040144206980502e-02,-2.359869092103317884e-02,-2.508923327535148712e-02,-2.515348637527824172e-02
-1.950697040704107640e-02,-1.535432969357702210e-02,-2.146264275920770417e-02,-1.163057643142408754e-02,-2.419185200192978599e-02,-2.254287156868220454e-02,-2.384477640316069735e-02,-2.369462932675767478e-02,-2.510855840587646048e-02,-2.531403927483412419e-02
-1.962387165003726119e-02,-1.544088390740245773e-02,-2.146701772029859651e-02,-1.110453400838585201e-02,-2.422602984868783144e-02,-2.252718593817407827e-02,-2.364097583255943963e-02,-2.374526306313451060e-02,-2.459896441539446282e-02,-2.525344234234055268e-02
-1.987175327158677285e-02,-1.520466999940750866e-02,-2.095742372981659885e-02,-1.122967709299845830e-02,-2.416921670718304160e-02,-2.229097203017912920e-02,-2.380726545856419116e-02,-2.390581596269039308e-02,-2.464130337353508116e-02,-2.534938074806504862e-02
-1.936215928110477519e-02,-1.496845609141255959e-02,-2.099216019627151916e-02,-1.127201605113907663e-02,-2.433550633318779313e-02,-2.246274398107610260e-02,-2.381164041965508349e-02,-2.394055242914531340e-02,-2.465999257182472856e-02,-2.552755847692413441e-02
-1.943949580236109531e-02,-1.507395038140485651e-02,-2.114271466464649751e-02,-1.143256895069496085e-02,-2.427490940069422162e-02,-2.222653007308115353e-02,-2.379595478914695722e-02,-2.396752407686994490e-02,-2.467178644944731380e-02,-2.562349688264863035e-02
-1.961126775325806870e-02,-1.536511400727989807e-02,-2.130900429065124904e-02,-1.165962632223668805e-02,-2.430908724745226707e-02,-2.226886903122177186e-02,-2.388118211422790224e-02,-2.397931795449252668e-02,-2.443557254145236474e-02,-2.564282201317360371e-02
-1.961564271434896450e-02,-1.540745296542051640e-02,-2.133597593837588055e-02,-1.171026005861352560e-02,-2.445964171582724542e-02,-2.241843067715043603e-02,-2.371556670949750284e-02,-2.400628960221715819e-02,-2.453419984180974650e-02,-2.571046155269653480e-02
-1.979886969043501838e-02,-1.552268025771526630e-02,-2.113235257057553482e-02,-1.179681427243896123e-02,-2.459843212572739371e-02,-2.218221676915548696e-02,-2.347935280150255377e-02,-2.404862856035777652e-02,-2.429943387054243897e-02,-2.588770194695238711e-02
-1.990436398042731356e-02,-1.556530299631744482e-02,-2.103654746900217309e-02,-1.185855217096132286e-02,-2.439480875792704798e-02,-2.244234351278530729e-02,-2.324313889350760470e-02,-2.440688214588418101e-02,-2.406321996254748991e-02,-2.590639114524203451e-02
-1.966815007243236449e-02,-1.581318461786695648e-02,-2.103361302626923640e-02,-1.193491074842658803e-02,-2.451995184253965426e-02,-2.258113392268545558e-02,-2.340942851951235623e-02,-2.445091037763136646e-02,-2.404056247852688274e-02,-2.604163874517468821e-02
-1.979333583079969511e-02,-1.570197902202570203e-02,-2.129768903767337296e-02,-1.169869684043163896e-02,-2.455412968929769971e-02,-2.280819129422718278e-02,-2.343640016723698774e-02,-2.460047202356003063e-02,-2.417935288842703104e-02,-2.610927828469761930e-02
-1.977765020029156884e-02,-1.574600725377288749e-02,-2.133186688443141840e-02,-1.184825848636030486e-02,-2.455850465038859204e-02,-2.288454987169244795e-02,-2.354189445722928292e-02,-2.467780854481635075e-02,-2.439466054739035383e-02,-2.619583249852305493e-02
-1.997923873197242350e-02,-1.587119301214021810e-02,-2.145705264279874902e-02,-1.161204457836535579e-02,-2.477268205986881897e-02,-2.301979747162510165e-02,-2.367012624008867430e-02,-2.484409817082110228e-02,-2.441334974568000124e-02,-2.577497630045860744e-02
-2.009446602426717340e-02,-1.586825856940728141e-02,-2.157227993509349892e-02,-1.144642917363495466e-02,-2.519229748980214914e-02,-2.319703786588095396e-02,-2.370430408684671975e-02,-2.501038779682585381e-02,-2.457963937168475277e-02,-2.549375254887052342e-02
-2.019040442999166934e-02,-1.601424242905850892e-02,-2.157665489618439125e-02,-1.192826599699874091e-02,-2.528823589552664508e-02,-2.296082395788600489e-02,-2.387059371285147127e-02,-2.502218167444843905e-02,-2.466619358551018840e-02,-2.543693940736573358e-02
-2.024103816636850517e-02,-1.618053205506326045e-02,-2.159598002670936462e-02,-1.201349332207968593e-02,-2.542702630542679337e-02,-2.305945125824338665e-02,-2.400938412275161957e-02,-2.506452063258905738e-02,-2.432647584623929410e-02,-2.572810303324077688e-02
-2.027577463282342549e-02,-1.619232593268584569e-02,-2.165771792523172451e-02,-1.226137494362919758e-02,-2.545399795315142488e-02,-2.314600547206882228e-02,-2.390141980028083132e-02,-2.506889559367995318e-02,-2.438821374476165399e-02,-2.601926665911582018e-02
-2.011806233020725643e-02,-1.620411981030842746e-02,-2.188477529677345171e-02,-1.226574990472009165e-02,-2.543916868469627002e-02,-2.324194387779331822e-02,-2.402965158314022270e-02,-2.510363206013487350e-02,-2.451335682937426028e-02,-2.549322423607758292e-02
-1.969004977124449648e-02,-1.596790590231347839e-02,-2.191174694449808322e-02,-1.240454031462023821e-02,-2.550680822421920110e-02,-2.330958341731624930e-02,-2.401482231468506784e-02,-2.520912635012716868e-02,-2.472753423885448720e-02,-2.543262730358401141e-02
-1.971702141896912799e-02,-1.596497145958054170e-02,-2.206230141287306157e-02,-1.264035178399169033e-02,-2.562370946721538589e-02,-2.309822665711963249e-02,-2.403414744521004121e-02,-2.510116202765638044e-02,-2.477015697745666573e-02,-2.545195243410898478e-02
-1.975119926572717344e-02,-1.585700713710975346e-02,-2.210543170828351001e-02,-1.247473637926128920e-02,-2.560888019876023103e-02,-2.311755178764460239e-02,-2.411937477029098623e-02,-2.521806327065256523e-02,-2.480433482421471117e-02,-2.528633702937858538e-02
-1.987634235033977972e-02,-1.595294554283424940e-02,-2.215606544466034583e-02,-1.245905074875316293e-02,-2.564305804551827647e-02,-2.295193638291420299e-02,-2.403477426375744824e-02,-2.563767870058589540e-02,-2.483851267097275661e-02,-2.533697076575542120e-02
-1.988813622796236497e-02,-1.571673163483930033e-02,-2.228120852927295212e-02,-1.256454503874545985e-02,-2.589282582557787468e-02,-2.293710711445904812e-02,-2.422405394667252743e-02,-2.543405533278554967e-02,-2.482282704046463034e-02,-2.517135536102502180e-02
-1.993876996433920079e-02,-1.575090948159734577e-02,-2.227827408654001543e-02,-1.265109925257089547e-02,-2.610813348454119748e-02,-2.313869564613990279e-02,-2.426808217841971288e-02,-2.526843992805515027e-02,-2.488189299527285639e-02,-2.523899490054795289e-02
-1.977315455960880139e-02,-1.587609523996467292e-02,-2.176868009605801776e-02,-1.276632654486564537e-02,-2.605132034303640765e-02,-2.304289054456654107e-02,-2.428740730894468625e-02,-2.562669351358155476e-02,-2.464567908727790732e-02,-2.527373136700287320e-02
-1.993944418561355292e-02,-1.591027308672271837e-02,-2.181101905419863610e-02,-1.296791507654650004e-02,-2.554172635255440998e-02,-2.308691877631372652e-02,-2.384850715286430251e-02,-2.568575946838978080e-02,-2.472301560853422744e-02,-2.536028558082830883e-02
-2.000118208413591281e-02,-1.597201098524507826e-02,-2.192792029719482089e-02,-1.280229967181609890e-02,-2.556869800027904149e-02,-2.285070486831877745e-02,-2.393373447794524753e-02,-2.591225644913299278e-02,-2.493832326749755024e-02,-2.543762210208462896e-02
-2.009712048986040875e-02,-1.599133611577004815e-02,-2.196265676364974120e-02,-1.288752699689704392e-02,-2.533248409228409243e-02,-2.286249874594135922e-02,-2.398436821432208335e-02,-2.593158157965796268e-02,-2.470210935950260117e-02,-2.557641251198477725e-02
-2.018367470368584438e-02,-1.582572071103964875e-02,-2.203029630317267229e-02,-1.305381662290179719e-02,-2.554666150176431935e-02,-2.298764183055396551e-02,-2.407092242814751898e-02,-2.598221531603479850e-02,-2.483034114236199255e-02,-2.541079710725437785e-02
-2.025131424320877546e-02,-1.585989855779769420e-02,-2.198746917402468609e-02,-1.307314175342676882e-02,-2.542562956106030406e-02,-2.297195620004583924e-02,-2.406798798541458229e-02,-2.601695178248971882e-02,-2.518859472788839704e-02,-2.530283278478358960e-02
-2.034994154356615723e-02,-1.592163645632005409e-02,-2.200615837231433350e-02,-1.317863604341906573e-02,-2.549326910058323514e-02,-2.313824582605059077e-02,-2.419317374378190943e-02,-2.604392343021435033e-02,-2.476773852982394955e-02,-2.537047232430652069e-02
-2.035431650465704956e-02,-1.575602105158965469e-02,-2.189495277647307905e-02,-1.339281345289929440e-02,-2.585152268610963963e-02,-2.326343158441791792e-02,-2.395695983578696037e-02,-2.622116382447020264e-02,-2.475205289931582328e-02,-2.476356189836635344e-02
-2.060219812620656121e-02,-1.524642706110765529e-02,-2.197228929772939918e-02,-1.350804074519404430e-02,-2.589465298152008807e-02,-2.332516948294027781e-02,-2.408519161864635175e-02,-2.626350278261082097e-02,-2.489084330921597157e-02,-2.478225109665600084e-02
-2.066983766572949230e-02,-1.542366745536350933e-02,-2.213284219728528165e-02,-1.290113031925387704e-02,-2.603344339142023636e-02,-2.341172369676571344e-02,-2.418113002437084769e-02,-2.586899305610248709e-02,-2.500607060151072147e-02,-2.495949149091185315e-02
-2.061302452422470247e-02,-1.543546133298609284e-02,-2.227882605693650916e-02,-1.273551491452347591e-02,-2.579722948342528729e-02,-2.324610829203531404e-02,-2.394491611637589862e-02,-2.601855470203115125e-02,-2.500313615877778478e-02,-2.520925927097145136e-02
-2.069036104548102259e-02,-1.519924742499114377e-02,-2.232116501507712750e-02,-1.286070067289080479e-02,-2.593247708335794099e-02,-2.328844725017593237e-02,-2.396424124690087198e-02,-2.550896071154915359e-02,-2.490733105720442306e-02,-2.522105314859403313e-02
-2.069473600657191492e-02,-1.524327565673832922e-02,-2.216345271246095844e-02,-1.285776623015786636e-02,-2.605766284172526814e-02,-2.347700318118210727e-02,-2.408114248989705677e-02,-2.550602626881621690e-02,-2.499388527102985869e-02,-2.559951375805521664e-02
-2.072891385332996037e-02,-1.507766025200792809e-02,-2.250420603401235772e-02,-1.293412480762313153e-02,-2.621821574128115062e-02,-2.349569237947175468e-02,-2.391552708516665737e-02,-2.556509222362444295e-02,-2.509937956102215387e-02,-2.572465684266782293e-02
-2.056329844859956096e-02,-1.502084711050313999e-02,-2.260970032400465290e-02,-1.301935213270407656e-02,-2.628585528080408171e-02,-2.337466043876773938e-02,-2.411711561684751204e-02,-2.539947681889404354e-02,-2.517671608227847399e-02,-2.521506285218582527e-02
-2.054761281809143469e-02,-1.501791266777020156e-02,-2.273793210686404428e-02,-1.300366650219595029e-02,-2.628292083807114501e-02,-2.337903539985863172e-02,-2.424534739970690342e-02,-2.547583539635930872e-02,-2.501110067754807459e-02,-2.536462449811448944e-02
-2.062494933934775482e-02,-1.503660186605984897e-02,-2.303174307016952332e-02,-1.300073205946301186e-02,-2.643347530644612337e-02,-2.350417848447123800e-02,-2.400913349171195435e-02,-2.564212502236406024e-02,-2.459024447948362710e-02,-2.540696345625510777e-02
-2.076373974924790311e-02,-1.521384226031570301e-02,-2.348218881302523847e-02,-1.312591781783034074e-02,-2.592388131596412570e-02,-2.362107972746742279e-02,-2.358112093274919441e-02,-2.568446398050467858e-02,-2.471543023785095772e-02,-2.541875733387768954e-02
-2.025414575876590545e-02,-1.529117878157202487e-02,-2.332447651040906941e-02,-1.336172928720179287e-02,-2.592825627705502151e-02,-2.381035941038250198e-02,-2.324140319347830011e-02,-2.569625785812726382e-02,-2.490470992076603690e-02,-2.552425162386998472e-02
-2.037933151713323260e-02,-1.542996919147217143e-02,-2.340083508787433458e-02,-1.356331781888264754e-02,-2.596243412381306695e-02,-2.410152303625754527e-02,-2.338019360337844840e-02,-2.575532381293548986e-02,-2.496377587557426295e-02,-2.558598952239234461e-02
-2.041406798358815292e-02,-1.569404520287630625e-02,-2.388267191123812083e-02,-1.382344456251246786e-02,-2.598175925433803685e-02,-2.408669376780239041e-02,-2.337725916064551171e-02,-2.569851067143070003e-02,-2.448438133074632914e-02,-2.562016736915039006e-02
-2.024845257885775351e-02,-1.581918828748891254e-02,-2.346181571317367334e-02,-1.390078108376878972e-02,-2.596607362382991058e-02,-2.385047985980744134e-02,-2.341959811878613004e-02,-2.568282504092257376e-02,-2.453501506712316496e-02,-2.582175590083124472e-02
-2.074345061131132109e-02,-1.585392475394383285e-02,-2.329620030844327394e-02,-1.398733529759422535e-02,-2.601670736020674640e-02,-2.385485482089833714e-02,-2.359137006968310343e-02,-2.586006543517842607e-02,-2.451932943661503869e-02,-2.583354977845382650e-02
-2.057783520658092169e-02,-1.589626371208445119e-02,-2.328051467793514767e-02,-1.400666042811919698e-02,-2.609306593767201157e-02,-2.368923941616793774e-02,-2.371655582805043405e-02,-2.599531303511107977e-02,-2.457839539142326474e-02,-2.601172750731291228e-02
-2.023811746731002739e-02,-1.611044112156467811e-02,-2.334225257645750756e-02,-1.384104502338879585e-02,-2.607738030716388530e-02,-2.375097731469029763e-02,-2.372093078914132985e-02,-2.603765199325169810e-02,-2.472894985979824309e-02,-2.616128915324157644e-02
-2.038767911323869156e-02,-1.617217902008703800e-02,-2.317663717172710816e-02,-1.391838154464511770e-02,-2.624366993316863683e-02,-2.364301299221950939e-02,-2.371799634640839316e-02,-2.580143808525674903e-02,-2.502011348567328639e-02,-2.624784336706701207e-02
-2.056491950749454387e-02,-1.600656361535663860e-02,-2.266704318124511050e-02,-1.398602108416804705e-02,-2.627840639962355715e-02,-2.364738795331040172e-02,-2.388428597241314469e-02,-2.583617455171166935e-02,-2.485449808094288698e-02,-2.628202121382505752e-02
-2.078022716645786666e-02,-1.617285324136139013e-02,-2.304550379070629401e-02,-1.399781496179063056e-02,-2.631258424638160259e-02,-2.381367757931515325e-02,-2.364807206441819562e-02,-2.567846224909550029e-02,-2.489683703908350532e-02,-2.634108716863328356e-02
-2.099440457593809359e-02,-1.623191919616961618e-02,-2.314144219643078995e-02,-1.383219955706022943e-02,-2.620461992391081435e-02,-2.382547145693773849e-02,-2.381436169042294715e-02,-2.579368954139025019e-02,-2.499546433944088708e-02,-2.594657744212494968e-02
-2.117164497019394589e-02,-1.630925571742593630e-02,-2.322799641025622558e-02,-1.385152468758520106e-02,-2.635517439228579270e-02,-2.380978582642961222e-02,-2.383305088871259456e-02,-2.581301467191522009e-02,-2.501415353773053449e-02,-2.603313165595038531e-02
-2.111483182868915606e-02,-1.624865878493236479e-02,-2.306238100552582618e-02,-1.394746309330969700e-02,-2.648036015065312332e-02,-2.385291612184006066e-02,-2.393854517870488974e-02,-2.564739926718482069e-02,-2.509051211519579966e-02,-2.607547061409100364e-02
-2.094921642395875666e-02,-1.645024731661321946e-02,-2.304669537501769991e-02,-1.378184768857929586e-02,-2.655671872811838849e-02,-2.393025264309638078e-02,-2.395527612006292939e-02,-2.549505331709934694e-02,-2.485429820720085059e-02,-2.645393122355218715e-02
-2.109877806988742083e-02,-1.652758383786953958e-02,-2.327375274655942711e-02,-1.377891324584635743e-02,-2.657540792640803590e-02,-2.409080554265226326e-02,-2.395965108115382519e-02,-2.558160753092478257e-02,-2.498252999006024197e-02,-2.652157076307511824e-02
-2.111746726817706823e-02,-1.654627303615918699e-02,-2.327812770765032291e-02,-1.381309109260440461e-02,-2.645045604209466522e-02,-2.415254344117462315e-02,-2.401871703596205124e-02,-2.541599212619438317e-02,-2.500121918834988938e-02,-2.657220449945195406e-02
-2.088125336018211917e-02,-1.669682750453416534e-02,-2.311251230291992351e-02,-1.392831838489915451e-02,-2.657868782495405660e-02,-2.438835491054607701e-02,-2.410527124978748686e-02,-2.535539519370081166e-02,-2.516750881435464091e-02,-2.629098074786387004e-02
-2.045324080121935922e-02,-1.597437873617308518e-02,-2.336039392446943516e-02,-1.396305485135407656e-02,-2.661286567171210204e-02,-2.415214100255112795e-02,-2.423350303264687824e-02,-2.539773415184142999e-02,-2.517188377544553324e-02,-2.630277462548645528e-02
-2.043841153276420436e-02,-1.620143610771481238e-02,-2.337971905499440506e-02,-1.414029524560993061e-02,-2.665520462985272038e-02,-2.394834043194987022e-02,-2.434873032494162814e-02,-2.561304181080475278e-02,-2.511128684295196173e-02,-2.636451252400881518e-02
-2.047258937952224980e-02,-1.635099775364347655e-02,-2.344145695351676495e-02,-1.419936120041815839e-02,-2.670583836622955620e-02,-2.388774349945629871e-02,-2.441046822346398804e-02,-2.567210776561297883e-02,-2.522818808594814652e-02,-2.639148417173344668e-02
-2.072047100107176146e-02,-1.636968695193312395e-02,-2.351879347477308507e-02,-1.434991566879313674e-02,-2.683407014908894758e-02,-2.392192134621434416e-02,-2.458224017436096143e-02,-2.561151083311940732e-02,-2.537774973187681068e-02,-2.660566158121367361e-02
-2.101163462694680475e-02,-1.643142485045548384e-02,-2.309793727670863758e-02,-1.428931873629956523e-02,-2.695925590745627820e-02,-2.341232735573234650e-02,-2.460921182208559294e-02,-2.544589542838900792e-02,-2.554403935788156221e-02,-2.673084733958100423e-02
-2.113682038531413537e-02,-1.642849040772254715e-02,-2.316557681623156867e-02,-1.436567731376483040e-02,-2.700988964383311403e-02,-2.347406525425470639e-02,-2.444359641735519353e-02,-2.548063189484392824e-02,-2.575934701684488501e-02,-2.684774858257718902e-02
-2.114861426293671715e-02,-1.680695101718373066e-02,-2.333734876712854206e-02,-1.439985516052287758e-02,-2.705222860197373236e-02,-2.349275445254435379e-02,-2.467065378889692073e-02,-2.551536836129884855e-02,-2.580196975544706353e-02,-2.694637588293457078e-02
-2.131490388894146867e-02,-1.682627614770870056e-02,-2.366110276287716752e-02,-1.440423012161377164e-02,-2.709625683372091781e-02,-2.351972610026898530e-02,-2.479583954726424788e-02,-2.559172693876411372e-02,-2.584510005085751197e-02,-2.717343325447629798e-02
-2.107868998094651961e-02,-1.673047104613533884e-02,-2.367979196116681492e-02,-1.440860508270466571e-02,-2.721148412601566771e-02,-2.375553756964043917e-02,-2.481452874555389529e-02,-2.575227983831999620e-02,-2.610917606226164853e-02,-2.693721934648134891e-02
-2.120383306555912589e-02,-1.693205957781619350e-02,-2.374152985968917481e-02,-1.455816672863333161e-02,-2.697527021802071864e-02,-2.400341919118995082e-02,-2.495331915545404358e-02,-2.585777412831229138e-02,-2.626972896181753100e-02,-2.711445974073720122e-02
-2.110802796398576417e-02,-1.696679604427111382e-02,-2.350531595169422575e-02,-1.467506797162951467e-02,-2.709049751031546854e-02,-2.403759703794799626e-02,-2.493763352494591731e-02,-2.590011308645290972e-02,-2.576013497133553334e-02,-2.727501264029308370e-02
-2.119458217781119980e-02,-1.695111041376298755e-02,-2.333970054696382634e-02,-1.484135759763426793e-02,-2.713452574206265400e-02,-2.380138312995304720e-02,-2.507642393484606561e-02,-2.594245204459352805e-02,-2.575720052860259665e-02,-2.741026024022573740e-02
-2.126222171733413088e-02,-1.708635801369564125e-02,-2.310348663896887728e-02,-1.482567196712614166e-02,-2.723315304242003576e-02,-2.378569749944492093e-02,-2.513816183336842550e-02,-2.599308578097036387e-02,-2.588543231146198803e-02,-2.684454891207187568e-02
-2.124653608682600461e-02,-1.657676402321364359e-02,-2.333929810834033114e-02,-1.495081505173874795e-02,-2.746021041396176296e-02,-2.384476345425314697e-02,-2.525338912566317540e-02,-2.614364024934534222e-02,-2.607471199437706721e-02,-2.697278069493126706e-02
-2.118593915433243310e-02,-1.682653180327324180e-02,-2.356579508908354312e-02,-1.495519001282964201e-02,-2.763838814282084874e-02,-2.331872103121490972e-02,-2.545497765734403006e-02,-2.659408599220105737e-02,-2.615107057184233239e-02,-2.717436922661212173e-02
-2.124500510914065915e-02,-1.666881950065707274e-02,-2.345783076661275487e-02,-1.496698389045222552e-02,-2.773432654854534468e-02,-2.335289887797295516e-02,-2.525135428954368433e-02,-2.667142251345737750e-02,-2.626797181483851717e-02,-2.719369435713709510e-02
-2.127197675686529066e-02,-1.679396258526967903e-02,-2.353516728786907500e-02,-1.500932284859284385e-02,-2.749811264055039561e-02,-2.318728347324255576e-02,-2.519075735705011282e-02,-2.673906205298030858e-02,-2.610235641010811777e-02,-2.735998398314184663e-02
-2.132261049324212648e-02,-1.681265178355932643e-02,-2.358580102424591082e-02,-1.527339885999697867e-02,-2.733249723581999621e-02,-2.323791720961939158e-02,-2.532954776695026111e-02,-2.692834173589538777e-02,-2.616409430863047766e-02,-2.748516974150917724e-02
-2.139994701449844661e-02,-1.693779486817193272e-02,-2.362893131965635926e-02,-1.525856959154182381e-02,-2.699277949654910191e-02,-2.300170330162444252e-02,-2.481995377646826345e-02,-2.636263040774152605e-02,-2.634732128471653154e-02,-2.731955433677877784e-02
-2.139701257176550991e-02,-1.642820087768993506e-02,-2.358610419050837306e-02,-1.527036346916440732e-02,-2.675656558855415285e-02,-2.319098298453952170e-02,-2.481701933373532676e-02,-2.652892003374627758e-02,-2.618170587998613213e-02,-2.732392929786967017e-02
-2.139407812903257322e-02,-1.664237828717016199e-02,-2.359047915159926539e-02,-1.549742084070613451e-02,-2.692285521455890437e-02,-2.336275493543649509e-02,-2.473241882720178877e-02,-2.665715181660566896e-02,-2.635894627424198444e-02,-2.750116969212552248e-02
-2.149001653475706916e-02,-1.669301202354699781e-02,-2.335426524360431633e-02,-1.566371046671088604e-02,-2.712444374623975904e-02,-2.349098671829588647e-02,-2.517393415012845331e-02,-2.675309022233016490e-02,-2.650850792017064861e-02,-2.737621780781215181e-02
-2.151698818248170067e-02,-1.687025241780285012e-02,-2.350481971197929468e-02,-1.555574614424009953e-02,-2.695882834150935964e-02,-2.354162045467272230e-02,-2.529083539312463810e-02,-2.673740459182203863e-02,-2.654324438662556893e-02,-2.731940466630736197e-02
-2.135927587986553161e-02,-1.643135226172246638e-02,-2.306591955589891094e-02,-1.568088922885270409e-02,-2.698579998923399115e-02,-2.359225419104955812e-02,-2.532501323988268355e-02,-2.668059145031724880e-02,-2.662979860045100455e-02,-2.743463195860211187e-02
-2.146477016985782679e-02,-1.644808320308050603e-02,-2.305023392539078467e-02,-1.569268310647528586e-02,-2.647620599875199349e-02,-2.342663878631915872e-02,-2.553919064936291047e-02,-2.686987113323232798e-02,-2.675498435881833170e-02,-2.744642583622469711e-02
-2.095517617937582913e-02,-1.643239757257237976e-02,-2.304729948265784797e-02,-1.571965475419991737e-02,-2.623999209075704442e-02,-2.358719168587504120e-02,-2.555787984765255788e-02,-2.699501421784493427e-02,-2.681405031362655775e-02,-2.758521624612484541e-02
-2.103153475684109430e-02,-1.651895178639781539e-02,-2.321358910866259950e-02,-1.572402971529081317e-02,-2.607437668602664502e-02,-2.342157628114464180e-02,-2.597399326381585188e-02,-2.715556711740081675e-02,-2.702935797258988054e-02,-2.741960084139444601e-02
-2.131028635730607482e-02,-1.617923404712692109e-02,-2.333877486702992665e-02,-1.584093095828699796e-02,-2.610911315248156533e-02,-2.354980806400403318e-02,-2.599268246210549929e-02,-2.725150552312531269e-02,-2.715454373095720769e-02,-2.755839125129459430e-02
-2.144907676720622311e-02,-1.618360900821781689e-02,-2.328196172552513682e-02,-1.596607404289960425e-02,-2.568825695441711784e-02,-2.367499382237136379e-02,-2.615897208811025082e-02,-2.744078520604039187e-02,-2.727968681556981398e-02,-2.769718166119474259e-02
-2.154501517293071905e-02,-1.612301207572424538e-02,-2.322136479303156531e-02,-1.581372809281413050e-02,-2.584880985397300032e-02,-2.368678769999394557e-02,-2.633621248236610313e-02,-2.743785076330745518e-02,-2.751549828494126437e-02,-2.782232474580734888e-02
-2.164095357865521499e-02,-1.559696965268600986e-02,-2.330791900685700094e-02,-1.587546599133649039e-02,-2.583312422346487405e-02,-2.325877514103118562e-02,-2.609999857437115406e-02,-2.743491632057451848e-02,-2.757456423974949042e-02,-2.798287764536323136e-02
-2.183023326157029417e-02,-1.568219697776695662e-02,-2.334265547331192125e-02,-1.591949422308367584e-02,-2.581829495500971919e-02,-2.341932804058706810e-02,-2.613417642112919950e-02,-2.760120594657927001e-02,-2.757162979701655373e-02,-2.809810493765798126e-02
-2.181454763106216790e-02,-1.578769126775925180e-02,-2.364988704701711381e-02,-1.606905586901234001e-02,-2.595708536490986748e-02,-2.348106593910942799e-02,-2.616835426788724495e-02,-2.767854246783559014e-02,-2.761425253561873225e-02,-2.793248953292758185e-02
-2.200382731397724709e-02,-1.596493166201510411e-02,-2.364695260428417711e-02,-1.606612142627940332e-02,-2.596887924253245272e-02,-2.354013189391765404e-02,-2.615266863737911868e-02,-2.786782215075066932e-02,-2.767331849042695829e-02,-2.788966240377959566e-02
-2.202251651226689450e-02,-1.579931625728470471e-02,-2.351408809620244428e-02,-1.577435892730148434e-02,-2.591206610102766289e-02,-2.359076563029448986e-02,-2.621173459218734472e-02,-2.791845588712750514e-02,-2.770805495688187861e-02,-2.800656364677578045e-02
-2.211845491799139043e-02,-1.588587047111014033e-02,-2.353277729449209169e-02,-1.578615280492406958e-02,-2.574645069629726349e-02,-2.371899741315388124e-02,-2.627937413171027581e-02,-2.796248411887469060e-02,-2.780399336260637455e-02,-2.802525284506542785e-02
-2.214542656571602194e-02,-1.592004831786818578e-02,-2.356751376094701200e-02,-1.584521875973229563e-02,-2.551023678830231442e-02,-2.355338200842348184e-02,-2.662012745326167509e-02,-2.801311785525152642e-02,-2.770818826103301283e-02,-2.794065233853188987e-02
-2.217960441247406739e-02,-1.583544781133464779e-02,-2.374475415520286431e-02,-1.587995522618721594e-02,-2.527402288030736535e-02,-2.331716810042853277e-02,-2.679736784751752740e-02,-2.818488980614849981e-02,-2.773515990875764434e-02,-2.795934153682153728e-02
-2.219139829009664916e-02,-1.577863466982985796e-02,-2.368415722270929280e-02,-1.588433018727811175e-02,-2.528581675792995059e-02,-2.336780183680536860e-02,-2.678168221700940113e-02,-2.803254385606302607e-02,-2.776989637521256465e-02,-2.772312762882658821e-02
-2.222557613685469460e-02,-1.586386199491080298e-02,-2.307724679676912555e-02,-1.592695292588029027e-02,-2.534488271273817664e-02,-2.292890168072498486e-02,-2.683231595338623696e-02,-2.807567415147347450e-02,-2.783753591473549574e-02,-2.780968184265202384e-02
-2.228464209166292065e-02,-1.595980040063529892e-02,-2.318274108676142073e-02,-1.599459246540322135e-02,-2.510866880474322757e-02,-2.297953541710182068e-02,-2.700955634764208926e-02,-2.815203272893873968e-02,-2.796272167310282636e-02,-2.782837104094167124e-02
-2.236197861291924077e-02,-1.620956818069489713e-02,-2.334903071276617226e-02,-1.619618099708407602e-02,-2.494305340001282817e-02,-2.321534688647327455e-02,-2.703652799536672077e-02,-2.816382660656132492e-02,-2.775892110250156863e-02,-2.811953466681671454e-02
-2.212576470492429170e-02,-1.597335427269994806e-02,-2.283943672228417460e-02,-1.643199246645552641e-02,-2.501069293953575925e-02,-2.322714076409585632e-02,-2.720281762137147230e-02,-2.825976501228582086e-02,-2.796050963418242330e-02,-2.769152210785395460e-02
-2.218750260344665159e-02,-1.586214867685869362e-02,-2.232984273180217694e-02,-1.646672893291044673e-02,-2.509724715336119488e-02,-2.278824060801547258e-02,-2.725345135774830813e-02,-2.830210397042643919e-02,-2.772429572618747423e-02,-2.781975389071334598e-02
-2.235379222945140312e-02,-1.598733443522602077e-02,-2.253143126348303160e-02,-1.659187201752305302e-02,-2.503665022086762337e-02,-2.262262520328507318e-02,-2.729747958949549358e-02,-2.856617998183057575e-02,-2.784948148455480138e-02,-2.758353998271839691e-02
-2.254307191236648231e-02,-1.615362406123077230e-02,-2.240647937916966093e-02,-1.664250575389988884e-02,-2.507138668732254369e-02,-2.269026474280800426e-02,-2.749906812117634824e-02,-2.865140730691152077e-02,-2.733988749407280372e-02,-2.779771739219862384e-02
-2.265829920466123221e-02,-1.631417696078665477e-02,-2.257276900517441245e-02,-1.647689034916948944e-02,-2.526066637023762287e-02,-2.301401873855662972e-02,-2.733345271644594884e-02,-2.867009650520116817e-02,-2.710367358607785465e-02,-2.792594917505801522e-02
-2.277520044765741700e-02,-1.621837185921329305e-02,-2.273332190473029493e-02,-1.669219800813281224e-02,-2.513571448592425220e-02,-2.301108429582369302e-02,-2.746870031637860254e-02,-2.850448110047076877e-02,-2.725422805445283300e-02,-2.741635518457601756e-02
-2.279452557818238689e-02,-1.611040753674250481e-02,-2.280096144425322602e-02,-1.663538486662802240e-02,-2.521207306338951737e-02,-2.305342325396431136e-02,-2.757419460637089773e-02,-2.862966685883809592e-02,-2.701801414645788393e-02,-2.761794371625687222e-02
-2.255831167018743783e-02,-1.594479213201210541e-02,-2.281275532187580779e-02,-1.672193908045345803e-02,-2.521644802448041317e-02,-2.311516115248667125e-02,-2.775742158245695160e-02,-2.866384470559614137e-02,-2.714319990482521455e-02,-2.745232831152647282e-02
-2.257700086847708523e-02,-1.615896954149233233e-02,-2.279706969136768152e-02,-1.680849329427889366e-02,-2.559356096888706911e-02,-2.294954574775627185e-02,-2.792371120846170313e-02,-2.878898779020874765e-02,-2.732044029908106686e-02,-2.736772780499293484e-02
-2.274329049448183676e-02,-1.633714727035141812e-02,-2.281639482189265489e-02,-1.703555066582062086e-02,-2.562773881564511455e-02,-2.271333183976132278e-02,-2.781574688599091488e-02,-2.890588903320493244e-02,-2.744562605744839401e-02,-2.744506432624925496e-02
-2.277746834123988220e-02,-1.610093336235646905e-02,-2.285901756049483341e-02,-1.726260803736234806e-02,-2.586797891833620550e-02,-2.210642141382115552e-02,-2.785977511773810034e-02,-2.900182743892942838e-02,-2.762286645170424632e-02,-2.761135395225400649e-02
-2.288296263123217739e-02,-1.616267126087882894e-02,-2.294557177432026904e-02,-1.709699263263194866e-02,-2.563176501034125643e-02,-2.216815931234351542e-02,-2.791040885411493616e-02,-2.876561353093447931e-02,-2.770942066552968194e-02,-2.766198768863084231e-02
-2.295060217075510847e-02,-1.599705585614842954e-02,-2.304151018004476498e-02,-1.717335121009721383e-02,-2.569940454986418751e-02,-2.193194540434856635e-02,-2.815829047566444782e-02,-2.890440394083462761e-02,-2.788666105978553425e-02,-2.764630205812271604e-02
-2.322935377122008899e-02,-1.603179232260334985e-02,-2.280529627204981591e-02,-1.700773580536681442e-02,-2.527854835179974002e-02,-2.191711613589341148e-02,-2.799267507093404841e-02,-2.903263572369401899e-02,-2.773431510970006050e-02,-2.768864101626333438e-02
-2.332529217694458493e-02,-1.614869356559953464e-02,-2.289185048587525154e-02,-1.713596758822620580e-02,-2.504233444380479096e-02,-2.200234346097435650e-02,-2.816991546518990072e-02,-2.924794338265734178e-02,-2.785121635269624529e-02,-2.717904702578133672e-02
-2.281569818646258727e-02,-1.598307816086913524e-02,-2.277081854517123624e-02,-1.737620769091729675e-02,-2.507707091025971127e-02,-2.208889767479979213e-02,-2.801220316257373166e-02,-2.949771116271693999e-02,-2.791295425121860518e-02,-2.738063555746219138e-02
-2.293259942945877206e-02,-1.632383148242053453e-02,-2.278261242279382148e-02,-1.742684142729413257e-02,-2.526635059317479046e-02,-2.225518730080454366e-02,-2.799651753206560539e-02,-2.952468281044157150e-02,-2.793164344950825259e-02,-2.721502015273179198e-02
-2.294439330708135383e-02,-1.622802638084717280e-02,-2.261699701806342208e-02,-1.764101883677435950e-02,-2.544359098743064276e-02,-2.229752625894516199e-02,-2.801520673035525280e-02,-2.955886065719961694e-02,-2.800897997076457271e-02,-2.679416395466734449e-02
-2.306957906544868098e-02,-1.634325367314192270e-02,-2.241319644746216436e-02,-1.762533320626623323e-02,-2.553014520125607839e-02,-2.233170410570320744e-02,-2.823051438931857560e-02,-2.964541487102505257e-02,-2.815854161669323688e-02,-2.682113560239197600e-02
-2.308137294307126275e-02,-1.670150725866832719e-02,-2.247493434598452425e-02,-1.766006967272115355e-02,-2.502055121077408073e-02,-2.240904062695952756e-02,-2.829225228784093549e-02,-2.989518265108465078e-02,-2.822027951521559677e-02,-2.665552019766157660e-02
-2.306568731256313648e-02,-1.678806147249376282e-02,-2.231722204336835519e-02,-1.767875887101080096e-02,-2.525636268014553459e-02,-2.217282671896457849e-02,-2.841743804620826264e-02,-2.999112105680914672e-02,-2.836984116114426094e-02,-2.674207441148701223e-02
-2.305000168205501021e-02,-1.698965000417461749e-02,-2.231428760063541850e-02,-1.751314346628040156e-02,-2.531810057866789448e-02,-2.156591629302441124e-02,-2.850399226003369826e-02,-2.999549601790003905e-02,-2.830924422865068943e-02,-2.680381231000937212e-02
-2.304706723932207352e-02,-1.719123853585547215e-02,-2.233297679892506590e-02,-1.694743213812653984e-02,-2.541403898439239042e-02,-2.169105937763701752e-02,-2.852331739055866816e-02,-3.037395662736122257e-02,-2.836831018345891547e-02,-2.683078395773400363e-02
-2.317225299768940067e-02,-1.702200455711904217e-02,-2.223717169735170418e-02,-1.700649809293476589e-02,-2.553918206900499671e-02,-2.187961530864319243e-02,-2.852769235164956396e-02,-3.054024625336597409e-02,-2.863238619486305203e-02,-2.666516855300360422e-02
-2.322288673406623649e-02,-1.660114835905459468e-02,-2.222234242889654932e-02,-1.708285667040003106e-02,-2.565608331200118150e-02,-2.204590493464794396e-02,-2.853206731274045976e-02,-3.055893545165562150e-02,-2.864418007248563380e-02,-2.668385775129325163e-02
-2.307054078398076274e-02,-1.650534325748123296e-02,-2.226468138703716765e-02,-1.709465054802261630e-02,-2.577131060429593140e-02,-2.215139922464023914e-02,-2.855903896046509127e-02,-3.074216242774167537e-02,-2.854368400554707988e-02,-2.653151180120777788e-02
-2.324778117823661505e-02,-1.654768221562185129e-02,-2.228400651756214101e-02,-1.751076396418591030e-02,-2.586724901002042734e-02,-2.229018963454038743e-02,-2.862077685898745116e-02,-3.080390032626403526e-02,-2.856300913607204978e-02,-2.659324969973013778e-02
-2.329841491461345088e-02,-1.672585994448093707e-02,-2.231818436432018646e-02,-1.760670236991040624e-02,-2.535765501953842968e-02,-2.178059564405838977e-02,-2.863257073661003294e-02,-3.092908608463136588e-02,-2.859718698283009522e-02,-2.675953932573488930e-02
-2.339435332033794682e-02,-1.684276118747712186e-02,-2.215256895958978706e-02,-1.766844026843276613e-02,-2.534196938903030341e-02,-2.179928484234803718e-02,-2.901103134607121645e-02,-3.086848915213779437e-02,-2.868374119665553085e-02,-2.725453735818845688e-02
-2.315813941234299775e-02,-1.700905081348187339e-02,-2.204460463711899881e-02,-1.750282486370236673e-02,-2.534634435012119574e-02,-2.183402130880295750e-02,-2.913926312893060783e-02,-3.070287374740739497e-02,-2.807683077071536359e-02,-2.732217689771138797e-02
-2.310132627083820792e-02,-1.713423657184920401e-02,-2.240285822264540330e-02,-1.772988223524409393e-02,-2.550689724967707822e-02,-2.132442731832095983e-02,-2.929393466307328442e-02,-3.086342664696327745e-02,-2.815318934818062876e-02,-2.681258290722939031e-02
-2.322955805369759930e-02,-1.715292577013885142e-02,-2.266693423404953986e-02,-1.790712262949994624e-02,-2.489998682373691097e-02,-2.139206685784389092e-02,-2.947716163915933829e-02,-3.043541408800051751e-02,-2.819721757992781422e-02,-2.657636899923444124e-02
-2.280154549473483935e-02,-1.716471964776143666e-02,-2.268625936457450976e-02,-1.767090872150499717e-02,-2.495905277854513701e-02,-2.146940337910021104e-02,-2.952779537553617412e-02,-3.057420449790066580e-02,-2.834777204830279257e-02,-2.670460078209383262e-02
-2.305131327479443756e-02,-1.699910424303103726e-02,-2.245004545657956069e-02,-1.779609447987232779e-02,-2.496342773963602935e-02,-2.163569300510496257e-02,-2.929158146754122505e-02,-3.033799058990571673e-02,-2.837474369602742408e-02,-2.674693974023445095e-02
-2.317649903316176818e-02,-1.706674378255396834e-02,-2.246873465486920809e-02,-1.735719432379194405e-02,-2.462371000036513505e-02,-2.179624590466084505e-02,-2.933420420614340357e-02,-3.038112088531616517e-02,-2.848023798601971926e-02,-2.692418013449030326e-02
