-2.192274877749617046e-04,2.261781266872792129e-04,4.756479050432860234e-05,4.323062244496744810e-04,-7.779746330695280765e-05,1.382983804283088869e-04,-3.967208510947950462e-05,2.665574316314256453e-05,2.793747717173833411e-05,-4.172820056989184900e-04
-2.449299415391154033e-04,3.097680170464356397e-04,1.407352208037115915e-04,2.803842249471805159e-04,-4.326210110431605305e-04,1.130885343980647662e-05,-1.637497150428490755e-04,-2.494840589187252711e-06,4.151646942127662498e-04,4.061588779566416285e-05
-3.415466931576682796e-04,4.967140487007332128e-04,1.099183662909286596e-04,1.232609470279422137e-04,-7.545968784027912157e-04,1.496072338681153635e-04,1.735720954069430721e-04,1.653482152113028292e-04,4.677467584097289022e-04,-2.182365808510861038e-04
-2.305610951354453153e-04,5.246515258724715469e-04,3.152273820483941780e-04,3.750560129310714919e-04,-7.497920729391815975e-04,1.488609182780376017e-04,1.451283043372303405e-04,1.505478104119190030e-04,3.407572314212264919e-04,-4.498326437270550038e-04
-2.509094731763666930e-04,4.280347742539186706e-04,5.836847210744511294e-04,3.493535591669177931e-04,-7.754945267033352962e-04,2.716812686805181176e-04,3.210102007212556341e-04,9.225509745260096484e-05,4.517428294434494562e-04,-2.819895879265649219e-04
-2.225402747780824697e-04,5.084124043941845583e-04,6.209467319992917345e-04,1.950034811036560622e-04,-6.672349024902518577e-04,6.502553393296778284e-04,-9.627180497766285594e-05,3.298669631296990978e-04,2.279416126291650135e-04,-9.203044927273695830e-05
-1.958845316149399052e-04,6.983715430480125219e-04,6.434185046648305262e-04,2.960792472964796085e-04,-4.102864624842689212e-04,4.439973487619930381e-04,4.103117943100864640e-05,1.106394753547373933e-04,2.558790898009033477e-04,1.649179907332459782e-04
-2.488476447718296347e-04,3.269335091363456680e-04,4.828580957660366657e-04,3.892496775958625976e-04,-5.917784557558647407e-04,2.377393581943082479e-04,8.917844207713410132e-05,-3.507935067337819568e-04,6.981234395014856986e-05,3.032163711615548651e-04
-3.380186399980916745e-04,9.131566981843836084e-04,3.396119638094108328e-04,4.171871547676009317e-04,-2.556169242774325445e-04,-5.218064390230536809e-05,5.256053550263262153e-04,-1.591943740622409065e-04,1.501899740904144576e-04,2.364423655584202422e-04
-6.092257770014680718e-04,8.463826925812489854e-04,3.821746651633123326e-04,4.451246319393392659e-04,-1.078076278728662407e-04,-1.392925459929167387e-04,3.314753398400566153e-04,-4.820877604001794214e-05,3.065454682857210456e-04,3.200322559175766690e-04
-1.212331393706564397e-03,9.267603227215148731e-04,1.021432743149724987e-04,1.406076607500944542e-04,2.379442215047489206e-05,4.185616337314124191e-05,1.731330873227104883e-04,1.329399333260400384e-04,9.366868729553112782e-05,5.111155066501588129e-04
-1.609938056737605927e-03,6.923334173489087418e-04,1.888881351457816216e-04,3.357025209088371209e-04,-5.944830696631708822e-05,1.616945128769670115e-04,5.030432447594435086e-04,2.807492297306063422e-04,1.383332739861298233e-04,6.193751308632422514e-04
-1.943157166064204966e-03,7.759233077080651686e-04,3.517067519207967008e-04,6.366862299508613265e-04,-1.886354119066402379e-04,9.492050727383238851e-05,6.394630428615127871e-04,4.285585261351726460e-04,-8.131606599583174333e-05,8.693811400529161126e-04
-1.869090139062140610e-03,9.233650350563837872e-04,1.702147586492008813e-04,4.934400979942354937e-04,-2.664328752135930456e-04,1.173922799393711802e-04,5.124735158730103768e-04,3.747708790050180427e-04,-1.294337579964693896e-04,1.017190436457482416e-03
-2.185517834293437822e-03,1.201962767161515733e-03,-3.844700618006735571e-05,7.335001946920244320e-04,-3.145505672142306919e-04,3.959900120445031257e-04,4.643558238723727305e-04,2.367713247761749074e-04,-1.026543149299508073e-04,1.165478946165823815e-03
-2.490034805482682634e-03,1.001961214943378198e-03,1.213227241871339679e-04,6.094225647586548611e-04,-1.947122177104049223e-04,5.275920620678442585e-04,6.559549565439137808e-04,2.076207410238450901e-04,2.595715834238510045e-04,1.185841377278298858e-03
-2.334537774945563693e-03,8.998529059923709994e-04,6.835961103024423835e-05,9.177676278204760507e-04,-2.238628014627347396e-04,2.111643668365470461e-04,6.263911984130537958e-04,2.838130558818763305e-06,3.136867931237269369e-04,9.670287430967733355e-04
-2.153389065579505712e-03,1.204913930063999938e-03,2.158013383785628569e-04,1.073264658357594992e-03,-2.190579959991251213e-04,6.054964623491421172e-04,5.596171928099191728e-04,2.746211281151877959e-04,4.519851735520358238e-04,9.413262893326196368e-04
-2.376510115648169941e-03,1.011653739268925101e-03,-1.696247639773329485e-04,1.313324755055383930e-03,-4.506540588750940213e-04,5.183845602585307466e-04,3.525365760872617438e-04,5.939719542358834481e-04,2.410826217315586995e-04,1.223631189409060682e-03
-2.072946116016161078e-03,1.302876857531651278e-03,-1.991885221081929336e-04,1.360889545559712532e-03,-3.495782926822704750e-04,2.991570724835690420e-04,4.559358996382156803e-04,5.791715494364996220e-04,4.786944874086568325e-04,1.179891022125026390e-03
-1.730394005706722971e-03,1.083227517549689711e-03,-1.516237316038643312e-04,1.515102772592744063e-03,-6.707702691924194438e-04,2.700064887312392248e-04,7.920974311166478765e-04,3.553703326222151793e-04,7.150843627981295914e-04,1.612197246574700871e-03
-1.916460751557477749e-03,7.102370846126387915e-04,-1.332535117555544435e-05,1.333610779321148243e-03,-7.809202009329552219e-04,5.820499747671709079e-04,7.391343179597581470e-04,8.281227904549659513e-04,5.910067328647600204e-04,1.586494792810547172e-03
-1.625237633294751571e-03,5.623344232425914191e-04,1.421716793615634966e-04,1.152118786049552424e-03,-7.761153954693456036e-04,5.563475210030172091e-04,7.083174634469752151e-04,7.320739714611057547e-04,8.273966082542327793e-04,1.560792339046393473e-03
-1.844886973276713138e-03,6.009022429034199808e-04,3.991885574025910710e-04,8.309268095394034548e-04,-5.076580564432886522e-04,3.375348868214916864e-04,6.415434578438405921e-04,1.037134995532734694e-03,7.307798566356799030e-04,1.341979704864867950e-03
-2.057521182040972230e-03,4.018217809121787942e-04,2.408463048852449440e-04,8.326618225017734520e-04,-4.065822902504651060e-04,1.178855468395301198e-04,7.219210879841064799e-04,1.338118704574758899e-03,8.422236273946254181e-04,1.520858999697047298e-03
-2.169089348593902788e-03,5.246421313146593102e-04,3.430375859316547871e-04,8.610310209000576753e-04,-2.682839098221562191e-04,3.445620350191053172e-04,4.630686193373562132e-04,1.029569040663161350e-03,7.152341004061230079e-04,1.491295241566187313e-03
-2.088711718453636901e-03,7.816590093556868846e-04,8.418511728490452040e-05,6.331175429000607258e-04,-3.350579154252908420e-04,4.309740421817448430e-04,3.111466198348622481e-04,1.177010768011479969e-03,6.948857223652016302e-04,1.410907073065695294e-03
-2.114414172217790600e-03,8.850583329066408211e-04,1.645627474251704081e-04,3.367036448317650699e-04,1.980436498351667574e-04,-3.431772258929988162e-05,6.194916828966834377e-04,9.909440221607251909e-04,1.043445469627049538e-03,1.323795170975083924e-03
-2.066849381713461997e-03,9.211538604512459205e-04,-1.624995894653757933e-04,5.828899660027808682e-04,6.885654489484360763e-05,1.572814100822411687e-04,6.670564734010120400e-04,1.033506723514626691e-03,1.154431067649272502e-03,1.510741202629381497e-03
-2.158617303047768998e-03,7.970762305178763496e-04,-1.401170393741518749e-04,8.613960863381037170e-04,2.327498383893067402e-04,2.376590402225070564e-04,9.046683390781101730e-04,9.378654486410509250e-04,1.394215919481425758e-03,1.470687082730973150e-03
-1.756830594737746054e-03,6.549054158303535544e-04,-3.261837852249066527e-04,7.722250911118416772e-04,4.703617040664048732e-04,3.180366703627729441e-04,9.404163188944103524e-04,8.265632750898005421e-04,1.395950932443795756e-03,1.453647178391567762e-03
-1.782533048501899753e-03,8.418514474846511275e-04,-4.374859587761570356e-04,6.750822404675838051e-04,4.173985909095151436e-04,5.131315305215156108e-04,1.078714699322719239e-03,5.552177270917307839e-04,1.189692941876110965e-03,1.361879257057260761e-03
-1.808235502266053452e-03,6.328236322572372563e-04,-8.089239926878238895e-04,6.313420731835495125e-04,4.851404617745164183e-04,5.356033031870544026e-04,7.545412406890217305e-04,3.465559622624625469e-04,1.270070572016376853e-03,1.760964711566295748e-03
-1.787873071153578408e-03,9.448671182931689394e-04,-7.285463625475580018e-04,6.597112715818337358e-04,4.594380080103627195e-04,3.741277772177781236e-04,4.274789037984755291e-04,7.087818606162643587e-04,1.274875377479986471e-03,1.872408482325241263e-03
-1.457962913716845388e-03,1.124948918103524376e-03,-7.815094757044477314e-04,6.200391864723542312e-04,6.353199043943880131e-04,3.965323473742454752e-05,3.161767302472251462e-04,6.606641686156267124e-04,1.503112054179828183e-03,1.852060104284319886e-03
-1.270800911299441172e-03,1.292791973904014458e-03,-7.767046702408381131e-04,5.799850665739458844e-04,8.252790430482159767e-04,2.663297229169997449e-04,5.468716614164120804e-04,5.850811836241448516e-04,1.694711186851369233e-03,1.972796372294041700e-03
-1.242431712901156948e-03,1.290852796272737302e-03,-7.060012820976208081e-04,8.832597271451192444e-04,4.538410091365491228e-04,1.393401959284973346e-04,4.895796584862971423e-04,7.328904800287111554e-04,1.567721659862866823e-03,2.244765845679702609e-03
-1.037122697143691430e-03,1.342891110530819443e-03,-5.190552504433232350e-04,8.302966139882295149e-04,7.621860721983703124e-04,1.819028972823988344e-04,5.695973745461213600e-04,9.007335358292012373e-04,2.004148572812058937e-03,2.035738030452288738e-03
-1.256772037125652997e-03,1.413594498674036748e-03,-5.142504449797136168e-04,8.582340911599678490e-04,9.300291279988603943e-04,-4.121815278626539403e-05,3.920657406791955291e-04,9.232053084947400290e-04,1.818081826961304159e-03,1.842477839657213901e-03
-1.234300264460114205e-03,1.493972128814302636e-03,-6.412399719682160271e-04,7.160632764724450539e-04,1.066448926100929673e-03,-6.849196043362537623e-05,6.638487382355645616e-04,1.224189017536764235e-03,1.674835695004678326e-03,2.278904752606406015e-03
-1.260002718224267904e-03,1.366982601825800225e-03,-5.936751814638874247e-04,9.678583423755743320e-04,1.428674824454731485e-03,1.152575562619884142e-05,6.551885792495520944e-04,1.439475906763756918e-03,1.887531143956039381e-03,2.598401343270870245e-03
-1.112560990875949285e-03,1.046647888951063310e-03,-8.233065287922558539e-04,8.912732356858577010e-04,1.333033549581155719e-03,3.188818673867388487e-05,8.230316350500421763e-04,1.519853536904022806e-03,1.930093845309940881e-03,2.986581854148143145e-03
-9.809589408526081522e-04,9.220300772937173317e-04,-5.223228197502316483e-04,9.923490018786812472e-04,1.480475276929474338e-03,3.603435625116335750e-04,9.241074012428657225e-04,1.714948397062765473e-03,1.806016215376571310e-03,2.596482607200648052e-03
-1.252072039007665061e-03,7.840305230648741963e-04,-4.189234961992777118e-04,9.014423038033320124e-04,1.454772823165320639e-03,1.415309283301080523e-04,8.274906496243128462e-04,1.317341734031723943e-03,1.815528744492755919e-03,2.981626635488607291e-03
-1.229600266342126269e-03,6.548434181245510466e-04,-8.815412888944357261e-04,1.082591013169389993e-03,1.586374873188661772e-03,3.468399440875735706e-04,6.284101876330716596e-04,1.437180083535549713e-03,1.525608742396142303e-03,3.250083974514664242e-03
-1.578201163673922935e-03,6.481670771598807557e-04,-9.345044020513254557e-04,1.015817007566255370e-03,1.854832212214718723e-03,2.355377705363231877e-04,7.366698118461550981e-04,1.353937354418757733e-03,1.305959402414180737e-03,3.154442699641088477e-03
-1.530636373169594333e-03,8.270463719920601031e-04,-7.870626747030068371e-04,7.547447276152613460e-04,1.727842685226216313e-03,-5.102627675812598795e-05,6.125921819127855272e-04,1.390032881963362832e-03,1.625310228534876389e-03,2.978116699034569215e-03
-1.450258743029328445e-03,1.128030081034084309e-03,-5.047577746265657916e-04,1.011761605656288920e-03,2.116023196103489212e-03,-1.623284503093763709e-04,3.887909650985010845e-04,1.155605976590756701e-03,1.426229766543635202e-03,3.256622819369892063e-03
-1.171718642593869153e-03,1.019613452440684687e-03,-3.664593941982569048e-04,9.717074857578805736e-04,2.311118056262231879e-03,-3.709902151386446079e-04,5.771215199343454616e-04,1.125512249160895428e-03,1.512974627374444325e-03,3.448221952041433114e-03
-1.380746457821283024e-03,6.697771732780549714e-04,-1.256524877025211318e-04,9.460050319937268748e-04,2.696262084550191118e-03,-4.290221291114448832e-04,6.498372856515999274e-04,1.099809795396741730e-03,1.549070154919049425e-03,3.595663679389751732e-03
-1.412869439233702118e-03,4.571429645137958797e-04,-9.728328930423690846e-05,7.469245700024856882e-04,2.883424086967595334e-03,-3.051504255704301505e-04,-5.104836008021362836e-05,1.210795393418964694e-03,1.850053863961073630e-03,3.896647388431775938e-03
-1.644465502109671018e-03,6.947548301908940127e-04,1.744997082521321241e-04,6.424112086705624503e-04,3.015026136990936467e-03,-3.343010093227599677e-04,-8.485658726312128586e-06,6.890537991158240949e-04,1.739903932220537852e-03,3.969363154149030404e-03
-1.617686059043152436e-03,6.550827450814145081e-04,-3.590507890512129041e-04,6.115943541577795184e-04,3.116101903183760014e-03,-3.925937222820780059e-04,7.153205733351208906e-05,3.472324977791263478e-04,1.707780950808118758e-03,4.049740784289296291e-03
-1.349228720017095484e-03,6.229597636689954143e-04,-3.573157760888429069e-04,7.498927345860884053e-04,3.407325021446486191e-03,-5.740857155536738254e-04,2.677332380438546267e-04,5.836223731685991067e-04,1.596478777256868375e-03,4.257430262242622998e-03
-8.260741545376981687e-04,1.004344515467367471e-03,-5.701925570790328246e-04,3.950691868498806825e-04,3.171524856496465983e-03,-7.601524614044286032e-04,4.240887322391612146e-04,5.551785820988863751e-04,1.570776323492714677e-03,4.425273318043113080e-03
-5.067233284170025165e-04,1.151786242815686090e-03,-3.069104304797981575e-04,5.814544175004876525e-04,3.407914731885938742e-03,-6.491668633822056389e-04,3.932718777263782828e-04,7.421246137531839482e-04,1.643492089209969143e-03,4.393150336630693986e-03
-7.259508161919642211e-04,7.623380757351833070e-04,-6.342910423621228588e-04,2.850405194321919966e-04,3.444010259430543841e-03,-5.687892332419397512e-04,3.532177578279699359e-04,1.132666525269110380e-03,2.097490331392837248e-03,4.429245864175299086e-03
-1.181540910367345765e-03,9.574329358939259738e-04,-5.568134859834789063e-04,2.320774062753022671e-04,3.395892567429906195e-03,-5.891376112828611289e-04,6.318526388855716380e-04,1.288163555806229321e-03,2.008319336166575209e-03,4.434050669638908704e-03
-1.281191283526467162e-03,1.086932260667763939e-03,-7.654752508127471433e-04,-9.498493061524393433e-05,3.756825165746130457e-03,-6.609350127194518754e-04,6.010357843727887062e-04,1.094903365011154484e-03,1.979168752414245391e-03,4.655065258910032200e-03
-1.334154396683356891e-03,9.599427336792615284e-04,-4.461244246920514911e-04,1.836128014898880112e-04,3.629835638757628047e-03,-3.924776736933949239e-04,7.926349170443575121e-04,9.679138380226520733e-04,1.755367535599960949e-03,4.727781024627286666e-03
-1.895891795241674838e-03,6.357692750455640196e-04,-2.545252920205104408e-04,-7.523966715686225548e-05,3.502846111769125637e-03,-3.449128831890663216e-04,5.647214390443605625e-04,9.811463925243346651e-04,1.735019157559039571e-03,4.616478851076036283e-03
-2.043794456611722210e-03,9.551201011662596718e-04,-3.629419206139100629e-04,1.932176718691946959e-04,3.603921877961949183e-03,-2.748772390949172362e-04,5.346277116144992902e-04,1.424010161518621254e-03,2.003476496585096522e-03,4.854090716753134416e-03
-2.190966262618138094e-03,5.836820672545928179e-04,-3.612069076515400656e-04,-3.058354494508974675e-05,3.422429884690353363e-03,-1.274355117465986176e-04,9.364144199245222344e-04,1.375892469517983607e-03,2.266758623184331189e-03,4.892658536413962977e-03
-2.278078164708749465e-03,5.169080616514581950e-04,-6.853803662852375744e-04,4.575174450236196844e-04,3.858856797639545477e-03,-7.305411284516949433e-04,1.367451855847065523e-03,1.523701765922549911e-03,2.353503484015140312e-03,4.453178535441720820e-03
-2.649516198620416318e-03,4.912056078873044962e-04,-8.844608282764787610e-04,3.031673669603579535e-04,4.040005507005603458e-03,-1.035610092500319213e-03,1.340178048199705541e-03,1.428060491048974145e-03,2.205600822645092940e-03,4.777730731733612068e-03
-2.669864576661337696e-03,3.510870219274181414e-04,-1.011450355264981171e-03,9.413955173294408230e-05,3.896759375048977625e-03,-7.355023225654594432e-04,1.443012254102857272e-03,1.196464428173005246e-03,2.317044593404038455e-03,4.453557273099914560e-03
-2.531566196233028809e-03,6.561480459990470804e-04,-1.220112120094249408e-03,3.511564297739716567e-04,3.983504235879786748e-03,-7.612047763296131420e-04,1.900030480227882235e-03,1.388063560844546296e-03,2.122914578217768855e-03,4.427854819335760861e-03
-2.336471336074286143e-03,6.229098726462795055e-04,-1.569948399256879124e-03,2.241669027854692464e-04,3.801732144559158422e-03,-7.594697633672431447e-04,1.922502252893421026e-03,1.416432759242830519e-03,2.145386350883307647e-03,4.450326592001299653e-03
-2.560272552888570585e-03,4.827912866863931507e-04,-1.707947953485722259e-03,9.717737579696683614e-05,3.690429971007908039e-03,-6.560704398162892081e-04,1.804917307507980517e-03,1.258090506725484392e-03,2.119683897119153948e-03,4.421176008248969835e-03
-2.957879215919612115e-03,7.345863525895224289e-04,-1.760911066642611988e-03,3.689603733533358687e-04,3.732992672361809539e-03,-5.177720593879803213e-04,1.952726603912546821e-03,1.128903401785161242e-03,1.895882680304869505e-03,4.820261462758004822e-03
-2.721489340530139356e-03,1.025809470852248606e-03,-1.872213240193862371e-03,6.474664936886587174e-04,3.592874086401923184e-03,-4.953002867224415295e-04,1.930600386493674936e-03,1.267201782213470129e-03,2.328188904754543986e-03,4.621181000766763636e-03
-2.648773574812884890e-03,9.454213023517565873e-04,-2.095334290262526600e-03,8.153095494891487993e-04,3.575834182062517796e-03,-4.728285140569027378e-04,2.032904637925575519e-03,1.073941591418395292e-03,2.744632301944355257e-03,4.363646106719840101e-03
-2.573819027992974018e-03,7.391633117840717970e-04,-2.200649578987995403e-03,8.634568121352742542e-04,3.550131728298364098e-03,-8.811939339434804452e-04,1.921602464374325137e-03,7.497681327846977828e-04,2.640118940612432019e-03,4.104793638073089834e-03
-2.426377300644655399e-03,8.506070825430173121e-04,-1.963037713310897270e-03,7.364672851467718440e-04,3.608853986504859113e-03,-7.777946103925265087e-04,1.923337477336695134e-03,1.229399618222576374e-03,2.609302086099649087e-03,4.147356339426991334e-03
-2.236418161990827436e-03,3.288654882398767132e-04,-1.876292852480088147e-03,5.549752918751760244e-04,3.681934296935154838e-03,-4.657511243565948256e-04,2.138624366563687818e-03,9.949727128499702422e-04,2.602625745134978796e-03,3.826164362916842365e-03
-2.440375324754065489e-03,-8.841651745904177684e-05,-1.920033019764122439e-03,8.119237318811589610e-04,3.434220583850428055e-03,3.818552148621978670e-04,1.925990157799428726e-03,1.263430051876027194e-03,2.810315223088305503e-03,3.672703591772047416e-03
-2.626442070604820267e-03,-7.213387210937283189e-05,-1.800194670260296670e-03,6.697529171936361658e-04,3.386102891849790408e-03,2.003632215906020475e-04,1.554552123887761872e-03,7.796801014610665881e-04,2.838684421486589726e-03,3.577062316898471650e-03
-2.344137170528379222e-03,-3.505105776827471820e-04,-1.764099142715691571e-03,5.941699322021543050e-04,3.200036145999035631e-03,2.020982345529720448e-04,1.665537721909984836e-03,6.710549268896803810e-04,2.959420689496311541e-03,3.657080032958295868e-03
-2.397100283685268951e-03,-1.104504809849582436e-04,-2.135537176627358424e-03,8.068653811535153597e-04,3.005906130812766031e-03,-6.420398976460239826e-05,1.249873540872317723e-03,7.096227465505089427e-04,3.379546411385575544e-03,3.852174893117038534e-03
-2.249290987280702647e-03,-2.060917558585340092e-04,-2.636084411319683518e-03,5.752693182775464598e-04,2.878916603824263620e-03,1.116779066194228953e-04,1.518330879898374675e-03,6.263800174337169624e-04,3.526232264577600084e-03,3.999984189521604838e-03
-2.714582752051747372e-03,-4.292128059271982377e-04,-2.311532215027792270e-03,7.391626117720095923e-04,3.066078606241667837e-03,1.642599708163855476e-04,1.666140176302940978e-03,5.497949107440003313e-04,3.527967277539970081e-03,4.027921666693343172e-03
-2.819096113383670610e-03,-5.405149794784486206e-04,-2.268969513673890770e-03,1.042726611404018455e-03,2.599097709763159569e-03,2.840983203202113172e-04,1.626086056404532632e-03,8.067433507499832679e-04,3.304846227471305853e-03,3.815044885703153255e-03
-2.916238964027928482e-03,-2.201389993013863622e-04,-1.932807982195458574e-03,9.671436264125365945e-04,2.735517507865228848e-03,5.753214385829374944e-04,1.659196630047016230e-03,9.936893824042808410e-04,2.906523593130733163e-03,3.706419711131767047e-03
-2.835861333887662594e-03,-2.184039863390163649e-04,-1.692001075699722801e-03,1.235600965438593546e-03,2.873815888293537735e-03,7.136198190112463813e-04,1.814693660584135171e-03,1.174838091770338822e-03,3.009922916681687100e-03,3.734357188303505382e-03
-3.132275231955958250e-03,1.806814681700186220e-04,-1.553702695271413914e-03,1.337792246485003389e-03,3.193166714414233387e-03,1.018680843082875320e-03,1.937514010986615687e-03,1.255215721910604709e-03,3.442340723088549437e-03,3.580896417158710432e-03
-2.964432176155468168e-03,-1.907565657416482319e-04,-1.517607167726808814e-03,1.578599152980739162e-03,2.888649743224988575e-03,8.754347111262494874e-04,2.057352360490441456e-03,1.240415317111220883e-03,3.425300818749144049e-03,3.603368189824249224e-03
-3.111603982161884052e-03,-1.103789356013823442e-04,-1.249149828700751863e-03,1.350685674980742212e-03,3.145598183230971512e-03,1.143892050152306439e-03,2.137370076550265674e-03,1.372017367134562016e-03,3.677095884652273328e-03,3.507726914950673458e-03
-3.348423852821871827e-03,-1.859619205928642049e-04,-1.480745891576720763e-03,1.371048106093217256e-03,2.978023027449996918e-03,1.113798322722445167e-03,1.995199261862742879e-03,1.419582157638890618e-03,4.078882592962296272e-03,3.244943321937338032e-03
-3.346688839859501829e-03,-4.097631374071486476e-04,-1.273056413623394056e-03,1.393519878758756048e-03,3.193309916676989602e-03,1.084647738970115349e-03,1.853028447175220084e-03,1.020577043880199763e-03,4.521574404923789370e-03,3.230142917137954206e-03
-3.337176310743317220e-03,-1.311654053020167021e-04,-1.298758867387547755e-03,1.825826103208430529e-03,3.286480346976372591e-03,9.605701090367457784e-04,1.723841342234896934e-03,9.904833164503384912e-04,4.481902319814309865e-03,3.350879185147676020e-03
-2.864423852910566448e-03,-5.981463017805249693e-04,-1.736451374308140005e-03,2.022027283918773066e-03,3.481575207135115257e-03,8.183992943492229832e-04,2.061163152684689082e-03,9.879282436156822111e-04,4.876234415326904936e-03,3.581574116316862955e-03
-2.651728403959205393e-03,-5.933414963169153511e-04,-1.528761896354813299e-03,1.950229882482182320e-03,3.451481479705253985e-03,7.783451744508146364e-04,1.977920423567897101e-03,9.578345161858209389e-04,4.939798765644695666e-03,3.412979610777980288e-03
-2.571350773818939506e-03,-7.034914280574511292e-04,-1.714828642205568077e-03,1.731975204843416716e-03,3.269989486433658166e-03,9.261544708553809402e-04,1.850930896579394691e-03,1.068820114208043903e-03,4.908981911131912734e-03,3.594128320144038269e-03
-2.602167628331722438e-03,-5.836530785536253596e-04,-1.826130815756818460e-03,1.971760056675569972e-03,3.506379361823130925e-03,8.970038871030511229e-04,1.903512960776357343e-03,1.367039937088934676e-03,5.011173192178322577e-03,3.513740151643546250e-03
-2.697808903205298203e-03,-5.295378688537494272e-04,-1.745753185616552572e-03,1.504779160197061705e-03,3.788684261899571970e-03,1.333430800052243237e-03,1.827929975784875483e-03,1.447417567229200563e-03,5.083888957895577043e-03,3.482923297130763318e-03
-2.994222801273593859e-03,-6.408400424049998101e-04,-2.212734082095060839e-03,1.364660574237175350e-03,3.868701977959396188e-03,1.386012864249205889e-03,2.128913684826899688e-03,1.483513094773805663e-03,4.860767907826912815e-03,3.211716160127386921e-03
-3.023786559404453844e-03,-1.186126890529742850e-03,-2.602833329042555932e-03,9.837255055026583594e-04,3.820584285958758541e-03,9.876902299086331993e-04,1.929833222835658502e-03,1.519608622318410762e-03,4.702425655309566688e-03,2.890524183617237952e-03
-2.833827420750625881e-03,-1.184391877567372853e-03,-2.528766302040491576e-03,9.440534203931788548e-04,3.693594758970256131e-03,6.796916142598752320e-04,2.229940992770518271e-03,1.657907002746719649e-03,4.789170516140375811e-03,2.709032190345642133e-03
-2.795259601089797319e-03,-1.505583854077521822e-03,-2.506294529374952784e-03,1.024431050533444743e-03,3.825196808993597264e-03,6.078942128232844855e-04,1.708199398467377672e-03,1.705471793251048251e-03,4.722396510537241188e-03,2.756596980849970735e-03
-2.899772962421720557e-03,-1.764436322724272088e-03,-2.186797938710488554e-03,1.046902823198983534e-03,3.605547469011635697e-03,6.504569141771859853e-04,1.624956669350585692e-03,1.446619324604297985e-03,4.536329764686486410e-03,2.795164800510799297e-03
-2.779934612917894787e-03,-1.577274320306867872e-03,-2.406025426485450258e-03,9.047320085114607391e-04,3.344475189060641673e-03,1.020245382277226720e-03,1.820051529509328359e-03,1.684231190281396118e-03,4.381979686623224679e-03,2.769462346746645598e-03
-2.598785903551836807e-03,-1.790151101297057790e-03,-2.404290413523080261e-03,8.214892793946687588e-04,3.743560643569676660e-03,7.971243322085624916e-04,1.633984783658573581e-03,1.441208855661679777e-03,4.008989253686173759e-03,2.942362210081636564e-03
-2.443288873014717866e-03,-1.751583281636229228e-03,-2.163483507027344488e-03,5.175988702834644073e-04,3.911403699370166742e-03,1.060406458807797159e-03,1.637742536454614428e-03,1.493790919858642430e-03,3.827497260414577940e-03,3.358805607271447835e-03
-2.573062826440750128e-03,-1.897023135347994383e-03,-1.884865208777938839e-03,6.814921637779275398e-04,3.939772897768450965e-03,7.247766863616444954e-04,1.408111189126245999e-03,1.521728397030380764e-03,3.929801511846478523e-03,3.386743084443186169e-03
-2.669679578059303005e-03,-1.869085658176256048e-03,-1.943157921737256877e-03,7.356073734778034723e-04,4.062593248170931481e-03,1.075021144081561575e-03,1.281121662137743589e-03,1.496025943266227065e-03,3.934606317310088142e-03,3.464220640821830122e-03
-2.695382031823456703e-03,-1.846613885510717257e-03,-1.756211890082959304e-03,5.265795582503896011e-04,4.060852663595349021e-03,5.749508525260543790e-04,7.973717117227829831e-04,1.838578053575665172e-03,4.071026115412157420e-03,3.618658331930049710e-03
-2.881448777674211481e-03,-1.708315505082408370e-03,-1.742979335581276712e-03,2.657545066679090073e-04,4.108417454099677624e-03,3.900906121820785222e-04,7.652487303103638894e-04,1.629916288746396935e-03,4.262625248083698470e-03,3.875675209971077284e-03
-3.067515523524966259e-03,-1.634248478080344014e-03,-1.306552422632084598e-03,3.384702723851634731e-04,4.055454340942787894e-03,8.154094827048097294e-05,1.181692127500175160e-03,1.420888473518983064e-03,4.563608957125722676e-03,3.748685682982574874e-03
-2.880569491870668686e-03,-1.318855158161810759e-03,-1.174950372608743465e-03,2.716962667820288502e-04,3.846426525715374023e-03,-2.083790538261326430e-04,1.161343749459253782e-03,1.329120552184676063e-03,4.259091985936477864e-03,3.555425492187500036e-03
-3.066636237721423464e-03,-1.690293192073477613e-03,-9.179334945677158908e-04,-4.949570972812011860e-05,3.550012627647078367e-03,-2.340815075902863418e-04,9.425311152777282597e-04,1.289448467075196558e-03,4.527549324962534816e-03,3.723268547987990118e-03
-2.814841171818294185e-03,-1.667821419407938821e-03,-8.472301064244985858e-04,2.075211683129074558e-04,3.653411951198032304e-03,2.286693241569659474e-05,8.453882646334703876e-04,1.580671585337922735e-03,4.921881420475129887e-03,4.034632994726505828e-03
-2.690969468277279453e-03,-1.734595425011073444e-03,-1.041360121610768186e-03,8.053164132440504552e-05,3.808908981735151245e-03,1.611653128440054816e-04,9.692599681744851203e-04,1.608609062509661070e-03,4.540946351740612896e-03,3.882710995224011863e-03
-2.903603677041538544e-03,-1.478845527123129333e-03,-1.165437751544137757e-03,1.827229223708148886e-04,3.831380754400690036e-03,1.836370855095442733e-04,1.049277684234309338e-03,1.481619535521158659e-03,4.103253844820020646e-03,3.701219001952416043e-03
-2.999244951915114310e-03,-1.210388188097072382e-03,-1.358697942339212594e-03,-3.390186719323257103e-04,3.569798221713063602e-03,2.640147156498101610e-04,1.151468965280719181e-03,1.763924435597599705e-03,3.979176214886651075e-03,3.729156479124154377e-03
-2.786549502963753255e-03,-1.187916415431533590e-03,-1.336226169673673803e-03,-4.630963018656952812e-04,3.114208127537682058e-03,-1.678884607939912232e-04,1.124195157633359199e-03,1.749124030798215879e-03,4.126985511291217379e-03,3.936845957077481084e-03
-2.366423781074489252e-03,-1.236034107432171236e-03,-1.313754397008135011e-03,-4.697726428303655721e-04,3.385991125094051091e-03,-1.583759316778066140e-04,1.425178866675383405e-03,1.622134503809713468e-03,4.643666915187055766e-03,4.424946947046190515e-03
-2.255438183052266288e-03,-1.264477898501883968e-03,-1.227009536177325888e-03,-4.418351656586272380e-04,3.885325429126784691e-03,1.426077773642175917e-04,1.545915134685105219e-03,1.812093642463541432e-03,4.444586453195814579e-03,4.313644773494940132e-03
-2.232966410386727496e-03,-1.331251904105018591e-03,-1.310252265294117868e-03,-2.943934383103086194e-04,4.040822459663903632e-03,3.184896737482428852e-04,1.416728029744782069e-03,1.413088528704850577e-03,4.696381519098943857e-03,4.186655246506437722e-03
-2.630573073417769026e-03,-1.278669839908055939e-03,-1.350306385192526215e-03,-5.181946551245930621e-04,4.076917987208508731e-03,2.224408547543826886e-04,1.384605048332362975e-03,1.227021782854095799e-03,4.279099513400025367e-03,4.162353005600361033e-03
-2.443627041763471452e-03,-1.487331604737324176e-03,-1.120949623209799295e-03,-6.422722850579626330e-04,3.741288214762356068e-03,3.628220572857165926e-06,1.420700575876968075e-03,1.265589602514924361e-03,4.044672608027419236e-03,4.038275375666991462e-03
-2.764819018273620421e-03,-1.459394127565585841e-03,-1.506375725565695101e-03,-6.385145322619217856e-04,3.665416501807183813e-03,-2.829358267215920097e-04,1.323557725232710203e-03,1.012405973403324166e-03,4.192481904431985540e-03,4.306732714693048414e-03
-2.861961868917878293e-03,-1.695194292515606049e-03,-1.368077345137386214e-03,-8.701105951378906855e-04,3.707979203161085313e-03,-3.942380002728423927e-04,1.740001122422521473e-03,8.263392275525693886e-04,3.926179680114411097e-03,4.239958709089913791e-03
-2.714152572513311990e-03,-1.666825094117321826e-03,-1.629149625088380238e-03,-1.268433229478463375e-03,3.386787226650936344e-03,-6.419517133575691759e-04,1.931600255094062524e-03,6.692159496333310864e-04,3.802102050181041526e-03,4.260321140202388834e-03
-2.937953789327596432e-03,-1.519383366769003207e-03,-1.828230087079621424e-03,-1.030821363801365242e-03,3.669092126727377390e-03,-1.163693307660709775e-03,2.123199387765631330e-03,8.370590054338211683e-04,3.738895441764533700e-03,4.136243510269019263e-03
-3.106548294866479099e-03,-1.451641495904001933e-03,-1.689931706651312537e-03,-8.833796364530466239e-04,4.005253658205809586e-03,-8.724701893979835976e-04,1.975296726395583957e-03,9.934144996291277563e-04,4.002384741172052007e-03,3.954751516997423444e-03
-2.805564585824454893e-03,-1.403494233257876478e-03,-1.578946108629089573e-03,-1.256370069390097544e-03,3.678191321315263385e-03,-7.642105651849001591e-04,2.062041587226393080e-03,1.045996563826090409e-03,4.150194037576618311e-03,3.956486529959793441e-03
-3.130013021662603201e-03,-1.612522048485290349e-03,-1.431136812224523269e-03,-1.480171286204381986e-03,3.446595258439294485e-03,-6.620192841384903160e-04,2.257136447385135747e-03,1.241091423984833075e-03,4.151929050538988308e-03,3.732685313145508998e-03
-3.464487564142956777e-03,-1.638224502249444048e-03,-1.347546921865366842e-03,-1.945463050975426711e-03,3.420892804675140786e-03,-4.158329629674745176e-04,2.231433993620982048e-03,9.811624396316581675e-04,3.862009048442374692e-03,3.919631344799806572e-03
-3.650554309993711555e-03,-1.490820771595596783e-03,-1.539231389414280615e-03,-1.993580742976064357e-03,3.609724288726981478e-03,-5.577072376613950722e-04,2.144322091530370678e-03,1.061540069771924055e-03,3.840557241507031039e-03,3.792641817811304161e-03
-3.777543836982213965e-03,-1.846268155428876234e-03,-1.592194502571170345e-03,-1.801981610304523307e-03,3.680427676870198783e-03,-1.886896022828821184e-04,2.115171507778040860e-03,1.181378419275749825e-03,4.202783139860832851e-03,4.023336748980491095e-03
-3.495238936905772920e-03,-1.766250439369052017e-03,-1.489360296668018613e-03,-1.564369744627425174e-03,3.325604129133991060e-03,-2.090379803238034961e-04,1.961710736633245911e-03,9.517470719473813956e-04,4.250930402506958306e-03,4.028141554444100714e-03
-3.374502668896051105e-03,-1.791952893133205715e-03,-1.616349823656521023e-03,-1.562634731665055177e-03,3.308564224794585673e-03,-1.795472959122135226e-05,1.874598834542634540e-03,9.742188446129201873e-04,4.252665415469328303e-03,4.075706344948429316e-03
-3.579285279361077432e-03,-1.658546813774919304e-03,-1.468540527251954719e-03,-1.782284071647016743e-03,3.670790123148387485e-03,-2.308315105814112700e-04,1.848896380778480841e-03,1.253434125476279859e-03,4.212611295570919956e-03,4.321892666119445114e-03
-3.440986898932768545e-03,-1.882348030589203747e-03,-1.357554929229731755e-03,-1.781338898601339538e-03,3.203809226669879218e-03,-1.285272591495106864e-04,1.951730586681632573e-03,1.105531464106232487e-03,4.393760004936977936e-03,4.374474730316407767e-03
-3.158681998856327500e-03,-1.714504974788713665e-03,-1.377903307270653133e-03,-1.962830891872935357e-03,2.980008009855594775e-03,-4.814962900924479872e-05,1.815704959615624392e-03,9.785419371177300762e-04,4.326985999333843314e-03,4.477308936219559499e-03
-3.188775726286188772e-03,-1.767468087945603394e-03,-1.222406276733534192e-03,-2.074133065424185740e-03,3.322560120165032882e-03,1.387964026450527744e-04,2.053316825292722525e-03,9.564157196988581910e-04,4.563375874723316072e-03,4.448158352467229681e-03
-2.951163860609090639e-03,-1.869576396896610593e-03,-9.847944110564360587e-04,-2.140907071027320363e-03,3.345031892830571674e-03,-9.106258724994598097e-06,1.636034819593804035e-03,9.034526065419684615e-04,4.358593264258289746e-03,4.486726172128058243e-03
-2.949428847646720642e-03,-1.631964531219512460e-03,-1.068037140173228039e-03,-2.329360040518632657e-03,3.140249282365545347e-03,9.196950746782894814e-05,1.937018528635828241e-03,1.006286812445120193e-03,4.099740795611539479e-03,4.625024552556367130e-03
-3.087428401875563777e-03,-1.831044993210753646e-03,-1.045565367507689247e-03,-2.662579149845231696e-03,2.722967276666626857e-03,9.677431293143856639e-05,2.057754796645550055e-03,1.058868876642082846e-03,4.079392417570618101e-03,4.401223335742082687e-03
-3.154202407478698400e-03,-1.778462929013790994e-03,-1.141206642381265013e-03,-2.897006055217837828e-03,2.571045277164132892e-03,3.000030732830394342e-05,2.212762448106489477e-03,1.337487174891488495e-03,4.217690797998926988e-03,4.623222736482912598e-03
-3.162862566464710867e-03,-1.918581514973677349e-03,-1.136401836917655395e-03,-3.218198031727986796e-03,2.474428525545580015e-03,4.297853564150244665e-06,2.240699925278227811e-03,1.028937510979890946e-03,4.185567816586507894e-03,4.889446524415821949e-03
-3.321204818982056994e-03,-2.131458295963867267e-03,-1.013581486515174879e-03,-3.250321013140405890e-03,2.139953983065226439e-03,1.671164703391653239e-04,2.351685523300450775e-03,1.148775860483716715e-03,4.265945446726773782e-03,4.973036414774978375e-03
-3.201366469478231225e-03,-2.455631754597564775e-03,-1.385019520426841733e-03,-3.715612777911450615e-03,2.242145264111636283e-03,1.895882430047041156e-04,2.303567831299813129e-03,1.096106929323575896e-03,4.292601189889916347e-03,5.567975670300984170e-03
-2.932909130452174273e-03,-2.305235833646668286e-03,-1.281620196875887796e-03,-3.802724680002061985e-03,1.999122929491919942e-03,2.421703072016667679e-04,2.516263280251174184e-03,1.286066067977403860e-03,4.583824308152642524e-03,5.577488199417168779e-03
-2.860193364734919808e-03,-2.166937453218359400e-03,-1.339912909835205834e-03,-3.898365954875637751e-03,2.314516249410453197e-03,3.804686876299756548e-04,2.654561660679483071e-03,1.177440893406017652e-03,4.597056862654325116e-03,5.845945538443225731e-03
-2.427775558328057470e-03,-2.086559823078093512e-03,-1.319550478722730791e-03,-4.122167171689922194e-03,2.596821149486894242e-03,3.090054831568628257e-04,2.890951536068955829e-03,1.146624038893234721e-03,4.338204394007574849e-03,5.583714267853756574e-03
-2.415475624114066244e-03,-1.687474368569058525e-03,-1.336590383062136178e-03,-4.431453985526592754e-03,2.995906603995929229e-03,4.572939928652042241e-04,3.173256436145396875e-03,1.403572478899217657e-03,4.312501940243421150e-03,5.324861799207006308e-03
-2.649902529486672376e-03,-1.660694925502539943e-03,-1.198292002633827291e-03,-4.576893839238357908e-03,3.264363943021986181e-03,8.937209058143963381e-04,3.355397261827611222e-03,1.048125095065938206e-03,4.616065939875430013e-03,5.427053080253416151e-03
-2.838355498977984670e-03,-1.359491599526696515e-03,-1.030448946833337209e-03,-4.198319768589198198e-03,2.947936247790688968e-03,7.824187322631459551e-04,3.546996394499152272e-03,7.316973998346409935e-04,4.638537712540968805e-03,5.582550110790535092e-03
-2.949657672529235053e-03,-1.511413599029190480e-03,-1.050797324874258587e-03,-3.912976241940535616e-03,2.922233794026535270e-03,6.240764797457998281e-04,3.521293940734998573e-03,1.003480397391010026e-03,4.851233161492329859e-03,5.255487773899988890e-03
-2.533214275339423782e-03,-1.488941826363651688e-03,-1.311869604825252611e-03,-4.311298876281108305e-03,3.134929242977896324e-03,6.465482524113386198e-04,3.231373938638384957e-03,1.023842828503485070e-03,5.058922639445656566e-03,5.046459958672575019e-03
-2.276265835333440846e-03,-1.670433819635247508e-03,-1.124923573170955038e-03,-4.535100093095392748e-03,3.391946121018923899e-03,6.991303166083012721e-04,3.352110206648106772e-03,9.193294671715618316e-04,5.475366036635467837e-03,5.482886871621767133e-03
-2.305416419085770663e-03,-2.004908362115601084e-03,-9.020495262032079964e-04,-4.508419701459445705e-03,3.695220781590097259e-03,8.465720439566198907e-04,2.997286658911899049e-03,1.069725388122458321e-03,5.538930386953258567e-03,5.457184417857613434e-03
-2.277478941914032329e-03,-2.397406321227341097e-03,-9.776325111946898572e-04,-4.706514259577312953e-03,3.775598411730363146e-03,9.192878096738743565e-04,2.815794665640303229e-03,9.427358611339559102e-04,5.567299585351542790e-03,5.330194890869111024e-03
-2.129669645509466025e-03,-2.524395848215843507e-03,-1.349070545106356711e-03,-5.030962695415461261e-03,3.896334679740084961e-03,7.145051992088480297e-04,2.863359456144631832e-03,1.006300211451746640e-03,5.168976951010970100e-03,5.598652229895167975e-03
-2.409701036357805859e-03,-2.488300320671238408e-03,-1.816051441584864978e-03,-4.447423173352046954e-03,4.153283119746067897e-03,6.367077359018952221e-04,2.943737086284897719e-03,1.154109507856312944e-03,5.218379653317339884e-03,5.736950610323476862e-03
-2.407966023395435862e-03,-2.340858593322919790e-03,-1.578439575907766845e-03,-4.395384859093964813e-03,4.254358885938891444e-03,6.045847544894761283e-04,2.558310983929001914e-03,1.189857487672613123e-03,5.475396531358367458e-03,5.432433639134232051e-03
-2.333898996393371505e-03,-2.412655994759510536e-03,-1.259088749787071193e-03,-4.116766560844559164e-03,4.222189012894922433e-03,8.616016325305037027e-04,2.585090426995520496e-03,7.997582407251180303e-04,5.578230737261519190e-03,5.624032771805800857e-03
-2.138804136234628839e-03,-2.539645521748012946e-03,-1.404528603498836348e-03,-4.094294788179020372e-03,4.479205890935950007e-03,7.724306373042416629e-04,2.497978524904909126e-03,6.756806107917484594e-04,5.549080153509189373e-03,5.726224052852210700e-03
-2.472023245561227878e-03,-2.371802465947522864e-03,-1.471302609101970971e-03,-3.962692738155679240e-03,4.803758087227841256e-03,1.133363235620465925e-03,2.578356155045175013e-03,3.136588589000288696e-04,5.083788388738144648e-03,5.881721083389329641e-03
-2.653515238832823697e-03,-2.553294459219118684e-03,-1.497005062866124669e-03,-4.192324085484047669e-03,4.940177885329910534e-03,1.171931055281294487e-03,2.079676568420771310e-03,3.153938718623988668e-04,5.043734268839736301e-03,5.856018629625175942e-03
-2.648710433369214079e-03,-2.657807820551041922e-03,-1.191944038794495730e-03,-4.647914179659429212e-03,5.108020941130400616e-03,1.532863653597518749e-03,2.026713455263881580e-03,4.832369276628889487e-04,5.124111898980002189e-03,5.957094395817999488e-03
-2.775699960357716489e-03,-2.356824111509017716e-03,-1.000344906122954680e-03,-4.866726813840954735e-03,5.016253019796093615e-03,1.135256990566477220e-03,1.902635825330512009e-03,4.628885496219675710e-04,5.314071037633830152e-03,6.152189255976742155e-03
-2.733137259003814989e-03,-2.465240740102417338e-03,-1.219994246104916247e-03,-4.588129081735822790e-03,4.987809228726380884e-03,1.387052056469606498e-03,2.139025700719984768e-03,5.738741476441905354e-04,5.173952451673943798e-03,6.263174853998965119e-03
-2.841762433575201197e-03,-2.670233130175184155e-03,-1.346983773093418657e-03,-4.897415895572493350e-03,4.921035223123246261e-03,1.534861352874172802e-03,1.926391491955725677e-03,1.336506427110639716e-03,5.232674709880438813e-03,6.264909866961335116e-03
-2.815106690412058632e-03,-2.778858304746570362e-03,-1.386655858202898162e-03,-4.639377742241421188e-03,5.116130083281988927e-03,1.353369359602576982e-03,1.722434329192487623e-03,1.416884057250905604e-03,5.143503714654176773e-03,6.301005394505940216e-03
-2.863224382412696278e-03,-3.075272202814866018e-03,-1.415806441955227979e-03,-4.719765910741913206e-03,5.179694433599779657e-03,1.211198544915054187e-03,1.696731875428333924e-03,1.363920944094015875e-03,5.121377497235304888e-03,6.004591496437644560e-03
-2.742488114402974464e-03,-3.492554208513784508e-03,-1.261368750847008391e-03,-4.665650701042037274e-03,5.152420625952419675e-03,1.185496091150900488e-03,1.279449869729415434e-03,1.154893128866602003e-03,5.073259805234667241e-03,6.052156286941973162e-03
-3.244410588040549936e-03,-3.812888921388521424e-03,-9.603850418049841853e-04,-4.527352320613728387e-03,5.180358103124158009e-03,1.554513726529413442e-03,1.715876782678607548e-03,6.993030346912204598e-04,5.327740767080868522e-03,6.132533917082239050e-03
-3.164032957900284049e-03,-4.036009971457185652e-03,-8.125757454004178815e-04,-4.395750270590387254e-03,5.281433869316981555e-03,1.836818626605854488e-03,1.984334121704664500e-03,4.404505660444701931e-04,5.219115592509482315e-03,6.460989292855198740e-03
-3.453952959996897665e-03,-3.885614050506289163e-03,-7.842065470021336582e-04,-4.427873252002806348e-03,4.976916898127736744e-03,1.806001772093071556e-03,2.326886232014102607e-03,1.279667653755478529e-04,5.179061472611073969e-03,6.236537040422984735e-03
-3.660210950564582455e-03,-3.933731742506926810e-03,-6.634702789924118438e-04,-4.458690106515589280e-03,4.872403536795813506e-03,1.611871756906801956e-03,2.378924546272184748e-03,3.232549050197208729e-05,5.335416966806380556e-03,6.209263232775624752e-03
-3.787200477553084865e-03,-3.831540461460516966e-03,-6.919140700621245754e-04,-4.410542843869463825e-03,4.548230078162115997e-03,1.030632973578443634e-03,2.159275206290223181e-03,-1.726668995707947296e-04,5.398981317124171286e-03,6.214068038239234371e-03
-3.807548855594006243e-03,-3.751522745400692749e-03,-7.586880756652591984e-04,-4.781980877781130679e-03,4.313803172789509865e-03,7.094409970682946653e-04,2.416292084331250756e-03,-4.771838707600395413e-04,5.471697082841425752e-03,6.236539810904773162e-03
-3.779179657195722020e-03,-3.933014738672288568e-03,-5.125017544942434000e-04,-4.759509105115591887e-03,4.284652589037180048e-03,5.853633671349250944e-04,2.184696021455281856e-03,-1.073954026599988065e-04,5.544412848558680218e-03,6.150612749229678045e-03
-3.521141503864649858e-03,-3.686828417501272770e-03,-9.777935192652881247e-04,-4.563307924405249349e-03,4.307124361702718840e-03,4.583738401464226841e-04,1.960894804640997413e-03,-1.064117113544482685e-05,5.417423321570177808e-03,6.005139237787615603e-03
-3.242543771759517912e-03,-3.496869278847444806e-03,-8.977758032054639070e-04,-4.535370447233511015e-03,4.276307507189935908e-03,7.301568377027917167e-04,1.943854900301592026e-03,1.183060153009396487e-05,5.231356575719423030e-03,6.200234097946358269e-03
-2.974086432733460961e-03,-3.695949740838685993e-03,-1.364756699683972174e-03,-4.098943534284318901e-03,4.083047316394861070e-03,5.172800567126017990e-04,2.055298671060537541e-03,-9.947157202115641805e-05,5.354176926121903546e-03,6.174531644182204571e-03
-2.665741369671639771e-03,-3.673477968173147201e-03,-1.569539310148998501e-03,-3.841926656243291327e-03,4.536947511161418256e-03,4.255121353782947979e-04,2.057033684022907538e-03,-3.553566554431453195e-04,5.352436341546321086e-03,6.431480084188187507e-03
-2.613159305474677119e-03,-3.568021660352527213e-03,-1.859459312245612117e-03,-4.100779124890041594e-03,4.595669769367913271e-03,3.384002332876834274e-04,2.143445691185547064e-03,-8.357365788677628693e-05,5.260668420212014085e-03,6.115052388956890295e-03
-2.585221828302938785e-03,-3.697208765292850363e-03,-1.811894521741283515e-03,-4.248681786260088966e-03,4.580869364568529445e-03,-7.726394774998368575e-05,2.123097313144625686e-03,-1.948758314380266699e-04,5.361744186404837631e-03,5.798624693725593082e-03
-2.428866334107632197e-03,-3.451022444121834565e-03,-2.138956858631829716e-03,-4.168304156119823078e-03,4.653585130285783911e-03,1.591259276394890732e-04,2.124832326106995684e-03,-6.327378141468553707e-05,5.332593602652507814e-03,5.656453879038070287e-03
-3.085975639178034635e-03,-3.428550671456295773e-03,-1.988560937680933227e-03,-4.200427137532242172e-03,4.657342883081824758e-03,-1.195611306709642996e-04,1.915804510879581812e-03,-3.221262500614358038e-04,5.257010617661025953e-03,5.938758779114511333e-03
-3.013259873460780169e-03,-3.273053640919176832e-03,-2.247413406327683494e-03,-4.504944108721486984e-03,4.921514142643995671e-03,2.788059667735431901e-05,1.659919427457592911e-03,-5.577386554515006978e-04,5.266523146777210562e-03,5.611385071860153229e-03
-2.960677809263817517e-03,-3.298756094683330531e-03,-2.319210807764274240e-03,-4.203960399679462778e-03,4.691882795315627241e-03,-8.053603191604530309e-05,2.179897707726627387e-03,-1.955127570976988860e-04,5.112173068713948831e-03,5.691402787919977446e-03
-3.165460419728843844e-03,-3.271976651616811949e-03,-2.194982175881210473e-03,-3.834171931579422044e-03,4.656845147061994261e-03,3.254655206215290031e-04,1.917114114713291961e-03,-4.151620970796604526e-04,5.259614796062267450e-03,5.693137800882347443e-03
-2.925400323031054906e-03,-2.921995700206000968e-03,-2.110201101394440504e-03,-4.239306513948229438e-03,4.545542973510743878e-03,5.066142299875869837e-04,1.868996422712654315e-03,-6.012288429304152304e-04,5.000762327415517183e-03,5.860980856682837525e-03
-2.787101942602746019e-03,-2.505552303016189697e-03,-2.071633281733611942e-03,-3.975135254386058525e-03,4.797338039413873156e-03,8.781529506493579440e-05,1.816033309555764585e-03,-1.847854457406039597e-04,5.134168406773803595e-03,5.835278402918683827e-03
-2.774837842761140871e-03,-3.037063058403052795e-03,-1.933334901305303055e-03,-3.787973251968654309e-03,4.584461258423683239e-03,-7.825979808639971225e-06,1.854601129216593147e-03,-5.059774222507529284e-04,5.106894599126443612e-03,6.072890268595781960e-03
-2.901827369749643282e-03,-3.035328045440682798e-03,-1.890772199951401555e-03,-3.486989542926630103e-03,4.687860581974637175e-03,-2.977459819052535872e-04,1.668534383365838369e-03,-5.316798760149066272e-04,4.883773549057779384e-03,5.964473640002382337e-03
-3.055288140894438231e-03,-3.064891803571542783e-03,-2.225246742431755131e-03,-3.087904088417595116e-03,4.798846179996860140e-03,-1.949117760021018553e-04,1.444733166551553927e-03,-4.931120563540780655e-04,4.647973384107759176e-03,5.740672423188097895e-03
-3.034925709781963188e-03,-3.263972265562783970e-03,-2.033647609760214081e-03,-3.038501386111225333e-03,5.168634648096900874e-03,-1.523490746482003555e-04,1.730076693200216509e-03,-2.145143242489461199e-04,4.507854798147872821e-03,6.083224533497536002e-03
-2.954548079641697300e-03,-3.390961792551286380e-03,-2.040323950724884372e-03,-3.114681185063222779e-03,5.066526339145893676e-03,-1.162535471035952561e-04,1.779333073131453280e-03,-4.135947862401873065e-04,4.646153178576181708e-03,6.135806597694498654e-03
-2.718158204252224541e-03,-3.595744403016312707e-03,-2.066026404489038071e-03,-3.344312532391591208e-03,4.926661859809611244e-03,-4.433158839941414575e-04,1.926774800479771899e-03,-4.536489061385956534e-04,4.437125363348767837e-03,6.534892052203533641e-03
-2.301714807062413271e-03,-3.684915398242574747e-03,-2.284839038670563593e-03,-3.563125166573116731e-03,4.928396872771981241e-03,-4.636642620350628352e-04,1.593103665828349280e-03,-2.885982332231362690e-04,4.674737229025865970e-03,6.311090835389249198e-03
-2.252312104756043487e-03,-3.420744138680403834e-03,-2.077149560717236887e-03,-3.415315870168550427e-03,5.136086350725307947e-03,-9.764067268505649544e-06,1.382621006008208364e-03,-3.415613463800259986e-04,4.645586645273536153e-03,6.557277156560264997e-03
-1.720699249354737392e-03,-3.606810884531158612e-03,-2.475472195057809577e-03,-3.175531018336397171e-03,5.327685483396848998e-03,2.633146027609944984e-05,1.066193310776911152e-03,-3.853015136640602911e-04,4.832532676927833726e-03,6.333475939745980554e-03
-1.442101517249605447e-03,-3.811593494996184939e-03,-2.779989166247054388e-03,-3.333873270853743298e-03,5.238514488170586958e-03,-4.292586338992820938e-04,1.040490857012757453e-03,-3.628297409985214994e-04,4.980341973332400030e-03,6.206486412757478144e-03
-1.278208223755142314e-03,-3.738877729278930473e-03,-2.810806020759837320e-03,-3.473737750190025730e-03,5.425460519824884531e-03,7.168279049910020184e-06,1.229322341064598145e-03,-5.149355165583457961e-04,4.853352446343897619e-03,6.442876288146950903e-03
-1.501329273823806543e-03,-3.561207960763854152e-03,-2.651036290392635997e-03,-3.227551429019009932e-03,5.831462072362458837e-03,-2.010552859744996201e-05,1.486270781070581082e-03,-4.422197508410913303e-04,4.742050272792647236e-03,6.581174668575259790e-03
-1.524276799201987331e-03,-3.480830330623588265e-03,-2.202764967809231478e-03,-3.461842500773387732e-03,5.704472545373956427e-03,1.714936040740910883e-04,1.732457102241596880e-03,-8.610186857637425195e-04,5.047111296864276175e-03,6.362362034393734267e-03
-1.356433743401497249e-03,-3.607819857612090675e-03,-1.899490307238058118e-03,-3.224230635096289599e-03,5.248882451198574883e-03,3.443934674090820547e-04,2.221116564228367563e-03,-9.388161490706953272e-04,4.580130400385767908e-03,6.473347632415957231e-03
-1.292869393083706520e-03,-3.793886603462845453e-03,-1.594429283166429179e-03,-3.048348738712264305e-03,5.140257276627188676e-03,6.436207656074222072e-05,1.921519937684162960e-03,-7.910068526661290234e-04,4.735627430922886849e-03,6.075740969384915702e-03
-1.097774532924963853e-03,-4.212685538385496642e-03,-1.244184825446512099e-03,-3.009780919051435744e-03,5.510045744727229411e-03,-1.171299167108535988e-04,1.566072553850883509e-03,-1.163997285603179943e-03,4.478092536875963314e-03,5.894248976113319882e-03
-1.181017262041755833e-03,-4.199452983883814050e-03,-1.475780888322480999e-03,-2.841937863250945662e-03,5.188853768217080442e-03,-2.137466683294064751e-04,1.824110707181955671e-03,-1.109882075903304011e-03,4.173575565686718503e-03,6.083080460165160575e-03
-1.338140539960994135e-03,-4.009493845229986086e-03,-1.218764010281453425e-03,-2.840202850288575664e-03,5.468820246597019819e-03,-6.113533313604480046e-04,2.081127585222983245e-03,-1.087410303237765219e-03,4.196047338352257294e-03,6.030117347008270845e-03
-1.634554438029289791e-03,-3.730896113124854141e-03,-1.429666562101930549e-03,-3.302820642983733679e-03,5.438003392084236887e-03,-6.643164445173377342e-04,1.954138058234480835e-03,-9.396010068331989151e-04,3.989789347784572504e-03,6.167816838304279736e-03
-1.532250186597389208e-03,-4.196187877895898866e-03,-1.192054696424832416e-03,-3.230104877266479213e-03,5.412300938320083188e-03,-5.165071481127714303e-04,2.141300060651885051e-03,-7.717579510327088332e-04,4.185990528494915042e-03,6.040827311315777326e-03
-1.343418702545548515e-03,-4.505474691732569426e-03,-1.169582923759293624e-03,-2.776204682499922027e-03,5.602260076973911151e-03,-4.804116205681663310e-04,1.734160608703877449e-03,-7.700229380703388360e-04,3.976962713267501170e-03,5.781974842669027059e-03
-1.367720943451625204e-03,-4.425097061592303538e-03,-1.122018133254965022e-03,-3.066124684596535643e-03,5.572696318843051166e-03,-5.522090220047570774e-04,1.806876374421131914e-03,-8.970124650588412463e-04,4.172057573426243837e-03,5.704177379362074252e-03
-1.968093269485299279e-03,-4.184290155096567765e-03,-1.038428242895808595e-03,-3.064389671634165646e-03,6.048451322757719684e-03,-5.318465908922820340e-04,2.063824814427114851e-03,-7.291694092583511644e-04,4.274248854472653680e-03,5.628594394370592391e-03
-1.963288464021689661e-03,-3.915832816070510813e-03,-9.050221635375221840e-04,-3.041917898968626854e-03,6.019300739005389866e-03,-7.251067816873568717e-04,1.596843917948606584e-03,-5.214799313050244578e-04,4.668580949985248751e-03,5.551495407326731413e-03
-1.824990083593380774e-03,-4.287270849982177667e-03,-7.811504599965074513e-04,-3.168907425957129265e-03,5.922157888361131994e-03,-8.937012872262395380e-04,1.933005449427038780e-03,-3.403312219389664772e-04,4.601806944382114128e-03,5.290423127375737389e-03
-1.546392351488248829e-03,-4.264799077316638876e-03,-5.025527278913755058e-04,-3.221870539114018994e-03,6.158547763750604753e-03,-7.125525778601815574e-04,1.723977634199624909e-03,-3.694818056912962945e-04,4.311886942285500512e-03,5.237460014218847659e-03
-1.770193568302533271e-03,-4.355705775391988110e-03,-5.347226009353445164e-04,-3.185775011569413895e-03,6.269991534509550268e-03,-8.091693294787344337e-04,1.827376957750578845e-03,-6.658957037595919504e-04,4.092659454510538808e-03,5.308163402362064964e-03
-1.722628777798204669e-03,-4.208264048043669492e-03,-5.299177954717348982e-04,-2.823549113215612083e-03,6.289700783279200680e-03,-1.032970546293018876e-03,1.914121818581387968e-03,-6.641606907972219531e-04,4.568414458425207325e-03,5.565111842368047901e-03
-2.244370372101345268e-03,-4.389756041315265311e-03,-9.282404298123075881e-04,-2.407105716025800812e-03,6.294505588742810298e-03,-8.862846931009943363e-04,1.709129428508621151e-03,-7.512725928878333237e-04,4.306183187835738169e-03,5.147829836669129411e-03
-2.479982777491410162e-03,-4.518943146255588461e-03,-1.082590507875569319e-03,-2.359540925521472210e-03,6.296240601705180295e-03,-1.072351438951749114e-03,1.479498081180252722e-03,-7.716209709287547014e-04,4.557978253738867447e-03,5.258815434691352375e-03
-2.703103827560074390e-03,-4.761965480875304801e-03,-1.037925921184970623e-03,-2.587454403521469160e-03,6.071788349272966290e-03,-4.208378991911870814e-04,1.352508554191750312e-03,-7.678632181327138539e-04,4.578340684851342490e-03,5.450414567362893425e-03
-2.884595820831670210e-03,-4.584295712360228481e-03,-1.104699926788105246e-03,-2.539889613017140557e-03,5.810716069321972266e-03,-2.131484212378603749e-04,1.432886184332016200e-03,-4.892250789917396148e-04,4.467038511300092107e-03,5.141127753526222866e-03
-2.937558933988559939e-03,-4.582560699397858484e-03,-8.362425877620482950e-04,-2.820401465175953470e-03,5.837371812485114830e-03,-5.814076977692095305e-05,1.402069329819233268e-03,-7.248374843818045088e-04,4.426984391401683760e-03,5.069330352089632119e-03
-2.963261387752713638e-03,-4.580825686435488486e-03,-1.055055221943573818e-03,-2.972323464678447436e-03,5.939676063917015414e-03,2.891342522770984358e-04,1.275079802830730857e-03,-8.361396579330548917e-04,4.594827447202173842e-03,4.850517717908106596e-03
-2.861070106706303795e-03,-4.606528140199642185e-03,-9.539794557507502715e-04,-2.949851692012908644e-03,6.120824773283073394e-03,2.361711391202087063e-04,1.355457432970996745e-03,-1.160588093771203200e-03,4.413335453930578023e-03,5.045612578066849263e-03
-2.669470974034762745e-03,-4.885215198510095558e-03,-1.172792089932275794e-03,-2.978295483082621375e-03,5.803508377851457345e-03,3.165487692604745940e-04,1.541842663621603715e-03,-1.440619484619543034e-03,4.418140259394187641e-03,4.852352387271774425e-03
-3.003945516515116321e-03,-4.837067935863970103e-03,-1.034493709503966907e-03,-2.677311774040597170e-03,5.645166125334111218e-03,5.769630061372432728e-05,1.407808652199846189e-03,-1.242014964572074609e-03,4.159287790747437374e-03,4.874824159937313217e-03
-2.923567886374850433e-03,-4.394376123902477005e-03,-1.424592956451462000e-03,-2.422830812194395889e-03,5.756151723356334182e-03,-3.356133590759480256e-07,1.436177850598130412e-03,-1.613452998483741463e-03,4.553619886260032446e-03,5.022633456341879521e-03
-3.308993988730746239e-03,-4.262774073879135872e-03,-1.422857943489092003e-03,-2.448533265958549587e-03,5.575820152772414939e-03,1.379627670692329389e-04,1.437912863560500409e-03,-1.490632648081260947e-03,4.470377157143240465e-03,4.816375465774194731e-03
-3.392236717847538219e-03,-4.310891765879773518e-03,-1.454980924901511097e-03,-2.590704080646072383e-03,5.801998279459694152e-03,4.500062531051646220e-04,1.490494927757463062e-03,-1.175239328162727692e-03,4.831309755459464728e-03,4.954673846202503618e-03
-3.030010819493736407e-03,-4.290529334767298475e-03,-1.713833393548261363e-03,-2.814505297460356825e-03,5.926226911342757919e-03,4.191893985923816901e-04,1.258898864881494162e-03,-1.152767555497188900e-03,4.805607301695311029e-03,4.802751846700009652e-03
-2.721665756431915217e-03,-3.982184271705477285e-03,-1.445376054522204412e-03,-2.872537211433157101e-03,5.898953103695397937e-03,6.568012642694798231e-04,1.210781172880856515e-03,-1.205730668654078630e-03,4.857645615953393170e-03,4.830689323871747987e-03
-3.111765003379410310e-03,-4.048958277308611908e-03,-1.176918715496147461e-03,-3.091349845614682623e-03,5.990894509434907533e-03,5.596584136252219510e-04,1.195980768081472689e-03,-1.404811130645319817e-03,4.885583093125131504e-03,4.878254114376076589e-03
-3.183562404816001057e-03,-4.267770911490137431e-03,-1.148549517097863237e-03,-3.123519718658651634e-03,5.833771231515669231e-03,6.630577371761758876e-04,7.771818331588215001e-04,-1.293367359886374302e-03,4.887318106087501501e-03,4.650340636376079639e-03
-2.915105065789944105e-03,-4.245299138824598639e-03,-6.318681132020248503e-04,-3.431518334307409601e-03,5.856243004181208023e-03,7.016255568370044493e-04,9.246235605071401187e-04,-1.280134805384691710e-03,5.155775445113558453e-03,4.364579734994086802e-03
-2.992902529096896913e-03,-4.464526626599560344e-03,-8.203210826933371447e-04,-3.373265482970733142e-03,5.637430369999682500e-03,6.615714369385961025e-04,1.330625113044714425e-03,-9.179089070308898979e-04,5.160580250577168071e-03,4.206237482476740674e-03
-2.970430756431358121e-03,-4.309518975138620922e-03,-8.921184841299278911e-04,-3.433821507612400126e-03,5.664086113162825065e-03,4.377702201243116598e-04,8.929326061241221746e-04,-8.064651362719443828e-04,5.240957880717433959e-03,4.276940870619957979e-03
-3.387712762130276611e-03,-4.533320191952905365e-03,-1.111345971904889596e-03,-3.244990023560559433e-03,5.567469361544272188e-03,6.249322225417158760e-04,5.836457922874516147e-04,-8.365588637018056550e-04,5.165374895725952098e-03,3.821350776444576436e-03
-3.365240989464737820e-03,-4.752547679727867069e-03,-8.103622628628653901e-04,-3.253650182546571901e-03,5.572274167007881807e-03,7.632306029700247629e-04,6.703906531182607376e-04,-1.037830784262991357e-03,5.466358604767976304e-03,3.356059011673531711e-03
-3.175281850810909856e-03,-4.856845692764705236e-03,-7.819930644645811668e-04,-3.195397331209895442e-03,5.494476703700928999e-03,8.839668709797465773e-04,9.067805285077334965e-04,-1.164820311251493767e-03,5.111535057031768581e-03,3.229069484685029301e-03
-3.508952985462332474e-03,-4.450844140227130930e-03,-7.434252448037526051e-04,-3.394477793201136628e-03,5.274827363718967432e-03,9.861581520261564204e-04,9.453483481685620582e-04,-1.142348538585954976e-03,5.496679085319727820e-03,3.102079957696526891e-03
-3.250914832131260312e-03,-4.503807253384020659e-03,-9.318782142950648995e-04,-3.653330261847886895e-03,5.276562376681337430e-03,1.347090750342380683e-03,1.092790075516880677e-03,-9.059586631964822168e-04,5.421096100328245959e-03,3.151482660002896674e-03
-3.445044847317529912e-03,-4.502072240421650662e-03,-9.575806680592185982e-04,-3.858112872312913222e-03,5.071569986608570613e-03,1.537049888996208646e-03,1.338976396687896475e-03,-7.190126315421846437e-04,5.099904123818096990e-03,3.338428691657194247e-03
-3.779519389797883488e-03,-4.415327379590841539e-03,-8.192822876309097113e-04,-3.777735242172647334e-03,4.737898851957147994e-03,1.936135343505243633e-03,1.111062918687899526e-03,-6.075688607832391286e-04,4.991278949246710783e-03,3.366797890055478470e-03
-3.632833536605858948e-03,-4.392855606925302747e-03,-4.831207561524775151e-04,-3.707478643755729442e-03,4.860719202359628510e-03,1.809145816516741223e-03,1.000912986947363748e-03,-5.594215981371136737e-04,4.786496338781684456e-03,3.283555160938686490e-03
-3.826093727400933786e-03,-4.519845133913805157e-03,-5.122713399048073324e-04,-3.888970637027325261e-03,4.831568618607298693e-03,1.810880829479111220e-03,9.052717120737879819e-04,-6.075392901377513200e-04,5.090060338413693319e-03,3.689556713476260796e-03
-4.188115479292653376e-03,-4.603087863030597138e-03,-1.877191436129160840e-04,-3.707821927661267281e-03,4.704579091618796283e-03,1.714264077860558344e-03,1.183869444178919927e-03,-7.890312834093471395e-04,4.978758164862442936e-03,3.498437570749871051e-03
-3.941929158121637577e-03,-4.789154608881351916e-03,-1.401543531085874816e-04,-3.531940031277241987e-03,4.983197389868201932e-03,1.837084428263038860e-03,1.544802042495144190e-03,-6.292615530421458159e-04,5.154640061246468230e-03,3.264010665377264919e-03
-3.640945449079613372e-03,-4.634146957420412494e-03,4.099435625747049894e-05,-3.429748750230832144e-03,4.951074408455782838e-03,1.841889233726648478e-03,2.064780322764178666e-03,-6.008923546438615926e-04,5.718923734430322869e-03,3.347600555736421346e-03
-3.560567818939347484e-03,-4.827407148215487331e-03,-1.328292744508657863e-04,-3.469802870129240491e-03,4.824084881467280428e-03,1.758646504609856498e-03,2.137496088481433132e-03,-5.391419684657450251e-04,6.034317054348856124e-03,3.723922669402801588e-03
-3.881759795449496453e-03,-4.951484778148856902e-03,-1.103575017853269946e-04,-3.107576971775438679e-03,5.020286062177622965e-03,1.869632102632079462e-03,2.394512966522460706e-03,-6.910639679682389902e-04,5.717889359117558912e-03,3.694772085650471771e-03
-3.907462249213650152e-03,-5.256001749338101714e-03,-1.086224888229569974e-04,-2.771415440297006483e-03,5.032550162019228113e-03,2.050780811998137443e-03,2.181878757758201615e-03,-4.994648352966979399e-04,6.134332756307370182e-03,3.583469912099221388e-03
-3.491018852023838881e-03,-5.483915227338098664e-03,-2.824485868269110966e-05,-2.803585313340975493e-03,4.952161993518736094e-03,2.123496577715391909e-03,2.220446577419030176e-03,-2.209587149613750912e-04,6.007343229318867772e-03,3.977802007611816459e-03
-3.278323403072477826e-03,-5.403537597197832776e-03,-5.037107610156299486e-05,-2.665286932912666606e-03,5.022865381661953399e-03,1.904683943533866386e-03,2.305227651905800146e-03,-2.505224730922350762e-04,6.054908019823196375e-03,3.947708280181955187e-03
-3.070633925119151120e-03,-5.500154348816385652e-03,-1.084029900743632702e-04,-2.999761475393020183e-03,4.841373388390357579e-03,1.878981489769712687e-03,2.486376361271858126e-03,-2.986401650928727225e-04,5.927918492834693964e-03,4.416029990421468931e-03
-3.096336378883304818e-03,-5.362454857520376761e-03,-8.003379167607904687e-05,-3.198841937384261369e-03,4.754237261323179808e-03,1.921544191123614187e-03,2.410793376280376266e-03,-3.516032782497624520e-04,6.075727789239260268e-03,4.563471717769787550e-03
-3.302594369450989609e-03,-5.170855724848835711e-03,1.052250554528094684e-04,-3.017693228018203389e-03,4.220686764019834780e-03,1.625130293055318531e-03,2.439162574678660489e-03,-1.139914125726643190e-04,5.964078183158444402e-03,4.804278624265523323e-03
-3.222216739310723721e-03,-5.279480899420221918e-03,1.477877568067109681e-04,-3.307613230114817005e-03,4.291390152163052085e-03,1.593007311642899437e-03,2.459525005791135532e-03,-2.409809395611667293e-04,5.840000553225074831e-03,4.717166722174911953e-03
-3.102378389806897951e-03,-5.022532459414238981e-03,2.488635229995345144e-04,-3.628805206624965973e-03,4.678617369204080001e-03,1.871605043748031383e-03,2.560600771983959079e-03,-2.682547472085267115e-04,5.750829557998812791e-03,4.716420406584834191e-03
-3.436049524458320570e-03,-4.875090732065920363e-03,-8.561101948081906166e-05,-3.983628754361173696e-03,4.606819967767489254e-03,1.537933909096608764e-03,2.599168591644787640e-03,-3.923323771418962824e-04,5.663717655908201420e-03,5.017404115626858396e-03
-2.993357712496827472e-03,-4.898038257444101151e-03,1.828463195452378898e-04,-4.055426155797764443e-03,4.863768407773472191e-03,1.520894004757203377e-03,2.787499146480632017e-03,-3.196166114246418166e-04,5.991206125243342395e-03,4.934161386510066416e-03
-2.708014185848164890e-03,-4.626255259887732119e-03,5.127564769819709101e-04,-3.817814290120666310e-03,5.224701006089696453e-03,1.607638865588012500e-03,2.955342202281122099e-03,-2.395988953648175990e-04,5.962762334173629664e-03,4.541663427398326403e-03
-2.560572458499846271e-03,-4.325271550845707913e-03,7.409931536818126219e-04,-3.840761815498847098e-03,5.197427198442336471e-03,1.152048771412630956e-03,2.960147007744731718e-03,-6.205339640993345895e-04,5.805639056254391361e-03,4.988063230049813446e-03
-2.368973325828305221e-03,-4.277124288199582458e-03,8.884348810301312405e-04,-4.008336971279821692e-03,5.329029248465677604e-03,1.494600881722069063e-03,3.007711798249060320e-03,-4.335879324450370165e-04,5.694336882703140978e-03,4.861073703061311035e-03
-2.740411359739972075e-03,-4.095975578833524477e-03,7.023681351793764627e-04,-3.960772180775493090e-03,5.476023010976577288e-03,1.626931290411331998e-03,3.146010178677369207e-03,-3.093593005619732494e-04,5.850692376898447566e-03,4.764456951442758159e-03
-2.921903353011567894e-03,-3.792411579201515615e-03,2.467780410039949190e-04,-3.773610178358088874e-03,5.572777242501131267e-03,1.699647056128586464e-03,3.232755039508178330e-03,-4.334369304953428204e-04,6.037638408552745140e-03,4.668408132448897963e-03
-2.893534154613283671e-03,-3.660809529178174482e-03,4.292308336404232483e-04,-3.428782464488772108e-03,5.552428864460209890e-03,1.572657529140084054e-03,3.333830805701001876e-03,-1.753987771642706583e-04,5.876758430359230179e-03,4.965900849552909446e-03
-2.891799141650913674e-03,-3.734918952328053487e-03,2.061097835717590199e-04,-3.651903514557436337e-03,5.521612009947426958e-03,1.282737527043470438e-03,3.308128351936848177e-03,-3.023883041527730686e-04,6.066717569013058142e-03,4.959224508588239155e-03
-3.347389235826295217e-03,-3.712447179662514696e-03,2.258190323414094314e-04,-3.837970260408191114e-03,5.410309836396176575e-03,1.677069622556065509e-03,3.739165787859391465e-03,-2.740191057544888453e-04,6.089189341678596934e-03,4.760144046596997969e-03
-3.319451758654556883e-03,-3.658331969962638763e-03,2.683817336953109312e-04,-3.949272433959441497e-03,5.597255868050474148e-03,1.550080095567563099e-03,3.975555663248864224e-03,-2.152571843751921454e-04,6.163256368680661290e-03,4.823708396914788699e-03
-3.314646953190947265e-03,-3.241888572772827493e-03,7.309453744316907198e-06,-3.980089288472224429e-03,5.595515283474891688e-03,1.331267461386037576e-03,4.131052693785983165e-03,-5.316848796064893579e-04,6.569257921218235596e-03,5.018803257073531365e-03
-3.312911940228577268e-03,-3.274011554185246586e-03,-1.196800732441855031e-04,-3.812246232671734347e-03,5.498372432830633816e-03,1.145200715535282798e-03,4.072759980826665127e-03,-2.196413935705576748e-04,6.725613415413542184e-03,5.032035811575213957e-03
-3.201926342206354303e-03,-3.037621678795773827e-03,-2.283052478155717102e-04,-3.533030951808374676e-03,5.279559798649108293e-03,9.637087222636869788e-04,4.228257011363784068e-03,-1.493847951536397822e-04,6.917212548085083235e-03,4.735621913506918301e-03
-2.933469003180297352e-03,-3.354049374027071040e-03,-2.950792534187063332e-04,-3.346645721157767706e-03,5.249466071219247021e-03,7.528061704432098544e-04,4.131114160719526196e-03,1.845826064685029966e-05,7.000802438444239661e-03,5.129954009019513372e-03
-2.812732735170575538e-03,-3.349244568563461422e-03,-1.395822228815873922e-04,-3.178802665357277624e-03,5.404963101756365962e-03,6.695634413264178741e-04,4.368726026396624329e-03,2.135531208055929664e-04,6.824476437837720399e-03,5.178101271665638827e-03
-2.764585472524450083e-03,-3.604341031818322771e-03,-3.482439877108556292e-04,-3.275945516001535496e-03,5.752238123810385351e-03,6.214457493257802279e-04,4.416873289042749784e-03,-1.804294207037593356e-05,6.600675221023435957e-03,5.138047151767230480e-03
-2.926060998493726362e-03,-3.205255577309287784e-03,-2.775405995676383242e-04,-3.301647969765689195e-03,5.553157661819144164e-03,6.850100996435709577e-04,4.391170835278596085e-03,2.337521238327533446e-04,6.401594759032194770e-03,5.416644883872362426e-03
-2.794458948470385229e-03,-3.067556086013278893e-03,-4.045301265561407345e-04,-3.065258094376216436e-03,5.639902522649953287e-03,9.420269776845985321e-04,4.419108312450334419e-03,2.354871367951233418e-04,6.498348990556748750e-03,5.385828029359579494e-03
-2.589149932712919711e-03,-3.534536982491787160e-03,-6.036105885473819210e-04,-2.981668204017060009e-03,5.668271721048237510e-03,6.208350011744495633e-04,4.609067451104162383e-03,1.687131311919887189e-04,6.401206139912490878e-03,5.430492616050178190e-03
-2.962140365649970630e-03,-3.347590950837489587e-03,-3.959211105940552144e-04,-2.673323140955238819e-03,5.445150670979573282e-03,5.236921505301916913e-04,4.628776699873812794e-03,-1.665745611839214435e-04,6.443768841266392378e-03,5.585500267511117611e-03
-3.161220827641211817e-03,-3.378407805350272519e-03,-4.925378622126080908e-04,-2.705493013999207830e-03,5.333848497428322899e-03,3.246116885389505047e-04,4.823871560032555461e-03,-1.987444342278904541e-04,6.600124335461698966e-03,5.972727484552145527e-03
-2.923608961964113684e-03,-3.502485435283642090e-03,-8.018246760492786507e-04,-3.161083108174589373e-03,5.362217695826607122e-03,4.720534158872691233e-04,4.784199474923075956e-03,-4.538408974827518039e-04,6.648271598107824421e-03,6.053105114692411415e-03
-3.015376883298420685e-03,-3.096483882746067784e-03,-9.405046876602152217e-04,-3.189526899244302105e-03,5.509659423174925741e-03,6.847488648386301779e-04,4.782458890347493496e-03,-4.313691248172130122e-04,6.317001222851947873e-03,6.164548885451356930e-03
-2.860369231837481263e-03,-3.250833960809329515e-03,-8.382004362283146381e-04,-3.419158246572670534e-03,5.590037053315191629e-03,7.051112959511052214e-04,4.756756436583339798e-03,-1.521538439538533405e-04,6.538015812123071369e-03,5.750937607972822496e-03
-2.886071685601634962e-03,-2.992795807478257353e-03,-4.914450136131037761e-04,-3.680230526523664558e-03,5.366916003246527400e-03,4.819902458824409930e-04,4.879576786985820314e-03,1.561912191079678491e-04,6.657854161626897138e-03,5.626859978039452925e-03
-2.952845691204769585e-03,-2.741000741575128075e-03,-6.000701881844899832e-04,-3.861722519795260378e-03,5.394853480418265734e-03,4.152162402793063700e-04,5.002397137388300830e-03,3.125467133032744371e-04,6.434733111558232910e-03,5.529717127395195053e-03
-3.148348525692276634e-03,-2.789118433575765721e-03,-4.966708646335360466e-04,-4.324340312490418392e-03,5.311610751301473754e-03,5.619020934713309101e-04,5.408398689925875136e-03,8.456482785637320365e-04,6.444245640674417519e-03,5.194429435019284891e-03
-3.075632759975022168e-03,-2.551506567898667588e-03,-3.955950984407125004e-04,-4.045742580385286447e-03,4.914004088270432224e-03,2.454743982400336977e-04,5.382696236161721437e-03,8.148314240509491047e-04,6.320168010741047948e-03,5.168726981255131192e-03
-3.184257934546408375e-03,-2.675584197832037159e-03,-3.689393552775699359e-04,-4.269543797199570889e-03,5.350214631676550314e-03,1.698914132485518369e-04,5.455412001878975903e-03,1.427125357036165831e-03,6.362730712094949448e-03,5.021555175248715308e-03
-3.213821692677268360e-03,-2.528142470483718540e-03,-8.315571479727279502e-04,-3.919562845788759908e-03,5.430592261816816202e-03,8.415887279275557908e-06,5.438372097539570516e-03,1.315823183484915448e-03,6.401298531755778010e-03,4.791923827920346879e-03
-3.075523312248959473e-03,-2.306143069742888629e-03,-1.065984053345334082e-03,-4.011330767123066909e-03,5.748302786930239994e-03,-1.728656648487814085e-05,5.593869128076689456e-03,1.186636078544592299e-03,6.380950153714856632e-03,4.680621654369096496e-03
-3.261590058099714251e-03,-1.806808765710155029e-03,-1.259244244140408919e-03,-4.115844128454990147e-03,5.167064003601881672e-03,7.588386381450484830e-05,5.568166674312535758e-03,1.378235211216133349e-03,6.528353884368703897e-03,4.760999284509362384e-03
-3.233220859701430028e-03,-2.030609982524439472e-03,-1.135372540599394187e-03,-4.350138792957369827e-03,5.071422728728305906e-03,-1.520296141854921013e-04,5.604262201857140857e-03,1.119382742569383082e-03,6.432712609495128131e-03,4.735296830745208685e-03
-3.299994865304564651e-03,-2.354783441158136981e-03,-1.108716797436251622e-03,-4.562773001721628918e-03,5.245017745642482909e-03,-1.295578415199533096e-04,5.397181585134483428e-03,9.333159967186283046e-04,6.274370356977782004e-03,4.782861621249537287e-03
-3.197803584258154808e-03,-2.577904491226801209e-03,-1.262177568581046572e-03,-4.610890693722266565e-03,5.527322645718923955e-03,-4.954012546012909191e-05,5.477559215274749316e-03,1.088813027255747246e-03,6.526165422880911282e-03,5.061459353354669233e-03
-3.059505203829845921e-03,-2.790538699991060301e-03,-1.161101802388223025e-03,-4.353873815681238990e-03,5.791493905281094867e-03,1.183029303403609900e-04,5.564304076105558439e-03,7.339894795195395227e-04,6.527900435843281279e-03,5.302266259850405006e-03
-2.774161677181183339e-03,-2.762601222819321967e-03,-9.711426637343950619e-04,-4.658390786870483802e-03,5.892569671473918413e-03,4.192866393823851956e-04,5.467687324487005562e-03,7.472220340212221146e-04,6.796357774869338231e-03,5.219722482988395362e-03
-2.593012967815125358e-03,-3.096272357470744585e-03,-1.100916617160427324e-03,-4.715682789800598740e-03,5.915041444139457205e-03,6.978843714875171411e-04,5.707472176319158819e-03,7.751595111929604487e-04,6.573236724800674002e-03,5.342542833390875878e-03
-2.779079713665880136e-03,-3.098012942046327045e-03,-1.324717833974711767e-03,-4.710877984336989122e-03,5.771795312182831372e-03,8.878435101413451047e-04,5.417552174222545203e-03,8.334123625296369076e-04,6.780926202754000709e-03,5.489984560739194497e-03
-2.972339904460954974e-03,-3.327644289374695474e-03,-1.023734124932687561e-03,-4.474488108947516363e-03,5.742231554051971387e-03,1.488589197346637527e-03,5.445489651394283537e-03,8.537747936421119510e-04,6.853641968471255175e-03,5.676930592393492070e-03
-3.153831897732550793e-03,-3.520904480169770312e-03,-9.401442345735311346e-04,-4.438392581402911263e-03,5.938432734762313925e-03,1.264787980532353084e-03,5.467961424059822328e-03,8.555098066044819483e-04,7.332868602344708164e-03,5.686443121509676679e-03
-2.826356449071143473e-03,-3.592701881606361058e-03,-1.174571139946137266e-03,-4.262510685018885970e-03,5.965088477925456489e-03,1.774161808971580490e-03,5.419843732059184682e-03,8.259460484736219632e-04,7.189622470388082331e-03,5.818045171533017812e-03
-2.650474552687118179e-03,-3.681872876832623098e-03,-1.393798627721098971e-03,-4.124212304590577083e-03,6.037804243642710955e-03,1.721198695814690760e-03,5.657455597736282815e-03,1.021040908632364630e-03,7.337026201041929596e-03,6.009644304204558862e-03
-2.648739539724748182e-03,-3.710316667902335830e-03,-1.547259398865893920e-03,-4.097432861524058501e-03,6.432136339155306026e-03,1.404771000583393548e-03,5.677818028848757859e-03,8.738691026259487460e-04,7.178683948524583469e-03,6.278101643230615814e-03
-2.366789339496036537e-03,-3.868658920419681957e-03,-1.564299303205299307e-03,-3.859820995846960368e-03,6.402042611725444754e-03,1.452335791087722150e-03,5.606020627412167112e-03,4.182790084505672024e-04,7.325369801716608009e-03,6.073319032765589487e-03
-2.573869956218693966e-03,-4.173175891608926769e-03,-1.868816274394544119e-03,-3.490032527746919633e-03,6.202962149734203567e-03,1.380538389651131403e-03,5.845805479244320368e-03,3.096538338791809952e-04,7.102248751647943781e-03,5.992930864265097468e-03
-2.613924076117102313e-03,-4.494367868119075737e-03,-1.846344501729005327e-03,-3.160122370310186612e-03,6.230899626905941902e-03,1.332420697650493757e-03,5.993247206592638987e-03,2.292656653786889764e-04,7.210508375861027219e-03,5.787938474192330651e-03
-2.376312210440004180e-03,-4.538108035403110030e-03,-1.810248974184400228e-03,-3.004625339773067672e-03,6.044832881055187124e-03,1.300250824606524747e-03,6.073264922652463205e-03,3.600547458361413877e-05,7.134925390869545359e-03,6.138182931912247731e-03
-2.672726108508299836e-03,-4.648257967143645808e-03,-2.145878746630552891e-03,-2.722320439696626626e-03,6.309004140617358036e-03,1.512946273557885801e-03,5.837464757702442997e-03,-2.851865019265348300e-04,6.966330885330662692e-03,5.848262929815634115e-03
-2.644788631336561502e-03,-4.567880337003379920e-03,-2.364691380812078414e-03,-2.484708574019528493e-03,5.890205205694706847e-03,1.326879527707131023e-03,5.922245832189212966e-03,-3.823293525707927021e-04,7.347715637129034749e-03,5.643480319350607788e-03
-2.728607674462313337e-03,-4.664497088621932797e-03,-2.886432975115219013e-03,-2.567951303136320473e-03,5.864502751930553148e-03,1.218314694589231473e-03,6.095145695524203933e-03,-9.446007724206451073e-07,6.928916702206383560e-03,5.335481703701849820e-03
-3.083431222198521060e-03,-4.628401561077327697e-03,-2.754830925091877880e-03,-2.664568054754873350e-03,5.634871404602184719e-03,1.214322497552641766e-03,6.014757527023711914e-03,-3.739350337094715648e-04,6.624399731017138748e-03,5.527080836373390871e-03
-3.081696209236151063e-03,-4.739703734628578080e-03,-2.756571509667460340e-03,-2.616420792108747895e-03,5.591131237318150426e-03,1.242259974724380100e-03,6.190639423407737207e-03,-2.935574035692056771e-04,6.646871503682677540e-03,5.628156602566214417e-03
-3.221814795196037418e-03,-5.201819648427211118e-03,-2.867873683218710723e-03,-3.033702797807666385e-03,5.927292768796582623e-03,1.345094180627531832e-03,5.947617088788020867e-03,-2.731949724567306337e-04,6.674808980854415874e-03,5.185496541196918385e-03
-3.195035352129518835e-03,-5.268593654030345741e-03,-2.959641604553017724e-03,-3.086665910964556114e-03,6.228406683589135517e-03,1.381189708172136932e-03,6.020332854505275333e-03,-2.988974262208843324e-04,6.480678965668146274e-03,5.141756373912884093e-03
-3.261809357732653458e-03,-4.852150256840534470e-03,-3.086631131541520134e-03,-2.785682201922531909e-03,6.180288991588497871e-03,1.433228022430219073e-03,5.814074863937590543e-03,7.089104187915640232e-05,6.449862111155363342e-03,5.116053920148730394e-03
-3.401673837068935891e-03,-4.740706486081588955e-03,-2.953225052183233723e-03,-2.457226826149572219e-03,6.522841101897935978e-03,1.669617897819691832e-03,6.001020895591888116e-03,9.882851905089473643e-05,6.410190026045883838e-03,5.090351466384576695e-03
-3.210074704397394840e-03,-4.742447070657171415e-03,-3.050367902827491595e-03,-2.444926891935580993e-03,6.628297409718555966e-03,1.517695898317197867e-03,5.781371555609926549e-03,7.312606528674103767e-05,6.155093562791022488e-03,5.144466676084452628e-03
-3.433875921211679283e-03,-4.919978704524097246e-03,-3.311440182778485619e-03,-1.911825326675123393e-03,7.116956871705326648e-03,1.553791425861802966e-03,5.449223332736202741e-03,1.458418310039955035e-04,5.961833371995947650e-03,5.017477149095950217e-03
-3.237674740501336745e-03,-4.945681158288250945e-03,-3.341003940909345604e-03,-1.706516310917657875e-03,6.887325524376958219e-03,1.195463870559937414e-03,5.221309854736205791e-03,1.683136036695342952e-04,5.966638177459557268e-03,5.053572676640555317e-03
-3.047715601847508782e-03,-4.974124949357963676e-03,-3.368277748556705586e-03,-1.673405737275174276e-03,7.323752437326150333e-03,1.463921209585994365e-03,4.759193940937572753e-03,4.469113357746662407e-04,5.662121206270312457e-03,4.926583149652052906e-03
-3.130958330964300762e-03,-4.951653176692424885e-03,-3.479579922107955969e-03,-1.593028107134866755e-03,7.359847964870755432e-03,1.550666070416803488e-03,4.662577189319019877e-03,4.147883543622471469e-04,5.773564977029257972e-03,5.139278598603413961e-03
-3.160108914716630579e-03,-4.949918163730054887e-03,-3.325366695074924439e-03,-1.595583179969523036e-03,7.063434066802459776e-03,1.705673721877742910e-03,4.689356632385538459e-03,5.621920850160944116e-04,5.729824809745223679e-03,5.240354364796237507e-03
-2.840626331082354850e-03,-4.811619783301746001e-03,-3.506858688346520259e-03,-1.253031069660084929e-03,7.183272416306285546e-03,1.891603379366613158e-03,4.836798359733857078e-03,4.352025580275920014e-04,5.782406873942186332e-03,5.269750237357803679e-03
-2.738435050035945006e-03,-4.837322237065899699e-03,-3.426481058206254371e-03,-1.282181653412414746e-03,7.009629582623660982e-03,1.992679145559436704e-03,4.679675081814618776e-03,3.581035709837310232e-04,5.573745109112918095e-03,5.249401859316882302e-03
-2.834076324909520772e-03,-4.600932361676426940e-03,-3.125497349164230165e-03,-1.074492175459088039e-03,7.169399312990862305e-03,2.666356866441510487e-03,4.961979981891059821e-03,3.259336979397620127e-04,5.901233578448059069e-03,5.220958068247169570e-03
-3.295509306998040122e-03,-4.859784830323177207e-03,-3.236799522715480548e-03,-9.194845239981486174e-04,7.031399758762019170e-03,2.249074860742591997e-03,5.208166303062075619e-03,4.369192959619849770e-04,5.719741585176463250e-03,5.167994955090279841e-03
-3.387277228332347123e-03,-4.986774357311679617e-03,-3.360877152648850119e-03,-7.232833432878060798e-04,7.179209055166585474e-03,2.346245329306800853e-03,5.132294590106903365e-03,4.798782196027695512e-04,5.820817351369286796e-03,5.190466727755818632e-03
-3.412979682096500822e-03,-4.985039344349309620e-03,-3.320349655002136080e-03,-8.704551492942219637e-04,6.690715739907260318e-03,2.111818423934194722e-03,4.897867684734297233e-03,1.524976077204448499e-04,5.931802949391509761e-03,4.835643180019610909e-03
-3.364832419450375367e-03,-4.468357940453471233e-03,-3.292412177830397746e-03,-1.077535766016879393e-03,6.566638109973890747e-03,2.275711717428657854e-03,4.978245314874563121e-03,4.095144857614724243e-04,5.974365650745411260e-03,5.107426177575979942e-03
-3.014587961730458288e-03,-4.565500791097729105e-03,-3.375654906947189726e-03,-6.832036705042843217e-04,6.491055124982408886e-03,2.253585500009785969e-03,4.754444098060278678e-03,5.205000837836953886e-04,5.965705491759398793e-03,5.299025310247520992e-03
-3.034936339771379665e-03,-4.327888925420630972e-03,-3.312090556629398996e-03,-3.209777721504825099e-04,6.686149985141151553e-03,1.929137064171637661e-03,4.946043230731819729e-03,3.008507438017338220e-04,6.315949949479315872e-03,5.246062197090631263e-03
-3.501917236249887933e-03,-4.417059920646893012e-03,-3.535211606698063225e-03,-8.091767545269357154e-05,6.504657991869555733e-03,1.876173951014747932e-03,4.540908648363012334e-03,5.384626094788319550e-04,6.163844173919491576e-03,5.436021335744459226e-03
-3.314971204595590359e-03,-4.640180970715557240e-03,-3.943577026584640932e-03,-1.021428730947626651e-05,6.183466015359406764e-03,1.779557199396195055e-03,4.688350375711330953e-03,5.860273999831605574e-04,6.750067362967529516e-03,5.714619067849591172e-03
-3.234593574455324472e-03,-4.930100972812170856e-03,-3.823738677080815163e-03,-3.147312584987210782e-04,6.211835213757690988e-03,1.470270385559524495e-03,4.460436897711334003e-03,5.587535923358005752e-04,6.641442188396143309e-03,5.215939481225187468e-03
-3.331210326073877348e-03,-5.397081869290679124e-03,-4.022819139072056349e-03,-2.343536283584551905e-04,5.992185873775729421e-03,1.343280858571022085e-03,4.482908670376872795e-03,3.596731303445593886e-04,6.588479075239253580e-03,5.243876958396925803e-03
-3.379328018074514994e-03,-5.693495767358974780e-03,-4.048521592836210048e-03,-2.824713203590928368e-04,5.785105257053071992e-03,1.597761820417223366e-03,4.386291918758319919e-03,2.510479557731731814e-04,6.826974914766886782e-03,5.438971818555668469e-03
-3.100730285969383049e-03,-5.752439519195282069e-03,-4.046786579873840051e-03,-2.020936902188269491e-04,5.805467688165547036e-03,1.633857347961828466e-03,4.438873982955282571e-03,2.605604848893577907e-04,7.095432253792943733e-03,4.937049344918092997e-03
-3.020352655829117161e-03,-5.679723753478027604e-03,-4.336706581970453667e-03,-9.064991945988143396e-05,6.124892361259126616e-03,1.608154894197674767e-03,4.277398456986006292e-03,4.981723505664559237e-04,6.859819848402878839e-03,4.812971714984723426e-03
-3.219433117820358348e-03,-5.706997561125387586e-03,-4.654495684398005095e-03,-4.620879533715482879e-04,6.172457151763455219e-03,1.582452440433521068e-03,4.432406108446945714e-03,8.980693067987821632e-05,6.746197262162648145e-03,4.833334146097198469e-03
-3.096612767417877832e-03,-5.900257751920462423e-03,-4.878296901212289538e-03,-1.537428903097270982e-04,6.430495305094527381e-03,1.908405115010003428e-03,4.468501635991550813e-03,2.303292507674359335e-05,6.594275262660154180e-03,4.913711776237464357e-03
-3.058044947757049270e-03,-5.752448455515896120e-03,-4.797919271072023650e-03,-2.807324172982295085e-04,6.221467489867113509e-03,1.828016946509511409e-03,4.001520739513042546e-03,1.097777859075527163e-04,6.470197632726784609e-03,5.037940408120528124e-03
-2.903607256648829682e-03,-5.879437982504398530e-03,-4.512575744423361068e-03,-4.893941821274977455e-04,5.935706588485120672e-03,1.875581737013840011e-03,4.721861931462220663e-03,3.380144626073944281e-04,6.211345164080034342e-03,4.716748431610379155e-03
-3.085099249920425502e-03,-5.462994585314587259e-03,-4.401590146401138104e-03,-6.326403140841235784e-04,5.783784588982626707e-03,1.923728999659965466e-03,4.959473797139318796e-03,6.573652887280900803e-04,6.258909954584362945e-03,4.535256438338783336e-03
-3.032517185723462849e-03,-5.515957698471476989e-03,-4.251194225450241615e-03,-8.141323073557193979e-04,5.564971954801101184e-03,2.110891002077369683e-03,5.197085662816416929e-03,4.582848267368488937e-04,6.448869093238190908e-03,4.487138746338145689e-03
-3.121688180949724889e-03,-5.130813670183517750e-03,-4.378183752438744025e-03,-1.395371090684077720e-03,5.702671446097110075e-03,2.013748151433111810e-03,5.299276943862826772e-03,5.611190326400006256e-04,6.419718509485861091e-03,4.044092350054581675e-03
-2.839383280873283844e-03,-5.156516123947671448e-03,-4.403886206202897724e-03,-1.248685237492053179e-03,5.436369221779535632e-03,2.221437629386438517e-03,5.069645596534458343e-03,3.414696926580390590e-04,6.567160236834179710e-03,3.577111453576073408e-03
-2.837648267910913846e-03,-5.023110044589385037e-03,-4.042953607886673462e-03,-8.122583245428610654e-04,5.206737874451167203e-03,2.285001979704229247e-03,4.846524546465794114e-03,1.935670312879916866e-04,6.470543485215626833e-03,3.901663649867964656e-03
-2.431646715373339540e-03,-4.943092328529560819e-03,-4.185124422574196257e-03,-2.955769206470226784e-04,5.387886583817225183e-03,2.387306231136129830e-03,4.868996319131332906e-03,2.461490954849543389e-04,6.523125549412589486e-03,3.834889644264830033e-03
-1.942987253386568858e-03,-4.960132232868966207e-03,-4.158468679411053692e-03,-5.311893260370875725e-04,5.357069729304442252e-03,2.153011566633750151e-03,4.661749736310810688e-03,1.053669009488944486e-05,6.692068221337402201e-03,3.707900117276327623e-03
-2.232907255483182474e-03,-5.276559928100263419e-03,-4.110903888906725090e-03,-5.979633316402221954e-04,5.358804742266812249e-03,2.157816372097359769e-03,4.991659893747543708e-03,-3.758100190574820143e-05,6.739633011841730803e-03,3.709635130238697620e-03
-2.557355691321330782e-03,-5.458051921371859239e-03,-3.972605508478416203e-03,-4.220814352561969018e-04,5.333102288502658550e-03,1.938588884322398065e-03,4.805593147896788930e-03,1.435677074603097791e-04,6.656390282724938823e-03,3.966652008279725194e-03
-2.629153092757921528e-03,-5.923343686142903963e-03,-4.106639519900173729e-03,-4.368818400555807280e-04,5.791480671946236392e-03,2.025333745153207188e-03,4.338612251418280663e-03,4.005845855013373535e-04,6.564622361390631822e-03,3.979884562781407786e-03
-2.815219838608676306e-03,-5.895406208971165629e-03,-4.078270321501889506e-03,-2.623083372754464460e-04,5.761386944516375119e-03,1.944945576652715169e-03,4.418989881558546551e-03,2.073243947062625159e-04,6.592991559788916045e-03,3.947761581368988693e-03
-3.131647533839973518e-03,-5.478962811781354358e-03,-4.202347951435259077e-03,-4.206505897927925730e-04,5.490041396518305361e-03,1.645348950108510566e-03,4.225729690763471713e-03,2.800401604235169817e-04,6.679736420619725168e-03,3.851144829750435816e-03
-3.173150342632533039e-03,-5.559350980281846377e-03,-4.350250612805306449e-03,-3.178163838896408411e-04,5.363051869529802951e-03,1.982670760558302714e-03,3.821836816295540173e-03,3.600578764833411993e-04,6.281413786279152478e-03,3.657884638955360979e-03
-3.239924348235667662e-03,-5.411541683877280073e-03,-4.488250167034149585e-03,-4.993083771612366606e-04,5.238434057872456973e-03,1.908561337408423708e-03,4.368078140612130511e-03,1.408303887083794947e-04,6.494109235230513533e-03,3.915922792286433141e-03
-3.120085998731841892e-03,-5.782979717788946927e-03,-4.205945266957708539e-03,-5.522714903181263901e-04,5.095187925915831140e-03,1.910296350370793705e-03,4.238891035671807361e-03,1.123865976386667631e-04,6.536671936584415032e-03,3.839337685596716510e-03
-2.981787618303533005e-03,-6.104171694299095896e-03,-4.234389058027421271e-03,-6.763491202514959610e-04,5.396171634957855345e-03,1.538858316459126852e-03,3.980038567025057095e-03,-2.220879448416868129e-04,6.507521352832085215e-03,4.026283717251014083e-03
-3.007490072067686704e-03,-6.228249324232465467e-03,-4.198293530482816172e-03,-4.847499875799549107e-04,5.173050584889191117e-03,1.325981535468936934e-03,4.052754332742311560e-03,1.552392083541132006e-05,6.745133218509183348e-03,3.997839926181301351e-03
-2.860804218875662164e-03,-6.041087321815061251e-03,-4.464595754800390615e-03,-4.371851970756263084e-04,4.949249368074906674e-03,1.354350733867221157e-03,4.095317034096213060e-03,1.725893379778131731e-05,6.892574945857501967e-03,3.906072004846994350e-03
-3.165321190064906975e-03,-5.909485271791720118e-03,-3.893113184593482989e-03,-5.127681820671081692e-04,4.767757374803310855e-03,1.549445594025963824e-03,4.403662097158034250e-03,-2.726610682988322987e-04,6.796933670983926201e-03,3.910876810310603968e-03
-3.537634099910605401e-03,-5.881547794619981784e-03,-3.624655845567426038e-03,-5.400419897144681514e-04,4.451329679572013642e-03,1.440820419454577617e-03,4.802747551667069237e-03,-2.086541478945880268e-04,6.654762856296403406e-03,4.168914963641676130e-03
-3.568450954423388333e-03,-5.500163042821609727e-03,-3.696453247004016784e-03,-5.603903677553895291e-04,4.553520960618423485e-03,1.463292192120116408e-03,4.749784438510179507e-03,-1.700863282337594651e-04,6.587988850693268783e-03,3.847722987131527161e-03
-3.594153408187542031e-03,-5.083719645631798456e-03,-3.772036231995498645e-03,-4.048933372182705881e-04,4.257107062550127830e-03,1.459225368889177643e-03,4.364358336154283702e-03,-2.504744967342514839e-04,6.660704616410523249e-03,4.023604883515552455e-03
-3.246878386133522643e-03,-4.937033792439773916e-03,-3.691658601855191124e-03,-1.364359981922136367e-04,4.438255771916185810e-03,1.200372900242427376e-03,4.316240644153646056e-03,-1.121761163059425970e-04,7.007979638464542638e-03,4.417936979028147526e-03
-3.563306081364819855e-03,-5.160835009254058359e-03,-3.423201262829134173e-03,-3.923210816142025381e-04,4.619404481282243791e-03,1.528828276015387067e-03,4.338712416819184847e-03,-6.461132580161399463e-05,7.524661042360381025e-03,4.139249920717694153e-03
-3.786427131433484083e-03,-5.494506143905480977e-03,-3.032659351313207741e-03,-7.906437159547752280e-04,4.706149342113052914e-03,1.475865162858497337e-03,4.313009963055031148e-03,2.038460132244429568e-04,7.379221188648615870e-03,4.242649244268648090e-03
-4.018023194309452983e-03,-5.158344612427048781e-03,-2.864816295512717659e-03,-5.829542380014485214e-04,4.984767640362458563e-03,1.409091157255362714e-03,4.502969101708859112e-03,-1.047036506871545924e-04,7.407590387046900093e-03,3.923004141599670258e-03
-3.862526163772334042e-03,-5.492819154907402357e-03,-3.125888575463711683e-03,-4.795549144504945849e-04,4.765118300380496996e-03,1.556900453659929018e-03,4.244116633062108845e-03,8.689548198438645787e-05,7.487968017187165981e-03,4.061302522027979145e-03
-3.622741311940180786e-03,-5.619808681895932523e-03,-3.165942695362120030e-03,-2.419430487733964519e-04,4.921473794575803584e-03,1.583556196823071582e-03,4.330861493892917968e-03,-2.152114660901316423e-05,7.677927155840993945e-03,3.748818721359056805e-03
-3.342774833560241410e-03,-5.743886311829302094e-03,-2.749499298172308759e-03,-2.194712761078576602e-04,4.407019421812444215e-03,1.647120547140862312e-03,4.645019259274199563e-03,-4.069472489649089697e-04,7.982988179912622884e-03,3.716648848315087794e-03
-3.531227803051553704e-03,-5.605587931400993207e-03,-2.448515589130284553e-03,4.898606291819929126e-05,4.280029894823941805e-03,1.438092731913448441e-03,4.672956736445937898e-03,-6.300682990335731981e-04,8.307540376204514132e-03,3.848250898338428927e-03
-3.529492790089183707e-03,-5.828708981469657435e-03,-2.310816097834275662e-03,2.044830934553182322e-04,4.231912202823304159e-03,1.510808497630702907e-03,4.624839044445300251e-03,-1.035202881402380592e-03,7.922114273848618327e-03,3.950903328092919553e-03
-3.456777024371929241e-03,-5.827763808423980230e-03,-2.297583543332593070e-03,1.377090878521836093e-04,4.025654212255619369e-03,1.612999778677112750e-03,4.893296383471357203e-03,-1.216694874673976412e-03,7.882060153950209980e-03,4.098345055441238172e-03
-3.308967727967362937e-03,-5.939065981975230613e-03,-2.527214890660961499e-03,1.660782862504678326e-04,4.052433655322137951e-03,1.587297324912959051e-03,4.810053654354565222e-03,-1.245845458426306229e-03,8.073659286621751030e-03,3.854355108840801236e-03
-3.532768944781647380e-03,-5.837990215782407066e-03,-2.474632826463998847e-03,2.464559163907753536e-04,3.518883158018792923e-03,1.301095617764411183e-03,4.921497425113510737e-03,-1.219066015359787647e-03,8.269860467332093568e-03,4.090744984230273995e-03
-3.366349058567377761e-03,-5.757612585642141179e-03,-2.601622353452501257e-03,5.250536484959072991e-04,3.366961158516298958e-03,1.323567390429949975e-03,4.841109256613018719e-03,-1.196594242694248855e-03,8.317425257836422170e-03,4.544645178996831181e-03
-3.474974233138763968e-03,-5.684896819924886713e-03,-2.490178582693555742e-03,3.062410143143817765e-04,3.469152439562708801e-03,1.387131740747740705e-03,4.779792616538838801e-03,-1.320671872627618426e-03,8.350248686132641374e-03,4.458718117321736063e-03
-3.128218810523553106e-03,-5.927919154544603053e-03,-2.556952588296690365e-03,1.724043125136964782e-06,3.491624212228247592e-03,1.359857933100380722e-03,4.555340364106624795e-03,-1.133725840973320853e-03,8.168756692861045554e-03,3.991737220843227796e-03
-3.363831215913618000e-03,-6.186771623191353320e-03,-2.495202202118573798e-03,-2.073037721022769064e-04,3.170432235718098624e-03,1.527700988900870804e-03,4.373848370835028976e-03,-1.242290674091220404e-03,8.151716788521640167e-03,3.993472233805597793e-03
-3.762153850254190690e-03,-6.405584257372878842e-03,-2.766547750116643556e-03,-2.554214641029145527e-04,3.408044101395196757e-03,1.060720092422362537e-03,4.325730678834391330e-03,-9.061291426127882076e-04,8.307213819058759108e-03,4.261929572831654744e-03
-3.606656819717071749e-03,-6.431286711137032541e-03,-2.792250203880797255e-03,-2.168536444420859910e-04,3.672215360957367669e-03,1.164119415973316474e-03,4.144238685562795510e-03,-1.140556047985394339e-03,8.387591449199024995e-03,4.467238588589120263e-03
-3.825884307492033454e-03,-6.383003780366741653e-03,-2.439983870346232320e-03,-1.054098736831404759e-04,3.863814493628936475e-03,7.938169110217330182e-04,4.017249158574293100e-03,-1.559354982908045528e-03,8.260601922210522585e-03,4.328558576978183692e-03
-3.543579407415592408e-03,-6.408706234130895352e-03,-2.417512097680693528e-03,2.818173433578874398e-04,3.466207830597894946e-03,1.109210230940266273e-03,3.950475152971158477e-03,-1.815240066330034430e-03,8.163985170591969709e-03,4.629542286020207897e-03
-3.596542520572482138e-03,-6.439523088643678284e-03,-2.446662681433023345e-03,2.950498978595700317e-04,3.508770531951796445e-03,1.515211783477840579e-03,3.722561674971161527e-03,-1.928862652570265124e-03,8.462555623395998095e-03,4.677107076524536500e-03
-3.790672535758751738e-03,-6.548148263215064491e-03,-2.527050849933515364e-03,8.638813303030179469e-05,3.384692902018426874e-03,1.467094091477202933e-03,3.595572147982659117e-03,-2.233379623759509935e-03,8.436853169631844396e-03,4.647956492772206682e-03
-3.843635648915641467e-03,-6.734215009065819268e-03,-2.557867704446298296e-03,-1.226396821971120765e-04,3.326660988045626599e-03,1.068771457136630243e-03,4.043843470566063636e-03,-2.078371972298570514e-03,8.237772707640603209e-03,4.652761298235816301e-03
-3.386617422790616505e-03,-6.892557261583165396e-03,-2.681945334379667867e-03,-2.496292091856144868e-04,2.911542947238748846e-03,1.001997451533495620e-03,4.406069368919865448e-03,-2.134078007815592981e-03,8.013971490826318766e-03,4.433111958253854734e-03
-3.218774366990126423e-03,-7.019546788571667806e-03,-3.148926230858176134e-03,-4.544118196506408136e-04,2.934014719904287638e-03,1.383382203331867677e-03,4.184241176640124404e-03,-2.245380181366843364e-03,7.819841475640049167e-03,4.691150111584926896e-03
-3.171209576485797821e-03,-7.159411267907950238e-03,-3.275915757846678544e-03,-4.068470291463122113e-04,3.192052873235359800e-03,1.385117216294237674e-03,4.220336704184729504e-03,-2.600203729103051087e-03,7.867988738286174621e-03,4.838591838933245515e-03
-3.196912030249951520e-03,-7.203151435191984531e-03,-3.430265835909940275e-03,-3.737364555038286129e-04,3.342448794186256289e-03,1.539330443327269204e-03,4.190242976754868232e-03,-2.480365379599225317e-03,7.743911108352805051e-03,4.762006732243528884e-03
-3.528182405505828068e-03,-7.251269127192622177e-03,-3.291967455481631388e-03,-2.403303761455422016e-04,3.191827677465328139e-03,1.415252813393899634e-03,3.982996393934346013e-03,-2.502491597018097202e-03,7.520790058284140822e-03,5.104558842552966991e-03
-3.576300097506465714e-03,-7.045960111435156659e-03,-2.990983746439607183e-03,5.855945025473596743e-06,3.294131928897228723e-03,1.275134227434013279e-03,3.516015497455837746e-03,-2.315545565363799629e-03,7.216273087094896010e-03,4.705553728794276136e-03
-3.671941372380041479e-03,-7.170037741368526230e-03,-3.184243937234682020e-03,-1.211335819630288135e-04,3.631453739347020870e-03,1.691577624623824549e-03,3.558578198809739246e-03,-2.497037558635395449e-03,6.986641739766527581e-03,4.785931358934542024e-03
-3.651578941267566436e-03,-6.943859614681247017e-03,-3.308321567168051591e-03,4.670947383746126835e-05,3.425195748779336080e-03,1.877507282112694798e-03,3.611160263006701898e-03,-2.469100081463657115e-03,6.846777260430245149e-03,4.530834895679680674e-03
-3.833070934539162256e-03,-6.706247749004148884e-03,-3.361284680324941321e-03,-1.659247349267978233e-04,3.220413138314309753e-03,1.897869713225169841e-03,3.639097740178440232e-03,-2.321290785059090811e-03,6.919493026147499615e-03,4.858310344341087994e-03
-3.379170739772605070e-03,-6.833237275992651294e-03,-3.313719889820612718e-03,-3.519914807775526011e-04,2.941726080003856381e-03,2.052877364686109263e-03,3.975259271656872428e-03,-2.645464243692788320e-03,7.066934753495818233e-03,4.649282529113674123e-03
-3.231729012424286451e-03,-6.416793878802840023e-03,-3.543351237148981148e-03,-3.776939345417062999e-04,2.830423906452605998e-03,1.569127414271148657e-03,3.927141579656234782e-03,-2.864276877874313842e-03,7.386285579616513886e-03,4.522293002125171713e-03
-3.189166311070384952e-03,-6.528096052354090406e-03,-3.291556171245851870e-03,-2.393955541133974130e-04,3.246867303642417268e-03,1.750276123637206638e-03,4.108290289022292763e-03,-2.988354507807683413e-03,7.290236760622653689e-03,4.550230479296910047e-03
-2.933416413182440841e-03,-6.751217102422754635e-03,-3.136548519784912448e-03,-2.376605411510274157e-04,3.438466436313958319e-03,1.976952611816781835e-03,4.209366055215116309e-03,-3.115344034796185824e-03,7.736636563274140732e-03,4.458462557962603046e-03
-2.693631561350287584e-03,-6.982813165298723534e-03,-3.137294835374990210e-03,-2.580089191919487934e-04,3.785221858929169181e-03,1.986465140932966444e-03,4.261948119412078961e-03,-3.137470252215057709e-03,7.625068396721210173e-03,4.567386742425030843e-03
-2.439150599504086303e-03,-7.287330136487968346e-03,-2.880346395369007273e-03,-2.039705351485066043e-05,3.461088997621625252e-03,2.124763521361275331e-03,4.186365134420597101e-03,-3.163172705979211408e-03,7.594251542208427241e-03,4.705685122853339730e-03
-2.182133721463058729e-03,-7.239765345983639744e-03,-3.007335922357509683e-03,-6.045117341325900728e-05,3.223569599086262283e-03,2.109963116561891505e-03,4.094597213086290100e-03,-2.757171153441637101e-03,7.338366458786438340e-03,4.383709255493709045e-03
-2.580456355803631419e-03,-7.529685348080253360e-03,-2.395041989372292957e-03,4.174010763315083583e-05,3.413528737740090246e-03,1.998660943010641122e-03,3.875784578904764577e-03,-2.897035632777919534e-03,7.485808186134756959e-03,4.522007635922017932e-03
-2.633419468960521148e-03,-7.697260503861227954e-03,-2.490683264245868722e-03,2.286861392874484089e-04,3.214448275748849060e-03,1.967844088497858190e-03,3.748795051916262167e-03,-2.443135438011362348e-03,7.414010784698166212e-03,4.200815659411868963e-03
-2.510599118558040632e-03,-7.550574650669203414e-03,-2.714484481060153165e-03,3.669845197157572958e-04,3.505671394011575237e-03,2.287194914618553843e-03,4.143127147428857238e-03,-2.496098551168252078e-03,7.365893092697528566e-03,3.876367223573720655e-03
-2.607215870176593508e-03,-7.770223990651164980e-03,-2.384574323623420145e-03,6.045963853928554288e-04,3.653480690416141541e-03,2.538989980521683121e-03,3.887242064006868336e-03,-2.232609251760733771e-03,7.083446428936629458e-03,3.898838996239259447e-03
-2.450860375981286920e-03,-7.667389784748013248e-03,-2.336291392853129256e-03,4.932942118416050459e-04,3.905275756319270819e-03,2.640065746714506667e-03,4.035051360411434640e-03,-2.359598778749236181e-03,7.085181441898999455e-03,4.177477135380233686e-03
-2.670087863756248625e-03,-7.511034290552706660e-03,-2.288144130207003801e-03,4.675917580774513471e-04,3.933644954717555042e-03,2.787875043119072971e-03,3.892880545723911845e-03,-2.903169899110921715e-03,6.699755339543103649e-03,4.080334284735975814e-03
-2.863348054551323463e-03,-7.746646695942771554e-03,-2.883972973112103322e-03,5.883280260871731615e-04,3.710523904648890814e-03,2.898860641141295935e-03,3.833084342458381588e-03,-3.274607933022588568e-03,6.476634289474439421e-03,4.122896986089877314e-03
-2.892911812682183448e-03,-7.604367235459555396e-03,-2.706303204597027001e-03,7.357697534354917801e-04,3.583534377660388404e-03,3.086022643558700151e-03,3.944069940480604552e-03,-3.171208609471634632e-03,6.290567543623684643e-03,4.261195366518186201e-03
-2.754613432253874561e-03,-7.347418795453572460e-03,-2.929424254665691230e-03,5.621269197528672157e-04,3.479021016328465166e-03,3.354479982584757103e-03,3.913253085967821621e-03,-3.430061078118384899e-03,6.391643309816508189e-03,4.562179075560210406e-03
-2.989040337626480692e-03,-7.414192801056707083e-03,-3.056413781654193640e-03,5.982224472974723151e-04,3.270359251499196929e-03,3.265308987358495063e-03,3.690132035899157392e-03,-3.525702352991960664e-03,6.192562847825267003e-03,4.498972467143702580e-03
-3.170532330898076512e-03,-7.722191416705465050e-03,-3.342174683036186478e-03,3.785731073155107484e-04,3.640147719599237663e-03,3.071178972172225463e-03,3.477255254908967474e-03,-3.273907287088831386e-03,6.245144912022229655e-03,4.567230621824874826e-03
-3.038930280874735379e-03,-7.956618322078071182e-03,-3.313805484637902254e-03,4.010448799810495402e-04,3.726892580430046786e-03,3.328195850213253038e-03,3.505192732080705809e-03,-3.371050137733089258e-03,6.392586639370548274e-03,4.619812686021837478e-03
-2.927486510115789864e-03,-7.818319941649762295e-03,-3.212729718445078708e-03,3.529271879804118939e-04,3.329285917399005257e-03,3.734197402750827344e-03,3.541288259625310908e-03,-3.284305276902280135e-03,6.173774005189022751e-03,4.413554695454152688e-03
-3.024103261734342740e-03,-7.498969115529066642e-03,-2.728390206541350671e-03,4.010744506265373488e-04,3.351757690064544049e-03,3.835273168943650890e-03,3.444671508006758032e-03,-3.315122131415063067e-03,6.260518866019831874e-03,4.391428478035280802e-03
-3.210170007585097518e-03,-7.650891115031560608e-03,-2.786422120514150946e-03,4.371699781711424482e-04,3.652741399106568254e-03,3.837008181906020887e-03,3.391708394849868302e-03,-3.386585335888175896e-03,6.407960593368150493e-03,3.993105843694708113e-03
-3.293412736701889498e-03,-7.608328413677659108e-03,-2.758052922115866723e-03,2.183573439896169255e-04,3.807749050567507676e-03,3.512834723272323378e-03,3.295659575856008106e-03,-3.540267342292027775e-03,6.352254557851128025e-03,4.250122721735735687e-03
-3.219345709699825142e-03,-7.675102419280793731e-03,-2.887240027056189873e-03,4.818466433971352325e-04,3.588936416385982153e-03,3.535306495937862170e-03,3.299417328652048953e-03,-3.830187344388641391e-03,6.323103974098798208e-03,4.123218832260244771e-03
-2.940130428836465470e-03,-7.395887138417434059e-03,-3.045582279573536000e-03,3.732818102792356818e-04,3.690012182578805700e-03,3.716455205303920151e-03,3.410861099410994468e-03,-4.220286591336136484e-03,6.293953390346468391e-03,4.136451386761927362e-03
-2.887548364639502818e-03,-7.293582886985533476e-03,-3.311884503891110443e-03,4.842674083014586461e-04,3.490931720587564513e-03,3.456526220950745243e-03,3.446956626955599567e-03,-4.052443535535646402e-03,6.441395117694787009e-03,3.878916492715003828e-03
-2.814832598922248352e-03,-7.039101925139332194e-03,-3.531533843873072009e-03,8.694114365894178853e-04,3.442814028586926867e-03,3.989627786211202842e-03,3.075518593043932714e-03,-4.003040833229276618e-03,6.349627196360480008e-03,3.615632068157292878e-03
-2.923249227515647974e-03,-7.135718676757885071e-03,-3.866008386353425585e-03,1.107023302266516018e-03,3.634413161258467917e-03,4.012099558876741634e-03,3.008744587440798091e-03,-4.130030360217779029e-03,6.278163991887367179e-03,3.472385936200667045e-03
-3.047326857449017545e-03,-7.166535531270668002e-03,-3.565024677311401380e-03,5.852817079633754194e-04,3.636148174220837914e-03,3.874100004647898499e-03,3.156186314789116709e-03,-4.185736395734801496e-03,6.287676521003551788e-03,3.834611834554468857e-03
-3.187445443408903900e-03,-7.564142194301709532e-03,-3.544662246198926336e-03,5.561311242110456021e-04,3.610445720456684215e-03,4.003599329421736464e-03,3.089412309185982086e-03,-4.340086473798063227e-03,6.649902419357353600e-03,3.808909380790315158e-03
-3.368937436680499720e-03,-7.745634187573305351e-03,-3.627904975315718317e-03,4.320534942776760312e-04,3.683161486173938681e-03,4.030255072584879028e-03,3.162128074903236552e-03,-4.259708843657797339e-03,6.672374192022892392e-03,3.684831750856945587e-03
-3.178978298026671756e-03,-7.598192460224986733e-03,-3.541160114484909194e-03,6.189995259319736043e-04,3.556171959185436271e-03,4.110632702725144916e-03,3.234843840620491018e-03,-4.468370608487065576e-03,6.726689294088289417e-03,3.874790889510773551e-03
-3.406891776026668706e-03,-7.525476694507732267e-03,-3.895983662221116917e-03,8.140943860907162710e-04,3.467000963959174231e-03,4.347022578114617675e-03,3.145672845394228978e-03,-4.387992978346799688e-03,6.599699767099787007e-03,3.983050513723856989e-03
-3.601021791212938306e-03,-7.503004921842193475e-03,-3.772111958680102184e-03,9.704498802860228590e-04,3.011410869783792688e-03,4.373678321277760239e-03,2.959606099543474200e-03,-4.335410914149837036e-03,6.202093104068745477e-03,4.291501349830542655e-03
-3.887223498361486174e-03,-7.316058890187895902e-03,-3.471128249638077978e-03,1.274013879918031722e-03,3.091788499924058575e-03,4.116143427230836704e-03,3.154700959702216867e-03,-4.078394036108809462e-03,6.075103577080243067e-03,3.986984378641297844e-03
-3.953997503964620797e-03,-7.345209473940225720e-03,-3.500278833390407796e-03,9.939824890696918880e-04,2.980486326372808192e-03,4.188859192948091170e-03,3.063794261626867632e-03,-4.098742414149730839e-03,6.242946632880733149e-03,4.088060144834121390e-03
-3.806555776616302178e-03,-7.137519995986899013e-03,-3.427563067673153330e-03,7.751698548881663653e-04,3.271709444635534370e-03,3.817421159036424316e-03,2.851160052862608540e-03,-3.678616692260466836e-03,6.525251532957174194e-03,4.196319769047204828e-03
-3.859518889773191908e-03,-7.110864252823756448e-03,-3.458379922185936262e-03,5.936778616165705458e-04,3.641497912735575104e-03,3.635929165764828497e-03,2.754017202218350668e-03,-3.284284596747871765e-03,6.605629163097440082e-03,4.248901833244167481e-03
-3.846286335271509316e-03,-7.317122243391441239e-03,-2.974040410282208224e-03,6.970771851675244823e-04,3.762234180745296919e-03,3.998155064118630309e-03,2.432825225708201700e-03,-3.203906966607605877e-03,6.906612872139464288e-03,4.396711129648733785e-03
-3.792171125571633383e-03,-7.296759812278966195e-03,-3.167300601077283062e-03,2.317854203964797577e-04,3.930077236545787001e-03,4.118891332128352123e-03,2.670437091385299833e-03,-3.175537768209321654e-03,7.207596581181488493e-03,4.556480860015935108e-03
-3.509866225495192338e-03,-7.038721658947894033e-03,-3.169041185652865522e-03,2.678809479410848571e-04,3.669004956594792977e-03,4.274388362665471064e-03,2.949652372248659504e-03,-3.206354622722104586e-03,6.874377471854889454e-03,4.427293755075611958e-03
-4.021825793865396736e-03,-6.900423278519585146e-03,-2.914560223806664241e-03,7.672152519738184573e-04,3.616041843437903247e-03,4.177771611046918188e-03,3.105149402785778445e-03,-3.530803058560252894e-03,7.069472332013632121e-03,4.788226353391836221e-03
-4.207892539716151514e-03,-7.124224495333869589e-03,-2.894197792694189197e-03,5.681347899825772707e-04,3.504739669886652864e-03,3.856579634536769219e-03,3.293980886837619138e-03,-3.578920750560890540e-03,6.972855580395079245e-03,4.824321880936441320e-03
-4.160327749211822912e-03,-7.199807480325351450e-03,-3.032197346923032333e-03,7.695680252488290574e-04,3.591151677049292390e-03,4.250911730049364290e-03,3.485580019509160188e-03,-3.645694756164025163e-03,6.779595389600004407e-03,4.615294065709027449e-03
-4.271629922763073295e-03,-7.393937495511621050e-03,-3.156274976856401904e-03,8.499456553890949451e-04,3.486638315717369152e-03,4.371647998059086104e-03,3.459877565745006489e-03,-3.664219959261638682e-03,6.753892935835850708e-03,4.562330952552137719e-03
-4.398619449751575705e-03,-7.371465722846082258e-03,-3.113712275502500404e-03,3.885126733005755950e-04,3.624936696145678039e-03,4.203053492520203438e-03,3.582697916147487005e-03,-3.736017360698229428e-03,6.572400942564254889e-03,4.376264206701382942e-03
-4.770057483663242559e-03,-7.323318460199956803e-03,-3.050147925184709674e-03,-4.339777150387524873e-05,3.362153103132342613e-03,4.177351038756049739e-03,3.553547332395157188e-03,-4.032431258766525084e-03,6.891897533228719119e-03,4.644721545727439893e-03
-4.969137945654483746e-03,-7.082511553704221030e-03,-3.048412912222339677e-03,-7.421462601665818060e-05,3.613948169035471891e-03,4.250066804473304205e-03,3.592115152055985750e-03,-4.353623235276674053e-03,7.290982987737754106e-03,4.800218576264558834e-03
-5.182014726644673663e-03,-7.256154387386845594e-03,-3.247493374213580863e-03,1.253023481415094231e-05,3.584797585283142074e-03,4.172269341166351397e-03,3.465125625067483339e-03,-4.333913986507023641e-03,7.749608282942063719e-03,5.161151174580783096e-03
-4.990415593973132613e-03,-7.169409526556036472e-03,-3.571941810051729171e-03,1.599719621624695609e-04,3.779892445441884741e-03,4.440726680192408349e-03,3.093687591155816485e-03,-4.301090558210804438e-03,7.622618755953561309e-03,4.937349957766498654e-03
-5.021232448485915545e-03,-7.149047095443561428e-03,-3.399041946716738205e-03,-1.948515855737381619e-04,3.822455146795786241e-03,4.205114274802343455e-03,2.997070839537263609e-03,-4.105995698052061771e-03,7.675200820150523962e-03,4.965719156164782877e-03
-5.240881788467877112e-03,-7.453564066632806240e-03,-3.350894684070612750e-03,-5.938566993324290166e-04,3.969896874144104859e-03,4.121871545685551474e-03,3.179211665219477956e-03,-4.135146281804391588e-03,7.680005625614133580e-03,5.010383742855381572e-03
-4.941872493743698636e-03,-7.091338168279004428e-03,-3.230158416060890936e-03,-6.468198124893187462e-04,3.974701679607714477e-03,4.038052502559799639e-03,2.985951474424403118e-03,-4.164296865556721405e-03,7.962310525690574625e-03,5.157069596047406113e-03
-5.052022425484234414e-03,-6.901379029625176464e-03,-3.382080415563384901e-03,-8.699408625579829746e-04,3.847712152619212067e-03,3.713604066721651331e-03,3.058667240141657584e-03,-4.121734164202819906e-03,7.701238245739580601e-03,5.757815283252698535e-03
-5.095762592768268706e-03,-7.054839800769971414e-03,-3.353711217165100678e-03,-1.194114321191680483e-03,3.302425304494469027e-03,4.119605619259225637e-03,2.742239544910360372e-03,-4.245811794136189476e-03,8.100323700248615588e-03,5.811930492952574467e-03
-5.192905443412526578e-03,-7.018744273225366315e-03,-3.172562507799042697e-03,-7.950288666826454964e-04,3.497520164653211694e-03,3.938113625987629818e-03,2.845073750813512103e-03,-3.994016728233060198e-03,8.494655795761210659e-03,5.625863747101819690e-03
-5.223722297925309510e-03,-7.115887123869624187e-03,-3.201713091551372514e-03,-5.667921899828037846e-04,3.345598165150717729e-03,3.842472351114054052e-03,2.690723672750250373e-03,-4.217137778301724427e-03,8.178228100529913447e-03,5.654232945500103913e-03
-5.458149203297915641e-03,-7.345518471197992616e-03,-3.383205084822968334e-03,-6.197553031396935141e-04,3.425615881210541946e-03,4.030802905949898429e-03,2.858566728550740454e-03,-4.283911783904859050e-03,8.220790801883814947e-03,5.778104649041118646e-03
-5.338310853794089872e-03,-7.034154024459476906e-03,-3.071161598787036651e-03,-9.055162045216863520e-04,3.704213613315673892e-03,4.111180536090164317e-03,2.881038501216279246e-03,-4.200321893545702623e-03,7.865967254147607224e-03,6.057319929904478317e-03
-5.719245922528606862e-03,-6.718760704540943651e-03,-3.392353575297185619e-03,-8.830444318561475603e-04,3.552107837755849595e-03,4.071508450980684812e-03,2.882773514178649243e-03,-4.173666150382560058e-03,8.103579119824705357e-03,6.031617476140324619e-03
-5.696774149863068071e-03,-7.116367367571985181e-03,-3.344788784792857017e-03,-9.131381592860088325e-04,3.830613958091172444e-03,4.051160072939763435e-03,2.918869041723254343e-03,-4.026980297190535518e-03,7.779405661191007848e-03,6.059986674538608842e-03
-5.558475769434759184e-03,-6.773815257262547074e-03,-3.197347057444538398e-03,-9.714308722453268707e-04,3.853085730756711236e-03,4.103198387197845576e-03,2.870751349722616697e-03,-3.762809037628364606e-03,7.750255077438678031e-03,5.976743945421816862e-03
-5.368516630780931220e-03,-6.821932949263184720e-03,-3.174875284778999607e-03,-9.489590995797880790e-04,3.905667794953673888e-03,4.019955658081053596e-03,2.918316140226945299e-03,-3.743099788858714194e-03,7.718132096026258937e-03,5.815268419452540583e-03
-5.588165970762892787e-03,-7.143124925773333689e-03,-2.866530221717178417e-03,-8.015173722314694604e-04,3.596380981117003328e-03,4.215050518239796262e-03,2.761192862307706997e-03,-4.311205131974998883e-03,7.670014404025621291e-03,5.161356635049546560e-03
-5.151739057813700673e-03,-7.100562224419432189e-03,-2.728231841288869530e-03,-8.544804853883591900e-04,3.581580576317619502e-03,4.483507857265853214e-03,2.538071812239042768e-03,-4.454451263931624716e-03,7.351844739723403799e-03,5.308042488241571100e-03
-5.370551691995226196e-03,-7.103117297254088469e-03,-2.538272702635041567e-03,-1.073293119569884713e-03,3.505997591326137641e-03,4.556223622983107679e-03,2.462488827247560907e-03,-4.710336347353613617e-03,7.209673925035881004e-03,5.277225633728788168e-03
-5.666965590063521852e-03,-7.279443297860607731e-03,-2.761393752703705795e-03,-1.197370749503254284e-03,3.922440988515948912e-03,4.535875244942186302e-03,2.309028056102765958e-03,-4.708601334391243620e-03,7.117906003701574003e-03,4.896290564994271177e-03
-5.528667209635212965e-03,-6.712640951056655925e-03,-2.954653943498780633e-03,-1.373696750109773546e-03,4.200947108851271761e-03,4.214683268432037333e-03,2.566044934143793532e-03,-4.784184319382725481e-03,7.069788311700936356e-03,4.606370562897657561e-03
-5.417681611612990000e-03,-6.820070733613653458e-03,-3.278827402132478142e-03,-1.351224977444234754e-03,4.408636586804598467e-03,3.953610988481043309e-03,2.704343314572102419e-03,-4.711468553665471015e-03,7.040224553570076371e-03,4.642466090442262661e-03
-5.365099547416027348e-03,-7.006137479464408235e-03,-3.464894147983232919e-03,-9.902923791280104915e-04,4.126189923043699359e-03,3.760350797685968471e-03,2.651380201415212690e-03,-4.663903763161142413e-03,6.841144091578835185e-03,4.829412122096560234e-03
-5.317534756911698746e-03,-6.643059613278434750e-03,-3.982803029833878461e-03,-1.276053280510003329e-03,4.209385640433910281e-03,3.470430795589354855e-03,2.838326233069510263e-03,-4.730677768764277036e-03,6.815441637814681486e-03,5.024506982255302900e-03
-5.170093029563380127e-03,-6.901912081925185016e-03,-3.449701464573420862e-03,-1.462120026360758107e-03,4.608471094942945268e-03,3.492902568254893647e-03,3.286597555652914782e-03,-4.949905256539238740e-03,6.606779872985413249e-03,4.703315005745153932e-03
-5.223056142720269857e-03,-6.918951986264590404e-03,-3.302259737225102243e-03,-1.833558060272424961e-03,4.582768641178791569e-03,3.382752636514357869e-03,3.803278959548753169e-03,-5.131397249810834560e-03,6.479790345996910839e-03,4.769481653116663944e-03
-5.150340377003015391e-03,-7.142753203078874846e-03,-3.001276028183078037e-03,-2.204996094184091815e-03,4.553618057426461752e-03,3.409408379677500434e-03,3.436238982456471525e-03,-5.312889243082430379e-03,6.298298352725315019e-03,4.805577180661269043e-03
-5.245981651876591156e-03,-7.168455656843028545e-03,-3.049393720183715684e-03,-2.127518537805447862e-03,4.464447062200199712e-03,3.151873485630576899e-03,3.623400984873875741e-03,-5.421514417653816587e-03,6.174220722791945448e-03,4.943875561089577930e-03
-4.757880661907881725e-03,-7.200625529886997556e-03,-2.893038225988409096e-03,-2.346746025580409567e-03,4.435296478447869895e-03,3.302269406581473388e-03,3.703778615014141629e-03,-5.888495314132324854e-03,6.320906575983969988e-03,4.750615370294503093e-03
-4.816173374867199763e-03,-7.068295121197734621e-03,-2.899714566953079387e-03,-2.260001164749600444e-03,4.257764844580944064e-03,3.493868539253014438e-03,3.683430236973220251e-03,-5.750196933704015967e-03,6.267943462827080259e-03,4.623625843306000682e-03
-4.846990229379982695e-03,-6.964895797646780684e-03,-3.316996572651997877e-03,-2.258266151787230447e-03,4.686952723048434799e-03,3.794852248295038644e-03,3.458977984541006245e-03,-5.595189282243076545e-03,6.459542595498621309e-03,4.597923389541846984e-03
-5.033056975230737473e-03,-7.116817797149274649e-03,-3.644377184534322578e-03,-2.020654286110132314e-03,4.529829445129196497e-03,3.847434312492001296e-03,3.809222442260923325e-03,-5.559093754698471446e-03,6.532258361215875775e-03,4.450020728171799611e-03
-4.978941765530861541e-03,-7.268739796651768614e-03,-3.999200732270530301e-03,-2.522576759747707786e-03,4.208637468619047528e-03,3.738869479374101745e-03,3.581308964260926375e-03,-5.867092370347229413e-03,6.394258806987032639e-03,4.153606830103503955e-03
-5.075558517149414417e-03,-7.130441416223459727e-03,-3.851759004922211682e-03,-2.649566286736210197e-03,3.881575131728501327e-03,3.818887195433925963e-03,3.758978732776002696e-03,-5.728793989918920526e-03,6.554028537354233963e-03,4.126333022456143973e-03
-5.395893230024151332e-03,-7.227058167842012604e-03,-3.918533010525346305e-03,-3.007893842038075749e-03,3.784958380109948450e-03,3.812210854469255672e-03,4.073136498157284291e-03,-5.690226170258091964e-03,6.596591238708135463e-03,3.999343495467641563e-03
-5.127435890998094381e-03,-6.693956602581555004e-03,-3.944235464289500004e-03,-3.226706476219601272e-03,3.827521081463849950e-03,3.582579507140887243e-03,3.921214498654790326e-03,-5.589150404065268418e-03,6.669307004425389929e-03,4.137641875895950450e-03
-5.332218501463120708e-03,-6.635194681202258304e-03,-4.071224991278002414e-03,-3.095104426196260139e-03,3.799077290394137218e-03,3.851036846166944194e-03,3.454233602176282059e-03,-5.541585613560939816e-03,6.512183726506151626e-03,4.218019506036216337e-03
-5.279636437266158056e-03,-6.612722908536719513e-03,-4.299138469277999364e-03,-2.812799526119819093e-03,3.800812303356507216e-03,3.893599547520845694e-03,3.437193697836876671e-03,-5.394899760368915276e-03,6.481366871993368695e-03,3.820412843005174808e-03
-5.092474434848753839e-03,-6.796384612436784378e-03,-4.245023259578123431e-03,-2.662403605168922605e-03,3.989643787408347908e-03,3.873251169479924316e-03,3.459665470502415463e-03,-5.292708479322505433e-03,6.668312903647666268e-03,3.847192286071693390e-03
-4.900875302177212789e-03,-6.517169331573424707e-03,-4.398484030722918381e-03,-2.506906574631803664e-03,3.780982022579079671e-03,3.721329169977430351e-03,3.320985458891478892e-03,-4.980664993286573750e-03,6.673117709111275886e-03,3.894757076576021992e-03
-4.762576921748903902e-03,-6.844543038827782810e-03,-4.119845891581944142e-03,-2.630984204565173235e-03,3.972581155250620721e-03,3.635402108302335233e-03,3.325790264355088510e-03,-4.932517730640448295e-03,6.352782996236538970e-03,3.802989155241714991e-03
-4.858625740742764099e-03,-6.927785767944574791e-03,-4.145548345346097840e-03,-2.727033023559033431e-03,4.218767476421636520e-03,3.722146969133144356e-03,3.126709802363847324e-03,-4.879935666443485642e-03,6.031591019726390002e-03,3.905180436288124834e-03
-4.816063039388862599e-03,-7.251959226578272300e-03,-4.065170715205831953e-03,-2.606296755549311617e-03,4.126999555087329519e-03,3.644349505826191549e-03,2.907060462381885757e-03,-4.704053770059460349e-03,5.614309014027471512e-03,3.615260434191511218e-03
-4.896451207889354618e-03,-7.272307604619193677e-03,-4.246662708477427772e-03,-2.579641012386169052e-03,4.247735823097051333e-03,4.006575404179993360e-03,2.700802471814200967e-03,-4.897313960854535186e-03,5.761750741375790130e-03,3.589557980427357520e-03
-4.868513730717616284e-03,-7.302401332049054949e-03,-4.684355215398020023e-03,-2.731563011888663017e-03,3.735776254726846934e-03,3.782774187365708918e-03,2.623703484770339989e-03,-5.024303487843037597e-03,5.678508012258998150e-03,3.545817813143323227e-03
-4.899330585230399215e-03,-7.369175337652189572e-03,-4.636207952751894568e-03,-2.247223499984934980e-03,3.975836351424635873e-03,3.757071733601555219e-03,2.673106187076709772e-03,-4.904465138339211827e-03,5.354059576420849842e-03,3.951819365680897533e-03
-4.863235057685794116e-03,-7.334223750035354095e-03,-4.665358536504224385e-03,-2.213604518492909290e-03,3.977571364387005870e-03,4.151403829114150290e-03,2.930054627082692709e-03,-4.641183011739977160e-03,5.167992830570095064e-03,3.722188018352529104e-03
-5.015157057188288081e-03,-7.539006360500380421e-03,-4.718321649661114114e-03,-1.977214643103436531e-03,4.494252768282844257e-03,3.946621218649123963e-03,3.097897682883182791e-03,-5.046317594108784554e-03,5.204088358114700164e-03,3.613771389759129482e-03
-5.228033838178477999e-03,-7.484891150800504489e-03,-4.941442699729778343e-03,-2.049012044540027278e-03,4.605696539041789772e-03,3.638622603000365996e-03,3.145462473387511393e-03,-5.044582581146414557e-03,5.232457556512984387e-03,3.279296847278775906e-03
-4.789120302781307847e-03,-7.238704829629488691e-03,-5.146225310194804670e-03,-2.074714498304180976e-03,4.877479536598158805e-03,3.183032508824984452e-03,3.246538239580334939e-03,-4.848381400436072020e-03,5.511672837376344058e-03,3.299659278391250949e-03
-4.814822756545461546e-03,-7.202609302084883591e-03,-5.034822674613276261e-03,-2.146511899740771723e-03,4.848328952845828987e-03,3.437513470671185734e-03,3.119548712591832529e-03,-4.737395802413849055e-03,5.415056085757791182e-03,2.995142307202006138e-03
-4.928445342785692240e-03,-7.745027739362933539e-03,-5.253635308794801784e-03,-2.124040127075232931e-03,4.721339425857326577e-03,3.285407695111361437e-03,3.357160578268930662e-03,-4.785513494414486702e-03,4.948075189279282915e-03,3.128548386560292549e-03
-4.646140442709251195e-03,-7.784699824472413043e-03,-5.363785240535337562e-03,-2.305532120346828751e-03,4.801717055997592465e-03,3.218633689508226814e-03,3.437178294328754879e-03,-4.593914361742945651e-03,5.129223898645340896e-03,3.001558859571790139e-03
-4.721723427700733056e-03,-7.593100691800871993e-03,-5.490774767523839972e-03,-2.609422529458033102e-03,4.430279022085925611e-03,2.956402418918757657e-03,3.500742644646545609e-03,-4.802576126572213888e-03,5.114423493845957069e-03,2.921170691071298120e-03
-4.903215420972328875e-03,-7.341305625897742715e-03,-5.530446852633319477e-03,-2.529044899317767214e-03,4.432014035048295608e-03,3.058593699965167501e-03,3.460688524748137262e-03,-4.717795052085443919e-03,5.166461808104039211e-03,2.794181164082795710e-03
-4.646266980966345939e-03,-7.314649882734600150e-03,-5.278651786730190199e-03,-2.656034426306269625e-03,4.097539492567942032e-03,3.315542139971150437e-03,3.385105539756655402e-03,-4.841872682018813490e-03,5.429951107511557518e-03,2.551158829463079369e-03
-4.967458957476494907e-03,-7.212458601688190307e-03,-5.471911977525265036e-03,-2.575656796166003737e-03,4.388762610830668209e-03,3.175423554011264082e-03,3.013667505844988548e-03,-4.837067876555203871e-03,5.457888584683295852e-03,2.573630602128618161e-03
-5.148950950748090727e-03,-6.940489128302529398e-03,-5.281952838871437073e-03,-2.664827791392265777e-03,3.998663363883173116e-03,3.203792752409548306e-03,3.203626644498816511e-03,-4.734763625123303288e-03,5.625731640483785934e-03,2.881975665190439351e-03
-5.174653404512244426e-03,-7.134619143488798998e-03,-5.440295091388783200e-03,-3.127445584087423791e-03,3.774862147068888674e-03,3.045450499892202179e-03,3.056454838492400627e-03,-4.774817745021711635e-03,5.501654010550416363e-03,3.094671114141800405e-03
-5.546091438423911280e-03,-7.182736835489436644e-03,-5.582465906076305995e-03,-3.326526046078664978e-03,3.746418355999175942e-03,3.073819698290486402e-03,3.243400870146698201e-03,-4.800520198785865333e-03,5.039036217855258348e-03,3.017920144393823612e-03
-5.277634099397854328e-03,-6.914279496463379693e-03,-5.310682908519936962e-03,-3.716275883430972260e-03,3.720715902235022243e-03,3.421094720344505791e-03,3.208363221893065220e-03,-4.720142568645599446e-03,5.087183480501383803e-03,3.067322846700193395e-03
-5.373275374271430094e-03,-6.676667630786281560e-03,-5.028378008443495917e-03,-3.680527903614672081e-03,3.501903268053496721e-03,3.569383230052847189e-03,3.141589216289930597e-03,-4.456653269238081139e-03,5.344131920507366740e-03,2.986934678199701376e-03
-5.321237060013347953e-03,-6.702370084550435259e-03,-5.241254789433685835e-03,-3.417245777015437413e-03,3.605302591604450657e-03,4.058042692039617871e-03,3.535921311802525668e-03,-4.640998206854402008e-03,5.659525240425899995e-03,2.958490887129988645e-03
-5.374200173170237682e-03,-6.433912745524378307e-03,-5.270405373186015652e-03,-3.442948230779591112e-03,3.862319469645478232e-03,4.280042092780447782e-03,3.439304560183972792e-03,-4.502699826426093122e-03,5.761716521472309838e-03,2.831501360141486234e-03
-5.226758445821919064e-03,-6.619507182037701054e-03,-5.190387657126191434e-03,-3.468650684543744811e-03,3.603467000998727965e-03,4.141362081169511211e-03,3.585990413375997332e-03,-4.580497289733045929e-03,5.609610745912485541e-03,2.874064061495387734e-03
-4.925774736779894858e-03,-6.472065454689382435e-03,-5.170025226013716391e-03,-3.278691545889916847e-03,3.751276297403294269e-03,4.074588075566376588e-03,3.124557431287477982e-03,-4.704574919666415500e-03,5.711802026958895384e-03,2.539589519015034158e-03
-4.805038468770173044e-03,-6.203608115663325484e-03,-5.141656027615432167e-03,-2.959340719769221195e-03,3.862261895425517233e-03,4.097059848231915380e-03,3.262855811715786869e-03,-4.702839906704045503e-03,5.279891582154444540e-03,2.551853618856639305e-03
-4.892150370860784414e-03,-6.030013098749148481e-03,-5.139921014653062170e-03,-2.522913806820029081e-03,3.639140845356853005e-03,3.873938798163251152e-03,3.401154192144095756e-03,-4.755803019860935232e-03,5.182748731510186668e-03,2.690151999284948192e-03
-5.060744876399667080e-03,-6.002075621577410147e-03,-5.321413007924657990e-03,-2.746034856888693310e-03,3.806983901157343086e-03,3.726036136793203779e-03,3.304537440525542880e-03,-4.419641488382503036e-03,4.858615870202642739e-03,2.928423045057498841e-03
-5.012597613753541625e-03,-5.659523511267972040e-03,-5.396995992916139850e-03,-2.744299843926323312e-03,3.723741172040551106e-03,3.617471303675304228e-03,3.332474917697281214e-03,-4.628303253211771273e-03,4.761473019558384867e-03,3.030614326103908684e-03
-4.730292713677100580e-03,-5.566161474921990648e-03,-5.358428173255311289e-03,-2.576456788125833230e-03,3.524660710049309920e-03,3.665036094179632831e-03,2.934152283356708524e-03,-4.452421356827745980e-03,4.634483492569882457e-03,2.508872731800768086e-03
-4.758736504746813312e-03,-5.874160090570748616e-03,-5.462941534587234527e-03,-2.602159241889986929e-03,3.203468733539160951e-03,3.712600884683961433e-03,2.862354881920117777e-03,-4.173206075964386308e-03,4.913101790819288106e-03,2.279241384472399656e-03
-4.421414694297021164e-03,-6.133012559217498882e-03,-5.194484195561177575e-03,-2.522141525830162712e-03,2.984241245764199246e-03,3.760165675188290035e-03,2.680862888648521958e-03,-4.270348926608644180e-03,5.329545188009099377e-03,2.226278271315509927e-03
-4.819021357328062694e-03,-6.110540786551960091e-03,-4.926026856535120624e-03,-2.779676419877086246e-03,2.912443844327608500e-03,3.734463221424136337e-03,2.657915363270341169e-03,-4.189971296468378292e-03,5.253962203017617516e-03,2.466338368013298865e-03
-4.833821762127446520e-03,-6.023795925721150968e-03,-4.974144548535758270e-03,-2.732111629372757644e-03,3.035264194730089016e-03,3.845906992183081852e-03,2.805724659674907473e-03,-3.870488712834102563e-03,5.060702012222542678e-03,2.323092236056673032e-03
-4.969550511482054289e-03,-6.171698587091198340e-03,-4.903441160392540965e-03,-2.689548928018856144e-03,3.317214394958800661e-03,3.874276190581366075e-03,2.952410512866932013e-03,-3.485344684546143323e-03,4.993928006619408055e-03,2.351029713228411366e-03
-4.947078738816515497e-03,-5.980099454419657290e-03,-4.743671430025339641e-03,-2.798113761136755695e-03,3.190224867970298250e-03,4.029773221118485016e-03,2.766343767016177235e-03,-3.247732818869045190e-03,4.855928452390564920e-03,2.208858898540888571e-03
-5.057228670557051275e-03,-6.198912088601182813e-03,-4.663293799885073754e-03,-2.951574532281550645e-03,3.475568394618960832e-03,3.902783694129982606e-03,2.373845807904437222e-03,-2.939387755807224001e-03,5.093540318067663053e-03,2.528209724661584223e-03
-4.753664670925042413e-03,-6.310214262152433196e-03,-4.380988899808632708e-03,-2.796566880820611223e-03,3.776552103660985038e-03,4.203767403172006811e-03,2.348143354140283523e-03,-2.836553549904072269e-03,4.966550791079160643e-03,2.502507270897430525e-03
-4.962326435754310650e-03,-6.516472252720117986e-03,-4.836578993984014252e-03,-3.298489354458186695e-03,3.649562576672482628e-03,3.761107341802710780e-03,2.139481589311015286e-03,-2.808616072732333935e-03,4.499569894600652376e-03,2.360336456209907730e-03
-4.693869096728253698e-03,-6.536820630761039363e-03,-4.756201363843748364e-03,-3.125589491123195729e-03,3.629214198631561250e-03,3.735404888038557081e-03,1.843067691242719630e-03,-2.446390174378532123e-03,4.476622369222471587e-03,2.233346929221405319e-03
-4.722312887797966430e-03,-6.329131152807712657e-03,-4.990628269216354496e-03,-3.523196154154237258e-03,3.420552433802293013e-03,3.847405621877880710e-03,1.762679522742227611e-03,-2.682002579768597017e-03,4.079015706191430057e-03,2.255818701886944111e-03
-4.305869490608155159e-03,-6.377248844808350303e-03,-4.842818972811788192e-03,-3.754792217030206158e-03,3.302581322817618736e-03,3.764162892761088730e-03,1.900977903170536498e-03,-2.543704199340288130e-03,4.241834322966445137e-03,2.223695720474525017e-03
-4.159183637416130619e-03,-6.590125625798540221e-03,-4.833306443695603583e-03,-3.776918434449078044e-03,3.489743325235022953e-03,4.102606158482041687e-03,2.039276283598845385e-03,-2.500745275699503556e-03,4.468012449653724349e-03,2.225430733436895014e-03
-4.353313652602400219e-03,-6.585320820334930603e-03,-5.141305059344361550e-03,-3.360475037259266773e-03,3.327625908791390086e-03,4.579534473513946491e-03,2.065932026761987950e-03,-2.199761566657479350e-03,4.268931987662483163e-03,2.194613878924112083e-03
-4.383407380032261491e-03,-6.794348635562344474e-03,-5.128072504842678958e-03,-3.209938342521284627e-03,3.203548278858020515e-03,4.858132205619078436e-03,1.954629853210737567e-03,-2.404544177122505677e-03,4.062673997094798373e-03,1.795608765165421228e-03
-4.510396907020763901e-03,-6.891262119646704432e-03,-5.114839950340996366e-03,-2.906374342889275764e-03,3.384696988224078495e-03,4.676640212347482617e-03,1.720202947838131435e-03,-2.166932311445407544e-03,3.664351362754225683e-03,1.976757474531479208e-03
-4.655836760732529056e-03,-6.735765089109585491e-03,-5.411253848409292022e-03,-2.932076796653429462e-03,3.485772754416902042e-03,4.797376480357204431e-03,1.689386093325348503e-03,-2.371714921910433871e-03,3.901963228431323816e-03,1.416452777385598938e-03
-4.913371654779452591e-03,-6.393212978800147384e-03,-5.782691882320958876e-03,-3.244560597322351803e-03,3.177774138768144074e-03,4.839939181711105931e-03,2.036661115379367892e-03,-2.180115789238892821e-03,4.097058088590066482e-03,1.490519804387663294e-03
-4.890899882113913799e-03,-6.245403682395581080e-03,-5.865934611437750856e-03,-3.121740246919871287e-03,2.991707392917389297e-03,4.592225468626379148e-03,1.793638780759651552e-03,-1.879132080196868615e-03,4.106570617706251092e-03,1.576931811550302820e-03
-4.957673887717048422e-03,-6.285075767505060584e-03,-6.089735828252035299e-03,-3.280082499437217414e-03,3.039854655563514751e-03,4.778155126115249396e-03,1.795373793722021549e-03,-1.722776586001562027e-03,3.969204288785568857e-03,1.452854181616933249e-03
-4.855021457962557796e-03,-6.338038880661950314e-03,-5.978750230229812335e-03,-3.260373250667567002e-03,3.556536059459353138e-03,5.015766991792347529e-03,1.747256101721383903e-03,-2.121099220342134717e-03,4.197440965485410569e-03,9.972640874415517054e-04
-4.827083980790819462e-03,-6.165139017326959348e-03,-5.710292891203755383e-03,-3.313336363824456732e-03,3.525719204946570207e-03,5.043704468964085863e-03,1.915099157521873985e-03,-1.982800839913825830e-03,4.166624110972627637e-03,9.715616336773980066e-04
-4.822279175327209844e-03,-6.496409392582835896e-03,-5.607988639771854800e-03,-3.330214433946113162e-03,3.706867914312628187e-03,4.722512492453936894e-03,2.110194017680616652e-03,-1.597656811625866591e-03,4.070982836099051871e-03,1.007657161222003106e-03
-5.010732144818522138e-03,-6.448262129936710441e-03,-5.421603409121247830e-03,-2.982939411892093773e-03,3.958662980215757465e-03,4.639269763337144914e-03,2.013051167036358780e-03,-1.996661925384557446e-03,3.877722645303977034e-03,7.989953963927348690e-04
-5.408338807849563667e-03,-6.683874535326775335e-03,-5.181818557289094573e-03,-3.164431405163689592e-03,3.986099218578342818e-03,4.826431765754549130e-03,2.321396230098179969e-03,-1.991857119920947827e-03,3.850448837656617052e-03,1.006684874346061576e-03
-5.793764910205459473e-03,-6.840997813246013637e-03,-4.851908399852361553e-03,-3.231205410766824215e-03,4.264605338913665666e-03,4.734663844420242129e-03,2.268433116941290240e-03,-1.804695117503543611e-03,3.651368375665375865e-03,1.144983254774370462e-03
-5.525307571179402522e-03,-6.702699432817704750e-03,-4.923705801288952300e-03,-3.668897917687416466e-03,4.337321104630920132e-03,4.546210874928929835e-03,2.242730663177136541e-03,-1.355919732599714100e-03,3.631019997624454487e-03,1.265719522784092277e-03
-5.542347475518807909e-03,-6.760731346790505025e-03,-5.050695328277454710e-03,-3.431286052010318333e-03,4.308170520878590315e-03,4.792397196099945633e-03,2.455426112128497595e-03,-1.370720137399097927e-03,3.600926270194593215e-03,1.404017903212401164e-03
-5.404049095090499022e-03,-6.786433800554658724e-03,-4.782237989251397758e-03,-3.308465701607837817e-03,4.590475420955031360e-03,4.394074561759372943e-03,2.556501878321321142e-03,-1.222431627690756528e-03,3.520538101694101196e-03,1.705221229188244592e-03
-5.084698268969803370e-03,-6.732318590854782792e-03,-4.807940443015551457e-03,-3.334168155371991515e-03,4.738284717359597664e-03,4.304903566533110904e-03,2.363241687526246304e-03,-8.602057293369547164e-04,3.543009874359639988e-03,1.752786019692573194e-03
-4.858021780790228172e-03,-6.785281704011672521e-03,-4.847994562913959804e-03,-3.409751140363473376e-03,4.811000483076852130e-03,4.353050829179236358e-03,2.385713460191785096e-03,-8.584707163745847192e-04,3.330375665595380896e-03,1.436358324461275981e-03
-4.749762156577144734e-03,-6.503331503782960876e-03,-4.873697016678113503e-03,-3.197055691412112322e-03,4.744226477473717507e-03,4.148268218714210032e-03,2.553556515992275178e-03,-5.574870073325605135e-04,3.582170731498510174e-03,1.410655870697122283e-03
-4.962638937567334652e-03,-6.508212064798957197e-03,-4.894045394719034880e-03,-3.589553650523852335e-03,4.818293504475781863e-03,4.329416928080268012e-03,2.360296325197200340e-03,-6.492549286668675146e-04,3.706042435039524907e-03,1.433127643362661074e-03
-5.171666752794748523e-03,-6.300522586845630491e-03,-5.211834497146586309e-03,-3.567081877858313543e-03,4.905038365306590986e-03,4.331151941042638009e-03,2.480134674701026110e-03,-4.620929262494632983e-04,3.608899584395267035e-03,1.220250862372471157e-03
-5.254909481911540503e-03,-6.427512113834132901e-03,-4.625611308098548369e-03,-3.266098168816289338e-03,4.595751551469920426e-03,4.453972291445118525e-03,2.912440899150700591e-03,-4.145281357451346960e-04,3.456977584892773070e-03,1.136431819246719321e-03
-5.627899914848591423e-03,-6.782335661570340624e-03,-4.533669902359038772e-03,-2.994128695430628428e-03,4.643316341974249029e-03,4.641134293862522742e-03,3.191038631255832536e-03,-2.829260857217935632e-04,3.431275131128619371e-03,1.483706841300738710e-03
-6.083490009023972966e-03,-7.179942324601382153e-03,-4.562820486111368590e-03,-3.089769970304204194e-03,4.663678773086724072e-03,4.942118002904546947e-03,3.192773644218202533e-03,-5.259484203415099035e-04,3.378312017971729642e-03,1.454556257548408893e-03
-6.319102414414037860e-03,-7.107226558884127687e-03,-4.648747547786463707e-03,-3.369801361152544028e-03,4.915473838989853350e-03,4.645704104836251291e-03,3.591859098727237520e-03,-8.952150739231778953e-05,3.425876808476058244e-03,1.481212000711551457e-03
-6.137953705047979880e-03,-7.350248893503844028e-03,-4.453652687627721041e-03,-3.215588134119512498e-03,4.599046143758556138e-03,4.498532298829835407e-03,3.630426918388066082e-03,1.889846129430050592e-04,3.498592574193312710e-03,1.392041005485289418e-03
-6.369549767923948780e-03,-7.490113372840126460e-03,-4.564954861178971424e-03,-3.091716430578497765e-03,4.469272190332523875e-03,4.761814425429070075e-03,3.400795571059697653e-03,2.093470440554801026e-04,3.036476660394679672e-03,1.172391665503327851e-03
-6.341180569525664557e-03,-7.548145286812926735e-03,-4.522392159825069924e-03,-3.310943918353459470e-03,4.250459556150998353e-03,4.942963134795128055e-03,3.219303577788101833e-03,2.619291082524427550e-04,3.304933999420736623e-03,1.146689211739174152e-03
-6.499522822043010684e-03,-7.639913208147233736e-03,-4.649381686813572334e-03,-3.238228152636205004e-03,4.233419651811592965e-03,4.831660961243877672e-03,3.067381578285607868e-03,8.828627456981819055e-05,3.512623477374063330e-03,1.106635091840765805e-03
-6.582765551159802664e-03,-7.517092857744753220e-03,-4.462435655159274761e-03,-3.609666186547871858e-03,4.009618434997308523e-03,4.568232830340052120e-03,3.169685829717508452e-03,3.669045728192238398e-04,3.820968540435884520e-03,9.980702587228662548e-04
-6.659350657849519295e-03,-7.301805968517760537e-03,-5.163321300891088317e-03,-3.313691558524317626e-03,3.989270056956387145e-03,4.853576356988714702e-03,3.424166791563709733e-03,4.492870545959315454e-05,3.777057853113455210e-03,1.234460134112339014e-03
-7.121466571648152333e-03,-7.537418373907825431e-03,-5.301320855119931452e-03,-3.261109494327354974e-03,4.157113112756877227e-03,5.156851017559888062e-03,3.357392785960575110e-03,-9.831742649703267833e-05,3.553256636299170768e-03,1.010658917298054571e-03
-6.813121508586331143e-03,-6.953878851844411124e-03,-5.321835904185029387e-03,-3.286811948091508673e-03,4.209695176953839879e-03,5.085053616123297315e-03,3.409974850157537762e-03,1.808978543663269933e-04,3.914189234615395030e-03,1.033130689963593363e-03
-6.761083194328249002e-03,-6.815580471416102237e-03,-5.153992848384539305e-03,-3.166973598587682903e-03,3.897211376284917539e-03,4.760605180285149007e-03,3.606176030867880300e-03,-2.174247799742456966e-04,3.934551665727870073e-03,9.061411629750909524e-04
-7.119410749630114554e-03,-7.014660933407343424e-03,-5.289721597739147074e-03,-2.915178532684553625e-03,4.154228254325945113e-03,4.740256802244227630e-03,3.742595828969949578e-03,-6.844056764527539638e-04,3.957023438393408865e-03,8.753243084623080206e-04
-7.096938976964575763e-03,-6.823061800735802374e-03,-5.471213591010742894e-03,-3.011227351678413822e-03,4.206266568584027254e-03,4.527380021254037712e-03,3.744330841932319576e-03,-7.152225309655368957e-04,4.138172147759466846e-03,9.036935068605922439e-04
-7.154970890937376038e-03,-6.521858474759958946e-03,-5.151862764890047242e-03,-2.879625301655072689e-03,4.302904261406184649e-03,4.341313275403282934e-03,3.912173897732809658e-03,-9.762948109165309196e-04,4.185736938263795448e-03,1.172150845886649195e-03
-6.621869325676918439e-03,-6.284246609082860813e-03,-5.278852291878549652e-03,-3.284759884023880083e-03,4.434506311429525782e-03,4.301641190293803430e-03,4.227567217651342912e-03,-8.959171807762650319e-04,4.288041189695696032e-03,1.060848672335398812e-03
-6.879404219723841973e-03,-6.315063463595643745e-03,-5.390501897959365518e-03,-3.283814710978202878e-03,4.325941478311626232e-03,4.663867088647605241e-03,3.829960554620301383e-03,-9.440348727769026782e-04,4.525653055372794165e-03,9.563353110034755744e-04
-6.731962492375523355e-03,-6.287125986423905410e-03,-4.922180187719851774e-03,-2.867371313788391607e-03,4.107128844130100709e-03,4.932324427673662193e-03,3.799143700107518451e-03,-8.232986047671808638e-04,4.401575425439424594e-03,9.847045094017597977e-04
-6.564119436575033273e-03,-6.206748356283639523e-03,-4.947882641484005473e-03,-2.959139235122698608e-03,3.963882712173474876e-03,5.113473137039720173e-03,3.846708490611847053e-03,-8.988815897586627246e-04,4.142722956792674327e-03,1.417010733851434279e-03
-6.107101210450008311e-03,-5.980570229596360310e-03,-4.566497889685633416e-03,-3.374803416160365721e-03,3.938180258409321177e-03,5.245075187063061306e-03,4.038307623283388104e-03,-8.694857171970965526e-04,4.122374578751752949e-03,1.592892630235459572e-03
-5.918770655614163934e-03,-5.938007528242458810e-03,-4.595648473437963233e-03,-3.354440985047890678e-03,4.206637597435378129e-03,5.331487194225700832e-03,4.066676821681672327e-03,-8.951881709612502513e-04,4.064342664778952674e-03,1.953825228551683835e-03
-5.772084802422139393e-03,-6.118339098826378053e-03,-4.405689334784135269e-03,-3.243455387025667713e-03,4.354079324783696747e-03,5.415077084584857259e-03,3.847864187500146804e-03,-7.396911404241313104e-04,4.220698158974259262e-03,1.849311867219760597e-03
-5.515136362416156457e-03,-6.065757034629415401e-03,-4.318944473953326146e-03,-3.463104727007629280e-03,4.257462573165143871e-03,5.427341184426462406e-03,3.742548898774678001e-03,-6.871090762271686581e-04,4.477715037015286836e-03,1.854116672683370215e-03
-5.545953216928939389e-03,-6.254210004120727695e-03,-4.061927595912298572e-03,-3.415539936503300678e-03,4.395760953593452758e-03,5.055903150514795552e-03,4.000587052105750163e-03,-6.738765217254860662e-04,4.625156764363605455e-03,2.111133550724397789e-03
-5.672942743917441799e-03,-6.151905752688827111e-03,-3.959623344480397988e-03,-3.796475005237817668e-03,4.091243982404207946e-03,4.989129144911660929e-03,4.148396348510316467e-03,-8.825382865547543032e-04,4.577039072362967809e-03,2.473359449078199601e-03
-5.721060435918079445e-03,-6.523343786600493965e-03,-4.182744394549062217e-03,-3.982541751088572446e-03,4.527670895353400060e-03,5.425556057860853043e-03,4.023778536852970489e-03,-9.082407403189080020e-04,4.828834138266097087e-03,2.291867455806603782e-03
-5.817677187536632322e-03,-6.475196523954368510e-03,-4.144176574888233655e-03,-4.290540366737330413e-03,4.507322517312478682e-03,5.733901120922674233e-03,4.210724568507268062e-03,-7.403976845184179201e-04,4.431227475235055557e-03,2.261050601293820850e-03
-5.706274551955103913e-03,-6.796388500464517479e-03,-4.363825914870195222e-03,-4.277307812235647821e-03,4.396020343761228300e-03,5.622598947371423850e-03,4.605056664019863133e-03,-4.719403454923609686e-04,4.218350694244865640e-03,2.283522373959359641e-03
-5.415051433692377736e-03,-6.923378027453019889e-03,-4.315678652224069767e-03,-4.297656190276569199e-03,4.099606445692932644e-03,5.217464365002616455e-03,4.478067137031360723e-03,-5.989298724808633789e-04,4.238713125357340683e-03,2.060401323890695413e-03
-5.168865112521361938e-03,-7.239805722684317102e-03,-4.363796344224707413e-03,-4.424645717265071609e-03,3.893348455125247853e-03,5.077599885666334023e-03,4.645910192831850805e-03,-6.246323262450170777e-04,3.883889577621132960e-03,2.241550033256753394e-03
-5.142209369358219373e-03,-7.206695149041833504e-03,-4.195953288424217331e-03,-4.233046584593530559e-03,4.083307593779075817e-03,5.127002587972703807e-03,4.674279391230135028e-03,-7.829745787623632047e-04,3.779376216289209722e-03,2.321927663397019281e-03
-5.328276115208974151e-03,-7.123105258682677077e-03,-4.057654907995908444e-03,-4.094748204165221672e-03,4.000064864662283837e-03,4.908189953791178284e-03,4.861225422884432601e-03,-8.439558191689067179e-04,3.831958280486172375e-03,2.226286388523443516e-03
-5.637562929045644711e-03,-7.152255842435006894e-03,-3.977277277855642557e-03,-3.789687180093592733e-03,4.147874161066850141e-03,5.099789086462719334e-03,4.963416703930842444e-03,-8.160183419971683838e-04,3.952694548495894189e-03,2.545637214644139168e-03
-5.663265382809798409e-03,-7.471904345347391008e-03,-4.072918552729218322e-03,-3.787952167131222736e-03,4.286172541495159027e-03,5.077662869043847449e-03,5.245721604007283490e-03,-6.682090455926020800e-04,3.825705021507391779e-03,2.666373482653860982e-03
-5.790254909798300820e-03,-7.555147074464182988e-03,-4.098621006493372021e-03,-3.597993028477394772e-03,4.077144726267745156e-03,5.317722965741636387e-03,5.159485511446182393e-03,-3.059831472388002682e-04,3.518454286235636608e-03,2.539383955665358572e-03
-5.642813182449982201e-03,-7.608110187621072718e-03,-3.951179279145053402e-03,-3.816805662658920295e-03,4.303322852955024369e-03,5.345660442913374721e-03,5.270929282205127908e-03,-4.025998988573531445e-04,3.796960406570959456e-03,2.249463953568744956e-03
-5.604245362789153639e-03,-7.325805287544631672e-03,-4.078168806133555813e-03,-3.893904649702781273e-03,4.255205160954386723e-03,5.457063078494903130e-03,5.418738578609694212e-03,-1.508048329542238664e-04,3.964803462371449538e-03,1.940914289657147407e-03
-5.633809120920013624e-03,-7.303333514879092880e-03,-3.939870425705246926e-03,-3.889099844239171655e-03,4.101744389809591773e-03,5.664752556448229837e-03,5.122324680541398556e-03,-2.748074330490707373e-04,3.868186710752896662e-03,2.335246385169742478e-03
-5.376860680914030688e-03,-7.489400260729847658e-03,-3.671413086679189974e-03,-3.816384078521917189e-03,4.370201728835648725e-03,5.726502942626346404e-03,5.124059693503768553e-03,-5.260392631141058706e-04,3.644385493938612219e-03,2.415624015310008366e-03
-4.960417283724219417e-03,-7.813573719363545167e-03,-3.864673277474264812e-03,-3.704981442940388781e-03,4.122488015750921941e-03,5.828694223672756247e-03,4.865207224857018287e-03,-3.696837689187992826e-04,3.486043241421266092e-03,2.319575196316148169e-03
-5.158511841842086665e-03,-7.531268819287104122e-03,-3.844310846361789769e-03,-3.778749842620415800e-03,4.465040126060360048e-03,5.647202230401160428e-03,4.399915460085973562e-03,-5.268070468380375848e-04,3.653886297221756174e-03,2.339937627428623212e-03
-5.136040069176547873e-03,-7.114825422097292851e-03,-3.888051013645824061e-03,-3.640451462192106913e-03,4.434946398630498776e-03,5.621499776637006729e-03,4.799000914595008549e-03,-7.624194522281024788e-04,3.626612489574396192e-03,2.793837822195180398e-03
-4.973221452401532794e-03,-7.162943114097930497e-03,-4.209242990155973030e-03,-3.472608406391616831e-03,4.307956871641996366e-03,6.057710320043124819e-03,4.750883222594370903e-03,-1.033626589231478876e-03,3.895069828600453143e-03,2.697221070576627522e-03
-4.548145171677703269e-03,-7.090227348380676031e-03,-4.283011389836000049e-03,-3.599597933380119241e-03,4.100876254919338937e-03,6.211923547076156349e-03,4.623893695605868492e-03,-9.532489590912129884e-04,3.865506070469593158e-03,2.667657312445767537e-03
-4.366996462311645288e-03,-6.904968501251787516e-03,-4.421010944064843184e-03,-3.954421481116326964e-03,4.232478304942680070e-03,6.158960433919266619e-03,4.863953792303657431e-03,-1.006212072248102718e-03,4.382187474365431545e-03,2.799259362469108670e-03
-3.981852434023686049e-03,-6.611170273910643713e-03,-3.992693345184400444e-03,-3.764462342462499000e-03,4.431082824990148494e-03,6.129809850166936802e-03,4.645141158122131908e-03,-1.302625970316398374e-03,4.404659247030970337e-03,2.989218501122936633e-03
-3.703346313688363201e-03,-6.797237019761398491e-03,-3.970221572518861652e-03,-3.950529088313253778e-03,4.326569463658225256e-03,6.370616756662672575e-03,4.505276678785849476e-03,-1.411042598909797996e-03,4.642271112708068470e-03,3.135904354314961173e-03
-3.751464005689000847e-03,-6.908539193312648874e-03,-3.751790909977043009e-03,-4.042297009647560779e-03,4.197382358717902107e-03,6.380129285778857184e-03,4.652718406134168094e-03,-1.486625583901279857e-03,4.611454258195285538e-03,2.836307727770756570e-03
-4.168746011387919337e-03,-6.651522315271621300e-03,-3.469486009900601964e-03,-4.138913761266113656e-03,4.308367956740125071e-03,6.354426832014703486e-03,4.705300470331130747e-03,-1.096083672385353425e-03,4.819143736148612245e-03,2.599487857110768796e-03
-4.130178191727090775e-03,-6.638289760769938708e-03,-3.405921659582811234e-03,-3.870456422240056704e-03,4.181378429751622661e-03,6.502236128419269789e-03,4.843598850759439634e-03,-1.319884889199637867e-03,4.595342519334327802e-03,2.386611076120578878e-03
-4.547460197426009265e-03,-6.851166541760128625e-03,-3.294936061560588270e-03,-3.601999083213999753e-03,4.278132661276176640e-03,6.343893875901923662e-03,4.845333863721809631e-03,-1.505951635050392645e-03,4.623279996506066136e-03,2.489445282023730610e-03
-4.674449724414511675e-03,-6.770788911619862738e-03,-3.208191200729779147e-03,-3.642053203112408100e-03,4.155380358056709467e-03,6.162401882630327843e-03,4.683216447278176764e-03,-1.601592909923968411e-03,4.583225876607657789e-03,2.270632647842205087e-03
-4.591254007024300754e-03,-6.769053898657492740e-03,-3.283774185721261007e-03,-3.640318190150038102e-03,4.133254140637837581e-03,6.122347762731919496e-03,5.002567273398872416e-03,-1.630743493676298228e-03,4.706046227010138305e-03,2.230578527943796741e-03
-4.616956460788454453e-03,-6.798617656788352726e-03,-3.721466692641853258e-03,-3.669468773902367920e-03,3.898827235265231450e-03,5.703548827809268307e-03,5.045129974752773916e-03,-1.661560348189081160e-03,4.680343773245984607e-03,2.486328425831740851e-03
-4.185919024865911164e-03,-7.118952369663089641e-03,-3.385305161163421062e-03,-3.621903983398039317e-03,4.178042516128591122e-03,5.911238305762595013e-03,5.046864987715143913e-03,-1.681908726230002538e-03,5.123035585207477705e-03,2.169900730600443639e-03
-4.165556593753436121e-03,-6.724620274150494570e-03,-3.461484960115418508e-03,-3.751091088338362467e-03,3.978040963910453587e-03,5.881674547631735028e-03,4.894942988212649948e-03,-1.580832960037178991e-03,5.355457767905288935e-03,1.702919834121935372e-03
-4.364637055744677308e-03,-6.377864851535283708e-03,-3.570110134686804715e-03,-3.612792707910053580e-03,4.140859580685468666e-03,5.484067884600693499e-03,4.869240534448496249e-03,-1.393670957619774775e-03,5.118637897245301160e-03,1.716152388623617964e-03
-4.127025190067579175e-03,-6.601666068349568151e-03,-3.595812588450958414e-03,-3.709935558554311452e-03,4.279157961113777553e-03,5.752525223626750450e-03,4.675980343653421412e-03,-1.531670511848617910e-03,5.078583777346892814e-03,1.640569403632136103e-03
-3.919335712114252468e-03,-6.654629181506457880e-03,-3.310469061802295831e-03,-3.904065573740581052e-03,4.008140351785621780e-03,5.732176845585829073e-03,4.647536552583708680e-03,-1.294058646171519777e-03,5.025620664190003084e-03,1.909026742658193054e-03
-3.891398234942514134e-03,-6.751772032150715752e-03,-3.283813318639153267e-03,-3.934882428253363984e-03,4.056287614431747235e-03,5.706474391821675374e-03,4.442753942118682353e-03,-1.603345460008190337e-03,4.873698664687509119e-03,2.166043620699220629e-03
-3.437498040175956948e-03,-6.703624769504590297e-03,-3.286368391473809547e-03,-4.018125157370155964e-03,3.589306717953238968e-03,5.595172218270424991e-03,4.422405564077760975e-03,-1.377167333320911125e-03,5.258842692975468358e-03,2.041965990765851058e-03
-3.283060349067737360e-03,-6.681152996839051506e-03,-3.334486083474447193e-03,-4.246038635370152914e-03,4.035706520604726011e-03,5.733470598698733878e-03,4.469970354582089578e-03,-1.185568200649370074e-03,5.281314465641007150e-03,2.278355866155323817e-03
-3.517487254440343492e-03,-6.980749623383256108e-03,-3.363636667226777011e-03,-4.631464737726048719e-03,4.336690229646750216e-03,6.001927937724790829e-03,4.528732275961386278e-03,-1.312557727637872484e-03,5.431710386591903639e-03,2.409957916178664949e-03
-3.949390430884144876e-03,-7.542487021941574055e-03,-3.126024801549678878e-03,-4.608992965060509928e-03,4.379252931000651716e-03,6.401013392233825816e-03,4.530467288923756275e-03,-1.779538624116380752e-03,5.479275177096232241e-03,2.318189994844357948e-03
-3.947655417921774879e-03,-7.723979015213169874e-03,-2.978215505145112574e-03,-4.261717943006490539e-03,4.601252331741481627e-03,6.084585697002528604e-03,4.845860608842289530e-03,-1.906528151104883162e-03,5.453572723332078542e-03,1.993741559006209640e-03
-3.909052517042779784e-03,-8.078802562949377597e-03,-2.945104931502628975e-03,-4.140981674996768724e-03,4.648817122245810229e-03,5.988944422128952838e-03,5.051169624599755048e-03,-1.628022030769560313e-03,5.613342453699279866e-03,1.460191061702864612e-03
-3.640595178016722833e-03,-7.742641031470945401e-03,-2.594860473782711896e-03,-4.327048420847523502e-03,4.917274461271867181e-03,6.137232931837294236e-03,4.821538277271386619e-03,-1.489723650341251426e-03,5.635814226364818658e-03,1.854523157215459683e-03
-4.201569721184419959e-03,-7.326197634281134130e-03,-2.387170995829385189e-03,-4.416219416073785542e-03,4.820657709653314305e-03,6.159704704502833028e-03,4.781866192161907114e-03,-1.515426104105405125e-03,5.769220305723105069e-03,2.145746275478185860e-03
-3.887411955803138364e-03,-7.630714605470378942e-03,-2.075806549090869479e-03,-4.203523967122424487e-03,5.099872990516673976e-03,6.136757179124652239e-03,4.783601205124277111e-03,-1.673768356622751252e-03,5.510367837076354802e-03,2.293188002826504479e-03
-3.526479357486914101e-03,-7.823974796265453779e-03,-2.172949399735127352e-03,-4.397653982308694087e-03,4.775699531882976467e-03,6.248200949883597755e-03,4.602109211852681292e-03,-1.797845986556120823e-03,5.328875843804758983e-03,2.153323523490222047e-03
-3.258022018460857150e-03,-7.801503023599914988e-03,-2.302136504675450501e-03,-4.067743824871961067e-03,5.258595767759569051e-03,6.386499330311906641e-03,4.454206550482633920e-03,-1.436913388239896561e-03,5.364971371349364082e-03,2.127621069726068348e-03
-3.098252288093655826e-03,-7.854466136756804717e-03,-2.297331699211840883e-03,-3.766760115829936861e-03,5.128638287255293804e-03,5.919518433833398374e-03,4.534224266542458137e-03,-1.303507308881610149e-03,5.797277595799038563e-03,2.335310547679395055e-03
-3.240423102781178621e-03,-8.321447033235312984e-03,-1.849060376628436364e-03,-3.794033923477296844e-03,4.819351473418623244e-03,5.733451687982643596e-03,4.267922042224883694e-03,-1.165208928453301263e-03,5.771575142034884864e-03,2.357782320344933846e-03
-3.119686834771456807e-03,-8.085057157845840226e-03,-2.310493358716955714e-03,-3.691842642430887000e-03,4.823109226214664091e-03,6.034435397024667802e-03,4.214958929067993965e-03,-1.630500693224345987e-03,5.597932308352260300e-03,2.505224047693252465e-03
-3.713158399814051047e-03,-8.482663820876881755e-03,-2.363456471873845444e-03,-3.543554132722545602e-03,4.875691290411626744e-03,6.008732943260514103e-03,4.292436485446637917e-03,-1.519056922465400472e-03,5.514689579235468320e-03,2.590005122180022434e-03
-3.430853499737610002e-03,-8.637013898940143486e-03,-2.328494838458192162e-03,-3.563902510763466980e-03,4.800108305420144883e-03,5.983030489496360405e-03,4.340001275950966519e-03,-1.385650843107114061e-03,5.064212749363097843e-03,2.541887430179384788e-03
-3.263010443937119920e-03,-8.466135165379487515e-03,-2.509986831729787982e-03,-3.772930325990880851e-03,4.702965454775887011e-03,6.063408119636626292e-03,4.487443003299285138e-03,-1.145865991274960805e-03,4.851335968372907925e-03,2.614603195896639254e-03
-3.226914916392514820e-03,-8.491837619143641214e-03,-2.623609417970018676e-03,-4.210622832911473101e-03,4.745528156129788511e-03,6.210849846984944911e-03,4.257811655970916709e-03,-1.327357984546556624e-03,4.565575066990915087e-03,2.582480214484220160e-03
-3.115471145633569305e-03,-8.223380280117584262e-03,-2.247287304303638433e-03,-4.367746110830711403e-03,4.790192742820387206e-03,6.152557134025626873e-03,4.162170381097340943e-03,-1.140411952892259051e-03,4.733418122791405169e-03,2.502092045983728141e-03
-2.960463494172629884e-03,-8.436257061107774180e-03,-1.824151589202988033e-03,-4.110797670824728467e-03,4.663203215831884796e-03,5.828383675391929364e-03,4.463154090139365149e-03,-1.333672143687333889e-03,4.761787321189689393e-03,2.604283327030137984e-03
-3.184915746604843889e-03,-8.051113032819814941e-03,-2.242950524125639222e-03,-4.315580281289754794e-03,4.623531130722405291e-03,5.615506894401739446e-03,4.386568983449648518e-03,-1.492014396204680016e-03,4.657273959857766155e-03,2.678350354032202341e-03
-3.343257999122190016e-03,-8.081206760249676213e-03,-2.382815003461921655e-03,-4.149160395075485175e-03,4.442039137450809472e-03,5.410724283936713119e-03,4.573730985867052734e-03,-1.603316569755930399e-03,4.333100501224068646e-03,2.564727767791971647e-03
-3.374074853634972948e-03,-7.886111900090933546e-03,-2.595691784452111572e-03,-4.276149922063987585e-03,4.152119135354195856e-03,5.343950278333578496e-03,4.364703170639638863e-03,-1.492330971733707434e-03,4.255303037917115838e-03,2.248300072560674434e-03
-3.698523289473121256e-03,-7.710230003706908253e-03,-2.435922054084910249e-03,-4.262917367562304993e-03,4.409136013395223430e-03,5.216960751345076086e-03,4.206529347837648092e-03,-1.449768270379805934e-03,4.393601418345424725e-03,2.549283781602698640e-03
-3.903305899938147583e-03,-7.349297405390683990e-03,-2.816857122819427239e-03,-4.055227889608978287e-03,4.361018321394585784e-03,5.495579049594481735e-03,3.851705800101440369e-03,-1.705653353801794836e-03,4.107399711196876857e-03,2.603398991302574572e-03
-4.132937247266516012e-03,-7.446440256034941862e-03,-2.548399783793370288e-03,-4.373016992036529715e-03,4.039826344884436815e-03,5.265947702266113306e-03,3.878485243167958951e-03,-1.832642880790297246e-03,4.145967530857705419e-03,2.380277941233910344e-03
-4.422857249363129628e-03,-7.085507657718717600e-03,-2.563200188592754114e-03,-4.398719445800683414e-03,3.912836817895934405e-03,4.957398038354515757e-03,3.926050033672287554e-03,-1.637548020631554579e-03,4.068170067550752611e-03,2.186147926047640744e-03
-4.712777251459743244e-03,-7.037942867214388998e-03,-2.540728415927215322e-03,-4.628350793129051843e-03,3.846062812292799782e-03,5.107793959305412246e-03,3.767707781154941427e-03,-1.424852571680193525e-03,4.042467613786598912e-03,2.233712716551969346e-03
-4.821402426031129451e-03,-6.769485528188332046e-03,-2.569172206996928054e-03,-4.583686206438453148e-03,3.511588269812446206e-03,5.288942668671470226e-03,3.591381780548422165e-03,-1.445200949721114903e-03,3.931165440235348529e-03,1.878889168815761623e-03
-4.945480055964499022e-03,-6.577886395516790996e-03,-2.567437194034558057e-03,-5.000968212137371638e-03,3.539525746984184540e-03,5.337089931317595681e-03,3.543264088547784518e-03,-1.572190476709617313e-03,3.841994445009086490e-03,2.215050700294193819e-03
-4.993597747965136668e-03,-6.594926299856196383e-03,-3.089178788337698656e-03,-4.737478912729853331e-03,3.346265556189109702e-03,5.113968881248931453e-03,3.521137871128912633e-03,-1.699180003698119723e-03,3.598972110389370149e-03,2.316126466487017366e-03
-5.120587274953639079e-03,-6.265016142419463363e-03,-2.921335732537208574e-03,-4.458860614480447682e-03,3.382361083733714802e-03,4.962046881746437488e-03,3.676634901666031574e-03,-1.394118979626490784e-03,3.386095329399180232e-03,2.107098651259603495e-03
-4.818201155238718836e-03,-6.192300376702208897e-03,-2.947038186301362273e-03,-4.640352607752043501e-03,3.058187625100017293e-03,5.153646014417978538e-03,3.593392172549239594e-03,-1.422562770696203516e-03,3.506831597408902046e-03,1.848246182612853228e-03
-4.795729382573180044e-03,-6.019400513367217931e-03,-3.205890654948112539e-03,-4.670446335181904773e-03,2.916016810412494498e-03,5.469039334336511793e-03,3.894375881591263799e-03,-9.468077667815349985e-04,3.479557789761542064e-03,1.751629430994300352e-03
-4.871312367564661905e-03,-6.034200918166601757e-03,-3.014291522276571489e-03,-5.068768969522477463e-03,2.945412682974060670e-03,5.245238117522227350e-03,3.914738312703738843e-03,-1.263235462012832211e-03,3.532139853958504716e-03,1.889927811422609238e-03
-4.469525659254638961e-03,-5.953823288026335869e-03,-3.294322913124911323e-03,-5.112509136806511756e-03,2.793490683471566705e-03,4.924046141012078381e-03,3.447757416225230576e-03,-1.124937081584523324e-03,3.554611626624043508e-03,2.280469722938535670e-03
-4.190907361005233311e-03,-6.275015264536484838e-03,-3.323886671255771308e-03,-4.964699840401945452e-03,2.573841343489605138e-03,5.161658006689176514e-03,3.495322206729559178e-03,-1.122395982352281107e-03,3.487837621020908885e-03,1.959277746428386702e-03
-4.216609814769387010e-03,-6.194637634396218950e-03,-3.407129400372563288e-03,-4.936762363230207118e-03,2.553492965448683760e-03,5.477051326607709769e-03,3.633620587157868065e-03,-1.150839773421993839e-03,3.521456602512934575e-03,1.882526776680409908e-03
-4.029663783115089437e-03,-6.426233697272187850e-03,-3.437946254885346220e-03,-4.745163230558666068e-03,2.456876213830130884e-03,5.258238692426184246e-03,3.506631060169365655e-03,-1.047440449871039903e-03,3.606975999119674259e-03,1.659405726611745679e-03
-3.975548573415213505e-03,-6.403761924606649059e-03,-3.674766125545333995e-03,-4.709067703014060968e-03,2.327689108889807734e-03,5.051980701858499456e-03,3.363384928212739822e-03,-1.231102153771104768e-03,3.558858307119036612e-03,1.611288034611108033e-03
-3.576463118906178518e-03,-6.066440114156856911e-03,-3.602050359828079529e-03,-4.472677827624588209e-03,2.747814830779071738e-03,5.484286926308173937e-03,3.731754583606097797e-03,-1.385452231834366499e-03,3.645603167949845735e-03,1.712363800803931579e-03
-3.475387352713354971e-03,-5.762876114524848048e-03,-3.627752813592233228e-03,-4.194171707289265361e-03,2.828192460919337625e-03,5.787850925940182800e-03,3.579832584103603832e-03,-9.531460073846920178e-04,3.379300943632271292e-03,1.867860831341050520e-03
-3.510425000966987952e-03,-6.090249821779206152e-03,-3.432657953433490561e-03,-4.418623959721479366e-03,2.856561659317621849e-03,5.758700342187852983e-03,3.345405678730997701e-03,-7.933762770174906942e-04,3.186040752837196455e-03,1.814897718184160791e-03
-3.362615704562421648e-03,-5.811631523529800503e-03,-3.312819603929664791e-03,-4.723140930910724178e-03,2.904126449821950451e-03,5.948659480841680947e-03,3.151275663544728101e-03,-9.794430228682454720e-04,2.967228118655670932e-03,1.869012927884036723e-03
-3.571277469391689885e-03,-6.034752573598464731e-03,-3.602739606026278407e-03,-4.724881515486306638e-03,3.155921515725079729e-03,5.762592734990926169e-03,3.342874796216269151e-03,-1.062685751985037452e-03,3.075487742868754371e-03,1.610160459237286457e-03
-3.117377274625132699e-03,-5.879744922137525309e-03,-3.379865559058531366e-03,-4.460710255924135725e-03,3.182700958791598311e-03,5.722538615092517822e-03,3.149614605421194313e-03,-1.110803443985675099e-03,3.394838568989450023e-03,1.352625565190362922e-03
-2.979078894196823812e-03,-5.578761213095501104e-03,-3.565932304909286144e-03,-4.491527110436918657e-03,3.316107038149884723e-03,5.724273628054887819e-03,3.305970099616500901e-03,-5.941220400898367116e-04,3.187757952266792594e-03,1.244000390618976715e-03
-3.106068421185326223e-03,-5.705750740084003514e-03,-3.820809637279723447e-03,-4.438945046239956005e-03,3.240524053158402862e-03,5.768938214745486515e-03,3.460977751077440323e-03,-7.522958628918274826e-04,3.395447430220119300e-03,1.272369589017260938e-03
-3.053486356988363570e-03,-5.619005879253194391e-03,-3.819074624317353450e-03,-4.471068027652375099e-03,2.919332076648253893e-03,5.621766408739070631e-03,3.251949935850026452e-03,-7.779983166559811814e-04,3.568347293555110267e-03,1.419811316365579557e-03
-3.277287573802648013e-03,-5.619752194843272153e-03,-3.782979096772748351e-03,-4.434972500107769999e-03,3.057630457076562780e-03,5.589596535695101620e-03,3.438895967504324025e-03,-5.060288432703202721e-04,3.441357766566607856e-03,1.455906843910184656e-03
-3.203220546800583657e-03,-5.545685167841207797e-03,-3.760507324107209559e-03,-4.238771319397427462e-03,3.080102229742101572e-03,5.932148646004539727e-03,3.659910556775447521e-03,-8.224565385016174845e-04,3.388394653409718127e-03,1.931097835722594969e-03
-3.488981448182576495e-03,-5.389329673645901209e-03,-4.087569660997755761e-03,-4.264473773161581160e-03,2.984460954868525806e-03,6.123747778676080777e-03,3.712492620972410173e-03,-5.188925388696086216e-04,3.415050396572860691e-03,1.905395381958441270e-03
-3.600283621733826878e-03,-5.143143352474885410e-03,-4.127623780896164107e-03,-4.242002000496042369e-03,3.241477832909553380e-03,6.026604928031822905e-03,4.074718519326211985e-03,-4.964207662040698299e-04,3.683507735598917643e-03,2.078295245293432236e-03
-3.299299912691802672e-03,-5.342223814466126597e-03,-4.100844337829645525e-03,-4.325244729612834349e-03,3.243212845871923378e-03,6.054974126430107129e-03,4.021755406169322256e-03,-4.916159607404602117e-04,3.905507136339747554e-03,2.360600145369873282e-03
-3.202545681167248692e-03,-5.261846184325860709e-03,-3.933001282029155443e-03,-3.751360516321050609e-03,2.985677951824999843e-03,6.029271672665953430e-03,3.910453232618071873e-03,-5.173184145046139104e-04,4.118202585291108608e-03,2.447345006200682405e-03
-3.166450153622643593e-03,-5.181468554185594821e-03,-3.810180931626674927e-03,-3.678644750603796143e-03,2.726825483178249576e-03,5.985531505381919137e-03,4.260434184028882854e-03,-4.398408581259699579e-04,4.181766935608899338e-03,2.360233104110071034e-03
-2.925582401171494817e-03,-5.335818632248856552e-03,-3.662371635222108623e-03,-3.465949301652435088e-03,2.902707379562274870e-03,6.072276366212728260e-03,4.173322281938271483e-03,-4.303283290097853486e-04,4.349609991409389420e-03,2.276990374993279054e-03
-2.897213202773210594e-03,-5.288253841744527950e-03,-3.905393969841824964e-03,-3.423386600298533589e-03,2.872613652132413598e-03,5.932157780252841905e-03,4.062020108387021100e-03,-6.891807976565356153e-04,4.711835889763191232e-03,2.325137637639404509e-03
-2.596009876797367166e-03,-4.871810444554716679e-03,-4.110176580306851291e-03,-3.267031106103227001e-03,2.761311478581163215e-03,5.750665786981246086e-03,3.838899058318356872e-03,-1.156161694135043883e-03,4.973044068468060463e-03,2.351793380802547073e-03
-2.777501870068962986e-03,-4.465808892017142373e-03,-4.333977797121135733e-03,-3.350850149228978836e-03,3.043616378657604260e-03,5.906162817518365027e-03,4.355580462214195259e-03,-8.088866720810244937e-04,4.947341614703906765e-03,2.481292705576385038e-03
-3.036354338715713252e-03,-4.274209759345601323e-03,-4.542639561950403970e-03,-2.989917550912754574e-03,3.248925394415069778e-03,6.234618193291324717e-03,4.547179594885736309e-03,-9.163164546380220266e-04,5.049532895750316608e-03,2.456760149157369288e-03
-2.767896999689656301e-03,-4.510009924295621531e-03,-4.522277130837928927e-03,-2.782228072959427867e-03,3.611151292768871590e-03,6.307333959008579183e-03,4.688637134041467869e-03,-9.420189084021757253e-04,4.678094861838649754e-03,2.085322115245702435e-03
-3.122720547425864024e-03,-4.467447222941720031e-03,-4.458712780520138197e-03,-2.643929692531118980e-03,4.083903750601622362e-03,6.021573057626586345e-03,4.960420131597836901e-03,-7.504197757306346750e-04,4.388174859742036138e-03,1.853726052369733535e-03
-3.011197466639303766e-03,-4.619369222444213996e-03,-4.111437758466118808e-03,-2.591347628334156328e-03,4.362522048851028011e-03,6.006772652827202519e-03,4.982891904263375693e-03,-1.030451166578974509e-03,4.787260314251071125e-03,2.021569108170223616e-03
-2.988725693973764974e-03,-4.591000024045929773e-03,-4.008603552562967076e-03,-2.548784926980254828e-03,4.044732946423476583e-03,6.077476040970419824e-03,5.009671347329894275e-03,-8.640312803647048900e-04,4.244841876973021177e-03,1.845243107563704354e-03
-2.807576984607706994e-03,-4.848534918092853307e-03,-3.986131779897428284e-03,-2.753777317053021645e-03,4.168604649964491315e-03,6.315971880498053026e-03,4.977501474285925265e-03,-6.828825709986469095e-04,4.325219507113287065e-03,2.034074591615545047e-03
-3.245269491528299244e-03,-4.835302363591170716e-03,-4.110209409830797855e-03,-2.471827116824310000e-03,4.409411556460227088e-03,6.290269426733899327e-03,5.133856968481231853e-03,-8.069602009320164804e-04,4.637262993149218748e-03,2.114452221755810934e-03
-2.987231338197227082e-03,-4.531738363959161853e-03,-3.711123955321762868e-03,-2.470092103861940003e-03,4.601010689131768139e-03,6.163279899745396917e-03,4.957530967874712591e-03,-7.367036025150985878e-04,4.827222131803046712e-03,2.354237073587964191e-03
-3.168723331468822901e-03,-4.509266591293623061e-03,-4.143027131765564253e-03,-2.523055217018829732e-03,4.681028405191592356e-03,6.503709962471307393e-03,5.105819477583053989e-03,-5.984052220867897010e-04,4.603420914988762269e-03,2.545836206259505241e-03
-3.120576068822697446e-03,-4.092823194103811790e-03,-3.842043422723540047e-03,-2.612226212245091772e-03,4.522686152674246229e-03,6.516942516972989985e-03,5.105073161992976227e-03,-5.759334494212509092e-04,4.750106768180786809e-03,2.517392415189792509e-03
-2.972287559114356048e-03,-3.661785758181268502e-03,-4.108345647041114490e-03,-2.665189325401981502e-03,4.455912147071111606e-03,6.335450523701394165e-03,5.157655226189938880e-03,-2.137075510674490975e-04,4.833302485570997731e-03,2.497044037148871132e-03
-2.924140296468230593e-03,-3.757427033054844268e-03,-4.027968016900848602e-03,-2.349796005483448247e-03,4.483849624242849941e-03,6.573062389378492298e-03,4.951397235622254089e-03,-3.517071052962922328e-04,5.131872938375026116e-03,2.501848842612480750e-03
-3.153771643796599022e-03,-4.078619009564993236e-03,-4.026233003938478605e-03,-2.547890563601315495e-03,4.557916651244914297e-03,7.159285578426530239e-03,4.731747895640292523e-03,-2.713294751560263451e-04,5.065098932771891493e-03,2.258826507992764410e-03
-2.958676783637856356e-03,-4.476225672596034766e-03,-4.051935457702632304e-03,-2.311500688211842736e-03,5.074598055140752684e-03,7.474678898345063494e-03,4.907629792024317816e-03,-2.283705515152417709e-04,4.743906956261742525e-03,1.868727261045269317e-03
-3.110598783140350321e-03,-4.847663706507701620e-03,-4.467053498509510057e-03,-2.043043349185785784e-03,5.102535532312491018e-03,7.869010993857658565e-03,5.031858423907381583e-03,-1.543035245131774147e-04,4.771844433433480859e-03,1.922842470745145249e-03
-2.999613185118127356e-03,-4.819294508109417396e-03,-4.520016611666399786e-03,-1.965565792807141832e-03,5.125007304978029810e-03,7.889373424970133608e-03,4.711523711032644668e-03,-4.813658614037236161e-04,5.070414886237509244e-03,2.201460768994550898e-03
-2.914832110631357387e-03,-4.663797477572298456e-03,-4.283626736276927027e-03,-1.697108453781084880e-03,4.820490333788784998e-03,7.517935391058466754e-03,4.425762809650651830e-03,-3.002171520376656355e-04,5.322209952140638523e-03,2.169337787582131805e-03
-2.803388339872411872e-03,-4.730571483175433078e-03,-4.513258083605295456e-03,-1.831142465202842406e-03,4.638998340517189178e-03,7.818919100100490960e-03,4.473327600154980432e-03,-1.086180193661245852e-04,5.908433141188676463e-03,2.139244060152270532e-03
-2.755241077226286417e-03,-4.657855717458178613e-03,-4.699324829456050234e-03,-1.728838213770941823e-03,5.038083795026224165e-03,7.791645292453130978e-03,4.482840129271165042e-03,-3.674704880128748519e-04,5.879282557436346646e-03,2.421548960228711578e-03
-2.827038478662877163e-03,-4.467896578804350649e-03,-4.531481773655560152e-03,-1.581028917366375519e-03,5.012381341262070467e-03,8.073595492681842622e-03,4.339593997314539209e-03,-9.568749045650581930e-05,5.847112684392377635e-03,2.162696491581961311e-03
-3.050159528731541392e-03,-4.672679189269376976e-03,-4.428647567752408420e-03,-1.558557144700836727e-03,4.695953646030773254e-03,7.867337502114157832e-03,4.130566182087125338e-03,-4.201359262946541273e-04,6.014955740192867717e-03,2.131879637069178379e-03
-2.966569638372384965e-03,-4.552840839765551206e-03,-4.290349187324099534e-03,-1.670125311253767286e-03,4.705466175146957863e-03,8.103727377503630591e-03,4.072534268114325062e-03,1.680208748075229241e-04,6.266750806095996995e-03,1.760441603157511525e-03
-3.049812367489176945e-03,-4.624638241202141953e-03,-4.408320298308773810e-03,-1.502282255453277204e-03,4.578476648158455453e-03,8.433637534940363611e-03,3.751342291604176094e-03,8.477814569073094386e-05,6.289222578761535787e-03,1.663824851538958649e-03
-3.235879113339931723e-03,-4.848439458016426395e-03,-4.170708432631675677e-03,-1.670876760992159871e-03,4.598839079270930497e-03,8.476596458581148186e-03,3.803924355801138746e-03,1.870823971226315274e-04,6.391413859807945630e-03,1.760579083063512629e-03
-3.207941636168193389e-03,-4.596644392113297117e-03,-4.429560901278425944e-03,-1.869957222983401057e-03,4.737137459699239384e-03,8.398798995274195378e-03,3.774773772048808929e-03,1.667340190817101497e-04,6.547769354003252218e-03,1.924472376557975761e-03
-3.020779633750789173e-03,-4.494453111066887274e-03,-4.528152919445457836e-03,-1.842019745811662723e-03,4.720097555359833996e-03,8.164372089901589247e-03,3.581513581253734091e-03,8.349128996491816945e-05,6.514531180650484643e-03,1.575871479226179095e-03
-2.891280308976951208e-03,-4.547416224223777004e-03,-4.727233381436699022e-03,-2.309000642290170990e-03,4.831083153382056961e-03,8.037382562913086836e-03,3.728955308602052710e-03,2.646399993309761500e-04,6.542468657822222977e-03,1.648587244943433561e-03
-2.820576920833733903e-03,-4.278958885197720052e-03,-4.649755825058055070e-03,-2.334703096054324689e-03,4.726569792050133723e-03,8.250078011864447891e-03,3.801671074319307175e-03,-3.987697185826866164e-05,6.643544424015046523e-03,1.600469552942795914e-03
-3.002068914105329722e-03,-4.087359752526179002e-03,-4.680572679570838002e-03,-2.463890200994647839e-03,4.630928517176557957e-03,8.440037150518275855e-03,3.540598794368313151e-03,1.164785223370379263e-04,6.611421442602627430e-03,1.795564413101538581e-03
-3.201149376096570909e-03,-3.818902413500122051e-03,-4.706275133334991700e-03,-2.308393170457528898e-03,4.276104969440350234e-03,8.691832216421405133e-03,3.580493511681062668e-03,-1.073226944772465163e-04,6.497798856362396736e-03,1.468502076210992380e-03
-3.491069378193184525e-03,-3.871865526657011780e-03,-4.652159923635115768e-03,-2.121447138803231325e-03,4.324252232086475689e-03,8.661015361908622201e-03,3.628640774327188123e-03,-2.694506433698062864e-05,6.030817959883888468e-03,1.212616992789003478e-03
-3.568866841500137332e-03,-3.897567980421165479e-03,-4.707865959152138235e-03,-2.085351611258626225e-03,4.276134540085838043e-03,9.377691038385899125e-03,3.304467315693490614e-03,1.408979914635094532e-04,6.002374168814175737e-03,1.324019628370531887e-03
-3.664508116373713098e-03,-4.083634726271920257e-03,-5.007462585696342838e-03,-2.384948237802830828e-03,4.348850305803092509e-03,9.351988584621745426e-03,2.995180501856820054e-03,1.457027969271190715e-04,6.170217224614665819e-03,1.471461355718850506e-03
-3.637852373210570534e-03,-4.207712356205289828e-03,-5.141496597118100365e-03,-2.217105182002340746e-03,4.652414305435101372e-03,9.319818711577776416e-03,2.903412580522513053e-03,-3.578919634447674802e-05,5.947096174546001590e-03,1.750676636582210177e-03
-3.482355342673451593e-03,-4.069413975776980941e-03,-5.113127398719816141e-03,-1.684003616741883147e-03,4.544984522878103839e-03,9.236575982460984435e-03,2.930068323685655618e-03,-2.968614762954707720e-04,5.989658875899903090e-03,1.569184643310614358e-03
-3.513172197186234524e-03,-4.166030727395533817e-03,-5.092764967607341098e-03,-1.865495610013478966e-03,4.893544270139951746e-03,9.093329850504358602e-03,2.789949737725769263e-03,-2.689239991237324379e-04,5.784876265434876763e-03,1.872748642942623221e-03
-3.543265924616095797e-03,-4.372288717963218607e-03,-5.118467421371494797e-03,-1.742675259610998451e-03,5.201889333201772936e-03,9.394313559546382808e-03,2.791684750688139260e-03,-4.751819896914172281e-04,5.945111304785685724e-03,1.745759115954120810e-03
-3.541530911653725799e-03,-4.688716413194515820e-03,-5.070902630867166194e-03,-1.621938991601276636e-03,4.816463230845877130e-03,9.741588581600402197e-03,2.664695223699636850e-03,-7.067780525673861280e-04,6.257154790821617407e-03,1.932705147608418383e-03
-3.513593434481987465e-03,-4.541274685846197201e-03,-5.103025612279585288e-03,-1.893146128604653033e-03,5.178689129199678942e-03,9.889030308948720815e-03,2.712842486345762305e-03,-7.823610375588679888e-04,6.478169380092740903e-03,2.211323445857824033e-03
-3.151367536128185654e-03,-4.212819310073237511e-03,-5.151143304280222934e-03,-1.870674355939114242e-03,5.051699602211176532e-03,1.028336240446131589e-02,2.765424550542724957e-03,-7.187966872410772590e-04,6.815491190542533051e-03,2.239260923029562367e-03
-3.013069155699876767e-03,-4.044976254272747429e-03,-5.076188757460312062e-03,-1.850311924826639198e-03,5.413925500564978344e-03,9.902427335726798896e-03,3.029595810104895870e-03,-6.384190571008113713e-04,6.417884527511491521e-03,2.087338923527068402e-03
-2.909669832148922830e-03,-4.128218983389539409e-03,-5.002017336922653934e-03,-2.069124559008164721e-03,5.650315375954451103e-03,1.004986906307511751e-02,2.624461227736088476e-03,-3.561141570243703258e-04,6.565326254859810140e-03,2.058895132457355670e-03
-2.652652954107895256e-03,-4.047841353249273522e-03,-5.032834191435436866e-03,-1.921315262603598417e-03,5.798124672359017406e-03,9.830641575300155810e-03,2.541218498619296495e-03,1.305884337905321990e-04,6.352449473869620222e-03,2.081366905122894462e-03
-2.872302294089856822e-03,-4.252623963714299848e-03,-5.252061679210398570e-03,-1.766307611142658995e-03,5.850706736555980059e-03,1.003833105325348252e-02,3.057899902515134882e-03,4.509644139675944574e-04,6.453525240062443769e-03,2.109736103521178685e-03
-3.010301848318699958e-03,-4.457406574179326175e-03,-5.356575040542321808e-03,-1.683111893752448074e-03,5.723717209567477648e-03,9.971557047650347894e-03,3.080371675180673674e-03,4.252619602034407587e-04,6.069336221671689513e-03,2.051704189548378410e-03
-3.121604021869950341e-03,-4.188949235153269224e-03,-5.382277494306475507e-03,-1.807189523685817645e-03,5.829173517388097636e-03,9.831438461690461539e-03,3.132409989438755815e-03,3.995595064392870599e-04,6.043633767907535814e-03,1.820108126672409510e-03
-3.153773894913919351e-03,-4.382209425948344061e-03,-5.144665628629377374e-03,-2.001319538872087245e-03,5.616296736397907718e-03,9.778475348533571809e-03,3.154881762104294607e-03,4.471242969436156622e-04,6.334856886170261991e-03,1.967549854020728128e-03
-3.377575111728203794e-03,-4.819901932868936312e-03,-4.997223901281058756e-03,-2.398926201903128774e-03,5.308298120749149751e-03,9.851191114250826275e-03,3.344840900758122570e-03,2.656323036720198427e-04,6.237714035526004119e-03,2.329775752374529940e-03
-3.221219617532897206e-03,-4.749198544725719007e-03,-5.108526074832309138e-03,-2.296734920856718931e-03,4.909975486408577061e-03,9.931568744391092163e-03,3.249199625884546805e-03,7.738756193457207999e-04,6.031456044958319329e-03,2.692001650728331752e-03
-3.444340667601561434e-03,-4.437155058689787324e-03,-5.125565979171714526e-03,-2.444637582226766304e-03,5.048273866836885948e-03,9.695956339001027269e-03,3.737859087871317487e-03,8.586566938324907694e-04,5.929347736007312131e-03,2.329979898836612162e-03
-3.527583396718353415e-03,-4.462857512453941022e-03,-5.330558369244481343e-03,-2.525025750727258322e-03,4.787201586885891924e-03,9.797032105193850815e-03,3.708295329740457502e-03,9.012193951863922692e-04,5.802358209018809720e-03,2.246737169719820182e-03
-3.480018606214024812e-03,-4.648924258304695800e-03,-5.278520054986399201e-03,-2.452309985010003857e-03,4.528349118239141657e-03,9.824969582365589149e-03,3.701618988775787211e-03,9.848092855455486960e-04,5.997453069177552387e-03,2.164193392857810538e-03
-3.688680371043293049e-03,-4.907776726951446067e-03,-5.514320219936419409e-03,-2.711162453656754123e-03,4.778355127428815519e-03,9.799267128601435450e-03,3.737714516320392311e-03,9.591068317813949973e-04,6.080648786567763309e-03,1.847765697626513326e-03
-3.475984922091931995e-03,-4.505990018641423123e-03,-5.211934100221499166e-03,-2.442705114630697172e-03,4.695112398312023538e-03,9.751149436600797804e-03,3.773810043864997410e-03,1.237704563886526943e-03,6.212250836591104441e-03,2.264209094816324597e-03
-3.439889394547326895e-03,-4.342096725146959990e-03,-5.467819183643488068e-03,-2.641785576621938358e-03,4.775490028452289426e-03,9.538515227836538712e-03,3.569027433399971083e-03,1.516302295991658888e-03,6.103625662019718234e-03,1.967795196748028941e-03
-3.392324604042998293e-03,-4.289514660949997338e-03,-5.674077174211172858e-03,-2.247453481109343287e-03,4.913788408880598313e-03,9.751210676787899767e-03,3.716431164053818348e-03,1.311519685526632562e-03,6.184003292159984122e-03,2.231966456310199853e-03
-3.550666856560344420e-03,-4.237476346691915197e-03,-5.331525063901734751e-03,-2.323036466100825148e-03,4.592596432370449344e-03,9.707470509503865475e-03,3.497618529872292825e-03,1.316324490990242180e-03,6.106205828853031314e-03,2.165192450707065230e-03
-3.759694671787758291e-03,-4.099177966263606310e-03,-5.729847698242307441e-03,-2.054579127074768197e-03,4.336711348948460443e-03,9.746038329164694036e-03,3.467524802442431553e-03,1.617308200032266385e-03,5.785013852342882346e-03,2.268591774258019167e-03
-3.785397125551911990e-03,-4.196320816907864182e-03,-5.750196076283228819e-03,-2.211702404994006499e-03,4.645056412010281632e-03,9.662795600047902056e-03,3.713711123613447351e-03,1.408280384804852514e-03,5.647014298114039210e-03,2.128727294921736735e-03
-3.516939786525855038e-03,-4.300834178239787420e-03,-5.478413078726859786e-03,-1.974090539316908366e-03,4.365025021161941798e-03,9.849741631702199629e-03,3.500834342623257434e-03,1.265034252848226681e-03,4.993415600850703573e-03,2.163688928337390016e-03
-3.537288164566776416e-03,-4.198529926807886836e-03,-5.849851112638526640e-03,-1.835792158888599479e-03,4.221778889205315966e-03,9.977186303316704086e-03,3.587579203454066556e-03,1.224980132949818334e-03,5.381596111727976472e-03,2.265993179769290600e-03
-3.590251277723666146e-03,-4.338394406144169269e-03,-5.413424199689334526e-03,-1.609614032201320266e-03,3.931858887108702350e-03,1.014502935911719417e-02,3.844596081495094131e-03,1.077808326943402450e-03,5.549439167528466554e-03,2.089667179162771338e-03
-3.825863683113731040e-03,-4.435011157762722145e-03,-5.134805901439928877e-03,-1.561466769555194811e-03,4.043302657867647865e-03,1.029283865552176047e-02,3.748954806621518365e-03,7.920474255614096126e-04,5.728318462360645902e-03,2.270815888528829318e-03
-3.524879974071706834e-03,-4.582182963769138029e-03,-4.829744877368299938e-03,-1.513901979050866209e-03,3.969193234717768859e-03,1.026713620175760677e-02,3.292375306900643950e-03,6.540478713325664772e-04,5.866616842788954789e-03,2.241665304776499501e-03
-3.591653979674841457e-03,-4.801832303751099595e-03,-5.119664879464913554e-03,-1.661073785057282093e-03,3.829074648757882504e-03,1.070356311470679889e-02,3.379120167731453073e-03,4.453861065032982403e-04,6.123633720829982363e-03,2.322042934916765389e-03
-3.810466613856366980e-03,-5.025633520565384038e-03,-5.354091784837519685e-03,-1.540337517047560278e-03,4.016020680412180077e-03,1.079030797553760801e-02,3.569079306385281036e-03,5.836844869316071271e-04,6.690436067633934170e-03,2.733595719680168012e-03
-3.730088983716101092e-03,-5.003161747899845246e-03,-5.327312341771001103e-03,-1.350378378393732315e-03,3.809762689844495287e-03,1.119209468384763095e-02,3.604030894002116514e-03,5.564106792842471449e-04,6.828734448062243056e-03,2.433999093135963410e-03
-3.574591953178982151e-03,-5.196421938694920084e-03,-4.895006117321326622e-03,-1.113988503004259556e-03,4.125156009763028542e-03,1.142970654952472909e-02,3.964963492318340776e-03,3.501526887165623547e-04,7.129718157104267262e-03,2.401876111723544316e-03
-3.591631857518387538e-03,-5.634114445615512334e-03,-4.872534344655787830e-03,-1.280736119324013544e-03,4.153093486934766876e-03,1.122344855895704430e-02,4.233420831344397728e-03,5.877645543936604877e-04,7.316880159521671478e-03,2.194795495000886887e-03
-3.777698603369142316e-03,-5.705577650088625163e-03,-4.600751347099418798e-03,-9.198035210077892820e-04,4.201240749580892331e-03,1.114786557396556244e-02,4.306136597061652194e-03,4.959966330593534867e-04,7.763279962173158522e-03,2.514146321121582539e-03
-3.808515457881925248e-03,-5.557768353684058860e-03,-4.578279574433880006e-03,-8.722387305034606797e-04,4.281618379721158218e-03,1.176015950695077916e-02,4.285788219020730816e-03,5.700636600614178429e-04,7.550403181182968604e-03,2.645748371144923672e-03
-3.536732460325556215e-03,-5.684757880672561270e-03,-4.603982028198033705e-03,-4.840582196261877801e-04,4.058497329652493990e-03,1.173445705318662546e-02,4.158798692032228406e-03,3.759336448751482429e-04,8.114686854366823243e-03,2.452488180349848834e-03
-3.663721987314058626e-03,-5.683022867710191273e-03,-4.523604398057767817e-03,-7.541210368922218743e-04,4.145242190483303113e-03,1.188867028021965699e-02,4.399605598527964179e-03,5.675327775466892932e-04,8.188753881368887599e-03,2.529965736728492787e-03
-3.973008801150729186e-03,-5.599432977351034846e-03,-4.342455688691709836e-03,-8.432920321184839141e-04,4.156448891038194704e-03,1.220406360013819025e-02,4.359551478629555832e-03,4.703899269024314211e-04,8.380353014040428650e-03,2.509617358687571409e-03
-3.825567073802410567e-03,-5.431589921550544764e-03,-4.395418801848599566e-03,-8.208202594529451224e-04,4.130746437274041005e-03,1.252861579643008150e-02,4.515048509166674773e-03,5.179547174067600235e-04,8.156551797226144207e-03,2.568379280066868109e-03
-4.130084044991655379e-03,-5.218894472599183709e-03,-4.169240675161320353e-03,-7.181678296984544962e-04,4.003756910285538595e-03,1.234254905057932672e-02,4.696197218532732753e-03,4.878609899768987512e-04,8.029562270237641797e-03,2.974380832604442415e-03
-4.120571515875470769e-03,-5.413024487785453309e-03,-3.890642943056188408e-03,-9.658815427831812794e-04,3.950793797128648865e-03,1.213859188781608867e-02,4.843638945881051372e-03,7.701658900533397967e-04,8.340926716976157507e-03,3.355765584402814472e-03
-3.868776449972341491e-03,-5.374456668124624747e-03,-3.789567176863364861e-03,-8.420098392421665467e-04,3.746836634365410812e-03,1.237498176320556142e-02,4.864001376993526415e-03,7.711110630990170023e-04,8.083391822929233972e-03,3.100669121147953122e-03
-4.185204145203638704e-03,-5.218101173929318159e-03,-3.815269630627518560e-03,-9.376511141157423124e-04,3.675039232928820065e-03,1.215533242322359986e-02,4.645188742812000893e-03,6.744943114804641260e-04,8.319781698318706731e-03,2.852955408063226339e-03
-4.543531700505504256e-03,-5.036952464563260179e-03,-4.014350092618759747e-03,-6.796129607846701504e-04,3.870134093087562732e-03,1.183890472799230265e-02,4.227906737113082403e-03,7.548719416207300137e-04,8.495663594702732024e-03,3.116444707470744646e-03
-4.432546102483281292e-03,-5.148254638114510562e-03,-4.172692345136105874e-03,-6.320481702803415480e-04,3.953723983446719159e-03,1.181320227422814895e-02,4.255342975475667755e-03,1.153957396129765001e-03,8.733275460379830157e-03,3.049670701867610023e-03
-4.625806293278356129e-03,-5.143449832650900944e-03,-4.212364430245585378e-03,-7.038455717169322945e-04,3.849210622114795921e-03,1.220753436974074402e-02,4.450437835634410422e-03,1.002035396627271036e-03,8.887713151488049745e-03,2.938368528316359640e-03
-4.505070025268634315e-03,-5.429651539799448812e-03,-4.131986800105319491e-03,-4.776674450296530816e-04,4.365892026010634308e-03,1.218183191597659032e-02,4.323448308645908011e-03,7.724040492989026063e-04,9.042720802948989167e-03,2.566930494404692786e-03
-4.632059552257136725e-03,-5.648464173980974334e-03,-3.828712139534146131e-03,-2.814662643193105440e-04,4.578587474961995363e-03,1.236877794763088789e-02,4.403825938786173899e-03,6.204820497964086412e-04,8.843640340957747981e-03,2.756889633058520750e-03
-4.526603244436516738e-03,-5.613502540565321053e-03,-3.560254800508089179e-03,-4.194658185481536794e-04,4.606956673360279586e-03,1.244625550400953184e-02,4.598920798944916566e-03,7.008596799366745289e-04,8.990326194149772521e-03,2.783545376221663314e-03
-4.388304864008207851e-03,-5.593140109452846009e-03,-3.517692099154187679e-03,-1.282427002854275022e-04,4.819652122311640641e-03,1.280848140236333366e-02,4.679298429085182454e-03,6.403036552950075455e-04,8.848155379462249726e-03,3.168689404509622554e-03
-4.414007317772361549e-03,-5.828752514842910903e-03,-3.239185978818864831e-03,-4.524161589191250110e-04,4.842123894977179432e-03,1.309970452062605983e-02,4.866244460739480027e-03,3.132413184044613441e-04,8.979757429485590858e-03,3.115726291352732824e-03
-4.430885387894017979e-03,-5.756036749125656438e-03,-3.495071062240853732e-03,-1.954677189131420745e-04,4.648863704182104595e-03,1.324799303033440123e-02,5.236032928839520761e-03,1.023387665839842198e-04,8.658565452975441890e-03,3.546763727275276112e-03
-4.378847073635935838e-03,-5.880114379059026009e-03,-3.468291619174335150e-03,-3.353321982494245068e-04,4.658376233298289204e-03,1.332837066047470875e-02,5.004436865963551861e-03,1.291182096505028021e-04,8.634032896556426140e-03,3.548498740237646110e-03
-4.352191330472793274e-03,-6.422532816337075956e-03,-3.466556606211965152e-03,-6.687485922336755539e-05,4.338731130629311372e-03,1.310456944366042431e-02,4.745584397316801595e-03,-1.305260503701999308e-05,8.942377959618247329e-03,3.451355889593388238e-03
-4.575312380541457502e-03,-6.342155186196810068e-03,-3.549799335328757133e-03,1.384341565340979630e-04,4.214653500695941801e-03,1.297757991667192190e-02,4.848983720867755531e-03,9.847047574954026494e-05,9.043453725811070876e-03,3.079917855681721384e-03
-4.367622902588130795e-03,-6.255743179034170542e-03,-3.981709780133207977e-03,4.176494373974576346e-04,4.224166029812126411e-03,1.312502164402024052e-02,5.168480311532219762e-03,2.946716564598828025e-04,9.123831355951336763e-03,3.054215401917567685e-03
-4.243394270705067028e-03,-6.272783083373575930e-03,-4.224732114752924317e-03,-4.933145908105063260e-05,4.225901042774496408e-03,1.293895489816948574e-02,5.241196077249474228e-03,2.175726694160218244e-04,8.864978887304586497e-03,3.092783221578396247e-03
-4.137937962884447041e-03,-6.293131461414497307e-03,-4.028530934042581779e-03,-1.459482106996035089e-04,4.085782456814610053e-03,1.324729996123130693e-02,5.211102349819612956e-03,1.460083284302721163e-04,8.975964485326809461e-03,3.330395087255494380e-03
-3.869480623858390089e-03,-6.248466874723898612e-03,-4.289603213993575803e-03,6.674723825175754577e-05,3.880999846349583726e-03,1.305403977043623209e-02,5.258667140323941558e-03,-8.362301889809631295e-05,9.003901962498547795e-03,2.975571539519286657e-03
-3.999254577284422352e-03,-6.243662069260288994e-03,-4.021145874967518852e-03,-1.265129525433172919e-04,3.785358571476007961e-03,1.305577478339860209e-02,5.178278971823449539e-03,7.273247529721027504e-05,8.547322462777673380e-03,2.752450489450622428e-03
-4.320446553794571320e-03,-5.882729470944064731e-03,-4.145223504900888423e-03,-4.164329546399309079e-04,3.787093584438377958e-03,1.295863193275434422e-02,5.200750744488988331e-03,1.531101054374761627e-04,8.450705711159120503e-03,2.832828119590888316e-03
-4.638235656222122749e-03,-5.802351840803798844e-03,-3.712917280451213942e-03,-6.250947194691991449e-04,4.203536981628189229e-03,1.291857781285593587e-02,5.271454132632205636e-03,2.192767528089861750e-04,8.226904494344836061e-03,2.705838592602385906e-03
-4.824302402072877527e-03,-5.533894501777741892e-03,-3.721556383327273565e-03,-8.298773299342254717e-04,4.441148847305287362e-03,1.335478835626205396e-02,5.670539587141240623e-03,3.575751332372950619e-04,8.160130488741701438e-03,2.594536419051135523e-03
-4.796364924901139193e-03,-5.631037352421999764e-03,-3.830121216445173116e-03,-7.070569795317449557e-04,4.511852235448504667e-03,1.332908590249790026e-02,5.366022615951995811e-03,4.803954836397755779e-04,8.107167375584811708e-03,2.236208863749269971e-03
-4.826458652331000465e-03,-6.002475386333666618e-03,-3.583934895274157317e-03,-9.969769816283585717e-04,4.221932233351891051e-03,1.311818335067742314e-02,5.404590435612824373e-03,3.534059566512731676e-04,8.255455885293153107e-03,2.413983461699839572e-03
-5.147650628841149434e-03,-5.711252268070940441e-03,-3.535787632628031862e-03,-1.220098031697022800e-03,4.226737038815500669e-03,1.307006565867678549e-02,5.484968065753090261e-03,2.577646817776974020e-04,8.224639030780370175e-03,2.230321757799774707e-03
-4.823098432549258185e-03,-5.668689566717038941e-03,-3.523523532786426715e-03,-9.824861660199246671e-04,3.902604177507956740e-03,1.292789484398926270e-02,5.494480594869274870e-03,2.282009236468374169e-04,8.411585062434667748e-03,2.119019584248524324e-03
-5.054694495425227085e-03,-5.892490783531323384e-03,-3.549225986550580414e-03,-1.380808800360497357e-03,4.140216043185054873e-03,1.315613152068910441e-02,5.926786819318949351e-03,1.973840691340544851e-04,8.125824161052674910e-03,2.603359096152252361e-03
-5.359211466614471897e-03,-6.078557529382078162e-03,-3.401784259202261795e-03,-1.122770647029425195e-03,3.816042584551357364e-03,1.301396070600158161e-02,6.231847843390578290e-03,1.672903417041932128e-04,8.228658366955826642e-03,2.645921797506153861e-03
-5.552471657409546735e-03,-5.672555976844503856e-03,-3.430228050271974527e-03,-1.102408215916950152e-03,3.512152175440153012e-03,1.293071797688478963e-02,6.532831552432602495e-03,6.277698037226997485e-05,8.415604398610124215e-03,2.579147791903019238e-03
-5.550736644447176737e-03,-5.997004412682652164e-03,-3.428493037309604530e-03,-9.771196879359428378e-04,3.570914096819449712e-03,1.280610016522744365e-02,6.680273279780921114e-03,-1.058175251666126915e-04,8.304302225058873832e-03,2.777752311950487663e-03
-5.988429151367768988e-03,-6.151354490745913894e-03,-3.160035698283547578e-03,-8.935297975767864109e-04,3.593385869484988504e-03,1.279942382426277336e-02,6.722835981134822614e-03,3.248085526169619541e-05,8.467120841833888911e-03,2.848455700093704968e-03
-5.534528956601211802e-03,-6.303276490248407860e-03,-3.212998811440437308e-03,-8.655923204050480768e-04,3.553331749586580157e-03,1.310040753330479757e-02,7.374349520895384646e-03,1.128584854019620831e-04,8.133449707182466293e-03,2.752406881099844771e-03
-5.716020949872807622e-03,-6.232573102105190554e-03,-3.102013213418214344e-03,-6.739931877335070265e-04,3.562844278702764766e-03,1.313615551312109775e-02,7.188282775044629869e-03,-1.067908545799994835e-04,8.320395738836763866e-03,2.774878653765383563e-03
-5.479631074483334863e-03,-6.036371921394848017e-03,-3.098255460622173496e-03,-5.356948073051981396e-04,3.583206709815239810e-03,1.314566804223728236e-02,7.210754547710168660e-03,-3.299119046486637119e-04,8.467081592028788406e-03,2.580748638579113963e-03
-5.200996193425733161e-03,-5.986969219088478233e-03,-3.422428919255871005e-03,-4.931321059512966398e-04,3.211768675903572956e-03,1.295960129638652758e-02,7.447144423099641419e-03,-6.145456562260676048e-05,8.069474928997746876e-03,2.551598054826784145e-03
-5.196191387962123542e-03,-5.722797959526307321e-03,-3.518070194129446771e-03,-6.815850754426089342e-04,3.282472064046790261e-03,1.319938614821868084e-02,7.594586150447960038e-03,-1.332519670591975069e-04,7.863216938430062086e-03,2.370106061555188326e-03
-4.891130363890494603e-03,-5.642780243466483103e-03,-3.416994427936623224e-03,-6.591133027770701425e-04,3.058019811614576255e-03,1.317094235714896810e-02,7.408519404597205260e-03,-6.053620134194304114e-05,7.782828769929570067e-03,2.218184062052694361e-03
-4.696035503731751937e-03,-5.364240143031023811e-03,-3.294174077534142708e-03,-3.396167121126059119e-04,2.918155332278293823e-03,1.326411278744835109e-02,7.421751959098887852e-03,-1.985357555707861765e-04,7.669668954877403855e-03,2.270766126249657013e-03
-4.908912284721941854e-03,-5.668757114220268623e-03,-3.391316928178400580e-03,-3.348119066489962936e-04,2.546717298366626969e-03,1.357547723418686680e-02,7.235685213248133074e-03,-3.846025014215409543e-04,7.750046585017669742e-03,2.724666321016214199e-03
-4.579002127285208834e-03,-5.416962048317139344e-03,-3.014994814512020338e-03,-3.748660265474046405e-04,2.847701007408651175e-03,1.383875936078610147e-02,7.383126940596451693e-03,-5.706692472722957321e-04,8.135190613305628982e-03,2.519883710551187872e-03
-4.745749743604962823e-03,-5.179350182640041211e-03,-2.976426994851191776e-03,-4.466634279839953869e-04,2.661634261557896397e-03,1.391913699092636736e-02,7.978066196122457487e-03,-5.423000488740115088e-04,8.298009230080644061e-03,2.489066856038404940e-03
-4.744014730642592825e-03,-5.239906207281708195e-03,-2.974691981888821779e-03,-4.996265411408851165e-04,2.974693247063384116e-03,1.385236298532323274e-02,8.185755674075784194e-03,-4.040016684457026219e-04,8.598992939122668266e-03,2.164893397404707431e-03
-4.871004257631095236e-03,-5.027210758330347140e-03,-2.872500700842411936e-03,-1.185759714443790358e-04,3.161639278717681689e-03,1.371224439936334638e-02,8.165407296034862816e-03,-7.754397023573694758e-04,8.488843007382132488e-03,2.067750546760449559e-03
-4.679405124959554185e-03,-5.313412465478895008e-03,-2.620705634939282658e-03,7.302316122716201452e-05,2.952611463490267818e-03,1.385968612671166500e-02,8.093609894598272070e-03,-6.731354509254688923e-04,8.726454873059230621e-03,2.214436399952474099e-03
-4.979001751503758788e-03,-5.361530157479532654e-03,-2.573140844434954055e-03,3.130701578538813701e-04,3.000758726136393273e-03,1.400712785405998362e-02,8.103122423714456679e-03,-8.163815828820947251e-04,9.008759773135671667e-03,2.254331117265223616e-03
-5.090303925055009171e-03,-5.826821922250577379e-03,-2.056459440539115668e-03,3.606349483582099724e-04,2.975056272372239574e-03,1.397756409592912363e-02,7.641689441625937329e-03,-8.693446960389844547e-04,9.031231545801210459e-03,2.290426644809828716e-03
-4.760393767618276151e-03,-6.085674390897327646e-03,-2.087276295051898600e-03,2.336454213697075621e-04,2.935384187262760070e-03,1.403014616012608629e-02,7.722067071766203217e-03,-7.670404446070838711e-04,8.934614794182657582e-03,2.097166454014753878e-03
-4.555084751860810632e-03,-6.166062559397819665e-03,-2.477375541999393693e-03,3.347211875625311084e-04,3.116532896628818050e-03,1.399009204022767794e-02,7.696364618002049518e-03,-6.648491635606740280e-04,9.296840692536459394e-03,1.800752555946458222e-03
-4.528429008697668068e-03,-6.196879413910602596e-03,-2.552958526990875554e-03,2.390799126889553428e-04,3.151494530044471332e-03,1.396974366218675656e-02,7.932754493391522277e-03,-7.480918926774660083e-04,9.534452558213557527e-03,2.333854121206915821e-03
-4.639731182248918451e-03,-6.029036358110112515e-03,-2.611251239950193592e-03,3.633085445720191098e-04,3.408511408085498906e-03,1.374662261211809233e-02,8.127849353550264944e-03,-7.962095846781036546e-04,9.645438156235780491e-03,2.129071510741889495e-03
-4.385250220402717169e-03,-5.945840640719901593e-03,-2.688350226994054570e-03,5.016069250003279967e-04,3.368457288187090559e-03,1.383336747294890146e-02,7.891029482890277169e-03,-5.554026781823678816e-04,9.461093218619459622e-03,2.165167038286494594e-03
-4.229753189865598229e-03,-5.875137252576684288e-03,-2.717913985124914555e-03,3.929817504289417895e-04,3.370998387419332776e-03,1.375718767399690401e-02,7.938594273394605771e-03,-4.171042977540589947e-04,9.307411212215607743e-03,2.089584053295012733e-03
-4.436011180433283019e-03,-5.662441803625323233e-03,-3.007833987221528171e-03,2.659922234404393793e-04,3.756142415707292015e-03,1.375892268695927401e-02,8.070196323417946904e-03,-6.402253478227232231e-04,9.202897850883684505e-03,2.117953251693296957e-03
-4.181530218587081738e-03,-5.634504326453584899e-03,-3.033536440985681870e-03,5.023820988299121382e-04,3.920035709201755147e-03,1.378139445962481280e-02,8.041045739665617087e-03,-4.838698536274166351e-04,9.471355189909741457e-03,1.936461258421701137e-03
-3.867372453205800142e-03,-5.632769313491214902e-03,-2.981498126727599729e-03,4.751082911825521560e-04,3.548597675290088294e-03,1.410594665591670405e-02,7.903046185436773952e-03,-6.909504703500740641e-04,9.523937254106704109e-03,2.204918597447758088e-03
-3.746636185196078328e-03,-5.445823281836917329e-03,-3.267259028109592567e-03,3.065137856436694896e-04,3.421608148301585883e-03,1.399464448236545366e-02,8.139436060826246710e-03,-6.433856798457454618e-04,9.691780309907194191e-03,2.080840967514388518e-03
-3.776729912625939600e-03,-5.343632000790507486e-03,-3.298075882622375499e-03,3.289855583092082814e-04,3.559906528729894770e-03,1.423442933419760692e-02,7.919786720844285144e-03,-1.552846898770360307e-04,1.010822370709700546e-02,2.228282694862707136e-03
-3.872778731619799797e-03,-5.028238680871974231e-03,-3.405505665179373032e-03,2.430584966341131636e-04,3.238714552219745801e-03,1.410743980720910451e-02,7.952897294486768742e-03,-3.790859066913204733e-04,1.021041498814341530e-02,2.101293167874204726e-03
-3.485551514578771881e-03,-5.433373263240781625e-03,-3.547676479866895827e-03,2.209322792152412784e-04,3.558197135854021531e-03,1.375261625947289679e-02,7.922080439973985810e-03,-4.877110812627066805e-04,1.029079261828368119e-02,2.153875232071167378e-03
-3.875650761526266974e-03,-5.285563966836215322e-03,-3.325677079126065916e-03,2.119645033715755744e-06,3.268277133757407915e-03,1.372691380570874309e-02,8.173875505877115089e-03,-8.425346289989144033e-04,1.032936043794450975e-02,2.192443051731995940e-03
-3.905744488956128246e-03,-5.212848201118960856e-03,-3.697115113037732770e-03,-2.409026895860005846e-04,3.242574679993254216e-03,1.386521218613705198e-02,8.196517175904152741e-03,-7.226962794950886337e-04,1.014786844467291393e-02,2.265158817449250406e-03
-3.972518494559262869e-03,-4.851915602802736593e-03,-3.507155974383904806e-03,-6.218377583205175752e-04,3.189611566836364487e-03,1.411139850730806777e-02,8.713198579799991128e-03,-4.682153176488873525e-04,1.031571150047340402e-02,2.236008233696920589e-03
-4.124440494061756834e-03,-4.572700321939376922e-03,-3.532858428148058505e-03,-8.079045041712723529e-04,3.260314954979581792e-03,1.435220541380380355e-02,8.392006603289842159e-03,-3.474790496391655381e-04,1.009191028365911957e-02,1.756077298830316380e-03
-3.866402340730684672e-03,-4.309211022531858615e-03,-3.336657247437715967e-03,-1.270020417969905391e-03,3.307879745483910394e-03,1.422812778387043398e-02,8.493082369482665706e-03,-5.905013842588818784e-04,9.882882468431705703e-03,2.010558260676517661e-03
-3.674803208059143622e-03,-4.177608972508517482e-03,-3.298089427776887406e-03,-1.295722871734059090e-03,3.259762053483272748e-03,1.434886405188015579e-02,8.467379915718512007e-03,-6.871181358774347547e-04,9.931029731077831157e-03,2.053120962030419161e-03
-3.600736181057079266e-03,-4.175873959546147485e-03,-3.045517589686783100e-03,-1.293987858771689092e-03,3.441902879165487095e-03,1.395941588479965301e-02,8.719174981621641285e-03,-9.215450412500408861e-04,9.718152950087641240e-03,1.869459258130354296e-03
-3.747907987063495150e-03,-4.056035610042321715e-03,-2.961927699327626673e-03,-1.475479852043284912e-03,3.522280509305794616e-03,1.424172078487609405e-02,8.990957979178010318e-03,-8.411674111097749984e-04,9.955764815764739373e-03,2.231685156484156107e-03
-3.738395457947310541e-03,-4.180113239975691286e-03,-3.161008161318867860e-03,-1.771893750111580568e-03,3.478540342021760323e-03,1.421090393036331112e-02,8.863968452189507907e-03,-8.668698648739286972e-04,9.736952181583213850e-03,2.156102171492674247e-03
-4.280813895225360488e-03,-4.366179985826446064e-03,-3.285085791252237430e-03,-1.480670631848854391e-03,3.579616108214583869e-03,1.400000137854283400e-02,8.780725723072715927e-03,-7.113728343368097562e-04,9.923898213237511423e-03,2.032024541559304676e-03
-4.685948477594167882e-03,-4.751606088182341869e-03,-3.038899470081221632e-03,-1.444575104304249291e-03,3.659993738354849757e-03,1.414744310589115261e-02,8.599233729801120107e-03,-8.226750078880601391e-04,9.893081358724728491e-03,2.112402171699570563e-03
-4.837870477096661848e-03,-4.974727138251006098e-03,-3.232159660876296470e-03,-1.626067097575845111e-03,3.688362936753133980e-03,1.396595111261955680e-02,9.001020438111143052e-03,-6.671779773509411982e-04,9.860958377312309397e-03,2.528845568889381834e-03
-4.785288412899699195e-03,-5.122629799621053470e-03,-3.261310244628626287e-03,-1.450185201191819817e-03,3.166621342449993382e-03,1.387883921052894542e-02,9.021382869223618095e-03,-2.507345801611299274e-04,9.679466384040713578e-03,2.720444701560922884e-03
-4.464912432722636937e-03,-5.506818818011807726e-03,-3.353078165962933288e-03,-1.429822770079344774e-03,3.006878852223324183e-03,1.428885222378635522e-02,9.202531578589676076e-03,-4.090768326784760545e-04,9.752182149757968044e-03,2.615931340228999646e-03
-4.490614886486790636e-03,-4.986840537742773249e-03,-3.214779785534624401e-03,-1.387260068725443274e-03,2.940104846620189560e-03,1.447718277862219960e-02,8.989654797599486158e-03,-6.278894668600015772e-04,9.854373430804377887e-03,2.184028163785198262e-03
-4.462677409315052302e-03,-4.912773510740708893e-03,-2.815694331025589414e-03,-1.123088809163272361e-03,2.941839859582559558e-03,1.432526077911970563e-02,9.170803506965544138e-03,-8.093814601315973967e-04,9.549856459615133075e-03,2.212397362183482485e-03
-4.351691811292829337e-03,-4.938475964504862592e-03,-2.868657444182479144e-03,-8.686078473170710801e-04,2.866256874591077697e-03,1.451685991179124668e-02,8.958169298201285047e-03,-8.871789234385502043e-04,9.598003722261258530e-03,2.778089091403854183e-03
-4.088202511885311030e-03,-4.916004191839323800e-03,-3.266264107213520673e-03,-8.638030418534614618e-04,2.545064898080928728e-03,1.429305869497696224e-02,8.927352443688502115e-03,-9.589763248751409508e-04,9.378354382279296964e-03,2.592022345553099405e-03
-4.199504685436561413e-03,-5.040081821772693371e-03,-3.314381799214158320e-03,-7.430667738437396475e-04,2.418075371092426318e-03,1.426735624121280854e-02,9.028428209881325661e-03,-1.070278498426391334e-03,9.130640669194570180e-03,2.495405593934546529e-03
-4.115914795077404986e-03,-5.135723096646269137e-03,-3.370087834731180787e-03,-8.974168519070013783e-04,2.498093087152250535e-03,1.466644169572184353e-02,9.001154402233965679e-03,-8.133300584204083972e-04,9.567067582143762294e-03,2.733017459611644662e-03
-4.035537164937139099e-03,-5.232865947290527009e-03,-3.418205526731818433e-03,-7.295737961065112964e-04,2.289431322322982298e-03,1.481683761667274002e-02,9.417597799423776950e-03,-6.217309257488673468e-04,9.354190801153572377e-03,2.880826756016210966e-03
-3.897238784508830212e-03,-5.630472610321568538e-03,-3.389836328333534210e-03,-3.444297678185520573e-04,2.337578584969107753e-03,1.515299914815117222e-02,9.287823845997744687e-03,-5.791682243949658471e-04,8.936908795454653887e-03,2.961204386156476853e-03
-3.950201897665719941e-03,-5.656175064085722237e-03,-3.267015977931053694e-03,3.070837719420099754e-04,1.939255950628535063e-03,1.523658903851032864e-02,9.388899612190568233e-03,-6.083188081472956643e-04,8.989490859651616539e-03,2.756211996083710036e-03
-3.794704867128601000e-03,-5.794174618314565373e-03,-3.219451187426725092e-03,4.668535023092112990e-04,1.908439096115752132e-03,1.563567449301936363e-02,9.409262043303043277e-03,-4.700204277189867774e-04,8.524199094880571814e-03,2.859611319634663973e-03
-3.530533607566430088e-03,-5.771702845649026581e-03,-3.432327968416915009e-03,3.427758723758417281e-04,1.527504027381235141e-03,1.563740950598173363e-02,9.342488037699908654e-03,-6.080199819478299128e-04,8.152761060968904960e-03,2.469512072687168880e-03
-3.398931557543088955e-03,-5.722300143342656797e-03,-3.052637579426129011e-03,1.856525944566034259e-04,1.716335511433075833e-03,1.541295725354951962e-02,9.316785583935754955e-03,-3.395626429217729614e-04,8.253836827161728507e-03,2.233899667297103986e-03
-3.310975398208931830e-03,-5.641922513202390910e-03,-3.000055515229166359e-03,3.330943218049220444e-04,1.799925401792232260e-03,1.532971452443272764e-02,9.369367648132717608e-03,-8.048544076928176860e-04,7.957422929093432851e-03,2.441589145250430692e-03
-3.435053028142301401e-03,-5.850584278031659147e-03,-3.223176565297830587e-03,3.691898493495271438e-04,1.708157480457925259e-03,1.567698954648674703e-02,9.564462508291460274e-03,-9.318439346813200963e-04,7.855318094518518035e-03,2.505153495568221422e-03
-3.253904318776243421e-03,-6.032076271303254966e-03,-3.532463379134501147e-03,1.691882971313896089e-04,1.677340625945142327e-03,1.582479884289131333e-02,9.437472981302957864e-03,-1.187729018103308998e-03,7.993616474946826922e-03,2.185508392899243590e-03
-3.017514443386770662e-03,-6.177516125015020121e-03,-3.949745384833419637e-03,6.510704843655651386e-04,1.287892458864639544e-03,1.550837114766001612e-02,9.738456690344982070e-03,-1.033291326995089410e-03,8.284839593209553099e-03,2.296493990921466555e-03
-3.341687902020468171e-03,-5.914233998415785454e-03,-3.897163320636456985e-03,5.240809573770627283e-04,1.262190005100485846e-03,1.542512841854322414e-02,9.818834320485247957e-03,-8.735215966278880861e-04,8.188222841591000223e-03,2.298229003883836552e-03
-3.500030154537814298e-03,-5.981008004018920077e-03,-3.922865774400610683e-03,2.924848945010938284e-04,9.380571437929419165e-04,1.519070151317061801e-02,9.841306093150786749e-03,-1.082549411855301957e-03,8.356065897391490305e-03,2.189603829312450345e-03
-2.913806965489776357e-03,-5.933443213514591474e-03,-4.031490948971996890e-03,6.936384443242959996e-05,9.123546900287882178e-04,1.535854456897110809e-02,9.811742335019926764e-03,-1.043981592194473396e-03,8.831256889203900617e-03,2.092987077693897469e-03
-3.037884595423145928e-03,-5.516999816324780204e-03,-4.351825661846733806e-03,-1.354187660325967268e-04,8.291119609119962375e-04,1.575763002348014308e-02,9.587941118205642321e-03,-1.170971119182975806e-03,9.036565904961366136e-03,2.329376953083370227e-03
-3.104658601026280551e-03,-5.515264803362410206e-03,-4.112040810014580550e-03,-4.318326641008923827e-04,8.236806705544247320e-04,1.568616681900703025e-02,9.548269033096162817e-03,-1.428506013229899341e-03,9.398791803315167948e-03,2.182205147076954344e-03
-2.846620447695208389e-03,-5.368578950170385666e-03,-4.037973783012516193e-03,-5.719512500607787375e-04,5.626083906034307081e-04,1.582446519943533914e-02,9.467880864595670798e-03,-1.445545917569304728e-03,9.712949568696449543e-03,1.962555807094992777e-03
-2.773904681977953923e-03,-4.936272725720711185e-03,-4.337570409556720796e-03,-5.243864595564501352e-04,3.811163973318348885e-04,1.586702790078924064e-02,9.515445655099999400e-03,-1.654207682398572965e-03,9.616332817077896666e-03,2.118052837632111718e-03
-2.566215204024627217e-03,-4.657766605385388337e-03,-4.367134167687580781e-03,6.183672949158780519e-05,1.820359353405937020e-04,1.562907266043815635e-02,9.968515606931405149e-03,-1.765509855949823348e-03,9.609656476113226375e-03,2.127565366748296327e-03
-2.632989209627761840e-03,-4.648254076269203727e-03,-4.188254872855401434e-03,-1.725901758810183262e-04,-1.224810358486511097e-04,1.588608953847918392e-02,1.004123137264865961e-02,-1.685492139889999130e-03,9.757098203461544994e-03,1.984319234791670494e-03
-2.596893682083156740e-03,-4.643449270805594109e-03,-3.933773911009200153e-03,-4.690040739493139821e-04,-1.546040172610702035e-04,1.574740952686824735e-02,1.002088299460773824e-02,-1.714642723642328948e-03,9.661456928587969228e-03,1.910209811641791489e-03
-3.129963610660826956e-03,-4.702393022641901399e-03,-4.254965887519349121e-03,-4.465323012837751904e-04,-4.626026329098281709e-04,1.582778715700851324e-02,9.891109041181705974e-03,-1.694280292529853904e-03,9.732160316731186533e-03,2.021653582400737004e-03
-3.501401644572493810e-03,-4.958278106063890300e-03,-4.063366754847808071e-03,-1.046904627317449266e-03,-3.383740010267644038e-04,1.593118648055946718e-02,9.851054921283297627e-03,-1.723430876282183721e-03,9.878846169923211074e-03,1.929885661066430003e-03
-3.541455764470902157e-03,-4.646234620027958617e-03,-4.585108349150948670e-03,-9.086062468891403787e-04,-5.975570277735875457e-05,1.596429705420195078e-02,1.001889797708378771e-02,-1.909497622132938499e-03,9.411865273444702806e-03,2.119844799720257966e-03
-3.722947757742497976e-03,-4.699197733184848347e-03,-4.983430983491521360e-03,-7.488365165219390551e-04,-4.652314827567616273e-05,1.593514647044962096e-02,1.032724304014560890e-02,-1.701808144179611793e-03,9.121945271348089190e-03,2.174159901785654991e-03
-3.753041485172359248e-03,-4.724900186949002046e-03,-4.529530788724964174e-03,-1.211454309217097070e-03,1.162954684993389165e-04,1.560147533579819834e-02,1.058425991818663647e-02,-2.018235839410909005e-03,9.169510061852417793e-03,2.488317667166936586e-03
-3.557946625013616582e-03,-4.680235600258403350e-03,-4.558681372477293992e-03,-9.291494091406560241e-04,3.526853438888116754e-04,1.568185296593846423e-02,1.081043804487391569e-02,-2.227263654638322876e-03,9.307808442280726680e-03,2.467969289126015209e-03
-3.781747841827901024e-03,-4.678500587296033353e-03,-4.956288035508335521e-03,-1.256211746031202225e-03,6.536690529308358810e-04,1.545222161861009580e-02,1.095712389806594023e-02,-1.918812818531637210e-03,9.455617738685292983e-03,2.649117998492073189e-03
-3.839779755800701300e-03,-4.709317441808816285e-03,-4.981990489272489220e-03,-1.437703739302798045e-03,6.388686481314520549e-04,1.565991109656342251e-02,1.137356729525575150e-02,-2.240004795041786179e-03,9.194545458734298959e-03,2.778617323265911154e-03
-3.817307983135162508e-03,-4.588581173799094470e-03,-5.139113767191727522e-03,-1.513286724294279906e-03,4.157475980627878265e-04,1.593841721689874535e-02,1.160180397195559321e-02,-2.219642363929311135e-03,9.530706990212731156e-03,2.758268945224989777e-03
-3.900550712251954488e-03,-4.764907174405613732e-03,-5.536720430222769052e-03,-1.974719706382799256e-03,2.887580710742854162e-04,1.601113298261599982e-02,1.162427574462113200e-02,-2.214837558465701517e-03,9.502263199143018424e-03,2.523842039852383645e-03
-3.983793441368746469e-03,-4.582766348723399386e-03,-5.745382195052037289e-03,-1.784760567728971292e-03,2.579412165615024843e-04,1.611453230616695376e-02,1.181587487729267305e-02,-2.027891526811403944e-03,9.487462794343634598e-03,2.671283767200702264e-03
-3.636518419314727080e-03,-4.508699321721335029e-03,-5.488433755046054352e-03,-1.608878671344945999e-03,1.309516895730000741e-04,1.626234160257152006e-02,1.176291176413578332e-02,-1.985328825457502444e-03,9.287461242125497063e-03,2.404981542883127821e-03
-3.481510767853787658e-03,-4.721333530485594121e-03,-5.628298234382336784e-03,-1.794945417195700776e-03,5.879699156980250363e-04,1.651809150045946417e-02,1.172285764423737497e-02,-1.962857052791963652e-03,9.569766142201938108e-03,2.175350195554759392e-03
-3.557093752845269519e-03,-4.420349821443569915e-03,-6.025904897413378314e-03,-2.193268051536273466e-03,5.211959100948904133e-04,1.631330888999443784e-02,1.183384324225959794e-02,-1.772897914138135689e-03,9.360738326974524237e-03,2.537576093908561203e-03
-3.344398303893908464e-03,-4.228750688772028865e-03,-6.163904451642221449e-03,-2.301684680129673088e-03,3.920088051545672636e-04,1.644491094001777898e-02,1.183210265768401548e-02,-1.839671919741270312e-03,9.155955716509497910e-03,2.397711614572278771e-03
-3.370100757658062163e-03,-3.878506231052111786e-03,-6.306075266329744244e-03,-2.279212907464134297e-03,5.836079378261083139e-04,1.649247573052210758e-02,1.176532865208088086e-02,-1.766956154024015846e-03,9.160760521973107529e-03,2.301094862953725895e-03
-3.317518693461099510e-03,-3.615016931644593479e-03,-6.525302754104705949e-03,-2.406202434452636707e-03,1.860012747950667844e-04,1.651494750318764637e-02,1.202949991164305177e-02,-1.611459123486896905e-03,9.033770994984605118e-03,2.448536590302044513e-03
-3.503585439311854288e-03,-3.690599916636075339e-03,-6.119301201567131643e-03,-2.477999835889227453e-03,-4.559478808090211555e-05,1.669609621255370435e-02,1.220309492855722877e-02,-1.824093332251155997e-03,9.038575800448214737e-03,2.572408293843059246e-03
-3.556548552468744018e-03,-3.786241191509651105e-03,-6.117566188604761646e-03,-2.252302655524299202e-03,-9.855790123779184508e-05,1.684970525760944027e-02,1.256532082691103058e-02,-1.890867337854290620e-03,8.825941591683955645e-03,2.155126288144140756e-03
-3.409106825120425399e-03,-3.604100365827436758e-03,-5.871379867433745847e-03,-1.988813356116780895e-03,-1.818027109752595738e-05,1.693645011844024939e-02,1.234151961009674614e-02,-2.217929674744836821e-03,8.800239137919801946e-03,2.007223626774093383e-03
-3.536096352108927809e-03,-3.827901582641721201e-03,-5.948478854477606825e-03,-2.080581277451087896e-03,9.280532692469700695e-05,1.677810786592290326e-02,1.252366043577896049e-02,-2.309697596079143822e-03,8.956594632115108534e-03,2.012028432237703002e-03
-3.019414948213089422e-03,-3.636302449970180151e-03,-5.861733993646797702e-03,-2.027999213254125244e-03,1.938810931175205532e-04,1.647359089473365845e-02,1.241524380718556086e-02,-2.163011742887119282e-03,8.816476046155222179e-03,1.885038905249200591e-03
-2.750957609187032471e-03,-3.703076455573314774e-03,-5.991507947072829965e-03,-2.053701667018278942e-03,-2.100117813504109865e-04,1.645324251669273707e-02,1.238954135342140717e-02,-2.134642544488835059e-03,9.252902959104414293e-03,1.932603695753529194e-03
-3.072149585697181440e-03,-3.521927746207256793e-03,-5.938925882875867313e-03,-2.134089835518770961e-03,-4.296611213323725531e-04,1.623442988251121155e-02,1.199193469039036564e-02,-2.003894818720847182e-03,9.256660711900455141e-03,2.323145607269455626e-03
-3.362069587793795056e-03,-3.655961757629014319e-03,-6.072959894297624839e-03,-2.346966616508960879e-03,-5.409632948836229360e-04,1.618146676935432182e-02,1.215400049557266438e-02,-1.867475020618777903e-03,9.047632896673041270e-03,2.591602946295512577e-03
-3.083451289544389406e-03,-3.685525515759874304e-03,-5.952223626287903024e-03,-2.078509277482903927e-03,-6.679528218721253463e-04,1.629291054011326734e-02,1.243396697395260375e-02,-1.897038778749637888e-03,8.861566150822286492e-03,2.499835024961205576e-03
-3.223569875504275761e-03,-3.403220615683433259e-03,-6.519139036469001613e-03,-2.205498804471406338e-03,-8.540195677228801241e-04,1.634047533061759594e-02,1.240826452018845005e-02,-1.868669580351353665e-03,8.984386501224767008e-03,2.209915022864591960e-03
-3.120735669601124029e-03,-3.428923069447586958e-03,-6.567256728469639260e-03,-2.094055033712460823e-03,-1.072832201904405647e-03,1.607417310630002150e-02,1.276919711850467432e-02,-1.596886582794984633e-03,9.026949202578668507e-03,2.529265848985287612e-03
-3.232037843152374412e-03,-3.253041173063561664e-03,-6.810279063089355600e-03,-2.044652331406091039e-03,-1.025267411400077044e-03,1.612173789680435010e-02,1.267355584363109855e-02,-1.516508952654718745e-03,9.151177834461732274e-03,2.720864981656828663e-03
-3.052139912469581384e-03,-3.205476382559233062e-03,-6.591848400547536957e-03,-2.511633227884599306e-03,-9.726853472031143921e-04,1.594024590353275428e-02,1.267836064909470817e-02,-1.264713886751589467e-03,9.042761205868332652e-03,2.501215641674867096e-03
-3.029668139804042593e-03,-3.391543128409987840e-03,-6.444039104142970653e-03,-2.540783811636929124e-03,-9.709503342407443949e-04,1.583168107041485473e-02,1.295014364665107720e-02,-1.322745800724389742e-03,9.288947527039348451e-03,2.917659038864678367e-03
-2.777873073900913314e-03,-3.959648471526272528e-03,-6.206427238465872520e-03,-2.875258354117282700e-03,-1.068093184885002267e-03,1.617423318072429284e-02,1.295187865961344720e-02,-1.552377148052758171e-03,9.336512317543677053e-03,3.155270904541776500e-03
-2.810042946944882325e-03,-3.707853405623143250e-03,-6.183955465800333728e-03,-2.559865034198749445e-03,-1.353854086266995105e-03,1.614853072696013914e-02,1.291975567820102810e-02,-1.733869141324353991e-03,9.150445571692922275e-03,3.491432436020208696e-03
-3.039674294273250754e-03,-3.679915928451404916e-03,-5.962940876529210232e-03,-2.932855467135800365e-03,-1.576975136335659333e-03,1.634012985963168019e-02,1.226615698093769247e-02,-1.455271409219222045e-03,9.407462449733949850e-03,3.647787930215515284e-03
-3.011736817101512420e-03,-3.678180915489034919e-03,-5.643590050408514580e-03,-3.059844994124302775e-03,-1.714974690564502469e-03,1.649562689016879913e-02,1.242165401147481141e-02,-1.503389101219859691e-03,9.612771465491415368e-03,3.795229657563833903e-03
-2.720513698838786243e-03,-3.557444647479313105e-03,-5.244504595899479593e-03,-2.883963097740277481e-03,-1.686605492166218245e-03,1.677793179024524017e-02,1.243116654059099602e-02,-1.655311100722353657e-03,9.881228804517472319e-03,4.270420649376244215e-03
-2.640136068698520355e-03,-3.252383623407684166e-03,-5.004444499201690655e-03,-2.911236905387637464e-03,-1.448993626489120112e-03,1.685830942038550606e-02,1.235558355559951416e-02,-1.414504194226617884e-03,1.015973492485279517e-02,4.272155662338614213e-03
-2.670952923211303287e-03,-3.204818832903355563e-03,-5.030146952965844354e-03,-3.253253600627267761e-03,-1.672114676557784341e-03,1.709592128606260419e-02,1.224428138204826377e-02,-1.877121986921775898e-03,9.754600342483987774e-03,3.967638691149369401e-03
-2.406781663649132375e-03,-3.057377105555036945e-03,-5.351338929475993322e-03,-3.342424595853529801e-03,-1.420319610654655063e-03,1.720690688408482716e-02,1.227265058044654800e-02,-1.729680259573457279e-03,9.725449758731657957e-03,3.786146697877773581e-03
-2.268483283220823488e-03,-3.287008452883405374e-03,-4.914912016526801208e-03,-3.373241450366312733e-03,-1.544397240588024633e-03,1.747868988164119619e-02,1.254110791947260495e-02,-1.911172252845053099e-03,9.489837353341593063e-03,4.043163575918801156e-03
-2.081537251566525915e-03,-3.097049314229577410e-03,-4.727965984872503635e-03,-3.691030552793864161e-03,-1.830158141970017471e-03,1.722280479821920729e-02,1.251657536305358920e-02,-1.872604433184224537e-03,9.344397499629827908e-03,4.233122714572629119e-03
-2.079802238604155917e-03,-2.715664562431205353e-03,-4.726230971910133638e-03,-3.629280166615747594e-03,-1.674661111432898530e-03,1.732620412177016123e-02,1.256915742725055185e-02,-1.436177520235032423e-03,9.039880528440583096e-03,4.124497540001242912e-03
-2.043706711059550818e-03,-2.547821506630715271e-03,-4.756324699339994910e-03,-3.660097021128530526e-03,-1.652189338767359739e-03,1.758424227510123339e-02,1.226464045606130704e-02,-1.413705747569493631e-03,8.522634893449995697e-03,4.146969312666781704e-03
-2.126949440176342798e-03,-2.674811033619217682e-03,-4.896189178676277343e-03,-4.057703684159572055e-03,-1.976637774605508047e-03,1.787546539336395957e-02,1.196012348487206223e-02,-1.786696180506544551e-03,8.524369906412365694e-03,4.194534103171110306e-03
-2.326029902167583985e-03,-2.893623667800743204e-03,-5.108823387440536434e-03,-4.241365388059636921e-03,-2.211064679978114178e-03,1.767068278289893324e-02,1.231036794259197931e-02,-1.354389956056870070e-03,8.587934256730156424e-03,4.485757221433836484e-03
-2.351732355931737684e-03,-3.102285432630011441e-03,-5.156941079441174081e-03,-4.440445850050878107e-03,-2.286647664969596039e-03,1.780228483292227437e-02,1.212887594932038349e-02,-1.481379483045372480e-03,8.795623734683483130e-03,4.596742819456059448e-03
-2.268142465572581257e-03,-3.054720642125682839e-03,-4.916134172945438308e-03,-4.392881059546549505e-03,-2.373759567060207409e-03,1.783022231009401271e-02,1.204563322020359151e-02,-1.476574677581762862e-03,8.697031716516451239e-03,4.516354650955567429e-03
-1.967158756530557051e-03,-2.967975781294873716e-03,-4.805148574923215343e-03,-4.422444817677409490e-03,-2.542354072599090076e-03,1.795006065959783847e-02,1.195646222497732947e-02,-1.183087663378684651e-03,8.435959436565457215e-03,4.468236958954929783e-03
-1.864967475484147208e-03,-2.573643685782278645e-03,-5.011406565490900133e-03,-4.417640012213799872e-03,-2.461976442458824188e-03,1.836650405678764975e-02,1.172683087764896104e-02,-1.208790117142838350e-03,8.608859299900448181e-03,4.328372479618647350e-03
-1.905021595382555555e-03,-2.603737413212139917e-03,-5.270259034137650400e-03,-4.102246692295266617e-03,-2.545219171575616168e-03,1.838686648790012479e-02,1.143691087555234742e-02,-1.533238552980986658e-03,8.695604160731257304e-03,4.245129750501855370e-03
-2.384952530249159763e-03,-2.598932607748530299e-03,-5.586686729368947613e-03,-3.811023574032540440e-03,-2.773132649575613118e-03,1.852516486832843368e-02,1.162687001420617539e-02,-1.673357138940873012e-03,8.743751423377382759e-03,4.173332349065264624e-03
-2.337387739744831161e-03,-2.099598303715796699e-03,-5.791469339833973939e-03,-3.863986687189430169e-03,-2.847242072725492124e-03,1.871676400099997473e-02,1.159605315969339245e-02,-1.886233919931062930e-03,8.924900132743440739e-03,4.381021827018591330e-03
-2.199089359316522274e-03,-2.233632315137554225e-03,-5.755373812289368840e-03,-3.762910920996606623e-03,-2.766864442585226236e-03,1.868594714648719179e-02,1.157035070592923875e-02,-2.341824014106444474e-03,8.688080262083452965e-03,4.413845255314810534e-03
-2.456624253363445809e-03,-1.775007019933244612e-03,-6.016446092240362864e-03,-4.363283247030280698e-03,-2.579918410930928663e-03,1.874951149680498252e-02,1.153029658603083041e-02,-2.389941706107082120e-03,8.843087913544392387e-03,4.200968474324620616e-03
-2.309182526015127190e-03,-1.961073765783999390e-03,-6.435245027163014053e-03,-4.557413262216550298e-03,-2.605620864695082362e-03,1.856105852731367023e-02,1.183128029507285461e-02,-2.429995826005490467e-03,8.661595920272796567e-03,4.202703487286990613e-03
-2.338333109767457008e-03,-1.566741670271404319e-03,-6.816180095897531044e-03,-4.534941489551011506e-03,-2.752792670701498245e-03,1.858899600448540856e-02,1.173951237373854761e-02,-2.554073455938860038e-03,8.334215308390471866e-03,4.091401313735740231e-03
-2.336598096805087010e-03,-1.150298273081593048e-03,-7.187618129809197898e-03,-4.831355387619307162e-03,-2.621190620678157113e-03,1.853603289132851883e-02,1.128392227956316607e-02,-2.630253254890857484e-03,8.482024604795038170e-03,4.238843041084058849e-03
-1.878219713361509169e-03,-1.063553412250783925e-03,-7.116914741665980593e-03,-4.593743521942209029e-03,-2.341975339814797441e-03,1.850521603681573590e-02,1.131229147796145029e-02,-3.095545019661902209e-03,8.584328856226938753e-03,4.143201766210483084e-03
-1.886879872347521636e-03,-1.011515097992701784e-03,-7.015838975473157046e-03,-4.792823983933450216e-03,-2.174132284014307359e-03,1.839364787026280534e-02,1.110750886749642397e-02,-2.957246639233593322e-03,8.304297465378598919e-03,4.267073469751497816e-03
-1.814164106630267170e-03,-1.153685912680224579e-03,-6.965701193896750576e-03,-4.845787097090339945e-03,-2.121550219817344707e-03,1.850509164102175086e-02,1.122734721700024974e-02,-3.347345886181088415e-03,8.451739192726917538e-03,4.303168997296102916e-03
-2.043795453958635600e-03,-8.852285736541676275e-04,-6.885323563756484688e-03,-5.080214002462946077e-03,-2.334427000807534625e-03,1.855323890366787631e-02,1.148538537033132190e-02,-3.490592018137714247e-03,8.532116822867183425e-03,4.554964063199232194e-03
-1.813100522789448665e-03,-9.743995688804296673e-04,-7.053918069295367355e-03,-5.227385808469361961e-03,-2.210555297266519892e-03,1.813567755046968655e-02,1.129931862448056712e-02,-3.888198681168755777e-03,8.210924846357034457e-03,4.355883601207991007e-03
-1.626154491135151092e-03,-1.180657559448114458e-03,-6.633792347406103351e-03,-5.253088262233515660e-03,-2.171987477605691330e-03,1.773807088743864502e-02,1.127361617071641342e-02,-4.325891188089348027e-03,8.330763195860860226e-03,4.804154923791395526e-03
-1.189727578185958978e-03,-1.289282734019500665e-03,-6.819859093256858129e-03,-5.638514364589411465e-03,-2.353479470877287150e-03,1.773980590040101502e-02,1.088416800363591064e-02,-4.187592807661039140e-03,8.137503005065785389e-03,4.899996621828356380e-03
-1.137145513988996326e-03,-1.391391042970507863e-03,-6.717554841824957546e-03,-5.734155639462987231e-03,-2.140784021925926095e-03,1.790764895620150510e-02,1.051272996972424378e-02,-4.314582334649541551e-03,7.907871657737416959e-03,4.833222616225221757e-03
-1.103526532496970636e-03,-1.621022390298876292e-03,-6.570113114476638927e-03,-6.315394422791345552e-03,-1.804622490447493899e-03,1.796023102039846775e-02,1.044595596412110916e-02,-4.167140607301222932e-03,8.193215184386079541e-03,4.761425214788631011e-03
-9.165805008426730627e-04,-1.519946624106052746e-03,-6.661881035810945928e-03,-6.276826603130516991e-03,-1.540451230885322986e-03,1.783615339046509818e-02,1.080818186247491097e-02,-4.056155009278999968e-03,8.049969052429453709e-03,4.956520074947373677e-03
-9.422829546068267614e-04,-1.218962915064028540e-03,-6.694004017223365022e-03,-6.275091590168146993e-03,-1.566153684649476685e-03,1.748631711130246846e-02,1.068410423254154140e-02,-4.311251472533861318e-03,8.197410779777772327e-03,5.172101008380183829e-03
-6.853345146008438249e-04,-1.498994305912368374e-03,-6.845926016725858987e-03,-6.085132451514319030e-03,-1.218878662595457296e-03,1.777754022956519464e-02,1.083960126307866034e-02,-4.258669408336898665e-03,8.516761605898467979e-03,5.647856012294852346e-03
-5.470361341725349380e-04,-1.527438096982081106e-03,-7.162353711957156199e-03,-6.004754821374053142e-03,-1.063381632058338355e-03,1.745634825305504567e-02,1.061580004626437590e-02,-4.216106706982997165e-03,8.412248244566544741e-03,5.839455144966393396e-03
-3.094242684954368050e-04,-1.848630073492230075e-03,-7.266867073289079437e-03,-6.021794725713458529e-03,-7.161066100043189664e-04,1.725726779106380449e-02,1.029460806975422693e-02,-4.256160826881405512e-03,8.199614035802285650e-03,6.307776855205907141e-03
-1.415812126949467231e-04,-2.030122066763825894e-03,-7.489988123357743666e-03,-6.279329619760382064e-03,-6.685418194999903641e-04,1.725821296410948169e-02,1.047575677912028491e-02,-4.254425813919035515e-03,8.468071374828342601e-03,6.180787328217404730e-03
-3.230732059665425426e-04,-1.778327000860696616e-03,-7.520081850787604938e-03,-6.671827578872122078e-03,-5.837607450132203946e-04,1.710386288604621996e-02,1.026709501429101667e-02,-4.799712662043778555e-03,8.606369755256651488e-03,6.328229055565723349e-03
-4.631917919264288974e-04,-2.037179469507446883e-03,-7.492144373615866604e-03,-6.551091310862400263e-03,-6.367238581701101241e-04,1.713180036321795829e-02,1.040539339471932556e-02,-5.008740477271192426e-03,8.888674655333092534e-03,6.647725646230187579e-03
-4.932855193562901697e-04,-2.062881923271600582e-03,-7.240349307712737326e-03,-6.785518216235006395e-03,-7.938471360893484263e-04,1.721658143770472826e-02,1.043333087189106390e-02,-5.061703590428082156e-03,8.764597025399722963e-03,6.893911967401203378e-03
-6.747775126278859892e-04,-2.083230301312521959e-03,-6.808043083263062845e-03,-6.746950396574177833e-03,-7.921121231269784291e-04,1.675128967293368354e-02,1.063193539193853232e-02,-5.033334392029797932e-03,8.736153234330010231e-03,6.754047488064920945e-03
-6.730424996655159919e-04,-2.002852671172256072e-03,-6.935032610251565255e-03,-6.873939923562680243e-03,-7.825995940107938198e-04,1.662430014594518113e-02,1.066803091948313742e-02,-5.064151246542580864e-03,8.644385312995703230e-03,6.856238769111330789e-03
-9.026738469938844212e-04,-2.188919417023010849e-03,-6.933297597289195258e-03,-6.851468150897141451e-03,-8.134164485235767517e-04,1.641951753548015480e-02,1.058091901739252605e-02,-4.826539380865482731e-03,8.812228368796193312e-03,6.637426134929805266e-03
-8.743046485956001979e-04,-2.300221590574261232e-03,-7.370737116260156485e-03,-6.638772701945780397e-03,-8.116814355612067544e-04,1.600071860055750361e-02,1.045401512791703513e-02,-5.031321991330509058e-03,8.854791070150094812e-03,6.905883473955862217e-03
-9.714474992398580699e-04,-2.366995596177395855e-03,-6.976405020747561414e-03,-6.664475155709934096e-03,-1.197107537917102560e-03,1.626917593958356056e-02,1.038724112231390051e-02,-5.103119392767099805e-03,8.450898195682163272e-03,6.928355246621401009e-03
-1.298509836130404271e-03,-2.628067876128389879e-03,-6.800523124363536120e-03,-6.336986686374793121e-03,-1.383174283767857338e-03,1.621621282642667083e-02,1.001580308840223366e-02,-5.307902003232126131e-03,8.129706219172014303e-03,7.141050695572762064e-03
-1.058449739432615333e-03,-2.327084167086365674e-03,-6.689537526341313156e-03,-6.189544959026474502e-03,-1.606295333836521566e-03,1.617247265914263654e-02,9.888813561413731246e-03,-5.161216150040101591e-03,8.262036627861277238e-03,6.989128696070268099e-03
-1.087600323184945150e-03,-2.070135727080382737e-03,-6.761334927777903903e-03,-6.065673255485459769e-03,-1.583823561170982774e-03,1.620041013631437488e-02,1.005665661721422133e-02,-4.892758811014044640e-03,8.284508400526816030e-03,7.127427076498576985e-03
-1.140563436341834880e-03,-2.042198249908644403e-03,-6.980984267759865469e-03,-6.086021633526381147e-03,-1.536258770666654172e-03,1.611716740719758290e-02,1.039397842766401348e-02,-5.074250804285640459e-03,8.126166148009469903e-03,6.981987222786811831e-03
-1.043809204817280900e-03,-2.248456240476329193e-03,-7.092286441311115852e-03,-6.126075753424789494e-03,-1.663248297655156582e-03,1.629831611656364088e-02,1.032720442206087885e-02,-5.268380819471910059e-03,8.372352469180485701e-03,6.898744493670019851e-03
-9.055108243889720132e-04,-2.454714231044013983e-03,-7.079053886809433260e-03,-6.273978414794836866e-03,-1.447667364222346431e-03,1.620169936494508800e-02,1.024466064519886921e-02,-5.220816028967581457e-03,8.663575587443211878e-03,7.046186221018338469e-03
-7.139116917174309629e-04,-2.852320894075055513e-03,-7.042958359264828161e-03,-6.421150220801252750e-03,-1.752184335411591243e-03,1.602020737167349218e-02,1.027259812237060754e-02,-5.134071168136772334e-03,8.729742234814721891e-03,6.827373586836812946e-03
-7.396141454815846616e-04,-2.732482544571229743e-03,-7.014589160866543938e-03,-6.550337325741575900e-03,-1.860809509982977450e-03,1.573364332437904300e-02,1.009895528868798298e-02,-5.097975640592167235e-03,8.681624542814084244e-03,7.109678486913253992e-03
-5.480150128100436113e-04,-2.537387684412487077e-03,-6.846746105066053856e-03,-7.005927419916957444e-03,-2.002980324670500245e-03,1.566686931877590838e-02,1.006813843417520005e-02,-5.222053270525536806e-03,9.043850441167886056e-03,6.921225517421941698e-03
-1.090433450088093559e-03,-2.645804313005886699e-03,-7.108328637753680290e-03,-7.229728636731241886e-03,-1.998175519206890627e-03,1.584801802814196636e-02,9.941148907186697636e-03,-5.147986243523472449e-03,9.070506184331028621e-03,6.834113615331330327e-03
-1.119584033840423376e-03,-2.251472217493291628e-03,-6.960519341349113986e-03,-7.074231606194122945e-03,-1.917797889066624739e-03,1.615636309120378755e-02,1.018733522835771343e-02,-5.355066860246129878e-03,9.080018713447213230e-03,6.808411161567176628e-03
-1.492574466777474296e-03,-2.318246223096426251e-03,-6.572338830471841087e-03,-7.046294129022384611e-03,-1.991907312216503745e-03,1.627918344160626807e-02,1.000299029074139257e-02,-5.440993921921224996e-03,9.107956190618951564e-03,6.741637155964042005e-03
-1.591166484944506188e-03,-2.511506413891501088e-03,-6.308167570909670174e-03,-6.998729338518056009e-03,-2.308335007447800957e-03,1.594470889912591449e-02,9.972173436228609633e-03,-5.469437712990937728e-03,8.999331016047565357e-03,6.715934702199888306e-03
-1.279802038205990478e-03,-2.541600141321362361e-03,-6.272072043365065075e-03,-7.027879922270385826e-03,-2.460257006950294922e-03,1.610106439332122108e-02,9.655745740997312421e-03,-5.850372781725454718e-03,8.817839022775969537e-03,6.395599989325151391e-03
-1.310618892718773409e-03,-3.003716055119995398e-03,-6.148200339824050342e-03,-7.053582376034539525e-03,-2.513220120107184652e-03,1.614862918382554968e-02,1.014384673096602185e-02,-6.111197833307935312e-03,9.082010282338140450e-03,6.271522359391781820e-03
-1.199175121959827894e-03,-3.032866638872325216e-03,-6.552093214291981882e-03,-7.180571903023041935e-03,-2.558642878142391996e-03,1.629607091117386830e-02,9.939064120500995525e-03,-6.235275463241304883e-03,9.390355345399961640e-03,6.142335254451458670e-03
-1.247292813960465541e-03,-2.825177160918998509e-03,-6.153007759782946895e-03,-6.795427874735082696e-03,-3.020075860230911347e-03,1.630930346567555089e-02,1.008650584784931414e-02,-6.187710672736976281e-03,9.166554128585677197e-03,6.433558372714184848e-03
-1.618730847872132395e-03,-3.043989795100524032e-03,-6.130535987117408103e-03,-6.555380878108363341e-03,-2.949372472087694041e-03,1.649624949732984847e-02,1.016057287485137850e-02,-6.056108622713635148e-03,9.470118128217686060e-03,6.214745738532659325e-03
-1.990168881783799248e-03,-2.611571988693661694e-03,-6.282457986619902068e-03,-6.475003247968097453e-03,-2.599128014367776962e-03,1.677546477819320814e-02,1.013487042108722480e-02,-5.959354391189081168e-03,9.592938478620166576e-03,6.009963128067632998e-03
-2.086785633402352125e-03,-2.841203336022030124e-03,-6.277653181156292450e-03,-6.327561520619778834e-03,-2.780620007639372782e-03,1.658133476300693854e-02,9.980520343023963070e-03,-5.680736092939675519e-03,9.740380205968485194e-03,6.073527478385423728e-03
-2.128288442194911645e-03,-2.498651225712592017e-03,-6.239085361495463888e-03,-6.457335474045811097e-03,-3.236210101814754325e-03,1.661990258266776710e-02,9.515228578252918346e-03,-5.807725619928177929e-03,1.004136391501050940e-02,6.029787311101389435e-03
-2.565980949115503895e-03,-2.734263631102656911e-03,-5.726813224521704049e-03,-5.871112284997773156e-03,-2.819766704624943054e-03,1.675820096309607599e-02,9.662670305601236964e-03,-5.836876203680507746e-03,1.020525720850497253e-02,5.794174905711324541e-03
-2.328369083438405762e-03,-2.946897839866916002e-03,-5.779776337678593778e-03,-5.823547494493444554e-03,-2.906878606715554425e-03,1.653938832891455046e-02,9.793418031369224841e-03,-5.928644125014814747e-03,1.016520308860656419e-02,5.546461192626597758e-03
-2.056586085882036730e-03,-3.018695241303506749e-03,-6.069696339775207394e-03,-5.764785573114147854e-03,-2.694183157764193370e-03,1.650929460148468919e-02,1.019520473967924779e-02,-5.906172352349275956e-03,1.016693810156893418e-02,5.548196205588967755e-03
-1.955510319689213183e-03,-2.992039498140364184e-03,-5.989678623715383177e-03,-5.759980767650538236e-03,-2.516513389249117050e-03,1.653176637415022798e-02,1.010603374445298575e-02,-5.767873971920967069e-03,1.019487557874067252e-02,5.359743236097655461e-03
-1.612958209379775076e-03,-3.525589995443709213e-03,-6.198340388544651414e-03,-6.081172744160687205e-03,-2.698005382520712869e-03,1.646030316967711515e-02,1.028718245381904373e-02,-5.530262106243868936e-03,1.043248744441777065e-02,5.334040782333501762e-03
-1.375346343702676943e-03,-3.489494467899104113e-03,-6.379832381816247233e-03,-6.041278026847937688e-03,-2.750968495677602599e-03,1.634900099612586477e-02,1.030965422648458252e-02,-5.613504835360660916e-03,1.032118527086652027e-02,5.445484553092447277e-03
-1.471963095321229820e-03,-3.378508869876881149e-03,-6.701024358326396202e-03,-5.885780996310818747e-03,-2.963845276667792517e-03,1.622201146913736236e-02,1.044795260691289140e-02,-5.565940044856332314e-03,1.032213044391219747e-02,5.568304903494927793e-03
-1.280363962649688769e-03,-3.110051530850824197e-03,-6.678552585660857410e-03,-6.029027128267444580e-03,-3.353595114020099799e-03,1.593209146704074874e-02,1.044968761987526140e-02,-5.795571392184700743e-03,9.950692410000530619e-03,5.538741145364067808e-03
-1.338395876622489045e-03,-3.061904268204698742e-03,-6.542132787558788132e-03,-6.222287319062519417e-03,-3.294833192640803099e-03,1.624748478695928200e-02,1.050226968407222405e-02,-5.527114053158643792e-03,9.924989956236376920e-03,5.706584201164557890e-03
-9.620737629561088022e-04,-3.059363168972456526e-03,-6.431147189536565167e-03,-6.239327223401924805e-03,-3.514060680415764804e-03,1.641532784275977208e-02,1.064056806450053294e-02,-5.651191683092013363e-03,9.667455062189453385e-03,5.402067229975313079e-03
-1.209787476040835585e-03,-2.802346290931428952e-03,-6.240063938803983024e-03,-6.741249697039500277e-03,-3.567848327545919407e-03,1.701841406477735963e-02,1.061486561073637924e-02,-5.218885458642338881e-03,9.133904564886108357e-03,5.428846673041831661e-03
-1.041944420240345504e-03,-2.738781940613638222e-03,-6.348689113375369231e-03,-6.780921782148979782e-03,-3.380686325128515191e-03,1.713825241428118540e-02,1.101395106524541423e-02,-4.979100606810185625e-03,9.373689416718261613e-03,5.235586482246756823e-03
-1.228011166091100281e-03,-2.474610681051467309e-03,-6.326217340709830439e-03,-6.386589686636384711e-03,-3.431317150102808355e-03,1.742055731435762644e-02,1.095591915127261395e-02,-5.006374414457545607e-03,9.277640597724401417e-03,5.139537663252896627e-03
-1.549203142601249250e-03,-2.206153342025410358e-03,-6.321412535246220821e-03,-6.358652209464646377e-03,-3.555394780036177926e-03,1.755885569478593533e-02,1.073211793445832951e-02,-5.133363941446048018e-03,9.194397868607609436e-03,5.178105482913725188e-03
-1.132759745411437979e-03,-2.348324156712933153e-03,-6.448402062234723231e-03,-6.569554761285123501e-03,-3.443951009277232411e-03,1.736559550399086049e-02,1.057865716331353456e-02,-5.441362557094805985e-03,9.274775498747875324e-03,5.038241003577442756e-03
-9.376648852526953126e-04,-1.894423961946375967e-03,-6.540169983569030232e-03,-6.636328766888258124e-03,-3.469653463041386110e-03,1.714179428717657605e-02,1.094844563141357530e-02,-5.418890784429267193e-03,9.276510511710245321e-03,4.819013515802481051e-03
-9.367197122070181070e-04,-1.961197967549510590e-03,-6.921105052303547223e-03,-6.588763976383929521e-03,-3.786081158272683322e-03,1.681052391192069950e-02,1.116114108036493635e-02,-5.271449057080948575e-03,9.187593586375011889e-03,4.614230905337454725e-03
-9.675365667198010389e-04,-1.918635266195609090e-03,-6.269591512542985190e-03,-6.614466430148083220e-03,-3.647782777844374436e-03,1.671875599058639250e-02,1.131663811090205529e-02,-5.193971500702304622e-03,9.236996288681381673e-03,4.780650791551724343e-03
-1.248048418878613952e-03,-2.177487734842359357e-03,-6.023405191371969392e-03,-7.031748435847001710e-03,-3.500341050496055817e-03,1.673846523935604291e-02,1.102022421283375964e-02,-5.421884978702301572e-03,9.516211569544741344e-03,4.970609930205552307e-03
-1.628983487613130943e-03,-2.363554480693114135e-03,-5.995467714200231057e-03,-6.871978705479800387e-03,-3.313179048078651601e-03,1.691961394872210089e-02,1.063928914409924265e-02,-5.519027829346559444e-03,9.199783874313444132e-03,5.050987560345818195e-03
-1.499484162839292978e-03,-2.606576815312830475e-03,-5.738450836159203483e-03,-6.723690195771458988e-03,-3.127249390589781353e-03,1.679553631878873132e-02,1.068185184545314415e-02,-5.627653003917945651e-03,9.280161504453710020e-03,4.939685386794567812e-03
-1.628671267779616127e-03,-2.702625634306690672e-03,-5.695888134805301983e-03,-6.585391815343150101e-03,-3.018989766376697914e-03,1.663719406627138520e-02,1.058523509383459127e-02,-5.345348103841504606e-03,9.232043812453072373e-03,4.966464829861086394e-03
-1.932561676890820479e-03,-2.697820828843081054e-03,-5.915537474787263550e-03,-6.557022616944865878e-03,-3.223772376841724241e-03,1.648527206676889123e-02,1.059474762295077588e-02,-5.398311216998394335e-03,9.318788673283881496e-03,4.818562168491039022e-03
-1.910089904225281687e-03,-2.994234726911376709e-03,-6.067459474289757515e-03,-6.518454797284037316e-03,-3.428554987306750568e-03,1.640202933765209925e-02,1.022175719001372496e-02,-5.208352078344566372e-03,8.920466038943308806e-03,4.435829726222556557e-03
-2.243309013551880726e-03,-2.736196573580304547e-03,-6.031363946745152416e-03,-6.544157251048191015e-03,-3.066329088952948756e-03,1.644959412815642785e-02,1.029923474639236891e-02,-5.160787287840237769e-03,9.031868674524837215e-03,4.889729920989113743e-03
-2.310083019155015349e-03,-3.007542121578374306e-03,-5.853694178230076095e-03,-6.898980798784398738e-03,-3.437767122864615610e-03,1.661743718395691793e-02,1.025549457910833462e-02,-4.992944232039747687e-03,9.067964202069442314e-03,5.209080747109809395e-03
-2.072471153477917216e-03,-3.266394590225124572e-03,-6.170121873461373307e-03,-7.080472792055994558e-03,-3.661568339678900053e-03,1.701652263846595292e-02,9.733752984805194020e-03,-5.174436225311343507e-03,9.090435974734981106e-03,5.142306741506674772e-03
-1.877376293319174549e-03,-3.593456927115670774e-03,-5.891524141356241362e-03,-7.037910090702093058e-03,-4.033006373590566906e-03,1.701825765142832292e-02,9.914901694171252000e-03,-5.630026319486725050e-03,9.348474128066053268e-03,4.761371672772157781e-03
-1.957764461819666568e-03,-3.720446454104173184e-03,-5.855428613811636263e-03,-6.926924492679870093e-03,-4.260919851590563856e-03,1.701999266439069292e-02,9.897861789831846613e-03,-5.475018668025785629e-03,9.459917898824998783e-03,4.556589062307131455e-03
-1.551762909282092262e-03,-3.722385631735450340e-03,-5.708742760619611722e-03,-6.615560045941354383e-03,-4.129317801567222723e-03,1.741053457590661935e-02,1.000005307087825646e-02,-5.105230199925744894e-03,9.307995899322504818e-03,4.414418247619608660e-03
-1.618536914885226885e-03,-4.077209179471658063e-03,-5.737186551689324454e-03,-6.483957995918013251e-03,-4.127582788604852726e-03,1.749055229196644357e-02,1.013835145130656534e-02,-4.867618334248646761e-03,8.889196964399853629e-03,4.636417648360438570e-03
-1.233392886597267646e-03,-4.204198706460160473e-03,-5.694623850335422954e-03,-6.052920559995469962e-03,-4.357214135933221155e-03,1.757729715279725269e-02,1.049928404962278961e-02,-4.585668134019935116e-03,8.959453562816771521e-03,4.774716028788747457e-03
-1.210921113931728854e-03,-4.342198260689003608e-03,-5.666254651937138731e-03,-6.096660727279504255e-03,-4.439757912795230799e-03,1.780799208396643962e-02,1.045922992972438126e-02,-4.682284885638487992e-03,9.154548422975514188e-03,4.679074753915171692e-03
-1.231269491972650232e-03,-3.909892036239329127e-03,-5.777556825488389114e-03,-6.044078663082541603e-03,-4.336923706892079067e-03,1.796434757816174621e-02,1.034907999798384548e-02,-4.809274412626990403e-03,9.227264188692768654e-03,4.639020634016763345e-03
-1.075772461435531291e-03,-3.930240414280250505e-03,-5.630115098140070495e-03,-6.015709464684257379e-03,-4.536004168883320253e-03,1.793864512439759251e-02,1.025246324636529260e-02,-4.724493338140220433e-03,9.307641818833034542e-03,4.564911210866884339e-03
-8.073151224094743394e-04,-4.248410078582467997e-03,-5.392503232462972362e-03,-6.045273222815117364e-03,-4.004391313482014159e-03,1.774538493360251767e-02,1.037528359676777312e-02,-4.985565618091214457e-03,9.159739157462987169e-03,4.481668481750092359e-03
-1.001445137595743939e-03,-4.268758456623389375e-03,-5.291427466270148816e-03,-6.172262749803619775e-03,-4.284422704330353993e-03,1.732735266163375198e-02,1.028351567543346612e-02,-4.951946636599188767e-03,9.207886420109112624e-03,4.909986080630535099e-03
-1.068219143198878562e-03,-4.188380826483123487e-03,-5.033389312939076654e-03,-6.263169447878969009e-03,-3.941870594020915886e-03,1.747516195803831829e-02,1.056215055649106782e-02,-5.076024266532558338e-03,9.602218515621707695e-03,4.686865030561870871e-03
-1.402693685679232138e-03,-4.241343939640013216e-03,-5.353724025813813570e-03,-5.787978456066558697e-03,-4.127937339871670663e-03,1.728909521218756351e-02,1.063486632220832229e-02,-4.973832985486148495e-03,9.674934281338962161e-03,5.037109488281787950e-03
-1.358029098988633443e-03,-4.333111860974320217e-03,-5.429307010805295430e-03,-6.011779672880843139e-03,-4.158754194384453595e-03,1.736947284232782940e-02,1.049474773624843593e-02,-4.117641932802063032e-03,9.701590024502104725e-03,4.907335534855755688e-03
-1.763163681357440837e-03,-4.551924495155845740e-03,-5.634089621270321757e-03,-5.959197608683880487e-03,-4.225528199987588218e-03,1.715024535455286769e-02,1.080679122228436762e-02,-3.949798877001572950e-03,9.483335346863339121e-03,4.854372421698865958e-03
-1.874465854908691220e-03,-4.737991241006600518e-03,-5.761079148258824167e-03,-6.182318658752544716e-03,-4.176125497681218435e-03,1.703894318100161731e-02,1.075867353028372997e-02,-4.179430224329941379e-03,9.301843353591743302e-03,4.832246204279994073e-03
-1.718968824371572279e-03,-4.556842531640542537e-03,-5.641240798754998398e-03,-6.320318212981387851e-03,-4.065139899658995470e-03,1.720678623680210739e-02,1.052904218295536154e-02,-4.303507854263310950e-03,9.700928808100778289e-03,4.858901947443136637e-03
-1.023819729459723993e-03,-4.582544985404696236e-03,-5.870872146083366827e-03,-6.909506007505547553e-03,-4.173556528252395093e-03,1.736228326733922633e-02,1.053855471207154615e-02,-4.510588470985968379e-03,9.671778224348448472e-03,4.894997474987741737e-03
-9.009993790572434769e-04,-4.188212889892101165e-03,-6.098785624083363777e-03,-7.303283593374218507e-03,-4.578691110621202487e-03,1.781055458992263085e-02,1.021736273556139718e-02,-4.542711452398387473e-03,9.563153049777062265e-03,5.173615773237147386e-03
-1.120648719039205043e-03,-4.040771162543782546e-03,-6.415213319314660989e-03,-7.051488527471089229e-03,-4.789593662441679611e-03,1.761729439912755601e-02,1.030410759639220630e-02,-4.928137554754283278e-03,9.191715015865395411e-03,5.706717338497604985e-03
-7.188620107291820993e-04,-4.192693162046276512e-03,-6.312909067882760406e-03,-7.372680503981238198e-03,-4.633238168246373023e-03,1.746537239962506205e-02,1.011804085054145153e-02,-4.659680215728226327e-03,9.244297080062358063e-03,5.882599234881630279e-03
-1.333176280001999170e-03,-4.250725076019076787e-03,-6.086730941195481193e-03,-7.204837448180748116e-03,-4.446076165828968807e-03,1.747017720508867167e-02,1.028193414403591466e-02,-4.786669742716728737e-03,9.382595460490666950e-03,6.030408531286196583e-03
-1.165333224201509088e-03,-4.063779044364779214e-03,-6.107079319236402570e-03,-7.157272657676419514e-03,-4.083850267475166995e-03,1.784875127573783138e-02,1.053997229736698682e-02,-4.895294917288114944e-03,9.651052799516723901e-03,5.894679781931588813e-03
-1.350193464545484945e-03,-4.015631781718653759e-03,-6.427414032111139486e-03,-7.177621035717340892e-03,-4.109552721239320694e-03,1.775270245674397118e-02,1.042982236562645104e-02,-4.962068922891249567e-03,9.537430213276493207e-03,6.195663490973613019e-03
-1.607728358592408480e-03,-4.068594894875543488e-03,-6.315970261352193971e-03,-7.467541037813954508e-03,-4.029175091099054806e-03,1.768090505530738044e-02,1.012530539443720623e-02,-4.875324062060440444e-03,9.368835707737610541e-03,6.282408351804422142e-03
-1.637292116723268465e-03,-3.738684737438810468e-03,-6.232380370993037544e-03,-7.539338439250545254e-03,-3.981027828452929351e-03,1.746125571532541887e-02,1.040761029451364728e-02,-4.870519256596830826e-03,9.563930567896353208e-03,6.718835264753614256e-03
-1.589144854077143010e-03,-3.814267722430292329e-03,-6.131304604800213998e-03,-7.666242328726036170e-03,-4.140770318679598549e-03,1.748919319249715720e-02,1.026217044080188212e-02,-4.887559160936236213e-03,9.434743462956030058e-03,6.313700682384806862e-03
-1.468408586067421195e-03,-3.606578244476965622e-03,-5.830320895758189792e-03,-7.260240776188461864e-03,-4.021916390966814858e-03,1.745837633798437427e-02,9.740428846498741522e-03,-5.044682438855474516e-03,9.582552759360596362e-03,6.282883827872023930e-03
-1.662538601253690795e-03,-3.544827858298849055e-03,-6.286900395479064207e-03,-7.313203889345351594e-03,-3.874107094562248554e-03,1.706076967495333274e-02,9.582086593981395395e-03,-5.168760068788844086e-03,9.750395815161086444e-03,6.383959594064847476e-03
