2.266838108465015801e-05,4.277895615767911795e-05,-1.540791356341039914e-04,-1.284505193682882905e-04,1.359360028065975320e-04,7.263517352526526784e-05,-1.366222798775266253e-04,3.980449143918931079e-05,-8.864596198787134951e-05,-8.266515100110343513e-05
9.336582637016412230e-05,1.938737614653974692e-05,-1.482737687970935676e-04,-2.350518481829906494e-04,2.409075733661217820e-04,-1.163856029799398414e-04,-1.851882540711276108e-04,2.184207632125018637e-04,-2.537818890403276996e-05,-1.704151688738228445e-04
7.821675956431670129e-05,1.632595088363938268e-04,-2.309389197981970027e-04,-3.981552841822171181e-04,3.041753464499603616e-04,-1.280760837401320957e-04,-2.995047906899795526e-04,2.486782768566610843e-04,-6.505262136249109588e-05,-2.012093162013432572e-05
-1.662971919413208394e-05,4.894297221754188507e-05,-2.192418508064812675e-04,-3.954061899290278563e-04,1.672745587087600544e-04,-1.316745852535699179e-04,-2.344261695873988468e-04,8.572361325167286456e-05,-1.363698834573692266e-04,-3.245301219165111321e-05
-6.865393240671705671e-05,4.534447070410406282e-05,-4.077046997466698399e-04,-3.866190654957908038e-04,1.789716277004757897e-04,-1.116534382145654069e-04,-1.617909960621335790e-04,3.023406699390007680e-04,-1.849358576509702121e-04,-2.214737886968562225e-04
4.027873752070307463e-05,-1.431183782360845097e-04,-4.214594264606163912e-04,-3.989511460673075913e-04,1.920114377437433413e-04,-2.196107157882035230e-04,-1.219865046229442682e-04,2.018119277326740858e-04,-2.175535814529946889e-04,-1.816692972576669117e-04
1.364577897275253294e-04,-7.048320471081924183e-05,-3.448464672406533925e-04,-5.530302817014115828e-04,1.724084928553162172e-04,-2.168616215350142613e-04,-5.128905933743030388e-05,1.577589857744417061e-04,-2.954394857918082439e-04,-2.129668043029988569e-04
2.347783063266133206e-04,-2.905643564461060212e-04,-4.740853356323066273e-04,-4.803951081761463149e-04,1.105460577721495809e-04,-2.609145634932466410e-04,-7.468063934856967491e-05,2.962927039948817873e-04,-3.201972876089629423e-04,-2.539075523190437384e-04
3.288520687504156541e-04,-4.116950585715046422e-04,-5.053828426776385725e-04,-5.076833068601950072e-04,-4.353307786195441051e-05,-2.436028765074291268e-04,-1.376582210083060866e-04,4.387685138095259296e-04,-3.449550894261176406e-04,-2.786653541361984367e-04
4.034985633979495685e-04,-4.735574936546712785e-04,-3.694468398710410405e-04,-6.707867428594214759e-04,1.620156942522960053e-05,-1.729054312219151625e-04,-3.039070185230179338e-05,2.846893781754219381e-04,-3.608729361119721556e-04,-4.676861306414035460e-04
4.062476576511388302e-04,-4.739420267045088130e-04,-2.605141699436209091e-04,-6.496350526802588876e-04,8.883674295049486837e-05,-2.388348537492546121e-04,-1.307901486648427921e-05,3.461760700347182732e-04,-5.149520717460761470e-04,-5.749752566763184679e-04
2.696253777736122050e-04,-4.789789350455456781e-04,-9.007119083122750065e-05,-5.769998791549936197e-04,-2.488358881843721719e-05,-3.393635959555812943e-04,3.192062372421296344e-05,4.551087399621384045e-04,-5.435844081880060246e-04,-5.873073372478352554e-04
2.692408447237746704e-04,-5.144034250830014331e-04,1.042790927321805318e-05,-6.388623142381602560e-04,-2.524771125198507250e-04,-3.962279630038669431e-04,3.320767523062515252e-05,4.154343075036800786e-04,-5.183288929277199116e-04,-6.282480852638801369e-04
1.323400569825743632e-04,-5.295524918888488541e-04,3.044905631222256416e-05,-6.561855265817500941e-04,-3.045013257324356978e-04,-5.246784823721552336e-04,1.945294851667860123e-05,3.214139603858901656e-04,-5.252248468502214830e-04,-5.193154153364600055e-04
1.127371120941472390e-04,-6.836316275229528455e-04,-1.896320954230642153e-04,-7.285499940061004051e-04,-3.399258157698914528e-04,-5.674669620508088945e-04,-1.435017150883096185e-04,1.586032434595781261e-04,-5.411426935360759980e-04,-6.088334341980924415e-04
1.285438918237975965e-04,-6.995494742088073604e-04,-2.055499421089187302e-04,-6.179902687167881980e-04,-2.692283704843774885e-04,-4.967695167652949302e-04,-9.910624102781474126e-05,-3.734788201681230914e-05,-7.612238452713627774e-04,-3.957101889144455740e-04
1.281593587739600620e-04,-6.597449827696180496e-04,-2.289415221200581012e-04,-6.248862226392897694e-04,-2.414437908382463830e-04,-7.293680709985893729e-04,-2.202369431532133623e-04,1.129463552368762096e-04,-6.885104652061219219e-04,-4.384986685930992350e-04
1.008711600899113697e-04,-5.524774636136137564e-04,-2.216361341125400739e-04,-5.522510491140245016e-04,-1.364722202787221330e-04,-6.872428351540761215e-04,-1.495394978676993980e-04,1.550715910813894611e-04,-6.968313616716266447e-04,-5.596293707184978559e-04
1.036202543431006314e-04,-5.797656622976624487e-04,-2.542538579145645506e-04,-6.462713962318144146e-04,-1.321392045503822507e-04,-7.531722576814155710e-04,-4.904039776325384414e-05,1.481756371588878896e-04,-7.335501762439082703e-04,-5.679502671840025788e-04
2.108877734991049246e-04,-5.012296081009125692e-04,-3.420038757872839600e-04,-6.710291980489691130e-04,-3.522203562856690302e-04,-8.111935952177046433e-04,-1.149698202905932937e-04,1.879801285980772004e-04,-8.348292992968012497e-04,-5.452818860993524207e-04
2.836011535643457801e-04,-7.338281623342070119e-04,-4.492930018221988819e-04,-6.095425061896727779e-04,-4.806708756539573206e-04,-7.911724481787001323e-04,-8.321285953550379595e-06,4.297364632558807115e-05,-1.060257192646084628e-03,-6.165991481942305515e-04
1.385946712918566508e-04,-7.060435826880759064e-04,-5.152224243495383315e-04,-4.252380453563378094e-04,-4.958199424598047416e-04,-7.204750028931861680e-04,-1.714247219527768483e-04,8.277813776477738195e-05,-1.214336328280188511e-03,-6.122661324658906692e-04
2.452432056288995649e-04,-8.126449115027782654e-04,-5.811518468768777810e-04,-3.525246652910969539e-04,-5.587975241195411533e-04,-7.558994929306419230e-04,-2.187592888493467957e-04,1.425127850519613930e-04,-1.193184638101025923e-03,-6.575551063382475492e-04
1.163923543236810654e-04,-7.493771384189396858e-04,-5.723647224436407286e-04,-4.238419273859750846e-04,-5.189930326803518425e-04,-7.718173396164964379e-04,-2.584337213078051216e-04,8.449144751567232072e-05,-1.167929122840739809e-03,-8.116342419723515406e-04
9.791025508978706479e-06,-8.859994182964663111e-04,-5.665593556066303048e-04,-3.472289681660120858e-04,-5.131876658433414187e-04,-8.336797746996630742e-04,-1.579346212033595678e-04,-4.435940378954617881e-05,-1.356391971780928490e-03,-1.008247038322647015e-03
-9.148809754391427299e-05,-8.743023493047505758e-04,-6.324887781339697543e-04,-4.925312633531474943e-04,-5.248781466035336730e-04,-7.954891585851590289e-04,-2.948354089445598750e-04,2.633804149596778547e-05,-1.291313350678347785e-03,-1.025570250666236853e-03
-1.693740018827278281e-04,-5.740401583723089190e-04,-7.865679137680737457e-04,-5.198194620371961866e-04,-5.131810776118179377e-04,-8.150921034735861530e-04,-3.528567464808489472e-04,4.214482122561814294e-05,-1.274001663692530270e-03,-8.870365324457967719e-04
-1.467056207980776700e-04,-6.066578821743333957e-04,-7.139327402428084779e-04,-4.257456996133938531e-04,-4.687856035513230605e-04,-7.518243303897475735e-04,-3.501076522276596855e-04,-1.031574739615172655e-04,-1.381290789727445192e-03,-1.000756864214728857e-03
-2.148018650991745122e-04,-6.835503820147796183e-04,-7.719540777790975502e-04,-4.395004263273404044e-04,-3.704650869522350693e-04,-7.914987628482058994e-04,-3.399008391453067031e-04,-1.265490539726566365e-04,-1.666697066597025174e-03,-8.957852936552046074e-04
-2.515206796714561377e-04,-5.785788114552553683e-04,-9.011929461707507850e-04,-4.194792792883358934e-04,-3.519550753433846758e-04,-8.792487807209253088e-04,-2.349292685857824530e-04,-1.368292537838321525e-04,-1.795147585965313573e-03,-9.526496607034902562e-04
-2.519052127212936722e-04,-5.523201755271165206e-04,-1.121274097906037673e-03,-5.825827152875623621e-04,-3.753466553545240468e-04,-1.000876022503018482e-03,-4.239500450909875623e-04,-1.722537438212879074e-04,-1.882897603838033090e-03,-1.097951955890625556e-03
-3.656255444902257578e-04,-6.043443887397014934e-04,-9.903968478695869809e-04,-6.253711949662160230e-04,-5.954278070898108262e-04,-1.073240489927368684e-03,-2.475197189178660745e-04,-7.393322722219991625e-05,-2.036976739472136973e-03,-1.021338996670662557e-03
-3.942578809321556355e-04,-7.674478247389279620e-04,-1.144475983503691081e-03,-5.621034218823774435e-04,-6.407167809621677063e-04,-1.209862769804895309e-03,-2.511182204313038967e-04,-3.412873578301060546e-05,-2.200080175471363225e-03,-9.815345052314732466e-04
-4.561203160153222717e-04,-7.474266776999234510e-04,-1.114218469859531860e-03,-5.794266342259672816e-04,-7.699556493538209411e-04,-1.137227596279630042e-03,-3.337833714324073319e-04,4.061880331493439820e-06,-2.354159311105467108e-03,-9.974523519173277616e-04
-3.814738213677883573e-04,-7.196420980537923456e-04,-1.180147892386871310e-03,-4.721591150699629884e-04,-9.065779292313475663e-04,-1.122689823317132851e-03,-3.085278561721212188e-04,1.399978831380909719e-04,-2.508238446739570991e-03,-1.081052651804500662e-03
-3.669360484052911668e-04,-7.153090823254524633e-04,-1.325154374659360439e-03,-4.994473137540116807e-04,-1.051584411503836587e-03,-1.311152672257321315e-03,-2.102073395730332276e-04,7.297156227088145552e-05,-2.503905431011230892e-03,-1.041248160365311351e-03
-2.524864940603761690e-04,-8.296256189443044051e-04,-1.146538102886047886e-03,-7.320458679873061234e-04,-1.087008901541292342e-03,-1.323484752828838103e-03,-2.138058410864710499e-04,6.465066580537673271e-05,-2.515595911771422930e-03,-9.339806412093070581e-04
-2.734760318469897080e-04,-6.936896161377068730e-04,-1.208400537969214414e-03,-8.325746101936328056e-04,-9.820373309817680921e-04,-1.218513182269313853e-03,-1.088342705269467999e-04,6.629328269087660444e-06,-2.383349324107237460e-03,-9.535835860977341823e-04
-1.707602513001976090e-04,-7.832076349993393090e-04,-1.218680737780389930e-03,-9.866537458277369055e-04,-1.006795132798922899e-03,-1.147815736983799888e-03,-2.538407527994359291e-04,1.028083804759099152e-04,-2.314556661117475600e-03,-1.098590068370223312e-03
-2.326226863833642453e-04,-6.804918544525472100e-04,-1.238283682668817054e-03,-7.664751102960732417e-04,-1.095441094786794248e-03,-1.016938486947349196e-03,-3.551198758523289086e-04,1.101137684834279425e-04,-2.477511324722463711e-03,-1.147156042563824297e-03
-2.362211878968020675e-04,-7.373562215008328587e-04,-1.426746531609005518e-03,-8.377923723909513724e-04,-1.107773175358311036e-03,-1.064273053843919035e-03,-3.153153844131395978e-04,2.651346859625504197e-05,-2.665974173662652175e-03,-1.134116232520556745e-03
-2.260143748144490851e-04,-7.893804347134178315e-04,-1.386942040169816207e-03,-8.247525623476838208e-04,-1.261852310992414919e-03,-9.178771404717129233e-04,-1.701663604854156304e-04,4.653461563525955295e-05,-2.657187049229414906e-03,-1.228136579638346767e-03
-1.553169295289351208e-04,-7.748426617509206410e-04,-1.508072742295214937e-03,-8.102147893851866303e-04,-1.309186877888984975e-03,-9.465094769136428009e-04,-6.289884132941133722e-05,4.615008258542201841e-05,-2.765144326803053131e-03,-1.210824892652529253e-03
-1.380052425431176066e-04,-7.660555373176835886e-04,-1.444804969211376357e-03,-7.375796158599213625e-04,-1.348861310347443301e-03,-9.699010569247821720e-04,-8.022205367300117539e-05,4.431479957966500717e-05,-2.878864658571985216e-03,-1.273802474312265773e-03
-2.596324843252107795e-04,-7.856584822061107127e-04,-1.468196549222515728e-03,-7.426165242009582276e-04,-1.380158817392775246e-03,-1.046793556765228395e-03,-1.370864207212868242e-04,-1.866278208007140452e-05,-2.804179929150491316e-03,-1.175481957713177782e-03
-2.214418682107067342e-04,-7.939793786716154355e-04,-1.470031832228272739e-03,-7.793353387732398531e-04,-1.448255061693872088e-03,-9.506145045584061398e-04,-6.047346150132382539e-05,-1.351095094253890357e-06,-2.861044296198776964e-03,-1.163784888721462046e-03
-1.526492052209446572e-04,-9.005807074863177945e-04,-1.410297184941088728e-03,-9.081861900784583526e-04,-1.569882303475965152e-03,-1.079065023926694539e-03,-1.090394356949248109e-04,1.980059508490869796e-05,-2.834785660270637900e-03,-1.152087819729746311e-03
-1.923236376794029831e-04,-1.089601483991523012e-03,-1.433688764952228099e-03,-1.097206966583663462e-03,-1.657632321348684670e-03,-1.090755504686886793e-03,-2.103185587478177904e-04,3.882748399054183029e-06,-2.870210150308093872e-03,-1.075474860509783312e-03
-8.505611852339868984e-05,-9.562172319242147334e-04,-1.297752762145630567e-03,-1.109539047155180249e-03,-1.794533109089884977e-03,-1.211886206812285306e-03,-1.698087407057503407e-04,-6.204667412828526653e-05,-2.978167427881732096e-03,-1.264495637014988530e-03
-2.391352541575026813e-04,-1.038882382925318277e-03,-1.325040960829679260e-03,-1.186431546995626472e-03,-1.883179071077756327e-03,-1.318487535626987773e-03,-1.781296371712550635e-04,-1.239091092114519028e-04,-3.056053332220545760e-03,-1.191860463489723262e-03
-1.993307627183133705e-04,-9.791477356381342659e-04,-1.461663240707205885e-03,-1.198122027755818726e-03,-1.946156652737492630e-03,-1.426444813200625997e-03,-7.086211801525077025e-05,-2.305104380261542617e-04,-3.104619306414146962e-03,-1.237149437362080034e-03
-1.835239829886630130e-04,-1.133226871272238149e-03,-1.539549145046019332e-03,-1.326572547124107125e-03,-1.977454159782824576e-03,-1.473779380097196053e-03,7.301001467460330966e-05,-2.308949710759917963e-04,-3.100286290685806863e-03,-1.168356774372317957e-03
-2.978405196075149548e-04,-1.146981597986184700e-03,-1.472629154221280316e-03,-1.253937373598841857e-03,-1.906756714497310611e-03,-1.480675334019697625e-03,8.179713910784036212e-05,-3.204129899376242322e-04,-3.135710780723262835e-03,-1.168741307422155491e-03
-2.580360281683256440e-04,-1.008447879765744619e-03,-1.493618692007893855e-03,-1.243730560516488875e-03,-1.969734296157047131e-03,-1.474869967182687201e-03,2.256692717976944420e-04,-3.146076231006138084e-04,-3.035211680618817281e-03,-1.159954182988918439e-03
-3.066020023619266295e-04,-9.781903661215853984e-04,-1.386970157670850941e-03,-1.320623060356935097e-03,-1.952422609171229617e-03,-1.463172898190971466e-03,2.269563233041066311e-04,-2.945864760616092974e-04,-2.966419017629054987e-03,-1.164991091329955304e-03
-4.956227788671317388e-04,-1.055082865962031621e-03,-1.314256777605610086e-03,-1.509643836862140098e-03,-2.036022909058402518e-03,-1.490461096875020158e-03,2.976537685896205954e-04,-2.540766580195418477e-04,-3.066947759835381669e-03,-1.165375624379792838e-03
-5.006596872081686038e-04,-1.015278374522842310e-03,-1.054917852105014854e-03,-1.550584584878184980e-03,-1.937702392459314527e-03,-1.567353596715466381e-03,2.972692355397830609e-04,-7.456841551108876059e-05,-3.041692244575095773e-03,-1.094678179094278874e-03
-6.637631232073950725e-04,-1.027610455094359098e-03,-9.802713574574809397e-04,-1.477949411352919712e-03,-1.926005323467598791e-03,-1.558566472282229328e-03,1.431900999056790694e-04,-9.189162785467859876e-05,-2.828568999291449122e-03,-1.074657032055274363e-03
-5.632640231029495187e-04,-9.998258754482279922e-04,-1.205699250806764426e-03,-1.513373901390375467e-03,-2.033294449502513930e-03,-1.581958052293368699e-03,2.459058804524711685e-04,-1.924203700610052810e-04,-2.957019518659737521e-03,-1.001943651990033508e-03
-6.313602674040463608e-04,-1.011516356208420247e-03,-1.221617097492618941e-03,-1.580400222257584983e-03,-2.048443516308361134e-03,-1.564646365307551185e-03,2.857103718916604793e-04,-1.621628564168460605e-04,-2.996693951118195847e-03,-9.931565275567964552e-04
-7.854394030381503522e-04,-1.005710989371409823e-03,-1.315637444610408963e-03,-1.702027464039678264e-03,-2.106464853844650098e-03,-1.491932985242310329e-03,2.186840510244509629e-04,-1.947805802188705372e-04,-3.000292452631633452e-03,-1.181619376496985136e-03
-9.304458853106394815e-04,-1.159790125005513706e-03,-1.348255168412433331e-03,-1.838649743917204890e-03,-2.200485200962440119e-03,-1.637089825180984516e-03,1.913958523404022706e-04,-3.578840162180970058e-04,-3.066221875158973119e-03,-1.083298859897897145e-03
-9.067119843757466460e-04,-1.171480605765705960e-03,-1.373012970229587921e-03,-1.854567590603059405e-03,-2.159975382920372670e-03,-1.566392379895470552e-03,2.963674228999265206e-04,-2.434344618731820080e-04,-3.154867837146844468e-03,-9.874983787021703822e-04
-9.085472673815036572e-04,-1.176517514106742825e-03,-1.300377796704322653e-03,-1.901902157499629244e-03,-2.184733184737527260e-03,-1.587381917682084091e-03,2.790442105563366824e-04,-2.954586750857669808e-04,-3.150534821418504369e-03,-8.869992785977248283e-04
-1.036997786749792056e-03,-1.283118842921445076e-03,-1.161844078483882572e-03,-1.969998401800726086e-03,-2.256050446832405174e-03,-1.708512619807482820e-03,2.786596775064991479e-04,-4.323594628269672880e-04,-3.017150569351196090e-03,-1.015449797966013010e-03
-1.011742271489505943e-03,-1.341140180457734039e-03,-1.087159349062388671e-03,-1.998630738242655747e-03,-2.189130456007666158e-03,-1.729502157594096359e-03,2.389852450480408220e-04,-4.764124047851996677e-04,-3.130870901120128176e-03,-1.011116782237673128e-03
-1.015340773002943765e-03,-1.338391086204544778e-03,-1.094055302984890243e-03,-2.105232067057358214e-03,-2.277776417995537508e-03,-1.954930050943379845e-03,2.402722965544530111e-04,-4.915614715910470887e-04,-3.162168408165460121e-03,-9.884484011530229701e-04
-1.030489839808791186e-03,-1.371008810006569146e-03,-1.076743615999072728e-03,-2.128623647068497368e-03,-2.391496749764469593e-03,-1.771445438372427081e-03,2.533121065977205627e-04,-4.951599731044849110e-04,-3.055519873828417207e-03,-1.071113552154126514e-03
-1.073278319487444739e-03,-1.419574784200170131e-03,-1.108041123044404674e-03,-2.165342461640779211e-03,-2.246347725836745843e-03,-1.899895957740715263e-03,1.914496715145539265e-04,-3.512878404146308310e-04,-3.054232822322005235e-03,-1.066780536425786631e-03
-1.061581250495729004e-03,-1.439177729088597256e-03,-1.208569865250731356e-03,-2.328153178567091142e-03,-2.208157109722241798e-03,-2.096508754091010954e-03,1.755318248286994115e-04,-3.354810606849804736e-04,-3.028977307061719339e-03,-1.059475148418268604e-03
-1.097005740533184759e-03,-1.415443828153704420e-03,-1.183314349990445243e-03,-2.310841491581273627e-03,-2.137459664436727833e-03,-2.056704262651821644e-03,3.114678276352969436e-04,-2.327652801381883746e-04,-2.989172815622530028e-03,-1.071807228989785392e-03
-1.149029953745769623e-03,-1.308176308997700127e-03,-1.208072151807600050e-03,-2.418130617616188333e-03,-2.237988406643054515e-03,-2.157983385704714731e-03,3.367233428955830566e-04,-2.896296471864740233e-04,-2.922252824797791013e-03,-1.029681993145272140e-03
-1.303109089379873506e-03,-1.327779253886127251e-03,-1.252125093765832538e-03,-2.484060040143527999e-03,-2.250320487214571303e-03,-2.223912808232053964e-03,1.736199068963565880e-04,-2.208369841967119463e-04,-2.974277038010376094e-03,-9.589845478597581758e-04
-1.315441169951390293e-03,-1.389641688969293996e-03,-1.212320602326643227e-03,-2.591349166178443138e-03,-2.338966449202442652e-03,-2.239061875037901168e-03,1.685829985553197229e-04,-3.345573159656440318e-04,-3.128356173644479977e-03,-9.823761278708975468e-04
-1.535522321686676964e-03,-1.349837197530104685e-03,-1.193810590717792833e-03,-2.736355648450932050e-03,-2.277479757343146317e-03,-2.199257383598711858e-03,1.512597862117298847e-04,-2.619221424403787640e-04,-3.291310837249468088e-03,-1.023316875886942428e-03
-1.593543659222965928e-03,-1.279139752244590721e-03,-1.132323898858496498e-03,-2.881657943638067567e-03,-2.204844583817881266e-03,-2.128559938313197893e-03,1.910642776509191955e-04,-2.792453547839686022e-04,-3.263526257603337200e-03,-1.060035690459224054e-03
-1.580503849179698377e-03,-1.291471832816107508e-03,-1.220969860846367848e-03,-2.737785810948213487e-03,-2.252179150714451322e-03,-2.138840138124373409e-03,3.032142571217640937e-04,-2.965685671275584403e-04,-3.325388692686503944e-03,-9.874005169339587860e-04
-1.717404636920898684e-03,-1.306620899621954929e-03,-1.383780577772679779e-03,-2.814678310788659710e-03,-2.212374659275262011e-03,-2.301943574123600095e-03,4.121469270491842250e-04,-2.907632002905480165e-04,-3.111797199805347528e-03,-1.081420864051748591e-03
-1.731159363634845235e-03,-1.326223844510382053e-03,-1.449710000300019229e-03,-2.854352743247118036e-03,-2.334001901057355076e-03,-2.242208926836416084e-03,3.451206061819747086e-04,-2.181280267652827487e-04,-3.300817976310552529e-03,-1.010723418766234626e-03
-1.658524190109579967e-03,-1.284098608665868802e-03,-1.379012555014505264e-03,-3.008431878881221919e-03,-2.416667052058458619e-03,-2.396288062470519967e-03,2.672347018431611536e-04,-1.943941258303899132e-04,-3.389463938298423878e-03,-1.077749739633444143e-03
-1.752544537227369772e-03,-1.366763759666972129e-03,-1.485613883829207515e-03,-2.991120191895404404e-03,-2.553567839799659143e-03,-2.323652888945254916e-03,2.830414815728115110e-04,-2.353348738464347946e-04,-3.284492367738899628e-03,-1.214650527374644450e-03
-1.881395388532588163e-03,-1.341508244406686015e-03,-1.443488647984694263e-03,-3.052982626978571149e-03,-2.620594160666868660e-03,-2.445280130727347980e-03,4.294373949450176232e-04,-2.222950638031672430e-04,-3.244687876299710318e-03,-1.285967789469522581e-03
-1.891675588343763679e-03,-1.408534565273895532e-03,-1.483163080443152589e-03,-3.167299163597423091e-03,-2.647882359350917352e-03,-2.338012611571343470e-03,3.214801173713795071e-04,-1.985611628682744075e-04,-3.271976074983759010e-03,-1.422590069347049206e-03
-1.999632865917401903e-03,-1.399747440840658479e-03,-1.577183427560942611e-03,-3.295749682965711490e-03,-2.665205571694507190e-03,-2.380801091249997239e-03,6.151252262401600730e-05,-9.806206276382885365e-05,-3.164708555827754934e-03,-1.543720771472447718e-03
-2.051657079129986985e-03,-1.544753923113147609e-03,-1.535058191716429359e-03,-3.265492169321552486e-03,-2.680354638500354394e-03,-2.428135658146567295e-03,-4.416899903323442261e-06,-3.114207193908983835e-05,-3.099629934725174445e-03,-1.467107812252484720e-03
-2.011852587690797674e-03,-1.560671769799002124e-03,-1.566355698761761304e-03,-3.265876702371390237e-03,-2.609657193214840430e-03,-2.425386563893378034e-03,-6.128126695160909104e-05,-1.761485542115789676e-04,-3.026994761199909394e-03,-1.499725536054509305e-03
-2.077782010218137340e-03,-1.518546533954488872e-03,-1.695206550066979696e-03,-3.193241528846125186e-03,-2.738107712583128829e-03,-2.448778143904517188e-03,-1.546619664425080004e-06,-2.158229866700372935e-04,-3.072283735072266382e-03,-1.474470020794223192e-03
-2.063244237255640150e-03,-1.595439033794935095e-03,-1.899024307095569051e-03,-3.288088007604573863e-03,-2.665472539057863778e-03,-2.341510624748513111e-03,1.779616228440280071e-04,-2.726873537183229423e-04,-3.088201581758120897e-03,-1.449214505533937079e-03
-2.184374939381038879e-03,-1.850181982076251272e-03,-1.879003160056564540e-03,-3.365973911943387527e-03,-2.688864119069002932e-03,-2.362500162535126867e-03,4.872275445237477225e-05,-3.553525047194263774e-04,-2.909585309984808344e-03,-1.344242934974412829e-03
-2.298691475999890821e-03,-1.912044417159418017e-03,-1.899992697843178079e-03,-3.297181248953625667e-03,-2.817314638437291331e-03,-2.470457440108765092e-03,1.388187555804824835e-06,-3.342008145402637891e-04,-2.768406650977050208e-03,-1.473093786279631220e-03
-2.191423956843886744e-03,-1.807072846599893767e-03,-1.948558672036779064e-03,-3.493794045303921358e-03,-2.931631175056143273e-03,-2.397822266583500041e-03,7.402336108107009267e-05,-2.672808237155247738e-04,-2.726281415132536957e-03,-1.430968550435117968e-03
-2.203114437604078782e-03,-1.849861326278547536e-03,-1.873912177389245150e-03,-3.525091552349253303e-03,-2.885014333588759462e-03,-2.586843043088705042e-03,1.467367411463109481e-04,-4.873619754508115532e-04,-2.582409282442682877e-03,-1.416430777472620778e-03
-2.292632456465711326e-03,-1.819603812634388315e-03,-1.810644404305406571e-03,-3.607756703350356847e-03,-2.961906833429205684e-03,-2.442970910398850962e-03,5.271639402852103511e-05,-4.127154808032776389e-04,-2.552151768798523873e-03,-1.516959519678947460e-03
-2.323929963511043272e-03,-1.799582665595383804e-03,-1.710145304200961017e-03,-3.463884570660502767e-03,-3.125010269428431936e-03,-2.479689724971132804e-03,7.538477511317119312e-05,-5.132442230096043211e-04,-2.534840081812706359e-03,-1.496938372639942949e-03
-2.193052713474592796e-03,-1.851606878807968669e-03,-1.872956021127272948e-03,-3.515908783873087848e-03,-3.167798749107085705e-03,-2.495607571656987319e-03,9.269646209898870729e-05,-4.406090494843390533e-04,-2.545120281623881875e-03,-1.591784851398391626e-03
-2.221685049916522457e-03,-1.895659820766201157e-03,-1.892558966015700072e-03,-3.598573934874191391e-03,-3.095163575581820654e-03,-2.505887771468162835e-03,7.677861541313419236e-05,-5.946881851184430447e-04,-2.580544771661337847e-03,-1.455848848591794094e-03
-2.038200437345569910e-03,-2.024110340134489556e-03,-1.889809871762510810e-03,-3.676459839213005055e-03,-3.053038339737307403e-03,-2.554453745661764037e-03,2.944404851656424495e-05,-6.565506202016096809e-04,-2.513624780836598831e-03,-1.450043481754783670e-03
-2.049890918105761947e-03,-2.031006294056991127e-03,-1.917098070446559503e-03,-3.676844372262842373e-03,-3.141684301725178752e-03,-2.485661082672002177e-03,2.460611052038921484e-04,-5.492831010456053877e-04,-2.667703916470702714e-03,-1.379346036469269706e-03
-1.951570401506673956e-03,-2.066430784094446665e-03,-2.024387196481474208e-03,-3.687124572074017888e-03,-3.135878934888168545e-03,-2.460405567411716281e-03,1.520407580861022354e-04,-6.025029614290206914e-04,-2.591090957250739499e-03,-1.306710862944004438e-03
-1.927836500571781120e-03,-2.068266067100203894e-03,-2.131676322516389346e-03,-3.579857052918013378e-03,-3.125672121805815780e-03,-2.389708122126202317e-03,9.517639103781658661e-05,-6.902529793017401008e-04,-2.622388464296071444e-03,-1.199443343788000145e-03
-1.744351888000828356e-03,-2.213422907038878080e-03,-2.114364635530571832e-03,-3.443921050111415846e-03,-3.054974676520301816e-03,-2.401398602886394354e-03,9.792548529100584837e-05,-8.352594615742292301e-04,-2.767690759483206961e-03,-1.136175570704161565e-03
-1.775649395046160301e-03,-2.301172924911597598e-03,-2.186729102954922035e-03,-3.432223981119700111e-03,-3.142724694393021333e-03,-2.338130829802555558e-03,4.106111824272019959e-05,-8.179477745884117159e-04,-2.763357743754866862e-03,-1.175850003162619891e-03
-1.827673608258745166e-03,-2.369269169212694440e-03,-2.079461583798917525e-03,-3.426418614282689470e-03,-3.271175213761309732e-03,-2.492209965436659441e-03,5.559889120521739007e-05,-9.056977924611311253e-04,-2.790645942438915554e-03,-1.196839540949233430e-03
-1.981752743892849049e-03,-2.341484589566563551e-03,-2.142439165458654045e-03,-3.357625951292927610e-03,-3.298463412445358425e-03,-2.502490165247834956e-03,1.628664103612216833e-04,-9.675602275442977615e-04,-2.944725078073019437e-03,-1.197224073999070965e-03
-2.010385080334778710e-03,-2.349805486032068274e-03,-2.270889684826942444e-03,-3.494248231170454452e-03,-3.412183744214290510e-03,-2.574854632672185159e-03,2.701339295172259765e-04,-9.475390805052932505e-04,-2.808789075266421905e-03,-1.285870035986942314e-03
-1.899825355045466502e-03,-2.341018361598831005e-03,-2.240632171182783440e-03,-3.714329382905741123e-03,-3.644782298447584844e-03,-2.651747132512631382e-03,2.071563478574895648e-04,-8.402715613492889573e-04,-2.698229349977109698e-03,-1.292765989909443886e-03
-1.827111974980225647e-03,-2.408044682466040521e-03,-2.276056661220239412e-03,-3.728084109619687891e-03,-3.624761151408580333e-03,-2.575134173292668166e-03,3.483350068652479176e-04,-9.408003035556156395e-04,-2.755093717025395347e-03,-1.275454302923626371e-03
-1.935069252553863871e-03,-2.484937182306486744e-03,-2.389776992989171497e-03,-3.822104456737477913e-03,-3.552125977883314849e-03,-2.432658363478024024e-03,3.249434268541085465e-04,-9.680885022396643318e-04,-2.742053906982127795e-03,-1.204756857638112407e-03
-1.826136582626443740e-03,-2.377669663150482234e-03,-2.391612275994928725e-03,-3.853401963782809858e-03,-3.363166272821046902e-03,-2.336479311271201769e-03,2.112230950851764610e-04,-1.036184746540761174e-03,-2.742438440031965546e-03,-1.341657645379312714e-03
-1.934093860200081748e-03,-2.401061243161621388e-03,-2.407530122680783240e-03,-3.847596596945799217e-03,-3.415190486033631984e-03,-2.388503524483786850e-03,3.139388756319685600e-04,-9.615382518932272596e-04,-2.598566307342111466e-03,-1.265044686159349716e-03
-1.982659834393682950e-03,-2.473425710585971590e-03,-2.302558552121258990e-03,-3.883021086983255189e-03,-3.515719228239958666e-03,-2.348699033044597539e-03,2.312737246308651249e-04,-1.106840547080362776e-03,-2.613715374147959104e-03,-1.348644986046522616e-03
-1.970962765401967215e-03,-2.445641130939840702e-03,-2.322161497009686115e-03,-3.843216595544065878e-03,-3.544351564681888327e-03,-2.308894541605408229e-03,2.778905660982489362e-04,-1.189505698081466320e-03,-2.469843241458105024e-03,-1.335605176003255064e-03
-1.995720567219121805e-03,-2.523527035278654365e-03,-2.485264933008912366e-03,-3.997295731178169761e-03,-3.471716391156623276e-03,-2.416851819179046453e-03,2.806396603514381980e-04,-1.172194011095648806e-03,-2.658864017963310025e-03,-1.335989709053092599e-03
-2.002616521141623376e-03,-2.506215348292836851e-03,-2.465243785969907855e-03,-4.018285268964783517e-03,-3.616722873429112188e-03,-2.524809096752684678e-03,2.176620786917017863e-04,-1.230215348631937770e-03,-2.787314537331598424e-03,-1.413875613391906046e-03
-1.962812029702434066e-03,-2.497428223859599582e-03,-2.509296727928140344e-03,-4.033434335770630721e-03,-3.603683063385844636e-03,-2.507497409766867164e-03,3.226336492512260363e-04,-1.190410857192748459e-03,-2.772776764369101234e-03,-1.461210180288476101e-03
-1.975144110273950853e-03,-2.537102656318057908e-03,-2.553349669886372832e-03,-4.053037280659057412e-03,-3.675000325480722550e-03,-2.498710285333630328e-03,1.685545136171220449e-04,-1.117775683667483191e-03,-2.756969984639450876e-03,-1.317338047598622022e-03
-1.913657418414654518e-03,-2.631949135076506584e-03,-2.625714137310723034e-03,-3.976424321439094196e-03,-3.694603270369149674e-03,-2.391442766177626252e-03,1.451629336059826738e-04,-1.124671637589984763e-03,-2.717165493200261565e-03,-1.294669666513971864e-03
-1.925347899174846772e-03,-2.704313602500856787e-03,-2.609907357581072677e-03,-3.835245662431335627e-03,-3.587954736032106760e-03,-2.528065046055153094e-03,1.382669796834811024e-04,-1.182692975126273943e-03,-2.744453691884310258e-03,-1.347889526897387167e-03
-1.781475766484992692e-03,-2.625777548304107124e-03,-2.592595670595255163e-03,-3.830912646702995528e-03,-3.592991644373143625e-03,-2.510753359069335579e-03,1.056492558814566256e-04,-1.219411789698555569e-03,-2.679375070781729769e-03,-1.349724809903144179e-03
-1.780188714978580503e-03,-2.518510029148103048e-03,-2.737752510533929349e-03,-3.843244727274512315e-03,-3.522294199087629661e-03,-2.493441672083518065e-03,-2.320159542376187389e-05,-1.266746356595125408e-03,-2.651590491135598880e-03,-1.329703662864139668e-03
-1.780573248028418038e-03,-2.445874855622837997e-03,-2.790972370917344653e-03,-3.770531347209271460e-03,-3.519545104834440399e-03,-2.536230151762171835e-03,-1.369219271926939594e-04,-1.273642310517626979e-03,-2.437998998254442464e-03,-1.257068489338874400e-03
-1.757904866943767880e-03,-2.430068075893187639e-03,-2.822269877962676598e-03,-3.838627591510368302e-03,-3.448847659548926435e-03,-2.516209004723167324e-03,-1.196102402068764453e-04,-1.462663087022831980e-03,-2.609356849677984830e-03,-1.296742921797332726e-03
-1.903061706882442066e-03,-2.506960575733633862e-03,-2.749634704437411113e-03,-3.850959672081885089e-03,-3.515873980416135951e-03,-2.513459910469978062e-03,-9.435472494659033222e-05,-1.355395567866827687e-03,-2.506641069131192515e-03,-1.256938430358143415e-03
-1.939780521454723692e-03,-2.480701939805494798e-03,-2.742329316429893086e-03,-3.893748151760538859e-03,-3.572738347464421600e-03,-2.540748109154026754e-03,-1.191125267637450306e-04,-1.371313414552682202e-03,-2.457850165711867110e-03,-1.233204529423250579e-03
-1.951471002214915946e-03,-2.532726153018079879e-03,-2.673536653440130792e-03,-3.883541338678186093e-03,-3.735841783463648286e-03,-2.603725690813763274e-03,-1.147795110354051483e-04,-1.300615969267168237e-03,-2.470182246283383898e-03,-1.233589062473088114e-03
-1.968794214558505784e-03,-2.539622106940581450e-03,-2.678573561781167657e-03,-3.903144283566613217e-03,-3.771266273501104258e-03,-2.692371652801634624e-03,-1.807089335627445979e-04,-1.454695104901272337e-03,-2.430377754844194587e-03,-1.299518485000427563e-03
-2.034723637085845450e-03,-2.497496871096068199e-03,-2.688853761592343173e-03,-3.682965648034949337e-03,-3.908167061242304348e-03,-2.673861641192784230e-03,-1.569750326278517624e-04,-1.561984230936187259e-03,-2.414570975114544230e-03,-1.301353768006184575e-03
-2.021683827042577899e-03,-2.424861697570802714e-03,-2.667702071413180585e-03,-3.878916773511339663e-03,-4.162910009523620308e-03,-2.739791063720123897e-03,-1.842632313119004547e-04,-1.574316311507704047e-03,-2.472592312650833193e-03,-1.353377981218769656e-03
-2.005877047312927541e-03,-2.513507659558674064e-03,-2.812708553685669931e-03,-3.921705253189993433e-03,-4.090274835998355257e-03,-2.884947903658798083e-03,-2.472408129716368664e-04,-1.710938591385230672e-03,-2.508016802688289165e-03,-1.557195738247359011e-03
-2.037174554358259487e-03,-2.538265461375828654e-03,-2.975663217290658042e-03,-3.983567688273160178e-03,-4.067606454913705316e-03,-2.978968250776588104e-03,-3.922472952441259956e-04,-1.855945073657719801e-03,-2.509852085694046393e-03,-1.609219951459944092e-03
-2.031369187521249280e-03,-2.604194883903168320e-03,-3.027687430503243123e-03,-4.128574170545649090e-03,-4.079938535485222104e-03,-3.002359830787727259e-03,-2.816875699548137884e-04,-1.903279640554289640e-03,-2.566716452742332042e-03,-1.637852287901873970e-03
-2.058657386205297972e-03,-2.657414744286583624e-03,-3.032724338844279988e-03,-4.181794030929063960e-03,-4.225240830672357187e-03,-2.935439839962988243e-03,-2.184197968709752089e-04,-1.997299987672079662e-03,-2.720795588376435925e-03,-1.714744787742320193e-03
-1.993578765102717483e-03,-2.846435520791788625e-03,-2.969456565760441626e-03,-4.233818244141649041e-03,-4.228839332185795226e-03,-2.866647176973225949e-03,-2.752841639192608577e-04,-2.064326308539289178e-03,-2.763584068055089694e-03,-1.725024987553495709e-03
-1.979040992140220293e-03,-2.842102505063448525e-03,-3.097907085128730025e-03,-4.370440524019175883e-03,-4.311504483186898336e-03,-2.757714507045806035e-03,-3.226187308158308051e-04,-2.055539184106051909e-03,-2.690870687989848839e-03,-1.888128423552722177e-03
-1.878541892035774739e-03,-2.889437071960018581e-03,-2.964522833061421746e-03,-4.393832104030315037e-03,-4.311889016236736087e-03,-2.770046587617322822e-03,-2.176471602563065551e-04,-1.957218667506963918e-03,-2.739436662183450041e-03,-1.923552913590177932e-03
-2.032621027669878622e-03,-2.996038400774721049e-03,-2.976854913632938533e-03,-4.379294331067817847e-03,-4.433019718362134383e-03,-2.852711738618426366e-03,-2.259680567218112779e-04,-2.120029384433275849e-03,-2.718284972004287453e-03,-2.037273245359109801e-03
-2.099647348537088138e-03,-2.993289306521531787e-03,-3.078134036685831621e-03,-4.395212177753671928e-03,-4.486239578745549253e-03,-2.828977837683533531e-03,-1.552706114362973136e-04,-2.234345921052127790e-03,-2.709497847571050617e-03,-1.992877771298614924e-03
-2.092341960529570111e-03,-2.993673839571369538e-03,-3.178662778892158303e-03,-4.322577004228406877e-03,-4.413604405220284202e-03,-2.861595561485557899e-03,-6.119684901249498009e-05,-2.251669133395717629e-03,-2.744922337608506589e-03,-1.894557254699526933e-03
-2.237644255716705628e-03,-3.045698052783954619e-03,-3.106027605366892819e-03,-4.251879558942892913e-03,-4.475466840303450947e-03,-2.823404945371053854e-03,-3.093933536833575956e-05,-2.358270462210420096e-03,-2.678002346783767574e-03,-1.943123228893127918e-03
-2.093772123026851548e-03,-3.122590552624400842e-03,-3.130785407184047409e-03,-4.205262717475509102e-03,-4.510891330340906918e-03,-2.716137426215049777e-03,8.865156070853551229e-06,-2.547291238715625097e-03,-2.494517734212814593e-03,-1.930083418849860366e-03
-1.952593464019093195e-03,-3.108052779661903652e-03,-3.251916109309446138e-03,-4.132627543950244051e-03,-4.483106750694776030e-03,-2.654650734355753442e-03,-1.054513805479983905e-04,-2.562440305521472735e-03,-2.447900892745430781e-03,-1.827367638303068267e-03
-1.877946969371559281e-03,-3.111651281175341691e-03,-3.415019545308672390e-03,-4.136226045463682090e-03,-4.440981514850263212e-03,-2.430154991597040064e-03,-4.037275944541768476e-05,-2.418568172831618655e-03,-2.592907375017919694e-03,-1.760447647478329252e-03
-1.999077671496958010e-03,-3.200297243163213040e-03,-3.415404078358510141e-03,-4.175900477922140849e-03,-4.372188851860501352e-03,-2.492017426680206808e-03,2.654723137932133055e-05,-2.465902739728188710e-03,-2.625525098819944062e-03,-1.700713000191145241e-03
-1.922464712276995011e-03,-3.212629323734729828e-03,-3.529124410127442227e-03,-4.034721818914382280e-03,-4.435166433520237872e-03,-2.507935273366061323e-03,-4.477003071555680017e-05,-2.365403639623743157e-03,-2.665199531278402388e-03,-1.863816436190371710e-03
-1.821965612172549457e-03,-3.198091550772232637e-03,-3.544273476933289431e-03,-4.096584253997549024e-03,-4.502192754387446955e-03,-2.493397500403564133e-03,-1.066324657987234364e-04,-2.380552706429590361e-03,-2.662450437025213126e-03,-1.753256710901059503e-03
-1.811758799090196475e-03,-3.183553777809735447e-03,-3.616637944357639634e-03,-4.023949080472283973e-03,-4.371315504350996479e-03,-2.647476636037668016e-03,-1.598523261821387402e-04,-2.452917173853940563e-03,-2.642429289986208615e-03,-1.680621537375794235e-03
-1.809009704837007213e-03,-3.042375118801976877e-03,-3.682567366884979300e-03,-3.985758464357780362e-03,-4.477916833165698947e-03,-2.607672144598478705e-03,-1.001176788949547291e-04,-2.554196296906833651e-03,-2.614644710340077727e-03,-1.607986363850528967e-03
-1.891674855838110757e-03,-3.056129845515923212e-03,-3.811806235276632426e-03,-3.963090083273130421e-03,-4.526482807359300149e-03,-2.695422162471198223e-03,-1.138724056089012804e-04,-2.514391805467644340e-03,-2.751545498081277817e-03,-1.466807704842770614e-03
-1.981192874699743301e-03,-3.084762181957852872e-03,-3.706834664717108176e-03,-4.045755234274233531e-03,-4.663383595100500240e-03,-2.716411700257811979e-03,-1.451699126542332257e-04,-2.449313184365063852e-03,-2.678910324556012766e-03,-1.359540185686766321e-03
-1.919706182840446966e-03,-3.012127008432587821e-03,-3.784720569055921840e-03,-4.208565951200545462e-03,-4.660634500847310978e-03,-2.728743780829328766e-03,-1.053654212150439149e-04,-2.342045665209059775e-03,-2.691242405127529554e-03,-1.367861082152271044e-03
-1.933460909554393517e-03,-3.141365876824240948e-03,-3.921342848933448248e-03,-4.235854149884594154e-03,-4.646096727884813787e-03,-2.688233962787261316e-03,2.551182882140677708e-05,-2.398910032257345424e-03,-2.678202595084262002e-03,-1.327351264110203594e-03
-1.938497817895430382e-03,-3.124054189838423434e-03,-4.075421984567552565e-03,-4.084390458549495492e-03,-4.717413989979692135e-03,-2.615598789261996265e-03,1.282276093681988761e-04,-2.419899570043958746e-03,-2.760867746085365546e-03,-1.552779157459487080e-03
-1.929710693462193330e-03,-3.084249698399234123e-03,-4.123987958761153767e-03,-4.173908477411127603e-03,-4.862716285166827218e-03,-2.664164763455597468e-03,8.855317690974055019e-05,-2.477920907580247710e-03,-2.826797168612705212e-03,-1.410303347644842938e-03
-1.942042774033710117e-03,-3.069711925436736932e-03,-4.171322525657723823e-03,-4.101273303885862552e-03,-4.797637664064246729e-03,-2.721029130503883117e-03,8.351626856870368511e-05,-2.467714094497894944e-03,-2.818010044179468376e-03,-1.233873021471721450e-03
-1.901532955991642668e-03,-3.052400238450919418e-03,-4.316624820844858906e-03,-4.238174091627062642e-03,-4.840426143742900499e-03,-2.798915034842696780e-03,6.012468855756431408e-05,-2.495002293181943637e-03,-2.972089179813572259e-03,-1.126605502315717157e-03
-1.954752816375057971e-03,-3.010275002606406167e-03,-4.183240568777550628e-03,-4.229386967193825807e-03,-4.739927043638455378e-03,-2.814832881528551295e-03,-8.517760662957109437e-05,-2.493715241675531664e-03,-2.929310223655893358e-03,-1.193631823182926674e-03
-1.882117642849792704e-03,-2.911954486007318176e-03,-4.012797589665157219e-03,-4.374543807132499559e-03,-4.716193142703562977e-03,-2.915361623734877977e-03,-1.420419736778567431e-04,-2.509633088361386179e-03,-3.083389359289997241e-03,-1.251653160719215854e-03
-1.892397842660968220e-03,-2.956007427965550664e-03,-4.025129670236674007e-03,-4.442640051433596401e-03,-4.861199624976051889e-03,-2.952080438307159820e-03,-1.787607882501383687e-04,-2.623353420130318265e-03,-3.172035321277868591e-03,-1.211848669280026543e-03
-1.949262209709253868e-03,-3.012871795013836312e-03,-4.072464237133244062e-03,-4.549241380248298869e-03,-4.863034907981809117e-03,-2.853759921708071828e-03,-2.406232233333050049e-04,-2.654650927175650210e-03,-3.163248196844631321e-03,-1.146770048177445838e-03
-1.919004696065094648e-03,-2.974681178899332267e-03,-4.226543372767348379e-03,-4.662961712017230954e-03,-4.957055255099598705e-03,-2.844972797274834993e-03,-2.529553039048217924e-04,-2.697439406854303980e-03,-3.090613023319366270e-03,-1.179387771979470423e-03
-2.073083831699198531e-03,-3.018734120857564755e-03,-4.275109346960949581e-03,-4.817040847651335271e-03,-4.705684793933138758e-03,-2.911999118142044509e-03,-3.895775837823484177e-04,-2.592467836294779730e-03,-3.117901222003414963e-03,-1.226722338876040479e-03
-2.209706111576724939e-03,-3.101399271858668299e-03,-4.204411901675435617e-03,-4.923642176466037738e-03,-4.718016874504655546e-03,-2.944616841944068877e-03,-4.619420512066987287e-04,-2.721318687599998121e-03,-3.231621553772347048e-03,-1.259340062678064847e-03
-2.222038192148241727e-03,-3.126157073675822889e-03,-4.027981575502314129e-03,-4.851007002940772687e-03,-4.766582848698256748e-03,-3.098695977578172760e-03,-5.398279555455122837e-04,-2.738641899943587959e-03,-3.376778393711021235e-03,-1.244802289715567657e-03
-2.230359088613746450e-03,-3.084031837831309637e-03,-3.959188912512552269e-03,-4.987907790681972778e-03,-4.955603625203462183e-03,-3.122087557589312348e-03,-6.346744343039610690e-04,-2.821307050944691502e-03,-3.274062613164228919e-03,-1.172167116190302389e-03
-2.244113815327693218e-03,-3.220654117708836479e-03,-3.897702220653255934e-03,-5.117146659073625904e-03,-5.118707061202688868e-03,-3.276166693223416231e-03,-5.620392607786958011e-04,-3.025124807973280858e-03,-3.171346832617437037e-03,-1.184499196761819176e-03
-2.307091396987429738e-03,-3.228975014174341202e-03,-3.941755162611488422e-03,-5.140538239084765058e-03,-5.307169910142877332e-03,-3.261628920260919041e-03,-7.248499777050078407e-04,-3.146255510098679587e-03,-3.211021265075895362e-03,-1.338578332395923276e-03
-2.136648417875036329e-03,-3.162055023349602187e-03,-4.049044288646403561e-03,-5.277439026825965149e-03,-5.280911274214738702e-03,-3.238960539176268666e-03,-7.521381763890565330e-04,-3.275106361403897978e-03,-3.031513022567442275e-03,-1.509936183819465642e-03
-2.173367232447318172e-03,-3.172335223160777703e-03,-4.125936788486849784e-03,-5.324773593722535205e-03,-5.238786038370225884e-03,-3.367411058544557065e-03,-7.116283583469890832e-04,-3.352992265742711642e-03,-2.887640889877588195e-03,-1.433323224599502644e-03
-2.405965786680612506e-03,-3.234197658243944448e-03,-4.145539733375277341e-03,-5.108156537035207084e-03,-5.274210528407681856e-03,-3.407085491003015391e-03,-6.718238669077997724e-04,-3.400326832639281698e-03,-2.818848226887825902e-03,-1.476111704278156196e-03
-2.303250006133820624e-03,-3.311090158084390670e-03,-4.160688800181124546e-03,-5.140774260837231886e-03,-5.262513459415966120e-03,-3.342006869900434468e-03,-6.455652309796609247e-04,-3.482991983640385241e-03,-2.753769605785245413e-03,-1.604562223646444595e-03
-2.204929489534732633e-03,-3.321370357895566186e-03,-4.181678337967738301e-03,-5.114515624909093255e-03,-5.356533806533755708e-03,-3.471245738292087595e-03,-7.404117097381097100e-04,-3.414199320650622947e-03,-2.742072536793529677e-03,-1.612883120111949318e-03
-2.177144909888601744e-03,-3.352667864940898131e-03,-4.229012904864308357e-03,-5.071736668751413921e-03,-5.470254138302687794e-03,-3.422454834872762190e-03,-6.677765362128444421e-04,-3.449623810688078919e-03,-2.675152545968790662e-03,-1.766962255746053201e-03
-2.166938096806248978e-03,-3.314477248826394086e-03,-4.211701217878491277e-03,-5.054424981765595973e-03,-5.598704657670976192e-03,-3.506055134759935091e-03,-8.129333761515186284e-04,-3.501648023900664000e-03,-2.647367966322659340e-03,-1.849627406747156744e-03
-2.209726576484902748e-03,-3.477287965752706017e-03,-4.325421549647423362e-03,-5.199727276952731056e-03,-5.761659321275964737e-03,-3.660134270394038974e-03,-7.062848418144757143e-04,-3.429012850375398949e-03,-2.902110914603975300e-03,-1.963943943366008686e-03
-2.137091402959637697e-03,-3.514006780324987859e-03,-4.181549416957568849e-03,-5.189520463870378290e-03,-5.751452508193611972e-03,-3.670414470205214490e-03,-8.003051889322656274e-04,-3.401228270729268061e-03,-2.984776065605078844e-03,-1.949406170403511496e-03
-2.357172554694924368e-03,-3.602652742312859209e-03,-4.282078159163895531e-03,-5.118823018584864326e-03,-5.745647141356601331e-03,-3.791545172330613219e-03,-9.291560402374841269e-04,-3.432525777774600006e-03,-2.840903932915224764e-03,-2.137869019343699960e-03
-2.339860867709106854e-03,-3.610973638778363932e-03,-4.389367285198810670e-03,-5.117535967078452354e-03,-5.703521905512088513e-03,-3.919995691698901184e-03,-9.189492271551311445e-04,-3.520275795647319524e-03,-2.773983942090485749e-03,-2.252185555962551902e-03
-2.276593094625268057e-03,-3.732600880560456996e-03,-4.327880593339513901e-03,-5.114786872825263092e-03,-5.690482095468820528e-03,-3.981858126782067929e-03,-1.172264111601303404e-03,-3.633996127416251609e-03,-2.751315561005835374e-03,-2.108313423272697822e-03
-2.496674246360554728e-03,-3.768025370597912968e-03,-4.404773093179960124e-03,-5.146084379870595471e-03,-5.675944322506323338e-03,-4.126864609054556841e-03,-1.188181958287157919e-03,-3.788075263050355492e-03,-2.620438310969384899e-03,-2.124231269958552337e-03
-2.492341230632215063e-03,-3.768409903647750719e-03,-4.328160133959996908e-03,-5.188872859549249240e-03,-5.830023458140427654e-03,-4.280943744688661158e-03,-1.227856390745616245e-03,-3.875825280923075010e-03,-2.727727437004300037e-03,-2.176255483171137418e-03
-2.575941530519387963e-03,-3.661142384491746643e-03,-4.338440333771172858e-03,-5.251850441208985761e-03,-5.931302581193320309e-03,-4.308231943372709850e-03,-1.120588871589611952e-03,-3.803190107397809959e-03,-2.625011656457508155e-03,-2.330334618805241301e-03
-2.712563810396914805e-03,-3.806444679678882160e-03,-4.426190351643891942e-03,-5.405929576843090077e-03,-5.860605135907806344e-03,-4.292425163643059927e-03,-1.160263304048070277e-03,-3.763385615958620648e-03,-2.602343275372858214e-03,-2.342666699376758088e-03
-2.672759318957725495e-03,-3.811481588019919025e-03,-4.400934836383606046e-03,-5.457953790055675158e-03,-5.943270286908909454e-03,-4.033086238142464912e-03,-1.145725531085573087e-03,-3.779303462644475163e-03,-2.659207642421143863e-03,-2.322645552337753577e-03
-2.696150898968865083e-03,-3.854270067698572794e-03,-4.478820740722419709e-03,-5.490571513857699960e-03,-5.920601905824259513e-03,-3.962388792856950948e-03,-1.121991630150680251e-03,-3.885904791459177630e-03,-2.765808971235846330e-03,-2.355263276139777946e-03
-2.709905625682811417e-03,-3.749298497139048544e-03,-4.555713240562865932e-03,-5.467903132773050019e-03,-5.964654847782491567e-03,-4.010954767050552150e-03,-1.132271829961855767e-03,-3.817112128469415770e-03,-2.735551457591686893e-03,-2.363584172605282668e-03
-2.753958567641043905e-03,-3.729277350100044033e-03,-4.656992363615758586e-03,-5.545789037111863683e-03,-5.861939067235699685e-03,-4.002167642617315314e-03,-1.132656363011693302e-03,-3.802574355506918580e-03,-2.695746966152497582e-03,-2.296664181780543653e-03
-2.709563093580549028e-03,-3.710767338491193640e-03,-4.681750165432913176e-03,-5.675027905503516809e-03,-5.930035311536796527e-03,-4.015922369331261649e-03,-1.220406380884412820e-03,-3.956653491141022896e-03,-2.761676388679836815e-03,-2.386182200642176197e-03
-2.708276042074136622e-03,-3.746191828528649612e-03,-4.870770941938118610e-03,-5.757693056504619919e-03,-6.037324437571711666e-03,-4.152544649208788491e-03,-1.176010906823917943e-03,-3.884018317615757845e-03,-2.721871897240647504e-03,-2.366161053603171686e-03
-2.771253623733873142e-03,-3.788980308207303381e-03,-4.800073496652604646e-03,-5.830057523928970122e-03,-6.208682288995254032e-03,-4.136737869479137700e-03,-1.312633186701444568e-03,-3.811383144090492794e-03,-2.649236723715382019e-03,-2.502783333480698529e-03
-2.675074571527050887e-03,-3.925602588084830223e-03,-4.773814860724466015e-03,-5.891919959012136866e-03,-6.271659870654990553e-03,-4.325758645984343134e-03,-1.466712322335548668e-03,-3.738747970565227743e-03,-2.762957055484314105e-03,-2.396134799143655614e-03
-2.685354771338226403e-03,-3.966543336100874888e-03,-4.856480011725569125e-03,-6.028542238889663708e-03,-6.257122097692493362e-03,-4.373093212880913190e-03,-1.448202310726698274e-03,-3.804677393092567410e-03,-2.891407574852602504e-03,-2.381597026181158424e-03
-2.747217206421393148e-03,-4.067072078307201570e-03,-4.760300959518746870e-03,-6.122562586007453296e-03,-6.345768059680364712e-03,-4.527172348515017507e-03,-1.200652804352927115e-03,-3.805061926142405161e-03,-3.080428351357807504e-03,-2.314677035356419409e-03
-2.749052489427149942e-03,-4.068907361312958798e-03,-4.750094146436394105e-03,-6.342643737742740401e-03,-6.508871495679591397e-03,-4.456474903229503542e-03,-1.086203250008012117e-03,-3.832350124826453854e-03,-3.070221538275454305e-03,-2.243979590070905444e-03
-2.937515338367338406e-03,-4.222986496947063115e-03,-4.802118359648979186e-03,-6.239927957195948519e-03,-6.671682212605903328e-03,-4.349207384073499466e-03,-1.015505804722498153e-03,-3.688477992136599774e-03,-3.171500661328347393e-03,-2.221311208986255503e-03
-2.787221101113649888e-03,-4.220237402693873853e-03,-4.729483186123714135e-03,-6.260917494982562274e-03,-6.687600059291757409e-03,-4.455808712888201933e-03,-1.038897384733637524e-03,-3.621558001311860758e-03,-3.060940936039035186e-03,-2.358211996727455594e-03
-2.772683328151152697e-03,-4.126163640270071736e-03,-4.622215666967710058e-03,-6.238249113897912333e-03,-6.841679194925861726e-03,-4.348541193732197857e-03,-9.642508900861036097e-04,-3.629878897777365481e-03,-2.966867173615233069e-03,-2.345172186684188042e-03
-2.763896203717915862e-03,-4.051517145622537605e-03,-4.785170330572698603e-03,-6.215580732813262392e-03,-6.955995731544713234e-03,-4.364459040418051938e-03,-1.026113325169270354e-03,-3.665303387814821019e-03,-3.032796596142572736e-03,-2.364775131572615166e-03
-2.847496503605088762e-03,-3.980819700337023641e-03,-4.930327170511372356e-03,-6.262915299709832448e-03,-7.004561705738314437e-03,-4.478775577036903446e-03,-1.133402451204185276e-03,-3.652263577771553468e-03,-3.016989816412922378e-03,-2.334517617928456162e-03
-2.894831070501658818e-03,-3.987715654259525212e-03,-4.974380112469604411e-03,-6.298339789747288420e-03,-7.066424140821481181e-03,-4.632854712671007763e-03,-1.060767277678920009e-03,-3.765983909540485553e-03,-3.018825099418679173e-03,-2.405834880023334510e-03
-2.922119269185707510e-03,-4.070380805260628322e-03,-4.873881012365159290e-03,-6.202160737540466165e-03,-7.150024440708654082e-03,-4.615543025685189815e-03,-1.128863521980016851e-03,-3.805658341998943879e-03,-2.980634483304175127e-03,-2.519555211792266596e-03
-2.914813881178189483e-03,-4.086298651946483271e-03,-4.847622376437020660e-03,-6.193373613107229329e-03,-7.189698873167112841e-03,-4.515043925580743828e-03,-1.060070858990254774e-03,-3.850947315871300868e-03,-2.907999309778909643e-03,-2.531245692552458633e-03
-2.872688645333676231e-03,-4.214749171314771670e-03,-4.807817884997830915e-03,-6.347452748741333646e-03,-7.082431354011108765e-03,-4.602793943453462912e-03,-1.051283734557017721e-03,-4.039410164811489332e-03,-3.062078445413013526e-03,-2.566670182589914605e-03
-2.792271443925162071e-03,-4.309595650073220346e-03,-4.735182711472565864e-03,-6.278660085751571786e-03,-7.081144302504696793e-03,-4.830387467154876636e-03,-1.214238398162005832e-03,-4.066698363495538024e-03,-3.198700725290539934e-03,-2.541414667329628709e-03
-2.913402146050560800e-03,-4.338227986515150007e-03,-4.662469331407325009e-03,-6.506253609452985510e-03,-6.980645202400251673e-03,-4.919905486016508747e-03,-1.217836899675443655e-03,-4.195148882863826423e-03,-3.060167007070099636e-03,-2.648015996144331176e-03
-2.954342894066605898e-03,-4.348508186326325090e-03,-4.825423995012313554e-03,-6.522171456138840459e-03,-6.875673631840727856e-03,-5.116518282366804005e-03,-1.269861112888028519e-03,-4.263245127164923265e-03,-2.987531833544834585e-03,-2.659706476904523213e-03
-2.944136080984253133e-03,-4.358788386137501039e-03,-4.756631332022551693e-03,-6.494386876492709570e-03,-6.976202374047054539e-03,-5.223807408401719143e-03,-1.270245645937866054e-03,-4.417324262799027582e-03,-2.997812033356010101e-03,-2.743306776791696114e-03
-2.945971363990010361e-03,-4.314392912077006162e-03,-4.678095277825801597e-03,-6.469131361232423674e-03,-7.033066741095340621e-03,-5.247198988412858298e-03,-1.286163492623720568e-03,-4.424220216721529153e-03,-3.015135245699599939e-03,-2.680039003707857317e-03
-3.017288626084888709e-03,-4.305605787643769326e-03,-4.726661252019402799e-03,-6.457434292240707939e-03,-7.187145876729444938e-03,-5.117399809629259375e-03,-1.482776288974016043e-03,-4.456837940523553955e-03,-2.873956586691841369e-03,-2.601502949511107221e-03
-2.950368635260149693e-03,-4.383491691982582990e-03,-4.619393732863398723e-03,-6.464330246163209510e-03,-7.147341385290256061e-03,-5.124295763551760946e-03,-1.525564768652669812e-03,-4.585288459891842354e-03,-2.956621737692944913e-03,-2.457630816821253141e-03
-2.885290014157568771e-03,-4.244957973762142692e-03,-4.554315111760818234e-03,-6.323151587155450941e-03,-7.190129864968909830e-03,-5.082170527707248128e-03,-1.525949301702507347e-03,-4.673934421879713703e-03,-3.110700873327048796e-03,-2.611709952455357024e-03
-2.823803322298272436e-03,-4.224936826723138181e-03,-4.479668617113284103e-03,-6.311454518163735206e-03,-7.119432419683395866e-03,-5.169920545579967212e-03,-1.524662250196095158e-03,-4.828013557513818020e-03,-3.089549183147886208e-03,-2.774664616060345135e-03
-2.977882457932376319e-03,-4.156144163733376320e-03,-4.453409981185145472e-03,-6.244534527338996624e-03,-7.104894646720898675e-03,-5.155382772617470022e-03,-1.346045978422782605e-03,-4.905899461852631684e-03,-3.105467029833740723e-03,-2.728047774592961324e-03
-2.970577069924858291e-03,-4.310223299367480637e-03,-4.460305935107647043e-03,-6.175741864349234764e-03,-7.109931555061935540e-03,-5.165662972428645972e-03,-1.573639502124196113e-03,-5.132393978221966822e-03,-3.032831856308475238e-03,-2.743196841398808962e-03
-2.964771703087848084e-03,-4.331212837154094393e-03,-4.476223781793501125e-03,-6.395823016084521868e-03,-6.889752919530272093e-03,-5.279383304197578057e-03,-1.566334114116678085e-03,-5.221911997083598933e-03,-3.043112056119650754e-03,-2.670561667873543911e-03
-3.219514651369164045e-03,-4.347130683839949342e-03,-4.461686008831003934e-03,-6.330744394981941379e-03,-6.996354248344974561e-03,-5.251598724551447168e-03,-1.607274862132722967e-03,-5.191654483439439929e-03,-3.088401029992007742e-03,-2.695319469690698501e-03
-3.218227599862752072e-03,-4.280210693015210760e-03,-4.615765144465108251e-03,-6.186872262292086866e-03,-7.104311525918612785e-03,-5.274990304562586323e-03,-1.567470370693533656e-03,-5.218942682123488622e-03,-3.071089343006190228e-03,-2.588051950534694425e-03
-3.223264508203788938e-03,-4.351527955110089108e-03,-4.515266044360663131e-03,-6.340951397926191183e-03,-7.198331873036402373e-03,-5.278588806076024362e-03,-1.550158683707716142e-03,-5.355564962001015464e-03,-3.225168478640294111e-03,-2.682072297652484446e-03
-3.246656088214928092e-03,-4.321270441465930104e-03,-4.636396746486061426e-03,-6.274031407101452601e-03,-7.264261295563742039e-03,-5.094284345242689610e-03,-1.581456190753048087e-03,-5.469881498619866972e-03,-3.414189255145499112e-03,-2.663562286043634052e-03
-3.375106607583216491e-03,-4.214002922309926027e-03,-4.563761572960796375e-03,-6.470644203451747858e-03,-7.393112146868960864e-03,-5.176949496243792720e-03,-1.622396938769092968e-03,-5.614887980892355884e-03,-3.568268390779602995e-03,-2.817641421677737935e-03
-3.362066797539948939e-03,-4.350625202187452870e-03,-4.647361872847969276e-03,-6.487967415795338130e-03,-7.461208391170057706e-03,-5.100336537023829504e-03,-1.710146956641812269e-03,-5.625168180703531834e-03,-3.497570945494089031e-03,-2.980596085282726047e-03
-3.423929232623115684e-03,-4.358946098652958026e-03,-4.768989114630062774e-03,-6.632973898067827043e-03,-7.360709291065612586e-03,-5.177229036864275727e-03,-1.855153438914301399e-03,-5.597383601057400945e-03,-3.651650081128192914e-03,-3.134675220916829930e-03
-3.531218358658030389e-03,-4.386234297337006718e-03,-4.834918537157402441e-03,-6.648891744753681124e-03,-7.380312235954039277e-03,-5.196831981752702417e-03,-1.710004414986577431e-03,-5.637058033515858838e-03,-3.745670428245982935e-03,-3.106890641270699041e-03
-3.619864320645901738e-03,-4.507861539119100217e-03,-4.924436556019034551e-03,-6.770022446879079420e-03,-7.447338556821248359e-03,-5.102758219328900301e-03,-1.734762216803732021e-03,-5.709422500940209040e-03,-3.835188447107615480e-03,-3.236129509662352167e-03
-3.517148540099109856e-03,-4.400594019963096140e-03,-4.931332509941536123e-03,-6.755484673916582229e-03,-7.479956280623273161e-03,-5.174075481423778648e-03,-1.888841352437835904e-03,-5.705089485211868941e-03,-3.936467570160508134e-03,-3.294150847198641131e-03
-3.505451471107394121e-03,-4.380572872924091629e-03,-5.002649772036414470e-03,-6.800773647788939218e-03,-7.379457180518828041e-03,-5.101440307898513597e-03,-1.708462753408708252e-03,-5.736386992257201320e-03,-4.008832037584858336e-03,-3.305841327958833169e-03
-3.619768007726246063e-03,-4.340063054882024179e-03,-5.116370103805346556e-03,-6.780752500749934707e-03,-7.312537189694089459e-03,-4.994172788742509521e-03,-1.668658261969518941e-03,-5.724689923265485585e-03,-4.041449761386883138e-03,-3.346782075974877833e-03
-3.579963516287056752e-03,-4.368695391323953840e-03,-5.104673034813630821e-03,-6.800355445638362265e-03,-7.133920917920776907e-03,-4.852994129734750951e-03,-1.822737397603622824e-03,-5.861312203143012427e-03,-4.162580463512281434e-03,-3.491938915913552020e-03
-3.436091383597202672e-03,-4.328890899884764096e-03,-4.994113309524319047e-03,-6.735276824535781776e-03,-7.221670935793495991e-03,-4.981444649103039350e-03,-1.854034904648954769e-03,-5.908646770039582483e-03,-4.089945289987016383e-03,-3.480241846921836284e-03
-3.507408645692080586e-03,-4.371679379563417865e-03,-5.042679283717920249e-03,-6.717965137549963828e-03,-7.284648517453232511e-03,-5.002434186889653106e-03,-1.910899271697240418e-03,-5.836011596514317432e-03,-4.121242797032348762e-03,-3.508874183363766379e-03
-3.527011590580507710e-03,-4.275878898367691319e-03,-5.032472470635567484e-03,-6.718349670599801579e-03,-7.212013343927967460e-03,-5.009330140812154677e-03,-1.868774035852727167e-03,-5.871436086551773403e-03,-4.249693316400637161e-03,-3.623190719982618321e-03
-3.562436080617963248e-03,-4.267091773934454484e-03,-5.104836938059917686e-03,-6.855250458341001669e-03,-7.198973533884699474e-03,-5.180687992235697044e-03,-1.761506516696722873e-03,-5.971964828758100086e-03,-4.177058142875372110e-03,-3.554398056992856027e-03
-3.524245464503459203e-03,-4.194456600409189433e-03,-5.002121157513125804e-03,-6.874853403229429227e-03,-7.209253733695875424e-03,-5.223476471914350813e-03,-1.808841083593292712e-03,-6.019299395654670141e-03,-4.104422969350107059e-03,-3.449426486433331777e-03
-3.581109831551744851e-03,-4.021047507711870625e-03,-5.080007061851939468e-03,-6.765920733302009313e-03,-7.136618560170610373e-03,-5.280340838962636896e-03,-1.953847565865782059e-03,-6.001987708668853061e-03,-3.968486966543509527e-03,-3.470416024219945099e-03
-3.473842312395740775e-03,-4.003735820726052677e-03,-5.011214398862177608e-03,-6.777611214062201350e-03,-7.224368578043329457e-03,-5.381619962015529550e-03,-1.971170778209371897e-03,-6.000700657162441089e-03,-3.826011156728865385e-03,-3.533393605879681619e-03
-3.477440813909178814e-03,-4.007334322239490716e-03,-5.068078765910463690e-03,-6.878890337115094004e-03,-7.184564086604139713e-03,-5.585437719044118905e-03,-1.976207686550408762e-03,-5.960896165723251344e-03,-3.717078486801445036e-03,-3.562025942321611280e-03
-3.370173294753174738e-03,-4.060554182622905586e-03,-4.965362985363671808e-03,-6.810097674125332144e-03,-7.373584863109345147e-03,-5.722338506785318996e-03,-1.868940167394404469e-03,-6.114975301357355661e-03,-3.644443313276179985e-03,-3.454758423165607203e-03
-3.262905775597170661e-03,-3.997286409539066790e-03,-4.941629084428779406e-03,-6.795559901162834954e-03,-7.495212104891438645e-03,-5.743328044571932751e-03,-1.889929705181018008e-03,-6.042340127832090610e-03,-3.685384061292224650e-03,-3.443061354173891468e-03
-3.352423794458803206e-03,-4.074178909379513013e-03,-4.874709093604040824e-03,-6.755755409723646077e-03,-7.726681587285276834e-03,-5.738995028843592652e-03,-1.850125213741828697e-03,-6.058257974517944691e-03,-3.612748887766959599e-03,-3.374268691184129608e-03
-3.328689893523910370e-03,-4.263199685884718447e-03,-4.883029990069545981e-03,-6.849775756841435664e-03,-7.712143814322779643e-03,-5.672075038018854071e-03,-1.861815694502020951e-03,-6.110282187730529772e-03,-3.540113714241694548e-03,-3.468289038301919629e-03
-3.355978092207959063e-03,-4.370488811919633586e-03,-4.959922489909992203e-03,-6.916802077708644747e-03,-7.799893832195498727e-03,-5.565426503681811590e-03,-1.838081793567128116e-03,-6.239133039035748597e-03,-3.527073904198426996e-03,-3.430098422187415584e-03
-3.463267218242874201e-03,-4.382179292679825623e-03,-4.889225044624478239e-03,-7.070881213342749064e-03,-7.803492333708936766e-03,-5.761377629158201917e-03,-1.816930103387965527e-03,-6.255050885721603546e-03,-3.522740888470087331e-03,-3.390293930748226273e-03
-3.319395085553020121e-03,-4.317100671577245134e-03,-5.093042801653067594e-03,-7.003961222518010482e-03,-7.866469915368672419e-03,-5.654110110002197841e-03,-1.836533048276392651e-03,-6.235029738682599035e-03,-3.519991794216898069e-03,-3.350489439309036963e-03
-3.464401567825509468e-03,-4.353819486149526977e-03,-5.222281670044720721e-03,-7.075278484612888830e-03,-7.795772470083158455e-03,-5.715972545085364585e-03,-1.907850310371270782e-03,-6.235414271732436786e-03,-3.512686406209380042e-03,-3.366407285994891477e-03
-3.391766394300244417e-03,-4.327560850221388346e-03,-5.254899393846745523e-03,-7.203729003981177229e-03,-7.800809378424195320e-03,-5.650893923982784096e-03,-1.991450610258443683e-03,-6.195609780293247909e-03,-3.539974604893428734e-03,-3.555428062500096478e-03
-3.439100961196814472e-03,-4.456011369589676745e-03,-5.236389382237895129e-03,-7.205564286986934457e-03,-7.820412323312622010e-03,-5.679526260424713757e-03,-1.928182837174605103e-03,-6.231034270330703881e-03,-3.361358333120116181e-03,-3.546640938066859643e-03
-3.467733297638744133e-03,-4.569731701358608830e-03,-5.250144108951841464e-03,-7.230322088804089047e-03,-7.837735535656212282e-03,-5.533130347052507211e-03,-2.091286273173831572e-03,-6.087162137640850235e-03,-3.401032765578574507e-03,-3.604662275603148607e-03
-3.519757510851329214e-03,-4.594489503175763420e-03,-5.271133646738455220e-03,-7.123673554467045699e-03,-7.765100362130947231e-03,-5.515818660066689263e-03,-2.026207652071250649e-03,-6.223784417518377077e-03,-3.404631267092012546e-03,-3.628053855614287761e-03
-3.417041730304537332e-03,-4.708209834944695506e-03,-5.425212782372559536e-03,-7.083163736424978249e-03,-7.777432442702464019e-03,-5.669897795700793580e-03,-1.953572478545985598e-03,-6.147171458298413861e-03,-3.481523766932458769e-03,-3.791008519219275872e-03
-3.377237238865348021e-03,-4.776306079245792348e-03,-5.352577608847294485e-03,-6.949779484357669970e-03,-7.872278921460912696e-03,-5.798348315069081979e-03,-1.944785354112748546e-03,-6.235817420286285211e-03,-3.410826321646944805e-03,-3.718295139154035017e-03
-3.448554500960225935e-03,-4.682232316821990231e-03,-5.392252041305752377e-03,-6.877144310832404919e-03,-7.915067401139565598e-03,-5.808628514880257929e-03,-2.012881598413845605e-03,-6.298795001946021731e-03,-3.387092420712051969e-03,-3.812315486271825038e-03
-3.431242813974408421e-03,-4.672025503739637466e-03,-5.330765349446455609e-03,-6.918085058848449584e-03,-7.912318306886375469e-03,-5.766503279035745111e-03,-2.044179105459177550e-03,-6.392815349063811318e-03,-3.541171556346155852e-03,-3.735702527051861822e-03
-3.525263161092198443e-03,-4.673860786745394694e-03,-5.343097430017972396e-03,-6.913752043120109485e-03,-7.944936030688399403e-03,-5.803222093608026953e-03,-2.056511186030694337e-03,-6.350690113219297633e-03,-3.712529407769698218e-03,-3.745982726863037338e-03
-3.561981975664480285e-03,-4.697252366756533848e-03,-5.464724671800065894e-03,-6.933354988008537043e-03,-7.848756978481577148e-03,-5.761096857763513268e-03,-1.877002943522241250e-03,-6.247974332672505751e-03,-3.711242356263286246e-03,-3.818347194287387541e-03
-3.539313594579830344e-03,-4.720643946767673002e-03,-5.493357008241995555e-03,-6.794821269788096745e-03,-7.781836987656838567e-03,-5.869054135337151493e-03,-1.769735424366236957e-03,-6.324866832512951974e-03,-3.847864636140813088e-03,-3.749554531297625247e-03
-3.436597814033038462e-03,-4.757362761339954844e-03,-5.622207859547214380e-03,-6.799858178129133610e-03,-7.829171554553407755e-03,-5.874091043678188358e-03,-1.898974292757890300e-03,-6.217599313356947897e-03,-4.001943771774917405e-03,-3.807575868833914211e-03
-3.573498601774238552e-03,-4.828680023434833192e-03,-5.471913622293525861e-03,-6.819461123017560300e-03,-7.907057458892221419e-03,-6.037045707283176903e-03,-1.986724310630609818e-03,-6.170982471889564086e-03,-3.822435529266464318e-03,-3.798788744400677375e-03
-3.567693234937227911e-03,-4.721412504278829116e-03,-5.475512123806963900e-03,-6.850758630062892679e-03,-7.885905768713058830e-03,-6.040644208796614942e-03,-2.059088778054960021e-03,-6.160775658807211320e-03,-3.798701628331571482e-03,-3.944091039587812458e-03
-3.553155461974730721e-03,-4.793776971703179318e-03,-5.582801249841879039e-03,-6.863090710634409466e-03,-7.878600380705541237e-03,-6.123309359797718052e-03,-2.072843504768906789e-03,-6.090078213521697356e-03,-3.704627865907769366e-03,-3.983765472046270351e-03
-3.698161944247219633e-03,-4.982797748208384753e-03,-5.625589729520532808e-03,-6.823286219195220589e-03,-7.921388860384194139e-03,-6.110269549754450066e-03,-2.218000344707580975e-03,-6.059820699877538352e-03,-3.690090092945272175e-03,-3.961097090961620409e-03
-3.677010254068057045e-03,-5.266446516876170485e-03,-5.600334214260246912e-03,-6.797027583267081959e-03,-7.850691415098681042e-03,-5.969090890746691497e-03,-2.241391924718720563e-03,-6.029563186233379349e-03,-3.700370292756447691e-03,-3.967993044884121981e-03
-3.694333466411646883e-03,-5.309234996554824254e-03,-5.572549634614116024e-03,-6.777006436228077448e-03,-7.865840481904529113e-03,-5.926965654902178679e-03,-2.253082405478912600e-03,-6.069237618691837241e-03,-3.710650492567623207e-03,-3.826814385876363411e-03
-3.585400796484226535e-03,-5.356569563451394310e-03,-5.717556116886604936e-03,-6.704293056162836592e-03,-7.928818063564265634e-03,-5.930564156415616718e-03,-2.416037069083900712e-03,-5.996602445166572190e-03,-3.670846001128433896e-03,-3.750201426656400196e-03
-3.538783955016842724e-03,-5.253853782904602428e-03,-5.640943157666641720e-03,-6.929720949512120295e-03,-8.042538395333198586e-03,-6.052191398197710216e-03,-2.481966491611239944e-03,-5.889334926010568114e-03,-3.565874430568909646e-03,-3.781498933701732141e-03
-3.551116035588359511e-03,-5.285151289949933939e-03,-5.630736344584288955e-03,-6.961018456557452674e-03,-7.896142481960992041e-03,-6.097480372070067205e-03,-2.456710976350954048e-03,-5.901667006582084901e-03,-3.540618915308623750e-03,-3.944602369700958393e-03
-3.407243902898505431e-03,-5.177883770793929863e-03,-5.784815480218393272e-03,-7.029114700858549517e-03,-8.010459018579843549e-03,-5.996981271965622085e-03,-2.480102556362093202e-03,-5.877933105647192499e-03,-3.611936177403502098e-03,-4.002623707237247357e-03
-3.299976383742500921e-03,-5.072912200234406047e-03,-5.891416809033095739e-03,-7.011803013872731569e-03,-8.078555262880940391e-03,-6.053845639013908167e-03,-2.496020403047947717e-03,-5.935954443183481463e-03,-3.766015313037605981e-03,-3.962819215798057612e-03
-3.311666864502692958e-03,-4.962352474945093406e-03,-6.080437585538301173e-03,-7.266545962154047529e-03,-8.130579476093524605e-03,-6.249796764490298494e-03,-2.365143153011496809e-03,-5.927167318750244628e-03,-3.805689745496064307e-03,-4.099720003539257702e-03
-3.237020369855158827e-03,-5.116431610579197722e-03,-6.109069921980230834e-03,-7.189933002934084313e-03,-8.083962634626139926e-03,-6.071180492716985941e-03,-2.381060999697351323e-03,-5.816607593460932854e-03,-3.825292690384491431e-03,-4.161582438622424447e-03
-3.216999222816154316e-03,-5.179409192238934243e-03,-6.126393134323820239e-03,-7.093753950727262059e-03,-8.020694861542301130e-03,-6.090783437605412631e-03,-2.308425826172085839e-03,-5.745910148175418890e-03,-3.802624309299841056e-03,-4.088947265097159396e-03
-3.371078358450258199e-03,-5.333488327873038559e-03,-6.116186321241467473e-03,-7.017140991507298843e-03,-8.022530144548057490e-03,-6.020085992319898667e-03,-2.302620459335075198e-03,-5.781334638212874862e-03,-3.784114297690990662e-03,-3.980014595169739482e-03
-3.344819722522119135e-03,-5.537306084901627914e-03,-6.270265456875571790e-03,-6.978950375392794364e-03,-7.801962330432777454e-03,-5.949388547034384703e-03,-2.231923014049561234e-03,-5.910185489518093686e-03,-3.836138510903575743e-03,-3.920279947882555904e-03
-3.427484873523222678e-03,-5.643907413716330382e-03,-6.230460965436382045e-03,-7.107400894761082763e-03,-7.694694811276773377e-03,-5.948101495527972730e-03,-2.268641828621843076e-03,-5.690006853986430239e-03,-3.878926990582229513e-03,-4.074359083516660221e-03
-3.581564009157326561e-03,-5.663510358604757072e-03,-6.384540101070486362e-03,-7.160620755144498500e-03,-7.747914671660189115e-03,-5.996667469721573933e-03,-2.165926048075051194e-03,-5.734059795944662294e-03,-3.921715470260883282e-03,-3.962209104045814889e-03
-3.510866563871812597e-03,-5.586897399384793857e-03,-6.286219584471398371e-03,-7.120816263705309623e-03,-7.708110180221000238e-03,-6.133289749599100775e-03,-2.243811952413864858e-03,-5.817660095831835194e-03,-4.084818906260109968e-03,-3.997633594083270861e-03
-3.416792801448010480e-03,-5.408281127611481304e-03,-6.294540480936902660e-03,-7.133148344276826411e-03,-7.836560699589288637e-03,-6.026022230443096699e-03,-2.136544433257860781e-03,-5.719339579232747203e-03,-4.230121201447245051e-03,-4.074526093923717084e-03
-3.307860131520590566e-03,-5.405532033358292042e-03,-6.356402916020069405e-03,-7.222666363138458522e-03,-7.808776119943157748e-03,-6.066962978459141363e-03,-2.061897938610326650e-03,-5.814186057991195880e-03,-4.235158109788281916e-03,-4.152411998262530747e-03
-3.385746035859404229e-03,-5.454098007551893244e-03,-6.296668268732884960e-03,-7.212459550056105756e-03,-7.854065093815514736e-03,-6.036705464814982360e-03,-2.215977074244430533e-03,-5.741550884465930829e-03,-4.160511615140747785e-03,-4.154247281268287975e-03
-3.311099541211870098e-03,-5.486715731353918046e-03,-6.165791018696434485e-03,-7.141762104770591792e-03,-7.999071576088003649e-03,-6.077646212831027024e-03,-2.244609410686360627e-03,-5.862681586591329125e-03,-4.201452363156792449e-03,-4.087327290443549394e-03
-3.167227408522016018e-03,-5.419795740529179465e-03,-6.238155486120784687e-03,-7.194981965154006662e-03,-8.100350699140897170e-03,-6.081244714344465063e-03,-2.291943977582930683e-03,-5.764361069992241134e-03,-4.175193727228653819e-03,-4.165213194782363057e-03
-3.190618988533155606e-03,-5.481658175612346209e-03,-6.295019853169070770e-03,-7.189176598316996021e-03,-8.116268545826751252e-03,-6.125297656302697118e-03,-2.184676458426926607e-03,-5.807149549670894903e-03,-4.060744172883738387e-03,-4.123087958937850239e-03
-3.074627338954798172e-03,-5.670121024552534673e-03,-6.423470372537359169e-03,-7.178969785234643256e-03,-8.211115024585199929e-03,-6.097513076656566229e-03,-2.338755594061030490e-03,-5.819481630242411691e-03,-4.205750655156227300e-03,-4.139005805623704320e-03
-3.084907538765973688e-03,-5.712909504231188443e-03,-6.494787634632237516e-03,-7.168762972152290490e-03,-8.356121506857688841e-03,-6.077491929617561718e-03,-2.351087674632547277e-03,-5.675609497552558044e-03,-4.268728236815963820e-03,-4.127308736631988585e-03
-3.069100759036323331e-03,-5.668514030170693566e-03,-6.639794116904726429e-03,-7.214051946024647478e-03,-8.417983941940855586e-03,-6.240595365616788404e-03,-2.427980174472993500e-03,-5.722944064449128100e-03,-4.127549577808205250e-03,-4.107287589592984074e-03
-3.258121535541528332e-03,-5.680846110742210353e-03,-6.635461101176386330e-03,-7.359058428297136391e-03,-8.423020850281893318e-03,-6.092981518708392996e-03,-2.419193050039756231e-03,-5.683139573009938356e-03,-4.062470956705624761e-03,-4.110886091106422113e-03
-3.285409734225577024e-03,-5.663534423756392405e-03,-6.697323536259553074e-03,-7.288360983011622427e-03,-8.479885217330179401e-03,-6.020346345183127945e-03,-2.461981529718410000e-03,-5.612442127724424391e-03,-4.119335323753910844e-03,-4.038250917581157062e-03
-3.210763239578043327e-03,-5.646222736770574457e-03,-6.590056017103548998e-03,-7.284027967283282327e-03,-8.409187772044666304e-03,-6.134662881801979453e-03,-2.524959111378146520e-03,-5.471263468716665822e-03,-4.177356661290199807e-03,-4.019740905972306669e-03
-3.074827236771445794e-03,-5.670980538587729047e-03,-6.559798503459389994e-03,-7.405158669408680623e-03,-8.436475970728714996e-03,-6.228683228919769041e-03,-2.653409630746434919e-03,-5.330084809708907252e-03,-4.260021812291302917e-03,-3.945094411324772538e-03
-3.300255130120729064e-03,-5.758730556460448131e-03,-6.696420783336916836e-03,-7.492908687281399707e-03,-8.406218457084555992e-03,-6.165415455835930245e-03,-2.613605139307245608e-03,-5.365509299746363224e-03,-4.189324367005788953e-03,-3.840122840765248288e-03
-3.388005147993448582e-03,-5.887581407765666956e-03,-6.623785609811651785e-03,-7.484121562848162872e-03,-8.551520752271691075e-03,-6.177747536407447032e-03,-2.646222863109269977e-03,-5.479825836365215599e-03,-4.058447116969338478e-03,-3.871420347810580233e-03
-3.542084283627552465e-03,-5.949443842848833701e-03,-6.583981118372462041e-03,-7.709549456197446575e-03,-8.568843964615281347e-03,-6.101134577187483816e-03,-2.505044204101511407e-03,-5.523878778323447654e-03,-4.172167448738270563e-03,-3.896178149627734823e-03
-3.687090765900041811e-03,-6.050722965901726355e-03,-6.545790502257958429e-03,-7.611228939598358584e-03,-8.616178531511850536e-03,-6.246436872374618900e-03,-2.528435784112650561e-03,-5.497620142395309023e-03,-4.293794690520364062e-03,-3.984824111615606172e-03
-3.907171917635328916e-03,-5.980025520616212391e-03,-6.608768083917694949e-03,-7.503961420442354507e-03,-8.576374040072661659e-03,-6.066928629866165379e-03,-2.540767864684167349e-03,-5.618750844520707319e-03,-4.401751968094002286e-03,-4.086103234668498826e-03
-3.802200347075804666e-03,-6.134104656250316707e-03,-6.762847219551799266e-03,-7.597981767560144095e-03,-8.351878297313947846e-03,-6.150528929753338279e-03,-2.431835194756747434e-03,-5.602944064791056528e-03,-4.384440281108185206e-03,-4.231260074607173446e-03
-3.908801675890506699e-03,-6.169529146287772679e-03,-6.816067079935215003e-03,-7.734604047437670937e-03,-8.375269877325087001e-03,-6.183146653555363081e-03,-2.363042531766985574e-03,-5.631576401232986188e-03,-4.288261228901362951e-03,-4.462729557001011635e-03
-3.836166502365241648e-03,-6.214818120160129668e-03,-6.796045932896210492e-03,-7.757995627448810091e-03,-8.304572432039573904e-03,-6.086967601348540827e-03,-2.411608505960586776e-03,-5.558941227707721137e-03,-4.332314170859595005e-03,-4.456924190164000994e-03
-3.824469433373525913e-03,-6.144120674874615703e-03,-6.774894242717047904e-03,-7.912074763082914408e-03,-8.532165955740987628e-03,-6.131020543306772881e-03,-2.419929402426091499e-03,-5.665542556522423605e-03,-4.410200075198408669e-03,-4.529288657588351197e-03
-3.815682308940289078e-03,-6.333141451379821138e-03,-6.858494542604220805e-03,-7.896267983353263617e-03,-8.669066743482188586e-03,-6.064100552482033432e-03,-2.314957831866567249e-03,-5.651004783559926414e-03,-4.598662924138597133e-03,-4.566007472160633039e-03
-3.811349293211948978e-03,-6.254605397183071042e-03,-6.902547484562452859e-03,-8.017895225135357115e-03,-8.649045596443184075e-03,-6.021975316637520614e-03,-2.421559160681269716e-03,-5.678292982243975107e-03,-4.787683700643802567e-03,-4.386499229652179518e-03
-3.882666555306827326e-03,-6.264885596994246991e-03,-6.893760360129216024e-03,-8.105645243008077067e-03,-8.636005786399916090e-03,-6.028871270560022186e-03,-2.348923987156004665e-03,-5.866755831184163571e-03,-4.715048527118537516e-03,-4.241350205724455334e-03
-3.959559055147273549e-03,-6.280803443680101072e-03,-6.851635124284702338e-03,-8.189245542895250835e-03,-8.559392827179953742e-03,-6.118389289421654297e-03,-2.239991317228584751e-03,-5.824630595339649886e-03,-4.747666250920562318e-03,-4.264741785735594488e-03
-3.818380396139514979e-03,-6.425809925952589985e-03,-6.903659337497287420e-03,-8.093066490688428580e-03,-8.482779867959991393e-03,-6.206139307294373381e-03,-2.394070452862688634e-03,-5.869919569212006874e-03,-4.744917156667373057e-03,-4.305682533751639153e-03
-3.849677903184846924e-03,-6.488787507612326505e-03,-7.017379669266219505e-03,-8.247145626322532896e-03,-8.572297886821624371e-03,-6.133425927229132525e-03,-2.287421918525645720e-03,-5.991546810994100372e-03,-4.764520101555799747e-03,-4.127066261978326600e-03
-3.898243877378447693e-03,-6.546808845148615469e-03,-7.105129687138938589e-03,-8.224477245237882955e-03,-8.497651392174090240e-03,-6.180760494125702581e-03,-2.344286285573931369e-03,-6.074211961995203482e-03,-4.760187085827459648e-03,-4.024350481431534718e-03
-3.790976358222443617e-03,-6.595374819342216671e-03,-7.153695661332539792e-03,-8.196692665591752067e-03,-8.537325824632548132e-03,-6.309999362517355707e-03,-2.344670818623768686e-03,-6.262674810935391946e-03,-4.888637605195748047e-03,-3.917082962275530642e-03
-3.688260577675651734e-03,-6.678039970343319781e-03,-7.009823528642685278e-03,-8.385713442096957501e-03,-8.620926124519721900e-03,-6.311834645523112935e-03,-2.451959944658683825e-03,-6.267711719276428811e-03,-4.892236106709186086e-03,-3.842436467627996510e-03
-3.711652157686790889e-03,-6.669252845910082945e-03,-7.242422082875979612e-03,-8.315015996811444404e-03,-8.765932606792210813e-03,-6.312219178572950687e-03,-2.494748424337337595e-03,-6.158779049349008897e-03,-4.751057447701427516e-03,-3.956156799396928596e-03
-3.865731293320894772e-03,-6.823331981544187262e-03,-7.396501218510083929e-03,-8.246223333821682544e-03,-8.695235161506695981e-03,-6.324551259144467474e-03,-2.422035044272096739e-03,-6.159163582398846648e-03,-4.859014725275065741e-03,-3.977146337183542352e-03
-3.793017913255653916e-03,-6.837086708258133597e-03,-7.649816102956255755e-03,-8.314319578122779386e-03,-8.697070444512452342e-03,-6.478630394778571791e-03,-2.428930998194598311e-03,-6.133908067138560752e-03,-4.980145427400464037e-03,-4.022435311055899340e-03
-3.803298113066829432e-03,-6.843982662180635168e-03,-7.609306284914188305e-03,-8.289064062862493490e-03,-8.703966398434953913e-03,-6.514054884816027763e-03,-2.321663479038594234e-03,-6.131158972885371490e-03,-5.134224563034568353e-03,-4.030756207521404497e-03
-3.660822303252185290e-03,-6.892548636374236370e-03,-7.612904786427626344e-03,-8.345928429910779572e-03,-8.692269329443239045e-03,-6.703075661321233197e-03,-2.435980015657446176e-03,-6.334976729913960845e-03,-5.228244910152357941e-03,-3.958121033996139446e-03
-3.656489287523845624e-03,-6.878010863411739180e-03,-7.766983922061730661e-03,-8.373216628594828265e-03,-8.664484749797108157e-03,-6.848082143593722110e-03,-2.436364548707283494e-03,-6.230005159354436162e-03,-5.125529129605566059e-03,-4.112200169630243762e-03
-3.549221768367841548e-03,-6.870705475404220719e-03,-7.780738648775676995e-03,-8.468063107353276942e-03,-8.599406128694527668e-03,-6.976532662962010509e-03,-2.461122350524438084e-03,-6.157369985829171111e-03,-5.215047148467198170e-03,-4.241439038021896889e-03
-3.531910081382024034e-03,-6.826310001343725842e-03,-7.647354396708368716e-03,-8.445394726268627000e-03,-8.526770955169262617e-03,-6.840596660155412977e-03,-2.550640369386070628e-03,-6.182127787646325701e-03,-5.262381715363768225e-03,-4.312756300116775236e-03
-3.431410981277578480e-03,-6.932911330158428309e-03,-7.710331978368105237e-03,-8.382126953184788204e-03,-8.570823897127495539e-03,-6.883385139834066746e-03,-2.454839888190343648e-03,-6.265728087533498601e-03,-5.356402062481557813e-03,-4.466835435750879553e-03
-3.389285745433065229e-03,-6.915599643172610361e-03,-7.599772253078793463e-03,-8.490084230758426428e-03,-8.632686332210662283e-03,-6.945247574917233491e-03,-2.674921039925630319e-03,-6.254031018541782866e-03,-5.451248541240006490e-03,-4.321686411823155369e-03
-3.455215167960404461e-03,-6.922495597095111933e-03,-7.589565439996440697e-03,-8.511073768545039317e-03,-8.614176320601811890e-03,-6.689932107249376043e-03,-2.567653520769625809e-03,-6.325348280636661213e-03,-5.428580160155356549e-03,-4.348974610507204061e-03
-3.382579994435139410e-03,-6.957920087132567905e-03,-7.793383197025030053e-03,-8.600591787406672295e-03,-8.625866801362003927e-03,-6.690316640299213795e-03,-2.558866396336388974e-03,-6.250663551215167313e-03,-5.368845512868172104e-03,-4.354011518848240926e-03
-3.477426473193588087e-03,-7.035805991471381568e-03,-7.899984525839731653e-03,-8.789054636346861626e-03,-8.447250529588692242e-03,-6.706234486985068743e-03,-2.554533380608048874e-03,-6.143396032059163236e-03,-5.298148067582658140e-03,-4.331343137763590985e-03
-3.548743735288466435e-03,-7.231757116947771895e-03,-7.931282032885064032e-03,-8.828729068805319519e-03,-8.518567791683570589e-03,-6.959549371431240569e-03,-2.611397747656334523e-03,-6.155728112630680024e-03,-5.289360943149421304e-03,-4.420861156625223096e-03
-3.412807732481868903e-03,-7.283781330160356976e-03,-7.945036759599011233e-03,-8.825979974552131124e-03,-8.672646927317674906e-03,-6.996268186003522412e-03,-2.668262114704620172e-03,-6.141190339668182833e-03,-5.244965469088926427e-03,-4.566017996563897716e-03
-3.495472883482972446e-03,-7.312413666602286637e-03,-7.922368378514361292e-03,-8.927259097605024646e-03,-8.826726062951779223e-03,-6.921621691355988280e-03,-2.680594195276136960e-03,-6.138441245414993572e-03,-5.174268023803412463e-03,-4.638382463988247918e-03
-3.579073183370145347e-03,-7.419014995416989104e-03,-7.853575715524599432e-03,-8.937539297416200595e-03,-8.798941483305648334e-03,-6.968956258252558336e-03,-2.575622624716612710e-03,-6.142039746928431611e-03,-5.303118875108631287e-03,-4.738911206194574600e-03
-3.508375738084631382e-03,-7.420850278422746332e-03,-7.746308196368595356e-03,-8.941137798929637767e-03,-8.850965696518232548e-03,-7.045848758093004559e-03,-2.642648945583822226e-03,-6.097040108337734368e-03,-5.359983242156916503e-03,-4.666276032669309549e-03
-3.697396514589836383e-03,-7.353930287598007751e-03,-7.667772142171845259e-03,-8.994357659313053505e-03,-8.717581444450924269e-03,-7.027338746484154165e-03,-2.704511380666988971e-03,-5.998719591738646377e-03,-5.329725728512757499e-03,-4.774233310242947774e-03
-3.674728133505186442e-03,-7.281295114072742700e-03,-7.560504623015841183e-03,-8.929279038210473016e-03,-8.789945911875275339e-03,-6.950725787264190950e-03,-2.748564322625221459e-03,-5.982912812008996453e-03,-5.418371690500628848e-03,-4.895364012368346070e-03
-3.837538850431498373e-03,-7.260143423893580111e-03,-7.649150585003712532e-03,-8.964703528247928987e-03,-8.689446811770829351e-03,-7.096028082451326033e-03,-2.779861829670553404e-03,-5.983297345058834205e-03,-5.239755418727316295e-03,-5.049443148002450386e-03
-3.966389701736717198e-03,-7.283535003904719266e-03,-7.643345218166701892e-03,-8.965088061297766739e-03,-8.614800317123295220e-03,-7.027235419461564173e-03,-2.764055049940903046e-03,-6.046274926718570725e-03,-5.402566135653628226e-03,-4.940510478075030472e-03
-4.080706238355569573e-03,-7.298684070710566470e-03,-7.566732258946738676e-03,-8.892452887772501688e-03,-8.638191897134434374e-03,-7.043153266147418254e-03,-2.689370320519409146e-03,-6.209229590323559270e-03,-5.556645271287732543e-03,-5.011827740169908819e-03
-4.147732559222778656e-03,-7.312438797424512804e-03,-7.555035189955022941e-03,-8.976053187659673721e-03,-8.673616387171890346e-03,-6.976233275322679672e-03,-2.944113268800725540e-03,-6.190719578714708876e-03,-5.693267551165259385e-03,-5.099577758042627904e-03
-4.195067126119348712e-03,-7.501459573929718239e-03,-7.413856530947264371e-03,-8.845175937623222379e-03,-8.693219332060317037e-03,-6.986513475133855622e-03,-3.015430530895603888e-03,-6.152528962600205265e-03,-5.751288888701548349e-03,-5.156442125090913986e-03
-4.272953030458162375e-03,-7.513791654501235026e-03,-7.414241063997102123e-03,-8.803050701778709561e-03,-8.592720231955871049e-03,-6.958728895487724733e-03,-2.908163011739599811e-03,-6.151241911093793292e-03,-5.783906612503573151e-03,-5.310521260725018303e-03
-4.401803881763381200e-03,-7.514176187551072778e-03,-7.501991081869821207e-03,-8.850385268675278749e-03,-8.680470249828591001e-03,-6.852080361150682253e-03,-2.900857623732081784e-03,-6.123457331447662404e-03,-5.846884194163309671e-03,-5.212200744125930311e-03
-4.415558608477327535e-03,-7.585493449645951125e-03,-7.493203957436584371e-03,-8.891326016691323414e-03,-8.775316728587039677e-03,-6.756279879954955707e-03,-2.943646103410735553e-03,-5.973163094193973885e-03,-5.737951524235889757e-03,-5.401221520631135746e-03
-4.342923434952062484e-03,-7.566983438037100732e-03,-7.424411294446822511e-03,-8.944545877074739151e-03,-8.920323210859528590e-03,-6.783568078639004399e-03,-3.050247432225438021e-03,-6.118169576466462797e-03,-5.665316350710624706e-03,-5.453245733843720827e-03
-4.396143295335478221e-03,-7.730086874036327417e-03,-7.569417776719311423e-03,-8.958300603788686353e-03,-8.824144158652706335e-03,-6.812200415080934060e-03,-3.239268208730643021e-03,-6.130501657037979585e-03,-5.639057714782486075e-03,-5.359171971419918711e-03
-4.467460557430356569e-03,-7.622819354880323341e-03,-7.496782603194046372e-03,-8.968580803599862303e-03,-8.784339667213517458e-03,-6.823890895841126097e-03,-3.172348217905904006e-03,-6.244221988806911670e-03,-5.666345913466534767e-03,-5.353366604582908070e-03
-4.423065083369861691e-03,-7.736539686649255426e-03,-7.326339624081652964e-03,-9.057226765587733652e-03,-8.677072148057513382e-03,-6.751255722315861046e-03,-3.219682784802474062e-03,-6.238416621969901030e-03,-5.595648468181020803e-03,-5.396155084261561839e-03
-4.465853563048515461e-03,-7.788563899861840507e-03,-7.345942568970080522e-03,-8.984591592062468601e-03,-8.764822165930233333e-03,-6.761535922127036996e-03,-3.216933690549284800e-03,-6.238801155019738781e-03,-5.586861343747783967e-03,-5.408487164833078627e-03
-4.509906505006747515e-03,-7.713917405214306376e-03,-7.335735755887727756e-03,-8.843412933054710032e-03,-8.633944915893781991e-03,-6.950556698632242431e-03,-3.268957903761869881e-03,-6.131533635863734705e-03,-5.681707822506232644e-03,-5.310166648233990636e-03
-4.495368732044250325e-03,-7.641282231689041325e-03,-7.237415239288639765e-03,-8.824902921445859638e-03,-8.702041160194878833e-03,-6.977844897316291123e-03,-3.414114743700544068e-03,-6.285612771497839021e-03,-5.503091550732920091e-03,-5.417455774268905774e-03
-4.532087546616532167e-03,-7.579795539829745424e-03,-7.400518675287866451e-03,-8.887880503105596158e-03,-8.703876443200635193e-03,-7.197926049051578228e-03,-3.453789176159002394e-03,-6.224126079638542253e-03,-5.515423631304436879e-03,-5.571534909903010091e-03
-4.595065128276268687e-03,-7.708246059198033823e-03,-7.443307154966520220e-03,-8.915168701789644851e-03,-8.695089318767397490e-03,-7.158121557612388483e-03,-3.548635654917451070e-03,-6.209588306676045062e-03,-5.410452060744912195e-03,-5.506456288800429602e-03
-4.695593870482595369e-03,-7.862325194832138139e-03,-7.336039635810516144e-03,-8.997833852790747960e-03,-8.777754469768500600e-03,-7.155372463359199221e-03,-3.556956551382955793e-03,-6.102320787520040986e-03,-5.445876550782368167e-03,-5.613057617615132069e-03
-4.544130179147495840e-03,-7.991176046137356964e-03,-7.324342566818800408e-03,-8.989046728357510258e-03,-8.871774816886290188e-03,-7.208592323742614091e-03,-3.542418778420458603e-03,-6.102705320569878737e-03,-5.458208631353884954e-03,-5.665081830827717151e-03
-4.450056416723693724e-03,-8.002866526897549002e-03,-7.336674647390317196e-03,-8.886330947810718375e-03,-8.972303559092616870e-03,-7.205843229489424830e-03,-3.435151259264454526e-03,-6.035785329745139288e-03,-5.416083395509372136e-03,-5.675362030638892233e-03
-4.410251925284503979e-03,-8.006465028410986173e-03,-7.372099137427773168e-03,-8.862597046875825973e-03,-8.901606113807102039e-03,-7.206227762539262581e-03,-3.589230394898558409e-03,-6.165024198136792415e-03,-5.432001242195226218e-03,-5.632583074481212898e-03
-4.636746441653839118e-03,-8.094215046283706125e-03,-7.307020516325192679e-03,-8.689187954178506298e-03,-8.843595180824503910e-03,-7.277545024634140929e-03,-3.576190584855290858e-03,-6.213590172330393617e-03,-5.392196750756037341e-03,-5.567504453378632409e-03
-4.799849877653065804e-03,-8.113817991172132815e-03,-7.390620816212365579e-03,-8.825810234056033141e-03,-8.874892687869836289e-03,-7.170277505478136852e-03,-3.473474804308498975e-03,-6.215425455336150845e-03,-5.436249692714269395e-03,-5.756525229883837844e-03
-4.856714244701351019e-03,-8.105030866738895112e-03,-7.350816324773176702e-03,-8.838142314627549928e-03,-8.851158786934943887e-03,-7.154470725748486928e-03,-3.411988112449202640e-03,-6.074246796328392275e-03,-5.452167539400124344e-03,-5.833417729724284066e-03
-5.045735021206556453e-03,-8.124633811627321803e-03,-7.306420850712681825e-03,-8.845038268550051500e-03,-9.040179563440149321e-03,-7.216333160831653673e-03,-3.494653263450306184e-03,-6.079283704669429141e-03,-5.355988487193302089e-03,-5.910310229564730289e-03
-4.978815030381817872e-03,-8.136965892198838590e-03,-7.443043130590208667e-03,-8.906900703633218244e-03,-8.932912044284145245e-03,-7.141686666184119542e-03,-3.422018089925041133e-03,-6.006648531144164090e-03,-5.404554461386903291e-03,-5.998956191552601638e-03
-5.123971870320492492e-03,-8.237494634405165272e-03,-7.557359667209060175e-03,-8.834265530107953193e-03,-8.764402363662620113e-03,-7.038970885637327660e-03,-3.576097225559145016e-03,-6.021797597950011294e-03,-5.420472308072757373e-03,-5.973700676292315742e-03
-5.051336696795227441e-03,-8.391573770039269589e-03,-7.423975415141751896e-03,-8.879554503980310182e-03,-8.953423140167825547e-03,-7.210328737060870026e-03,-3.564400156567429281e-03,-5.877925465260157648e-03,-5.443863888083896527e-03,-6.013375108750773634e-03
-5.205415832429331757e-03,-8.330087078179972820e-03,-7.512621377129623246e-03,-8.774582933420786365e-03,-8.844490470240405633e-03,-7.148842045201574125e-03,-3.791993680268842572e-03,-5.897528410148584338e-03,-5.404059396644707650e-03,-6.233456260486060739e-03
-5.026799560656019204e-03,-8.263167087355234239e-03,-7.533610914916237002e-03,-8.641198681353478087e-03,-8.885431218256450298e-03,-7.118584531557415121e-03,-3.937000162541331484e-03,-6.051607545782688655e-03,-5.305738880045619658e-03,-6.466054814719355073e-03
-5.147930262781417500e-03,-8.155899568199230162e-03,-7.495420298801732523e-03,-8.672496188398810466e-03,-8.812796044731185247e-03,-7.138187476445841811e-03,-4.002929585068671151e-03,-6.311575140530051829e-03,-5.420055416664472034e-03,-6.393419641194090022e-03
-5.014546010714109221e-03,-8.262500897013932630e-03,-7.500457207142769388e-03,-8.801347039704029290e-03,-8.674262326510745816e-03,-7.141785977959279851e-03,-4.020252797412261422e-03,-6.323907221101568617e-03,-5.241439144891159481e-03,-6.263620462410491099e-03
-5.128266342483041307e-03,-8.189865723488667579e-03,-7.512789287714286175e-03,-8.815101766417976492e-03,-8.530390193820892170e-03,-7.262916680084678146e-03,-4.032584877983778210e-03,-6.355204728146900128e-03,-5.461520296626446586e-03,-6.223815970971302222e-03
-5.113728569520544116e-03,-8.318316242856955978e-03,-7.292610652182622728e-03,-8.748181775593237910e-03,-8.592252628904058914e-03,-7.600161634993432211e-03,-4.072259310442236102e-03,-6.500211210419389041e-03,-5.435261660698307955e-03,-6.209278198008805032e-03
-5.302749346025749551e-03,-8.363605216729312966e-03,-7.274100640573772335e-03,-8.758461975404413860e-03,-8.636305570862291836e-03,-7.523548675773468995e-03,-3.999624136916971051e-03,-6.431418547429627181e-03,-5.446952141458499992e-03,-6.338517066400458158e-03
-5.375113813450099753e-03,-8.517684352363417283e-03,-7.243843126929613331e-03,-8.781853555415553014e-03,-8.565608125576777004e-03,-7.611298693646188079e-03,-4.046958703813541107e-03,-6.424113159422109587e-03,-5.486626573916958752e-03,-6.298712574961269281e-03
-5.403746149892029414e-03,-8.618213094569743965e-03,-7.143344026825168211e-03,-8.944664272341865813e-03,-8.553911056585060402e-03,-7.538585313580947224e-03,-4.053854657736042678e-03,-6.471447726318679643e-03,-5.470819794187307961e-03,-6.346047141857839337e-03
-5.307567097685207159e-03,-8.510945575413739889e-03,-7.168101828642322801e-03,-8.969422074159020403e-03,-8.661868334158698626e-03,-7.496460077736433539e-03,-4.190755445477242769e-03,-6.543812193743029845e-03,-5.494211374198447115e-03,-6.377344648903170848e-03
-5.306280046178795187e-03,-8.517841529336241460e-03,-7.024229695952469155e-03,-8.929617582719831526e-03,-8.750514296146569976e-03,-7.548484290949018620e-03,-4.125676824374662280e-03,-6.763893345478316950e-03,-5.615342076323845411e-03,-6.392493715709018053e-03
-5.383172546019241410e-03,-8.589158791431119808e-03,-7.187184359557457700e-03,-8.923812215882821752e-03,-8.677879122621304925e-03,-7.477786845663504656e-03,-4.140825891180509484e-03,-6.633016095441866475e-03,-5.667366289536430492e-03,-6.581514492214223487e-03
-5.204556274245928857e-03,-8.550968175316616196e-03,-7.147379868118268822e-03,-8.928849124223859485e-03,-8.713303612658760897e-03,-7.339253127443064358e-03,-4.129128822188793749e-03,-6.665633819243891277e-03,-5.596668844250916527e-03,-6.478798711667431605e-03
-5.367366991172240788e-03,-8.452647658717529072e-03,-7.261100199887200908e-03,-8.910339112615009091e-03,-8.738061414475915487e-03,-7.324715354480567167e-03,-4.064050201086213260e-03,-6.596841156254129417e-03,-5.604989740716421684e-03,-6.519739459683476270e-03
-5.390758571183379942e-03,-8.380012485192264021e-03,-7.288388398571249600e-03,-8.950013545073466983e-03,-8.729274290042677784e-03,-7.453165873848855566e-03,-3.991415027560948209e-03,-6.704798433827767641e-03,-5.733440260084710083e-03,-6.535657306369331218e-03
-5.352567955068875463e-03,-8.427347052088833210e-03,-7.248583907132059856e-03,-8.932701858087649036e-03,-8.874431129981352404e-03,-7.477923675666010156e-03,-4.217909543930283348e-03,-6.637878443003028192e-03,-5.718902487122212892e-03,-6.575331738827789110e-03
-5.410589292605164427e-03,-8.443264898774687291e-03,-7.255479861054561427e-03,-8.981267832281250238e-03,-8.848172494053212905e-03,-7.383849913242208039e-03,-4.212104177093272707e-03,-6.535162662456236310e-03,-5.872981622756317209e-03,-6.582227692750290682e-03
-5.443207016407189229e-03,-8.428727125812190968e-03,-7.260516769395598292e-03,-8.984866333794687410e-03,-8.943018972811661582e-03,-7.316929922417468590e-03,-3.952765251592677692e-03,-6.577951142134890079e-03,-5.765714103600313133e-03,-6.486048640543468427e-03
-5.597286152041293546e-03,-8.582806261446295285e-03,-7.344117069282771193e-03,-8.989903242135725142e-03,-8.932812159729307949e-03,-7.340321502428607744e-03,-4.097922091531352312e-03,-6.470683622978886003e-03,-5.822578470648598348e-03,-6.751003918856511056e-03
-5.668603414136171893e-03,-8.628095235318652273e-03,-7.344501602332608944e-03,-9.002235322707241930e-03,-9.152893311464594187e-03,-7.440850244634934427e-03,-3.990654572375348236e-03,-6.291175380470432482e-03,-5.843568008435212104e-03,-6.845024265974300644e-03
-5.720627627348756974e-03,-8.555460061793387222e-03,-7.532964451272797408e-03,-9.089985340579961881e-03,-9.195681791143247089e-03,-7.438101150381745165e-03,-4.144733708009452552e-03,-6.330849812928890374e-03,-5.770854628369971248e-03,-7.048842023002889999e-03
-5.582093909128316676e-03,-8.486667398803625362e-03,-7.633493193479124091e-03,-9.152962922239698401e-03,-9.279282091030419122e-03,-7.333129579822220481e-03,-4.207711289669189073e-03,-6.319152743937174639e-03,-5.885171164988822756e-03,-7.076130221686938691e-03
-5.688695237943019144e-03,-8.502585245489479443e-03,-7.699422616006463757e-03,-9.009090789549844755e-03,-9.468302867535624556e-03,-7.440418705857135620e-03,-4.217991489480365022e-03,-6.291368164291043751e-03,-5.870633392026325566e-03,-7.091279288492785896e-03
-5.588196137838574024e-03,-8.559449612537765525e-03,-7.626787442481198706e-03,-9.044515279587300727e-03,-9.526324205071913520e-03,-7.503396287516872140e-03,-4.233909336166219103e-03,-6.186396593731519067e-03,-5.726761259336471052e-03,-6.995100236285963641e-03
-5.635530704735144079e-03,-8.575367459223619607e-03,-7.613747632437930721e-03,-9.151804405622215866e-03,-9.419056685915909444e-03,-7.430761113991607089e-03,-4.170641563082380307e-03,-6.169084906745701119e-03,-5.871767741608959965e-03,-7.067464703710313843e-03
-5.687554917947729161e-03,-8.669387806341409194e-03,-7.776851068437157406e-03,-9.083011742632454005e-03,-9.311789166759905367e-03,-7.413449427005789141e-03,-4.140384049438221303e-03,-6.227106244281990083e-03,-5.765119207271917484e-03,-7.116030677903915046e-03
-5.740774778331144898e-03,-8.716722373237978383e-03,-7.838713503520323284e-03,-9.237090878266558322e-03,-9.419078292794820506e-03,-7.272270767998030572e-03,-4.198405386974510267e-03,-6.083234111592136437e-03,-5.657851688115913408e-03,-7.092296776969021777e-03
-5.802637213414311643e-03,-8.546279394125584974e-03,-7.810928923874192395e-03,-9.269708602068582257e-03,-9.408871479712466873e-03,-7.315059247676684341e-03,-4.087845661685197626e-03,-5.978262541032612620e-03,-5.673000754921760612e-03,-7.089547682715832515e-03
-5.869663534281520725e-03,-8.612208816652923773e-03,-7.911457666080519077e-03,-9.359226620930215235e-03,-9.426194692056057145e-03,-7.306272123243447505e-03,-4.216296181053486025e-03,-6.091982872801544706e-03,-5.570284974374968730e-03,-7.016912509190567464e-03
-5.763014999944478245e-03,-8.478824564585615495e-03,-7.915056167593956249e-03,-9.364263529271252967e-03,-9.562816971933583987e-03,-7.313168077165949077e-03,-4.077762462833045727e-03,-6.144007086014129787e-03,-5.582617054946485517e-03,-7.205933285695772898e-03
-5.697936378841897756e-03,-8.510122071630947874e-03,-8.021657496408658716e-03,-9.259291958711729151e-03,-9.490181798408318936e-03,-7.458174559438437989e-03,-4.037957971393855983e-03,-6.220899585854576010e-03,-5.506004095726522302e-03,-7.248721765374426668e-03
-5.741989320800129810e-03,-8.411801555031860750e-03,-8.022042029458496468e-03,-9.282683538722868305e-03,-9.644260934042423253e-03,-7.690773113671732324e-03,-4.053875818079710064e-03,-6.070605348600887491e-03,-5.573030416593731384e-03,-7.176086591849161617e-03
-5.931010097305335245e-03,-8.412186088081698501e-03,-8.158664309336023310e-03,-9.262662391683863794e-03,-9.652581830507928409e-03,-7.784793460789521911e-03,-4.161164944114625203e-03,-5.967889568054095609e-03,-5.600318615277780077e-03,-7.071115021289637800e-03
-6.185753045586651205e-03,-8.339550914556433450e-03,-8.155915215082833181e-03,-9.289950590367912486e-03,-9.710603168044217373e-03,-7.938872596423625361e-03,-4.274885275883557288e-03,-6.025910905590384573e-03,-5.523705656057816861e-03,-7.234069684894626345e-03
-6.089573993379828951e-03,-8.446152243371135918e-03,-8.262516543897535648e-03,-9.444029726002016803e-03,-9.817892294079132512e-03,-7.896747360579112543e-03,-4.285165475694732370e-03,-6.062629720162666415e-03,-5.550993854741865553e-03,-7.207811048966487714e-03
-6.196175322194531418e-03,-8.407961627256632306e-03,-8.274848624469052435e-03,-9.465019263788629691e-03,-9.939022996204530808e-03,-7.903643314501614114e-03,-4.337189688907317452e-03,-6.140515624501480078e-03,-5.508214898584186218e-03,-7.273740471493827381e-03
-6.385196098699736852e-03,-8.436593963698562834e-03,-8.251114723534160034e-03,-9.610176103727304311e-03,-1.013563579255482607e-02,-7.923246259390040805e-03,-4.296679870865250002e-03,-6.035544053941955395e-03,-5.597732917445818329e-03,-7.402190990862115780e-03
-6.539275234333841169e-03,-8.365896518413049737e-03,-8.286539213571616005e-03,-9.755478398914439395e-03,-1.038895067700099789e-02,-7.818274688830516989e-03,-4.193964090318458120e-03,-6.021006280979458204e-03,-5.698261659652145011e-03,-7.375932354933977149e-03
-6.601137669417007914e-03,-8.453646536285769689e-03,-8.181567643012092189e-03,-9.790902888951895366e-03,-1.039584663092349946e-02,-7.809487564397280153e-03,-4.014455847810004599e-03,-6.157907068720658295e-03,-5.553112635724420827e-03,-7.230783331006252965e-03
-6.598388575163818652e-03,-8.519575958813108488e-03,-8.180280591505679350e-03,-9.722110225962133506e-03,-1.039768191392925582e-02,-7.702220045241276077e-03,-4.071320214858290681e-03,-6.251927415838447882e-03,-5.624429897819299175e-03,-7.307675830846699187e-03
-6.824883091533153791e-03,-8.656476746554309445e-03,-8.157612210421029408e-03,-9.621611125857687519e-03,-1.060149967095784518e-02,-7.597248474681751393e-03,-4.098608413542339374e-03,-6.146955845278924066e-03,-5.551794724294034124e-03,-7.297469017764346422e-03
-6.752247918007888740e-03,-8.613697790396630111e-03,-8.024227958353721130e-03,-9.664399605536340421e-03,-1.055650003236714707e-02,-7.638189222697796057e-03,-4.135327228114621216e-03,-6.229620996280027176e-03,-5.453474207694946133e-03,-7.337143450222804314e-03
-6.846268265125678328e-03,-8.599160017434132053e-03,-8.009690185391223072e-03,-9.721263972584626503e-03,-1.048580258708163224e-02,-7.655512435041386329e-03,-4.128021840107102755e-03,-6.383700131914131493e-03,-5.415283591580442521e-03,-7.381196392181036368e-03
-6.891557238998035316e-03,-8.631777741236155987e-03,-8.003884818554213298e-03,-9.821792714790953185e-03,-1.051710009412696462e-02,-7.859330192069975685e-03,-3.977727602853414236e-03,-6.367893352184480701e-03,-5.350204970477862032e-03,-7.438060759229321584e-03
-6.914948819009174470e-03,-8.675830683194388909e-03,-7.931249645028948247e-03,-9.904457865792056295e-03,-1.025776116862636873e-02,-7.728452942033525210e-03,-3.976440551347002264e-03,-6.297195906898966737e-03,-5.242937451321857956e-03,-7.453978605915175665e-03
-6.875144327569984726e-03,-8.829909818828493226e-03,-7.823982125872944171e-03,-9.988058165679228328e-03,-1.046157892565495809e-02,-7.948534093768812314e-03,-4.070460898464791852e-03,-6.224560733373701686e-03,-5.258855298007712037e-03,-7.357799553708353410e-03
-6.933165665106273690e-03,-8.824104451991483453e-03,-7.945112827998342467e-03,-1.000538137802281860e-02,-1.044155777861595358e-02,-8.010396528851979059e-03,-4.090063843353218542e-03,-6.420511858850092013e-03,-5.271187378579228824e-03,-7.423728976235693076e-03
-6.996143246766010210e-03,-8.885966887074650197e-03,-8.001977195046628549e-03,-9.932746204497553549e-03,-1.037086033333043875e-02,-7.990375381812974548e-03,-4.017428669827953491e-03,-6.434266585564038347e-03,-5.200489933293714860e-03,-7.383924484796503332e-03
-6.990337879928999569e-03,-8.930019829032883119e-03,-7.929342021521363498e-03,-9.860111030972288498e-03,-1.033035051528837130e-02,-8.073040532814077658e-03,-4.048726176873285870e-03,-6.326999066408034271e-03,-5.160685441854525116e-03,-7.490525813611205799e-03
-6.993936381442437608e-03,-8.972808308711536021e-03,-7.828842921416917511e-03,-9.902899510650941400e-03,-1.045148121741376959e-02,-8.083320732625253607e-03,-4.162446508642217956e-03,-6.415645028395905620e-03,-5.136951540919632714e-03,-7.710606965346492904e-03
-6.923238936156923644e-03,-8.865540789555531945e-03,-7.756207747891652460e-03,-1.006585417425592995e-02,-1.047876941609781828e-02,-8.016400741800515026e-03,-3.914850274040952358e-03,-6.385387514751746617e-03,-5.208268803014511061e-03,-7.712442248352250132e-03
-7.017259283274713232e-03,-8.993991308923820344e-03,-7.910286883525756776e-03,-9.960882603696406129e-03,-1.051138713989984222e-02,-7.945703296515001929e-03,-4.103871050546157792e-03,-6.408779094762885771e-03,-5.101001283858506985e-03,-7.900905097292439463e-03
-7.002721510312216041e-03,-9.065308571018698691e-03,-7.902981495518239183e-03,-1.006748393251110860e-02,-1.051010008839342938e-02,-7.903578060670489111e-03,-4.143545483004615684e-03,-6.336143921237620720e-03,-5.246007766130995897e-03,-8.054984232926543780e-03
-7.030009708996264733e-03,-9.027117954904195080e-03,-7.908018403859275181e-03,-1.008708687739953529e-02,-1.069912086489863481e-02,-7.991328078543209062e-03,-4.209474905531955351e-03,-6.465382789629273846e-03,-5.328672917132099007e-03,-8.046197108493306077e-03
-7.070950457012309398e-03,-8.919850435748191003e-03,-7.920350484430791968e-03,-1.016397937723998238e-02,-1.062842341961311998e-02,-7.857943826475900784e-03,-4.286367405372401573e-03,-6.512717356525843902e-03,-5.311361230146281059e-03,-7.971550613845771946e-03
-7.090553401900736089e-03,-8.908153366756474401e-03,-8.008100502303511919e-03,-1.009134420371471733e-02,-1.065972092665845236e-02,-7.859779109481657144e-03,-4.261111890112115677e-03,-6.584034618620722250e-03,-5.356650204018638048e-03,-8.060196575833643295e-03
-7.127272216473017931e-03,-8.925476579100064672e-03,-8.031492082314651074e-03,-9.986372633155193509e-03,-1.077344125842738531e-02,-7.948425071469528494e-03,-4.182575835915365581e-03,-6.720656898498249092e-03,-5.284015030493372997e-03,-8.127222896700852378e-03
-7.158569723518349442e-03,-8.885672087660875795e-03,-8.043824162886167861e-03,-9.913737459629928458e-03,-1.079819906024453990e-02,-7.877727626184015397e-03,-4.296296167684297666e-03,-6.615685327938724408e-03,-5.257756394565234366e-03,-8.210823196588026146e-03
-7.266527001091987667e-03,-8.937696300873460009e-03,-8.091158729782737050e-03,-9.910988365376738329e-03,-1.093482134012206675e-02,-7.955613530522829061e-03,-4.441302649956786579e-03,-6.620722236279761273e-03,-5.319618829648401111e-03,-8.116749434164223162e-03
-7.250720221362336876e-03,-8.973120790910915981e-03,-8.153021164865903794e-03,-9.896450592414240272e-03,-1.079094920743221310e-02,-7.930358015262543164e-03,-4.595381785590890895e-03,-6.634476962993707608e-03,-5.099440194116737664e-03,-7.975570775156464592e-03
-7.266638068048190957e-03,-9.025145004123500195e-03,-8.017085162059307130e-03,-9.963476913281449354e-03,-1.093610604737088772e-02,-7.937253969185044736e-03,-4.611299632276745844e-03,-6.638075464507145647e-03,-5.227890713485026063e-03,-8.129649910790568909e-03
-7.343530567888637180e-03,-9.073710978317101397e-03,-8.083014584586645929e-03,-1.016008970963174461e-02,-1.112512682387609315e-02,-8.066104820490263561e-03,-4.643917356078770646e-03,-6.648355664318320729e-03,-5.236211609950530352e-03,-8.139930110601744859e-03
-7.363133512777064738e-03,-8.966443459161097321e-03,-8.075709196579128335e-03,-1.008540498021025071e-02,-1.112551135692593091e-02,-8.127967255573430305e-03,-4.750518684893473113e-03,-6.731020815319423839e-03,-5.281500583822887340e-03,-8.138643059095332019e-03
-7.350093702733796752e-03,-8.897650796171335461e-03,-8.197336438361221833e-03,-1.007370791121853584e-02,-1.115812908072795484e-02,-8.107946108534425794e-03,-4.683598694068733664e-03,-6.798047136186632922e-03,-5.210803138537373376e-03,-8.301597722700320564e-03
-7.422458170158146955e-03,-8.828858133181573600e-03,-8.053464305671368187e-03,-1.000107273769327079e-02,-1.121999151581112159e-02,-8.096249039542709192e-03,-4.791555971642371889e-03,-6.654175003496779275e-03,-5.234194718548512530e-03,-8.438220002577847406e-03
-7.576537305792251271e-03,-8.761938142356835019e-03,-8.100798872567937375e-03,-1.016417617369249661e-02,-1.137407065144522590e-02,-8.267606890966252425e-03,-4.868448471482818111e-03,-6.712196341033068239e-03,-5.226889330540994069e-03,-8.504149425105186205e-03
-7.684494583365889496e-03,-8.722133650917646142e-03,-8.121788410354550264e-03,-1.012437168225330773e-02,-1.146182066931794585e-02,-8.277887090777428375e-03,-4.911236951161471881e-03,-6.757485314905425228e-03,-5.246492275429420760e-03,-8.640771704982713047e-03
-7.675707458932652660e-03,-8.707595877955148084e-03,-8.258689198095751222e-03,-1.010321999207414514e-02,-1.150460914899659876e-02,-8.302644892594582965e-03,-4.994837251048644781e-03,-6.694217541821586431e-03,-5.206687783990231883e-03,-8.754492036751646000e-03
-7.747024721027531008e-03,-8.679811298309017195e-03,-8.352709545213540809e-03,-1.018588514307524825e-02,-1.166771258499582457e-02,-8.416365224363515918e-03,-4.977525564062827701e-03,-6.722849878263516092e-03,-5.099420264834227806e-03,-8.766824117323162788e-03
-7.670411761807567792e-03,-8.565361743964102631e-03,-8.506788680847645126e-03,-1.020927672308638741e-02,-1.164145394906768508e-02,-8.435968169251942608e-03,-4.967318750980474935e-03,-6.829451207078218559e-03,-5.111752345405744594e-03,-8.818848330535747002e-03
-7.759929780669199903e-03,-8.579116470678049833e-03,-8.703401477197940384e-03,-1.028059398518126576e-02,-1.168878851596425426e-02,-8.367175506262180748e-03,-4.925193515135961250e-03,-6.951078448860312058e-03,-4.943242664784219462e-03,-8.895740830376194092e-03
-7.616057647979346257e-03,-8.436640660863406124e-03,-8.817121808966873336e-03,-1.021180132219150390e-02,-1.184286765159835858e-02,-8.369010789267937109e-03,-4.852558341610696199e-03,-6.962768929620504095e-03,-5.088399504722894082e-03,-8.878429143390376144e-03
-7.692950147819792479e-03,-8.513533160703853214e-03,-8.971200944600977653e-03,-1.014300865920174204e-02,-1.197171850290357741e-02,-8.270690272668849985e-03,-4.915535923270432719e-03,-6.922964438181314351e-03,-5.015764331197629031e-03,-8.874096127662036912e-03
-7.585682628663788403e-03,-8.496221473718035266e-03,-8.902408281611215793e-03,-1.006836216455420790e-02,-1.210834078278110425e-02,-8.286608119354704066e-03,-4.911202907542092620e-03,-6.905652751195496403e-03,-5.169843466831733347e-03,-8.905393634707369291e-03
-7.545878137224598659e-03,-8.632843753595562108e-03,-8.893621157177978090e-03,-1.009565036323825660e-02,-1.226241991841520856e-02,-8.323326933926985041e-03,-4.932192445328706376e-03,-6.968630332855232923e-03,-5.130038975392544470e-03,-8.922716847050959563e-03
-7.473242963699333608e-03,-8.746564085364495061e-03,-8.853816665738789213e-03,-1.009603489628809435e-02,-1.224788214545271051e-02,-8.346718513938124195e-03,-5.039481571363621515e-03,-6.965881238602043661e-03,-4.986166842702690824e-03,-9.006317146938131596e-03
-7.402545518413819643e-03,-8.641592514804971245e-03,-8.785024002749027353e-03,-1.012079269810524894e-02,-1.236901284757810880e-02,-8.316461000293965192e-03,-5.096345938411907597e-03,-7.119960374236147978e-03,-5.075684861564322935e-03,-9.084203051276945259e-03
-7.509146847228522111e-03,-8.729342532677691197e-03,-8.767712315763209405e-03,-9.900614062573585492e-03,-1.238493069426396288e-02,-8.378323435377131936e-03,-5.115948883300334288e-03,-7.226561703050850445e-03,-5.119737803522554989e-03,-9.238282186911049576e-03
-7.597792809216393460e-03,-8.654696038030157065e-03,-8.820932176146625142e-03,-9.904212564087022663e-03,-1.247895104138175247e-02,-8.269390765449712022e-03,-5.244399402668622687e-03,-7.230160204564288484e-03,-5.047102629997289938e-03,-9.392361322545153893e-03
-7.555667573371879775e-03,-8.720625460557495864e-03,-8.965938658419114055e-03,-9.891172754043754678e-03,-1.233255512800954593e-02,-8.331253200532878767e-03,-5.275696909713955066e-03,-7.330688946770615166e-03,-4.942131059437766122e-03,-9.546440458179258209e-03
-7.567999653943396562e-03,-8.767960027454065053e-03,-9.042831158259559410e-03,-9.712556482270442992e-03,-1.226185768272403109e-02,-8.308584819448228825e-03,-5.382298238528657533e-03,-7.357977145454663859e-03,-4.756244926251223040e-03,-9.575072794621188738e-03
-7.668528396149723245e-03,-8.754920217410797068e-03,-9.071463494701489938e-03,-9.806576829388232580e-03,-1.232778710525136989e-02,-8.429715521573627121e-03,-5.277326667969133717e-03,-7.382734947271818449e-03,-4.772162772937077121e-03,-9.651965294461634093e-03
-7.813830691336858328e-03,-8.765200417221973017e-03,-9.299057018402903663e-03,-9.733941655862967529e-03,-1.238964954033453664e-02,-8.523735868691416709e-03,-5.284222621891635288e-03,-7.403724485058432205e-03,-4.732358281497888244e-03,-9.679253493145682785e-03
-7.706563172180854251e-03,-8.664701317117527030e-03,-9.273801503142617766e-03,-9.746273736434484317e-03,-1.250396607695338815e-02,-8.539653715377270790e-03,-5.215429958901873428e-03,-7.532963353450085331e-03,-4.661660836212374280e-03,-9.639449001706493908e-03
-7.694866103189138516e-03,-8.778421648886459983e-03,-9.402652354447836591e-03,-9.671627241786950185e-03,-1.249666068894587055e-02,-8.551344196137462828e-03,-5.404450735407078862e-03,-7.550286565793675603e-03,-4.556689265652849596e-03,-9.649729201517669858e-03
-7.553687444181379947e-03,-8.705786475361194932e-03,-9.547809194386511211e-03,-9.527755109097096539e-03,-1.252005226895700971e-02,-8.613206631220629572e-03,-5.421773947750669134e-03,-7.409107906785917033e-03,-4.693311545530376439e-03,-9.642423813510152264e-03
-7.546382056173861486e-03,-8.859865610995299248e-03,-9.701888330020615528e-03,-9.455119935571831488e-03,-1.262665359777171217e-02,-8.776310067219855390e-03,-5.289527360086483665e-03,-7.426431119129507305e-03,-4.389819979494836467e-03,-9.511546563473700922e-03
-7.647661179226754140e-03,-8.980996313120697544e-03,-9.629253156495350477e-03,-9.507144148784415702e-03,-1.262390450351852378e-02,-8.797299605006468279e-03,-5.280740235653246829e-03,-7.407921107520656911e-03,-4.526720767236036558e-03,-9.569567901009989885e-03
-7.836124028166942604e-03,-9.070514331982330522e-03,-9.750383858620748773e-03,-9.661223284418520019e-03,-1.271342252238015676e-02,-8.728506942016706419e-03,-5.321680983669291494e-03,-7.337223662235142947e-03,-4.563439581808318400e-03,-9.594325702827144475e-03
-7.892988395215228686e-03,-9.093905911993469676e-03,-9.864104190389681726e-03,-9.633438704772389130e-03,-1.263300532097164260e-02,-8.686381706172193601e-03,-5.358399798241573336e-03,-7.482230144507631860e-03,-4.647039881695491301e-03,-9.748404838461248792e-03
-7.954850830298395431e-03,-9.091156817740281282e-03,-9.892736526831612254e-03,-9.722084666760260480e-03,-1.278708445660574691e-02,-8.624895014312896832e-03,-5.436285702580387000e-03,-7.550326388808728702e-03,-4.783662161573018143e-03,-9.637845113171936151e-03
-8.108929965932499748e-03,-9.220007669045500107e-03,-1.005569119043660080e-02,-9.758803481332541455e-03,-1.279540535307125207e-02,-8.708495314200068865e-03,-5.363650529055121949e-03,-7.650855131015055384e-03,-4.823336594031476035e-03,-9.721445413059109919e-03
-8.253936448204988660e-03,-9.147372495520235056e-03,-1.001129571637610592e-02,-9.912882616966645771e-03,-1.272470790778573724e-02,-8.639702651210307005e-03,-5.560263325405417206e-03,-7.804934266649159701e-03,-4.833616793842651985e-03,-9.866747708246245002e-03
-8.341686466077708612e-03,-9.261092827289166274e-03,-9.840852737263712513e-03,-9.974745052049812516e-03,-1.275199610646978593e-02,-8.495830518520453359e-03,-5.603051805084070976e-03,-7.867911848308895353e-03,-4.813595646803647474e-03,-9.981064244865096510e-03
-8.297290992017213734e-03,-9.368381953324081413e-03,-9.770155291978197681e-03,-9.900060322628318615e-03,-1.285859743528448840e-02,-8.609550850289384577e-03,-5.675416272508421178e-03,-7.961932195426684941e-03,-4.807790279966636833e-03,-1.000205378265170940e-02
-8.257486500578024857e-03,-9.456131971196801364e-03,-9.786073138664051763e-03,-1.002119102475371691e-02,-1.290593200218105759e-02,-8.653603792247617499e-03,-5.712135087080703021e-03,-7.847482641081770377e-03,-4.780005700320505944e-03,-1.009690026141015808e-02
-8.190566509753286276e-03,-9.359952918989979109e-03,-9.582468075747431133e-03,-9.948555851228451860e-03,-1.283329682865579253e-02,-8.842624568752822933e-03,-5.826451623699555396e-03,-7.896048615275371579e-03,-4.842983281980242465e-03,-1.028592103791536351e-02
-8.022056829131761144e-03,-9.548973695495184544e-03,-9.736547211381535449e-03,-9.841288332072447784e-03,-1.276058344859055255e-02,-8.777545947650242444e-03,-5.989262340625867327e-03,-7.878736928289553632e-03,-4.822962134941237954e-03,-1.044000017354946783e-02
-7.949421655606496093e-03,-9.617069939796281386e-03,-9.890626347015639766e-03,-9.882229080088492448e-03,-1.275179632415731484e-02,-8.747288434006083441e-03,-5.986513246372678065e-03,-7.885632882212055203e-03,-4.681783475933479384e-03,-1.029882151454170926e-02
-8.015351078133834892e-03,-9.806090716301486820e-03,-9.914017927026778920e-03,-1.003630821572259676e-02,-1.280036229835091605e-02,-8.707483942566894564e-03,-5.971975473410180875e-03,-7.914265218653985731e-03,-4.701386420821906942e-03,-1.048728436348189859e-02
-7.985093564489675888e-03,-9.821239783107334892e-03,-9.996683078027882030e-03,-9.963673042197331714e-03,-1.269764651780412416e-02,-8.704734848313706169e-03,-5.829499663595536299e-03,-7.997865518541157764e-03,-4.570509170785456467e-03,-1.050460757582548886e-02
-8.056410826584554236e-03,-9.644809456934213404e-03,-1.005854551311104877e-02,-9.956367654189814120e-03,-1.273026424160614810e-02,-8.676950268667575281e-03,-5.878065637789137501e-03,-7.892893947981633948e-03,-4.499811725499942502e-03,-1.036607385760504943e-02
-8.108435039797138449e-03,-9.677427180736237339e-03,-1.006882571292222472e-02,-9.847434984262394206e-03,-1.285189148338824160e-02,-8.783551597482277748e-03,-5.925400204685707557e-03,-7.920182146665682640e-03,-4.478660035320779914e-03,-1.030280608452121063e-02
-8.305047836147433707e-03,-9.639236564621733727e-03,-9.992212753702262376e-03,-9.884153798834675181e-03,-1.288052381983017212e-02,-8.795883678053794535e-03,-5.968188684364361327e-03,-7.904375366936031849e-03,-4.479044568370617665e-03,-1.027254857087705163e-02
-8.405576578353760389e-03,-9.530303894694313813e-03,-9.779089508418615725e-03,-9.742975139826916611e-03,-1.277555224927064831e-02,-8.820641479870949125e-03,-6.031166266024097847e-03,-7.967352948595768369e-03,-4.502436148381756820e-03,-1.035614887076422366e-02
-8.332941404828495338e-03,-9.544058621408261014e-03,-9.706454334893350674e-03,-9.679707366743077815e-03,-1.276385518027893171e-02,-8.983452196797261924e-03,-6.093028701107264591e-03,-8.050953248482942137e-03,-4.458040674321261942e-03,-1.026241014616128579e-02
-8.337978313169531336e-03,-9.591393188304830203e-03,-9.860533470527454991e-03,-9.768353328730949164e-03,-1.266335608017448572e-02,-8.876184677641257847e-03,-6.046411859639880780e-03,-8.133618399484045247e-03,-4.612119809955366259e-03,-1.040771244134842087e-02
-8.117799677637867889e-03,-9.484125669148826127e-03,-1.000583576571459007e-02,-9.830215763814115909e-03,-1.266839298851552345e-02,-8.807392014651495987e-03,-5.943696079093088898e-03,-7.992439740476286678e-03,-4.665339670338781997e-03,-1.056179157698252519e-02
-7.938291435129415236e-03,-9.491021623071327698e-03,-9.963710529870077257e-03,-9.838536660279621066e-03,-1.271118146819417635e-02,-8.633982921954176312e-03,-6.097775214727193215e-03,-8.146518876110390994e-03,-4.594642225053268032e-03,-1.069024209635081359e-02
-7.831023915973411159e-03,-9.501301822882503648e-03,-1.010886736980875188e-02,-9.855859872623211337e-03,-1.284042033658583035e-02,-8.613961774915171801e-03,-6.077754067688188704e-03,-8.283141155987917836e-03,-4.578835445323618109e-03,-1.054906343734305502e-02
-7.828274821720222765e-03,-9.567231245409842447e-03,-1.020288771692654146e-02,-9.943609890495931289e-03,-1.294837761415946857e-02,-8.721250900950086940e-03,-6.214376347565715546e-03,-8.354458418082796184e-03,-4.567138376331902373e-03,-1.045288438513623276e-02
-7.788470330281033888e-03,-9.721310381043946763e-03,-1.010456720032745434e-02,-9.955300371256123326e-03,-1.292570923307481863e-02,-8.834971232719018158e-03,-6.359678642752850629e-03,-8.307841576615411505e-03,-4.688269078457300669e-03,-1.043707760540658197e-02
-7.776773261289318152e-03,-9.733642461615463551e-03,-1.018145970016789970e-02,-1.002661763335100167e-02,-1.282073766251529481e-02,-8.813819542539855570e-03,-6.432043110177200831e-03,-8.263446102554916628e-03,-4.647759260415233219e-03,-1.051496350974539563e-02
-7.820826203247550207e-03,-9.816307612616566661e-03,-1.018505820168133687e-02,-1.010928278435210478e-02,-1.294918818188358321e-02,-8.774015051100666693e-03,-6.586122245811305148e-03,-8.286837682566055782e-03,-4.748288002621559901e-03,-1.056818337012881137e-02
-7.864879145205783129e-03,-9.888672080040917731e-03,-1.011041170703380274e-02,-1.026336191998620910e-02,-1.307081542366567671e-02,-8.928094186734771009e-03,-6.630175187769537203e-03,-8.375483644553927132e-03,-4.877138853926778726e-03,-1.052837887868962249e-02
-7.901597959778064104e-03,-9.872865300311266940e-03,-1.018829761137261640e-02,-1.011948978729635545e-02,-1.303101093222648783e-02,-8.724489123818150380e-03,-6.758625707137825601e-03,-8.446800906648805479e-03,-4.802492359279244595e-03,-1.062239922580741208e-02
-7.926355761595218694e-03,-1.001816759549840202e-02,-1.021168919138375555e-02,-1.019080704939123380e-02,-1.311461123211365987e-02,-8.878568259452254696e-03,-6.789923214183157113e-03,-8.435103837657088877e-03,-5.057235307560560555e-03,-1.051513170665140801e-02
-8.054806280963507092e-03,-1.003549080784199229e-02,-1.022402127195527234e-02,-1.027440734927840757e-02,-1.309459008507465536e-02,-8.973414738210703373e-03,-6.832711693861810882e-03,-8.440140745998126609e-03,-5.100023787239214325e-03,-1.073521285838669424e-02
-8.070724127649361174e-03,-1.013601955004831898e-02,-1.024362421684369903e-02,-1.013322869027064900e-02,-1.308580296064141765e-02,-8.714075812710107491e-03,-6.933240436068137565e-03,-8.561271448123524905e-03,-5.263127223238441010e-03,-1.071406116820753165e-02
-7.960164402360048533e-03,-1.029009868568242329e-02,-1.031065053771090811e-02,-1.006443602728088714e-02,-1.314382429817770662e-02,-8.611360032163315609e-03,-6.708414458931047028e-03,-8.706277930396013817e-03,-5.223322731799252133e-03,-1.078537843030241000e-02
-7.942852715374230585e-03,-1.027989187260006966e-02,-1.037251297279407486e-02,-1.008403897216931383e-02,-1.316114751052129689e-02,-8.630962977051742299e-03,-6.699627334497810192e-03,-8.750330872354246739e-03,-5.195538152153121245e-03,-1.081799615410443394e-02
-8.004715150457397330e-03,-1.031118937964540204e-02,-1.024026638512988939e-02,-1.008275192066290099e-02,-1.331522664615540121e-02,-8.752093679177140595e-03,-6.693821967660799552e-03,-8.671794818157496643e-03,-5.242872719049691300e-03,-1.091201650122222352e-02
-7.964910659018208453e-03,-1.046526851527950636e-02,-1.013299886597388531e-02,-1.011817641070035696e-02,-1.330942127931839143e-02,-8.610915020169382025e-03,-6.702142864126304708e-03,-8.564527299001492566e-03,-5.580117673958445365e-03,-1.107511993722144934e-02
-7.953213590026493585e-03,-1.050620926329555102e-02,-1.013803577431492131e-02,-1.023930711282575526e-02,-1.335798725351199263e-02,-8.799935796674587460e-03,-6.690445795134588973e-03,-8.591815497685541259e-03,-5.643095255618181885e-03,-1.114321618152254618e-02
-7.880500209961251862e-03,-1.043928927247081244e-02,-1.006924311132515945e-02,-1.010337111001915686e-02,-1.355460004986228789e-02,-8.817259009018177732e-03,-6.705594861940436177e-03,-8.524895506860802677e-03,-5.570381875552941030e-03,-1.128851847670968127e-02
-7.968250227833971813e-03,-1.046404707428796703e-02,-1.014712901566397311e-02,-9.959498977329303213e-03,-1.355498458291212564e-02,-8.802721236055681409e-03,-6.634897416654922213e-03,-8.653346026229091076e-03,-5.530577384113751285e-03,-1.132394296674713724e-02
-7.987853172722398504e-03,-1.036786802208114477e-02,-1.034308014114036431e-02,-1.011357811296340753e-02,-1.354477776982977201e-02,-8.658849103365827762e-03,-6.711789916495368435e-03,-8.649013010500751844e-03,-5.601894646208629633e-03,-1.128413847530794836e-02
-7.961594536794259006e-03,-1.042588935961743374e-02,-1.044360888334669099e-02,-1.019624326396451064e-02,-1.362744292083087512e-02,-8.804005943304502382e-03,-6.966532864776684396e-03,-8.600222107081426440e-03,-5.580742956029467045e-03,-1.121150330178268331e-02
-7.968490490716760577e-03,-1.058899279561665956e-02,-1.049563309655927520e-02,-1.015411802811999782e-02,-1.381646369733608055e-02,-8.911295069339417521e-03,-6.948022853167834002e-03,-8.499723006976980452e-03,-5.670260974891099155e-03,-1.107811904971537503e-02
-7.891877531496798229e-03,-1.065197037727639608e-02,-1.051078216336512328e-02,-1.026783835988892904e-02,-1.400548447384128599e-02,-8.887561168404525119e-03,-6.875309473102593147e-03,-8.453106165509597508e-03,-5.384626527690004535e-03,-1.107683199820896219e-02
-8.087828656973189423e-03,-1.054699880671687226e-02,-1.052311424393664006e-02,-1.016512257934213716e-02,-1.401238042776378756e-02,-8.901315895118472321e-03,-6.882205427025094718e-03,-8.441409096517880906e-03,-5.424300960148462428e-03,-1.116547796019683354e-02
-8.020908666148450841e-03,-1.055868928747706430e-02,-1.067719337957074438e-02,-1.003173832727482888e-02,-1.386850829507393391e-02,-8.963178330201639066e-03,-6.939069794073380801e-03,-8.334760562180838425e-03,-5.440218806834316509e-03,-1.118646749798344643e-02
-7.981104174709261964e-03,-1.051888479603787542e-02,-1.083127251520484870e-02,-1.004201852708600483e-02,-1.408858944680922015e-02,-8.890543156676374015e-03,-7.052790125842312886e-03,-8.480062857367973508e-03,-5.569457675225969635e-03,-1.116379911689879649e-02
-8.017822989281542939e-03,-1.059124926346222649e-02,-1.081957544621313383e-02,-1.014254726929233151e-02,-1.414545381385750623e-02,-9.044622292310478331e-03,-7.088214615879768858e-03,-8.468365788376258640e-03,-5.683774211844822011e-03,-1.116883602523983249e-02
-7.876644330273784370e-03,-1.072787154333975333e-02,-1.098253010981812237e-02,-1.007184982400681841e-02,-1.426658451598290453e-02,-9.032925223318763464e-03,-7.062959100619482962e-03,-8.397668343090743809e-03,-5.666462524859004063e-03,-1.132291516087393680e-02
-7.939621911933520890e-03,-1.087287802561224224e-02,-1.097374298538488467e-02,-1.005731205104432036e-02,-1.436060486310069412e-02,-9.139526552133465931e-03,-7.156979447737272550e-03,-8.380356656104925861e-03,-5.886543676594291168e-03,-1.114429888910062338e-02
-8.102725347932746708e-03,-1.079246082420372808e-02,-1.108103211141979981e-02,-1.006964413161583714e-02,-1.451468399873479843e-02,-9.246127880948168398e-03,-7.158814730743029778e-03,-8.387252610027427432e-03,-5.870736896864641244e-03,-1.110449439766143451e-02
-8.256804483566851025e-03,-1.104720377248504491e-02,-1.100249605722304971e-02,-9.996930751550597155e-03,-1.458704846615914950e-02,-9.262045727634022479e-03,-7.135080829808137376e-03,-8.576273386532632867e-03,-5.936666319391980910e-03,-1.113579190470676689e-02
-8.216999992127662147e-03,-1.102453539140039497e-02,-1.085862392453319607e-02,-9.922284256903063024e-03,-1.460803800394576239e-02,-9.189410554108757428e-03,-7.088463988340753565e-03,-8.730352522166737184e-03,-6.013558819232427133e-03,-1.120710916680164523e-02
-8.211194625290652374e-03,-1.102637067440615133e-02,-1.085131853652567847e-02,-1.011889705325335828e-02,-1.453540283042049734e-02,-9.186661459855569034e-03,-7.225086268218280407e-03,-8.546867909595783769e-03,-6.101308837105146217e-03,-1.132082949857057819e-02
-8.259760599484253576e-03,-1.113365980044106647e-02,-1.091724795905301727e-02,-1.004626187972809323e-02,-1.462315284829321729e-02,-9.340740595489673351e-03,-7.346713510000373905e-03,-8.479947918771045187e-03,-6.091102024022793451e-03,-1.136816406546714738e-02
-8.404767081756742489e-03,-1.106486713745130461e-02,-1.102453708508793241e-02,-1.006725141751470612e-02,-1.470004534813366265e-02,-9.326202822527177028e-03,-7.318928930354243016e-03,-8.562613069772148297e-03,-6.227724303900320293e-03,-1.126089654631114330e-02
-8.417099162328259276e-03,-1.099978851634872412e-02,-1.115298760445622081e-02,-1.018097174928363907e-02,-1.462733196806842093e-02,-9.251556327879642896e-03,-7.218429830249797896e-03,-8.522808578332959420e-03,-6.083852171210466647e-03,-1.135491689342893289e-02
-8.505745124316130626e-03,-1.102077805413533701e-02,-1.121100894199250977e-02,-1.016095060224463456e-02,-1.462916725107417729e-02,-9.211751836440454019e-03,-7.302030130136970797e-03,-8.504298566724109026e-03,-6.078046804373456007e-03,-1.150007373336760751e-02
-8.530502926133285216e-03,-1.112806718017025215e-02,-1.106983028298475120e-02,-1.013721670130974216e-02,-1.469102968615734403e-02,-9.340202355808742418e-03,-7.344818609815624566e-03,-8.494091753641755393e-03,-6.131266664756870877e-03,-1.142743855984234246e-02
-8.608388830472098879e-03,-1.108987656405574854e-02,-1.109846261942668173e-02,-1.028222318358223107e-02,-1.475400726781708055e-02,-9.265517626387248518e-03,-7.434336628677256677e-03,-8.506423834213272181e-03,-6.139587561222376033e-03,-1.140892854823349206e-02
-8.535753656946833828e-03,-1.108712746980256014e-02,-1.116032505450984848e-02,-1.026491149659641312e-02,-1.475272021631066771e-02,-9.126983908166809087e-03,-7.579638923864391760e-03,-8.635662702604926175e-03,-6.133782194385365392e-03,-1.126774988922573349e-02
-8.672375936824360670e-03,-1.112384628437484112e-02,-1.117547412131569655e-02,-1.024224311551176318e-02,-1.468008504278540266e-02,-9.255434427535097486e-03,-7.622427403543045529e-03,-8.655265647493352865e-03,-5.992603535377606823e-03,-1.129114146923687265e-02
-8.719710503720929859e-03,-1.101887471381531730e-02,-1.132955325694980087e-02,-1.016960794198649813e-02,-1.479380537455433561e-02,-9.252685333281909091e-03,-7.776506539177149846e-03,-8.708485507876768603e-03,-6.146682671011711140e-03,-1.118387395008086857e-02
-8.679906012281740982e-03,-1.101612561956212891e-02,-1.146617553682732771e-02,-1.015791087299478326e-02,-1.481112858689792589e-02,-9.179971953216667369e-03,-7.770701172340139205e-03,-8.786371412215582266e-03,-6.074047497486446089e-03,-1.116656226309505062e-02
-8.607270838756475931e-03,-1.097173014550163403e-02,-1.165519631333253314e-02,-1.035386199847117446e-02,-1.497393930382423868e-02,-9.245901375744006168e-03,-7.959164021280327669e-03,-8.807360950002195155e-03,-6.210669777363972931e-03,-1.118388547543864089e-02
-8.502299268196952114e-03,-1.107300926855452755e-02,-1.164640918889929544e-02,-1.047499270059657275e-02,-1.503986872635157748e-02,-9.138633856588002091e-03,-8.213906969561644497e-03,-8.869223385085361899e-03,-6.237957976048021623e-03,-1.131312434383029489e-02
-8.529587466881000807e-03,-1.113893869108186635e-02,-1.174768831195218896e-02,-1.050761042439859669e-02,-1.500006423491238861e-02,-9.135884762334813697e-03,-8.106639450405640421e-03,-8.998462253477015893e-03,-6.244853929970523194e-03,-1.128533976418416400e-02
-8.506919085796350866e-03,-1.128394517335435526e-02,-1.167699086666667413e-02,-1.039316087005368212e-02,-1.510134335796528213e-02,-9.213770666673627360e-03,-8.150692392363873343e-03,-8.904388491053212909e-03,-6.351455258785225662e-03,-1.143941889981826832e-02
-8.368385367575911435e-03,-1.133251114754795646e-02,-1.171370968123895510e-02,-1.053816735232617104e-02,-1.507867497688063219e-02,-9.342221186041915759e-03,-8.168015604707463614e-03,-9.041010770930739751e-03,-6.458056587599928129e-03,-1.150534832234560711e-02
-8.345716986491261494e-03,-1.134766021435380454e-02,-1.182099880727387024e-02,-1.051965734071732064e-02,-1.501175498605589360e-02,-9.413538448136794107e-03,-8.331119040706689433e-03,-9.094230631314155489e-03,-6.418252096160738385e-03,-1.140037675178608330e-02
-8.423602890830075157e-03,-1.135125871586724171e-02,-1.191051682613550322e-02,-1.038372133791072224e-02,-1.494848721297205481e-02,-9.514067190343120789e-03,-8.266040419604108944e-03,-9.121518829998204181e-03,-6.649721578554576573e-03,-1.155445588742018762e-02
-8.431923787295580314e-03,-1.124628714530771789e-02,-1.222124011735497076e-02,-1.042650981758937515e-02,-1.492997720136320441e-02,-9.668146325977225106e-03,-8.135163169567657601e-03,-8.985582827191605781e-03,-6.682339302356601375e-03,-1.158308822386211814e-02
-8.438819741218081885e-03,-1.124988564682115506e-02,-1.231526046447276035e-02,-1.042376072333618675e-02,-1.494589504804905850e-02,-9.648125178938220595e-03,-8.062527996042392550e-03,-9.106713529317004077e-03,-6.729673869253171431e-03,-1.154328373242292927e-02
-8.338320641113635898e-03,-1.118661787373731627e-02,-1.234001826628991494e-02,-1.046343515579464464e-02,-1.503364506592177845e-02,-9.793282018876895215e-03,-8.053740871609154847e-03,-9.201560008075452754e-03,-6.726924774999982169e-03,-1.162116963676174293e-02
-8.433167119872084574e-03,-1.131585674212897026e-02,-1.241133552838479329e-02,-1.039464249280488278e-02,-1.496672507509703987e-02,-9.846501879260310952e-03,-8.106960731992570585e-03,-9.217477854761306835e-03,-6.746527719888409727e-03,-1.151390211760573885e-02
-8.534446242924978096e-03,-1.121535764202452427e-02,-1.244395325218681722e-02,-1.039824099431831995e-02,-1.482554641608928130e-02,-9.934251897133030904e-03,-8.295981508497776019e-03,-9.175352618916794017e-03,-6.973022236257744866e-03,-1.164235263697402725e-02
-8.641735368959893235e-03,-1.103674137025121085e-02,-1.245628533275833401e-02,-1.038370322135582363e-02,-1.478342118024476848e-02,-1.001114439697347799e-02,-8.189332974160733539e-03,-9.178951120430231189e-03,-6.973406769307582617e-03,-1.161968425588937731e-02
-8.631528555877539602e-03,-1.106402956893525955e-02,-1.246460622922383916e-02,-1.042042203592810461e-02,-1.479370138005594443e-02,-9.969019161128965176e-03,-8.041719127252338131e-03,-9.219891868446275854e-03,-7.102257620612801442e-03,-1.172021299809570399e-02
-8.785607691511643919e-03,-1.117063089774996201e-02,-1.243935071396355327e-02,-1.031315451677210053e-02,-1.484692124043936017e-02,-1.006954790333529186e-02,-8.046756035593374129e-03,-9.156624095362437057e-03,-7.112537820423977392e-03,-1.176550197196806098e-02
-8.654730441475192576e-03,-1.105618134340504745e-02,-1.243354534712654350e-02,-1.040090453464482048e-02,-1.466741299793090751e-02,-1.014191237075964293e-02,-8.086430468051832021e-03,-9.239289246363540167e-03,-7.041840375138463427e-03,-1.172569748052887210e-02
-8.675719979261805465e-03,-1.111304571045333353e-02,-1.258762448276064781e-02,-1.029363701548881641e-02,-1.456691389782646152e-02,-1.016530395077078208e-02,-8.090028969565269193e-03,-9.459370398098826405e-03,-6.897968242448608914e-03,-1.191471825703407754e-02
-8.539783976455207065e-03,-1.114847020049078950e-02,-1.245168847995405115e-02,-1.044771615112292072e-02,-1.461424846472303071e-02,-1.010203617768694329e-02,-8.235185809503943813e-03,-9.348810672809513764e-03,-6.949992455661193995e-03,-1.199260416137289120e-02
-8.543382477968644237e-03,-1.121978746258566785e-02,-1.252858097979449650e-02,-1.034500037057612884e-02,-1.459844168499337992e-02,-1.026484689461325608e-02,-8.266483316549276192e-03,-9.485432952687040606e-03,-6.883072464836454546e-03,-1.206949666121333656e-02
-8.578806968006100209e-03,-1.144628197895500299e-02,-1.245393448514696237e-02,-1.027620770758636698e-02,-1.481852283672866616e-02,-1.024753520762743814e-02,-8.122611183859422546e-03,-9.473735883695325738e-03,-6.888109373177491411e-03,-1.204171208156720567e-02
-8.666556985878820160e-03,-1.150430331649129195e-02,-1.261688914875195092e-02,-1.048002546461495633e-02,-1.474588766320340111e-02,-1.022227969236715224e-02,-8.019895403312630663e-03,-9.482056780160830894e-03,-6.873571600214994221e-03,-1.202056039138804308e-02
-8.674877882344325317e-03,-1.146611270037678834e-02,-1.262048765026538809e-02,-1.037505389405543252e-02,-1.489089414547589002e-02,-1.023060058883265740e-02,-8.182850066917619208e-03,-9.509344978844879587e-03,-6.904869107260326599e-03,-1.197843515554353026e-02
-8.720166856216682305e-03,-1.152909028203652486e-02,-1.261773855601219796e-02,-1.026778637489942844e-02,-1.482210148248612816e-02,-1.029653001135999620e-02,-8.234874280130203422e-03,-9.637795498213167986e-03,-6.967846688920063120e-03,-1.193181831407614732e-02
-8.708469787224965702e-03,-1.146401166093394437e-02,-1.257793406457300908e-02,-1.042186551053353276e-02,-1.488396391756929490e-02,-1.027650886432099168e-02,-8.167954289305464841e-03,-9.570875507388429404e-03,-6.865130908373271237e-03,-1.206026883344443572e-02
-8.815758913259880841e-03,-1.146584694393970073e-02,-1.264603030887410592e-02,-1.035494551970879418e-02,-1.470753359139617342e-02,-1.030379706300504038e-02,-8.149444277696614447e-03,-9.692006209513827700e-03,-6.825326416934082360e-03,-1.207402356015838292e-02
-8.909779260377670429e-03,-1.145280713389643275e-02,-1.260622581743491705e-02,-1.036184147363129575e-02,-1.487048825500116196e-02,-1.031755178971898758e-02,-8.178076614138544975e-03,-9.619371035988562649e-03,-7.045407568669369465e-03,-1.222810269579248724e-02
-8.839081815092155597e-03,-1.154055715176915270e-02,-1.270750494048781057e-02,-1.042886779449850483e-02,-1.496450860211895155e-02,-1.025063179889424900e-02,-8.116589922279248207e-03,-9.579566544549373772e-03,-7.005603077230179720e-03,-1.208423056310263359e-02
-8.837794763585742758e-03,-1.172957792827435813e-02,-1.282913218226990407e-02,-1.038674255865399201e-02,-1.497965766892479962e-02,-1.030265601210683321e-02,-8.194475826618061870e-03,-9.506931371024108721e-03,-7.106131819436506403e-03,-1.211151876178668228e-02
-8.891014623969158495e-03,-1.158570579558450449e-02,-1.272019951234248415e-02,-1.032166393755141152e-02,-1.502059841694084429e-02,-1.019372334217941330e-02,-8.154671335178872993e-03,-9.661010506658213037e-03,-6.929701493263384915e-03,-1.204459877096194370e-02
-9.054118059968384313e-03,-1.155792121593837360e-02,-1.298016710708984819e-02,-1.021669236699188771e-02,-1.510834843481356424e-02,-1.033872982445190221e-02,-8.082036161653607942e-03,-9.630752993014054034e-03,-7.083780628897489232e-03,-1.195052500853814072e-02
-9.073721004856811004e-03,-1.168637173530666200e-02,-1.283898844808208962e-02,-1.025948084667054061e-02,-1.513698077125549477e-02,-1.026609465092663716e-02,-8.149062482520817025e-03,-9.621965868580816331e-03,-7.041655393052976414e-03,-1.194173788410490301e-02
-9.106338728658834938e-03,-1.168675626835649975e-02,-1.270918926929849070e-02,-1.034214599767164372e-02,-1.530008420725472058e-02,-1.024607350388763265e-02,-8.312017146125805570e-03,-9.784920532185804876e-03,-7.001850901613787537e-03,-1.204902701013981815e-02
-9.163203095707121021e-03,-1.158625716825205376e-02,-1.263655409577322565e-02,-1.049622513330574804e-02,-1.545416334288882490e-02,-1.031416974818872949e-02,-8.285758510197666071e-03,-9.861813032026250231e-03,-7.073168163708665884e-03,-1.206862995502824484e-02
-9.140534714622471080e-03,-1.157456009926033716e-02,-1.252599437048391301e-02,-1.068468798224593737e-02,-1.549383777534728279e-02,-1.021799069598190723e-02,-8.255500996553507068e-03,-9.822008540587061354e-03,-7.100456362392714577e-03,-1.218976065715364314e-02
-9.044355662415648825e-03,-1.159931790107749175e-02,-1.252782965348966937e-02,-1.072011247228339334e-02,-1.547010387441239039e-02,-1.024274849779906182e-02,-8.238189309567689120e-03,-9.714741021431057277e-03,-7.237078642270241419e-03,-1.223504963102600013e-02
-8.971720488890383774e-03,-1.155951340963830287e-02,-1.242950913689058051e-02,-1.071430710544638357e-02,-1.552696824146067647e-02,-1.020223867975699437e-02,-8.127629584278376479e-03,-9.843979889822711271e-03,-7.260470222281380573e-03,-1.228033860489835712e-02
-8.949052107805733833e-03,-1.144580874097838458e-02,-1.241930232380822688e-02,-1.064922848434380308e-02,-1.548716375002148760e-02,-1.028998869762971433e-02,-8.020362065122372403e-03,-9.886768369501364173e-03,-7.274224948995326907e-03,-1.217536703433883330e-02
-8.989992855821778497e-03,-1.151390498527948142e-02,-1.247252218419164262e-02,-1.063753141535208821e-02,-1.560088408179042055e-02,-1.021929125234419949e-02,-8.091679327217250750e-03,-9.870961589771713382e-03,-7.437328384994553593e-03,-1.213717641822432969e-02
-8.947867619977265680e-03,-1.148612040563335053e-02,-1.248844003087749670e-02,-1.062172463562243742e-02,-1.569040210065205179e-02,-1.011202373318819542e-02,-8.098575281139752322e-03,-9.999812441076932207e-03,-7.472752875032009565e-03,-1.227379869810185653e-02
-9.069494861759359178e-03,-1.153345497252991972e-02,-1.263344651314998561e-02,-1.064511621563357657e-02,-1.567586432768955373e-02,-1.001370321658910656e-02,-8.089788156706514619e-03,-9.893163906739889726e-03,-7.432948383592820688e-03,-1.232582291131444074e-02
-9.073093363272796349e-03,-1.162747531964770931e-02,-1.262764114631297584e-02,-1.063057844267107852e-02,-1.574718158978443208e-02,-1.011423195879543324e-02,-8.121085663751846997e-03,-9.981809868727761076e-03,-7.569570663470347530e-03,-1.225318773778917569e-02
-9.070344269019606220e-03,-1.162472622539452091e-02,-1.261032945932715789e-02,-1.067791300956764770e-02,-1.580040145016784608e-02,-1.012656403936695003e-02,-8.090828150107687994e-03,-1.009553020049669403e-02,-7.529766172031158653e-03,-1.221338324634998682e-02
-9.086262115705460302e-03,-1.156323953353522414e-02,-1.283041061106244413e-02,-1.069166773628159491e-02,-1.588400175005501985e-02,-9.978950192458554622e-03,-8.156757572635026793e-03,-1.009119718476835480e-02,-7.489961680591969775e-03,-1.224600097015201075e-02
-9.181108594463908978e-03,-1.170824601580771306e-02,-1.282460524422543435e-02,-1.085462239988658345e-02,-1.593722161043843386e-02,-1.002751616665215582e-02,-8.277888274760425089e-03,-1.008539181793134502e-02,-7.572626831593072885e-03,-1.231193039267934955e-02
-9.194863321177856180e-03,-1.182987325758980655e-02,-1.291412326308706733e-02,-1.070315870855148392e-02,-1.586652416515291902e-02,-1.008937860173532257e-02,-8.301279854771564243e-03,-1.016327772227015869e-02,-7.609345646165354728e-03,-1.227373977656484594e-02
-9.238916263136089102e-03,-1.190676575743025364e-02,-1.292101921700956890e-02,-1.060483819195239680e-02,-1.602947882875790583e-02,-1.010898154662374926e-02,-8.324671434782703397e-03,-1.024687802215733246e-02,-7.763424781799459044e-03,-1.220304233127933111e-02
-9.316802167474902766e-03,-1.197808301952513199e-02,-1.306617605694824352e-02,-1.061173414587489837e-02,-1.605811116519983636e-02,-1.010769449511733642e-02,-8.218022900445660917e-03,-1.017424284863206740e-02,-7.546807725112130924e-03,-1.233228119967098510e-02
-9.244166993949637715e-03,-1.186915034959771208e-02,-1.310160054698569949e-02,-1.059171299883589386e-02,-1.607186589191378356e-02,-9.928186252608883766e-03,-8.145387726920395866e-03,-1.023722043029180392e-02,-7.519023145466000035e-03,-1.232497581166346751e-02
-9.235379869516400012e-03,-1.186640125534452195e-02,-1.299433302782969542e-02,-1.065764242136323266e-02,-1.622594502754788615e-02,-1.008226538824298808e-02,-8.267014968702489364e-03,-1.006079010411868244e-02,-7.499001998426995524e-03,-1.228517132022427863e-02
-9.193254633671887194e-03,-1.177232749292071896e-02,-1.280922829106585087e-02,-1.072357184389057146e-02,-1.622161201181954518e-02,-1.009818323492884216e-02,-8.298312475747821743e-03,-1.006438860563211961e-02,-7.564931420954335191e-03,-1.240630202234967693e-02
-9.048105609744163877e-03,-1.186007751079343892e-02,-1.267329228825925247e-02,-1.075899633392802743e-02,-1.614499905259958110e-02,-1.014097171460749507e-02,-8.191663941410779262e-03,-1.014227450997093327e-02,-7.464432320849890071e-03,-1.229903450319367285e-02
-9.131705909631335910e-03,-1.202288822771975171e-02,-1.257921852583544949e-02,-1.079993708194407209e-02,-1.623901939971737068e-02,-1.021333618203184614e-02,-8.195262442924216434e-03,-1.010247001853174439e-02,-7.441763939765240130e-03,-1.220285545098685059e-02
-9.132090442681173661e-03,-1.200286708068074720e-02,-1.258611447975795106e-02,-1.082856941838600262e-02,-1.628635396661394161e-02,-1.018707754610370664e-02,-8.384283219429421868e-03,-1.002983484500647934e-02,-7.504741521424976650e-03,-1.224379619900289526e-02
-9.068822669597334865e-03,-1.201519916125226399e-02,-1.266300697959839641e-02,-1.090093388581035369e-02,-1.643151080655261623e-02,-1.016440916501905670e-02,-8.407674799440561023e-03,-1.008185905821906356e-02,-7.619058058043828158e-03,-1.230565863408606200e-02
-9.189953371722733161e-03,-1.200350209226054912e-02,-1.268639855960953557e-02,-1.102206458793575199e-02,-1.644384288712413128e-02,-9.985792893245745011e-03,-8.464539166488847105e-03,-9.948474806151755279e-03,-7.671082271256413239e-03,-1.242678933621146030e-02
-9.126685598638894364e-03,-1.200075299800736073e-02,-1.257913104045353149e-02,-1.091541605359870951e-02,-1.657229340649241794e-02,-1.006268539308619037e-02,-8.618618302122951422e-03,-1.002636071049056894e-02,-7.732944706339579984e-03,-1.242862461921721666e-02
-9.114988529647177762e-03,-1.208435329789453450e-02,-1.267315138757132108e-02,-1.099901635348588327e-02,-1.662915777354070229e-02,-1.011470960629877458e-02,-8.670642515335535636e-03,-1.008438204802685791e-02,-7.736543207853018023e-03,-1.246534343378949763e-02
-9.127320610218694549e-03,-1.231194682159594822e-02,-1.267498667057707744e-02,-1.111273668525481623e-02,-1.662787072203428945e-02,-1.007258437045426176e-02,-8.874460272364124991e-03,-1.019810237979578912e-02,-7.743439161775519594e-03,-1.261050027372817225e-02
-9.193250032746033348e-03,-1.232786466828180230e-02,-1.269837825058821659e-02,-1.096886455256496258e-02,-1.671562073990700767e-02,-9.974263853855174639e-03,-8.801746892298883268e-03,-1.017695068961662654e-02,-7.844718284828413116e-03,-1.246535124980044894e-02
-9.153445541306844471e-03,-1.239379409080914110e-02,-1.280633552816185482e-02,-1.107546588137966505e-02,-1.670392367091529107e-02,-9.936073237740671027e-03,-8.729111718773618217e-03,-1.028423981565154167e-02,-7.938738631946202703e-03,-1.235641857987302902e-02
-9.088366920204263982e-03,-1.228652657165313702e-02,-1.282593847305028151e-02,-1.116948622849745464e-02,-1.671767839762923827e-02,-9.833357457193879145e-03,-8.736007672696119788e-03,-1.036113231549198876e-02,-8.004668054473541502e-03,-1.237602152476145571e-02
-9.075327110160995997e-03,-1.237517253364100837e-02,-1.298001760868438582e-02,-1.112736099265294182e-02,-1.690614124656942760e-02,-9.760722283668614094e-03,-8.733258578442929659e-03,-1.021726018280213512e-02,-7.962542818629028685e-03,-1.235076600950116982e-02
-9.004629664875481165e-03,-1.248312981121464660e-02,-1.305691010852483291e-02,-1.125581151202123022e-02,-1.687588373292526686e-02,-9.889172803036902493e-03,-8.810151078283375015e-03,-1.019723903576313061e-02,-7.891845373343513853e-03,-1.217214973772785813e-02
-9.033262001317411694e-03,-1.244332531977545772e-02,-1.301871949241032930e-02,-1.126750199278142225e-02,-1.686418666393355026e-02,-1.005227623903612831e-02,-8.808864026776962175e-03,-1.020413498968563218e-02,-7.782912703416093939e-03,-1.202185550047417048e-02
-9.064559508362744072e-03,-1.233439264984803781e-02,-1.318182292840955512e-02,-1.135110229266859602e-02,-1.687108261785605356e-02,-1.015280498124245499e-02,-8.787712336597799587e-03,-1.042421614142091842e-02,-7.682413603311647951e-03,-1.221846829682446574e-02
-9.024755016923555195e-03,-1.241799294973520984e-02,-1.319914614075314539e-02,-1.134089547958624239e-02,-1.700798340559725452e-02,-1.004553746208645092e-02,-8.819009843643131966e-03,-1.049124246228812750e-02,-7.672206790229295185e-03,-1.214185533760450339e-02
-9.022005922670366801e-03,-1.234334645508767571e-02,-1.306061242253270596e-02,-1.141325994701059346e-02,-1.720459620194755151e-02,-1.004592199513628867e-02,-8.851627567445155900e-03,-1.053403094196678040e-02,-7.465334284615024810e-03,-1.203292266767708348e-02
-8.991748409026207797e-03,-1.240520889017084245e-02,-1.314836244040542591e-02,-1.143058315935418373e-02,-1.719289913295583491e-02,-9.900772971208565351e-03,-8.775014608225193552e-03,-1.042676342281077632e-02,-7.420938810554529932e-03,-1.196028749415181842e-02
-9.120599260331426622e-03,-1.239642176573760475e-02,-1.307766499511991282e-02,-1.147914913354778493e-02,-1.709240003285138892e-02,-9.759594312200806782e-03,-8.852900512564007215e-03,-1.028822970459033689e-02,-7.549389329922818331e-03,-1.181781168433717472e-02
-9.274678395965530939e-03,-1.238338195569433677e-02,-1.320611551448820122e-02,-1.155151360097213600e-02,-1.713207446530984682e-02,-9.817615649737095745e-03,-8.813096021124818338e-03,-1.028242433775332712e-02,-7.643409677040607919e-03,-1.177568644849266190e-02
-9.362428413838250890e-03,-1.257240273219954220e-02,-1.330664425669452790e-02,-1.154876450671894761e-02,-1.716749895534730105e-02,-9.821214151250532917e-03,-8.837853822941972928e-03,-1.032975890464989631e-02,-7.631712608048892184e-03,-1.176988108165565212e-02
-9.322623922399062013e-03,-1.272648186783364652e-02,-1.312802798492121448e-02,-1.166989520884434590e-02,-1.717983103591881611e-02,-9.889310395551629759e-03,-8.687559585688283542e-03,-1.037504787852225330e-02,-7.671387040507350943e-03,-1.170108841866589026e-02
-9.178751789709208367e-03,-1.272686640088348427e-02,-1.314394583160706856e-02,-1.167679116276684748e-02,-1.719152151667900988e-02,-9.672693338864302506e-03,-8.734894152584852731e-03,-1.035502673148324879e-02,-7.706811530544806915e-03,-1.166128392722670139e-02
-9.240614224792375112e-03,-1.274418961322707454e-02,-1.330704926760629438e-02,-1.165947947578102953e-02,-1.708258884675158823e-02,-9.826772474498406823e-03,-8.741790106507354302e-03,-1.033129283054835638e-02,-7.638018867555045055e-03,-1.170984990142030259e-02
-9.230407411710021479e-03,-1.288919609549956345e-02,-1.322851321340954428e-02,-1.167181155635254632e-02,-1.700995367322632318e-02,-9.643287861927453408e-03,-8.643469589908265444e-03,-1.048537196618246070e-02,-7.616867177375882467e-03,-1.171023443447014034e-02
-9.257695610394070171e-03,-1.302609688324076441e-02,-1.346111176764283948e-02,-1.182589069198665063e-02,-1.711048241543264986e-02,-9.603483370488264531e-03,-8.631772520916548841e-03,-1.062199424605998754e-02,-7.620465678889320506e-03,-1.197020202921750438e-02
-9.358224352600396853e-03,-1.295917689241602583e-02,-1.335217909771541957e-02,-1.194751793376874413e-02,-1.723210965721474336e-02,-9.665345805571431276e-03,-8.490593861908790271e-03,-1.064928244474403624e-02,-7.400287043357657059e-03,-1.189756685569223933e-02
-9.334490451665504451e-03,-1.307289722418495878e-02,-1.333486741072960162e-02,-1.183306837942382957e-02,-1.719230516577555448e-02,-9.625541314132242399e-03,-8.487844767655600142e-03,-1.074981118695036292e-02,-7.471604305452535406e-03,-1.191132158240618653e-02
-9.318683671935853660e-03,-1.326191800069016422e-02,-1.334862213744354882e-02,-1.198714751505793388e-02,-1.712351250278579262e-02,-9.702433813972687754e-03,-8.476147698663883540e-03,-1.090389032258446723e-02,-7.691685457187822511e-03,-1.197941782670728338e-02
-9.247986226650340563e-03,-1.326375328369592058e-02,-1.316513752487259541e-02,-1.196983582807211594e-02,-1.708532188667128901e-02,-9.712714013783863704e-03,-8.379968646457061285e-03,-1.103274117388968606e-02,-7.709008669531412783e-03,-1.197666873245409325e-02
-9.149665710051251705e-03,-1.324794650396626979e-02,-1.320607827288864007e-02,-1.200951026053057383e-02,-1.708403483516487617e-02,-9.616534961577041449e-03,-8.374163279620051512e-03,-1.114705771050853757e-02,-7.736296868215461475e-03,-1.213074786808819756e-02
-9.153264211564688876e-03,-1.322943649235741939e-02,-1.319729114845540237e-02,-1.216358939616467814e-02,-1.707524771073163847e-02,-9.761691801515716069e-03,-8.431027646668337594e-03,-1.122972286150964068e-02,-7.663661694690196424e-03,-1.209094337664900869e-02
-9.080629038039423825e-03,-1.318731125651290657e-02,-1.312849848546564051e-02,-1.209851077506209766e-02,-1.704499019708747773e-02,-9.801366233974173961e-03,-8.391223155229148717e-03,-1.131924088037127366e-02,-7.736026162114546627e-03,-1.221979422795422751e-02
-9.076296022311084594e-03,-1.318150588967589680e-02,-1.309030786935113690e-02,-1.202386428041456352e-02,-1.715930673370633097e-02,-9.724753274754211613e-03,-8.318587981703883666e-03,-1.136780685456487486e-02,-7.724329093122830892e-03,-1.217928440991216006e-02
-9.007503359321322733e-03,-1.311823811659205800e-02,-1.318432821646892648e-02,-1.213115340644947866e-02,-1.720024748172237564e-02,-9.776777487966795827e-03,-8.135103369132930251e-03,-1.143373627709221366e-02,-7.776353306335415973e-03,-1.199579979734120665e-02
-9.065524696857611697e-03,-1.320688407857992935e-02,-1.312106044338508769e-02,-1.219301584153264541e-02,-1.735432661735647822e-02,-9.635598828959037257e-03,-8.146793849893122288e-03,-1.145333922198064035e-02,-7.890669842954268348e-03,-1.200813187791272343e-02
-9.053827627865895095e-03,-1.314539738672063258e-02,-1.312795639730758926e-02,-1.225894526405998421e-02,-1.746161574339139336e-02,-9.574112137099740488e-03,-8.189582329571775191e-03,-1.144455209754740264e-02,-7.760870664170669425e-03,-1.205546644480929262e-02
-9.086445351667919029e-03,-1.306878442750067024e-02,-1.302524061676079738e-02,-1.226398217240102020e-02,-1.742181125195220448e-02,-9.562415068108023886e-03,-8.082933795234732710e-03,-1.155827242931633386e-02,-7.882497905952762923e-03,-1.212783091223364369e-02
-9.215296202973137854e-03,-1.318310096411952174e-02,-1.301354354776908251e-02,-1.219518950941125834e-02,-1.742219578500204050e-02,-9.559665973854835491e-03,-8.219834582975933668e-03,-1.130300675353575202e-02,-8.036577041586867240e-03,-1.208343543817314882e-02
-9.146503539983375994e-03,-1.316856319115702542e-02,-1.302946139445493659e-02,-1.226650677150613669e-02,-1.732387526840295164e-02,-9.490873310865073631e-03,-8.286860903843142750e-03,-1.149146960247594135e-02,-8.016555894547862729e-03,-1.204131020232863600e-02
-9.223396039823823084e-03,-1.315275641142737463e-02,-1.303974159426611254e-02,-1.224535508132697410e-02,-1.747795440403705422e-02,-9.538207877761642819e-03,-8.144385094028499042e-03,-1.158011556446381270e-02,-8.037545432334475617e-03,-1.196666370768110187e-02
-9.266184519502475986e-03,-1.310836093736687975e-02,-1.306313317427725169e-02,-1.230833266298671062e-02,-1.757848314624338090e-02,-9.435492097214850937e-03,-8.191719660925068230e-03,-1.154031107302462382e-02,-8.159172674116569116e-03,-1.199796121472643425e-02
-9.313519086399045174e-03,-1.319611095523959970e-02,-1.319158369364554009e-02,-1.213788968387431721e-02,-1.761942389425942557e-02,-9.492356464263137020e-03,-8.411800812660354468e-03,-1.155991401791305051e-02,-8.183930475933723706e-03,-1.201029329529795103e-02
-9.344816593444377553e-03,-1.301488283740387907e-02,-1.333688598883267518e-02,-1.206525451034905216e-02,-1.767144810747200978e-02,-9.537645438135494008e-03,-8.452741560676399132e-03,-1.141604188522319686e-02,-8.144125984494534828e-03,-1.197048880385876216e-02
-9.432566611317097505e-03,-1.310263285527659902e-02,-1.332234821587017712e-02,-1.210930745230728509e-02,-1.767016105596559694e-02,-9.511386802207354510e-03,-8.321864310639947790e-03,-1.144733939226852924e-02,-8.144510517544372580e-03,-1.212456793949286647e-02
-9.533095353523424187e-03,-1.312992105396064771e-02,-1.348530287947516566e-02,-1.196812879329952652e-02,-1.759752588244033189e-02,-9.525141528921301712e-03,-8.339187522983538062e-03,-1.145566028873403440e-02,-8.127198830558554632e-03,-1.226972477943154109e-02
-9.541416249988929343e-03,-1.305922360867513288e-02,-1.349763496004668245e-02,-1.186762969319508053e-02,-1.768527590031305011e-02,-9.422425748374509830e-03,-8.160571251210224641e-03,-1.134839276957803032e-02,-8.248826072340648130e-03,-1.234104204152641944e-02
-9.669866769357217742e-03,-1.303143902902900199e-02,-1.342884229705692059e-02,-1.201263617546756944e-02,-1.761264072678778506e-02,-9.493743010469388177e-03,-8.174325977924171843e-03,-1.137178434958916948e-02,-8.297392046534249332e-03,-1.241793454136686653e-02
-9.681557250117409780e-03,-1.308346324224158620e-02,-1.342755524555050775e-02,-1.190370350554014953e-02,-1.783272187852307303e-02,-9.497341511982825349e-03,-8.221660544820741032e-03,-1.129914917606390443e-02,-8.304288000456750904e-03,-1.237580930552235371e-02
-9.782085992323736462e-03,-1.304365875080239733e-02,-1.343988732612202454e-02,-1.194042232011243050e-02,-1.795434912030516653e-02,-9.473607611047932947e-03,-8.315680891938530619e-03,-1.125934468462471555e-02,-8.203788900352304916e-03,-1.237147628979401448e-02
-9.853403254418614809e-03,-1.315737908257132854e-02,-1.342408054639237375e-02,-1.191016480646827150e-02,-1.815816687733375415e-02,-9.322143919712833418e-03,-8.452303171816057462e-03,-1.129196240842673948e-02,-8.134996237362543056e-03,-1.234369171014788359e-02
-9.896191734097267712e-03,-1.332048251857055436e-02,-1.338427605495318487e-02,-1.183551831182073737e-02,-1.819784130979221204e-02,-9.327180828053869416e-03,-8.475694751827196616e-03,-1.118140268313742684e-02,-8.123299168370828188e-03,-1.224961794772408061e-02
-1.009280453044756297e-02,-1.347456165420465868e-02,-1.353835519058728919e-02,-1.190788277924508844e-02,-1.815733149175014632e-02,-9.422027306812318093e-03,-8.496684289613809504e-03,-1.115114516949326784e-02,-7.974495346039155511e-03,-1.227437574954123520e-02
-1.009005543619437284e-02,-1.340386420891914385e-02,-1.368336167285977810e-02,-1.190971806225084480e-02,-1.820262046562250158e-02,-9.317055736252794276e-03,-8.597213031820136186e-03,-1.114235804506003014e-02,-8.005792853084487889e-03,-1.220174057601597015e-02
-1.022695622393557380e-02,-1.333316676363362902e-02,-1.369569375343129489e-02,-1.190093093781760709e-02,-1.833107098499078824e-02,-9.320654237766231448e-03,-8.490564497483093706e-03,-1.113357092062679243e-02,-8.020941919890335961e-03,-1.223435829981799408e-02
-1.012645712383112781e-02,-1.343976809244833148e-02,-1.384977288906539920e-02,-1.205501007345171141e-02,-1.825642449034325585e-02,-9.404254537653405216e-03,-8.450760006043904829e-03,-1.124788745724564394e-02,-8.063730399568988863e-03,-1.216164491975275236e-02
-1.028053625946523213e-02,-1.341974694540932697e-02,-1.388107039611073158e-02,-1.207976787526886600e-02,-1.834417450821597406e-02,-9.443928970111863108e-03,-8.604839141678009146e-03,-1.133653341923351529e-02,-8.023925908129799986e-03,-1.222350735483591910e-02
-1.014715200739792385e-02,-1.349106420750420532e-02,-1.407768319246102684e-02,-1.212833384946246720e-02,-1.823690698905996999e-02,-9.426617283126045160e-03,-8.641557956250290121e-03,-1.138182239310587228e-02,-7.953228462844286889e-03,-1.223942520152177318e-02
-1.015948408796944064e-02,-1.353073863996266321e-02,-1.410497139114507553e-02,-1.222961297251536072e-02,-1.830393330992717907e-02,-9.350004323906082812e-03,-8.599432720405777303e-03,-1.149554272487480350e-02,-8.048074941602735566e-03,-1.222211351453595524e-02
-1.023637658780988599e-02,-1.358276285317524743e-02,-1.403989277004249504e-02,-1.208574083982550708e-02,-1.832125652227076934e-02,-9.324748808645796916e-03,-8.569175206761618299e-03,-1.151146057156065758e-02,-7.979282278612973706e-03,-1.221630814769894546e-02
-1.039045572344399031e-02,-1.363962722022353351e-02,-1.411678526988294213e-02,-1.208612537287534483e-02,-1.847533565790487192e-02,-9.352037007329845608e-03,-8.610115954777662964e-03,-1.174293005395449577e-02,-8.210751761006811894e-03,-1.227317251474723155e-02
-1.037043457640498580e-02,-1.378463370249602242e-02,-1.426179175215543105e-02,-1.190102063611150028e-02,-1.848037256624590965e-02,-9.286958386227265119e-03,-8.539418509492149867e-03,-1.176025326629808604e-02,-8.332379002788905392e-03,-1.242725165038133586e-02
-1.051559141634366042e-02,-1.374644308638151881e-02,-1.424725397919293299e-02,-1.210483839314008964e-02,-1.841710479316207086e-02,-9.256700872583106116e-03,-8.640697632545043388e-03,-1.165360473196104356e-02,-8.259743829263640341e-03,-1.241421184033806788e-02
-1.054034921816081501e-02,-1.378186757641897478e-02,-1.410872026097249356e-02,-1.210987530148112737e-02,-1.841581774165565802e-02,-9.370421204352039068e-03,-8.728447650417763340e-03,-1.164779936512403379e-02,-8.187108655738375290e-03,-1.250196185821078783e-02
-1.043763343761402312e-02,-1.384996382072007162e-02,-1.410291489413548378e-02,-1.219254045248223048e-02,-1.857892117765488557e-02,-9.360214391269685436e-03,-8.705779269333113399e-03,-1.169185230708226671e-02,-8.350063319343363835e-03,-1.265604099384489215e-02
-1.044452939153652470e-02,-1.388126132776540400e-02,-1.419066491200820374e-02,-1.217251930544322597e-02,-1.856588136761161759e-02,-9.437106891110130791e-03,-8.894800045838318833e-03,-1.164745683302177183e-02,-8.426955819183810925e-03,-1.269275980841717312e-02
-1.066461054327181093e-02,-1.380862615424013895e-02,-1.420235539276839577e-02,-1.203004349562858226e-02,-1.860130585764907182e-02,-9.372028270007550302e-03,-8.934474478296776725e-03,-1.174798557522809851e-02,-8.384830583339298107e-03,-1.288937260476746838e-02
-1.071783040365522667e-02,-1.393707667360842735e-02,-1.414434445978579764e-02,-1.201700368558531427e-02,-1.872975637701735849e-02,-9.264760750851546225e-03,-8.949623545102624797e-03,-1.164071805607209444e-02,-8.270381028994383543e-03,-1.282057994177770652e-02
-1.065456263057138787e-02,-1.379320454091857370e-02,-1.437193798348721137e-02,-1.215362596546284112e-02,-1.863143586041826963e-02,-9.288152330862685380e-03,-8.946874450849434668e-03,-1.170258049115526118e-02,-8.232190412879879932e-03,-1.278077545033851764e-02
-1.054729511141538380e-02,-1.378016473087530572e-02,-1.429930280996194632e-02,-1.220565017867542533e-02,-1.867422434009692253e-02,-9.366038235201499043e-03,-8.978171957894767047e-03,-1.162994531762999613e-02,-8.395293848879105750e-03,-1.284375303199825416e-02
-1.059586108560898500e-02,-1.393424386650941003e-02,-1.429655371570875619e-02,-1.218039466341513943e-02,-1.873608677518008928e-02,-9.397335742246831422e-03,-9.092488494513618555e-03,-1.188326020207616796e-02,-8.477958999880208860e-03,-1.292064553183869952e-02
-1.052322591208371995e-02,-1.396554137355474241e-02,-1.455129666399007302e-02,-1.231701694329266628e-02,-1.869628228374090040e-02,-9.324700568721566371e-03,-9.144512707726202769e-03,-1.198453932512906148e-02,-8.301528673707087372e-03,-1.299300999926305059e-02
-1.052361044513355770e-02,-1.411054785582723133e-02,-1.445511761178325076e-02,-1.234963466709469021e-02,-1.867254838280600626e-02,-9.299445053461280475e-03,-9.251801833761117907e-03,-1.206720447613016459e-02,-8.194880139370044891e-03,-1.325150974581901578e-02
-1.052720894664699487e-02,-1.429901070476742066e-02,-1.447850919179438992e-02,-1.242652716693513557e-02,-1.865252723576700175e-02,-9.488465829966485909e-03,-9.181104388475604811e-03,-1.204094584020202509e-02,-8.251744506418330974e-03,-1.330953108335530474e-02
-1.062848806969988839e-02,-1.437689660910623432e-02,-1.459963989391978821e-02,-1.238601734889306812e-02,-1.866844508245285583e-02,-9.642544965600590226e-03,-9.384922145504194166e-03,-1.202640806723952877e-02,-8.137294952073416410e-03,-1.350614387970560000e-02
-1.069035050478305514e-02,-1.444926107653058539e-02,-1.445846123491202964e-02,-1.237581053581071448e-02,-1.871123356213150873e-02,-9.779167245478117068e-03,-9.441786512552480248e-03,-1.188522940823177020e-02,-8.291374087707520726e-03,-1.364304466744680096e-02
-1.062343051395831656e-02,-1.442810938635142280e-02,-1.452143881657176616e-02,-1.244817500323506555e-02,-1.875856812902807966e-02,-9.924173727750605981e-03,-9.696529460833797076e-03,-1.170572116572331754e-02,-8.157989835640212448e-03,-1.370106600498308992e-02
-1.060340936691931205e-02,-1.435547421282615775e-02,-1.467551795220587048e-02,-1.240998438712056194e-02,-1.882449755155541846e-02,-9.882048491906093163e-03,-9.762458883361135875e-03,-1.152621292321486489e-02,-8.385583359341626172e-03,-1.351596126821924537e-02
-1.079187221585950138e-02,-1.434377714383444288e-02,-1.465436626202670789e-02,-1.234849769526126517e-02,-1.875178417149017673e-02,-9.982577234112419845e-03,-9.791091219803066403e-03,-1.145357774968959984e-02,-8.312948185816361121e-03,-1.358405751252034221e-02
-1.093687869813199029e-02,-1.430397265239525401e-02,-1.447574999025339620e-02,-1.230869320382207630e-02,-1.868299150850041487e-02,-1.007659758123020943e-02,-9.878841237675786355e-03,-1.133912819534468527e-02,-8.344245692861693500e-03,-1.364591994760350896e-02
-1.105059902990092324e-02,-1.453544213478909219e-02,-1.441248221716955741e-02,-1.242241353559100925e-02,-1.885434935992395811e-02,-1.015448348556902310e-02,-9.893990304481634426e-03,-1.136641639402873397e-02,-8.339912677133354268e-03,-1.363713282317027126e-02
-1.120467816553502756e-02,-1.454919686150303940e-02,-1.455748869944204632e-02,-1.231514601643500517e-02,-1.875385025981951212e-02,-1.019853642752725602e-02,-9.947210164865050164e-03,-1.139903411783075790e-02,-8.276644904049515472e-03,-1.359273734910977638e-02
-1.132580886766042585e-02,-1.467804771280825822e-02,-1.454017701245622837e-02,-1.250360886537519450e-02,-1.883074275965995747e-02,-1.020881662733843197e-02,-1.010128930049915448e-02,-1.150031324088365142e-02,-8.234519668205002654e-03,-1.381281850084506262e-02
-1.133749934842061789e-02,-1.489812886454354446e-02,-1.455393173917017557e-02,-1.249482174094195680e-02,-1.890862866399876940e-02,-1.023220820734957112e-02,-9.986839746154239916e-03,-1.152894557732558195e-02,-8.093341009197244085e-03,-1.379166681066590003e-02
-1.140342877094795669e-02,-1.491404671122939854e-02,-1.460249771336377678e-02,-1.265792517694118262e-02,-1.883398216935123701e-02,-1.013170910724512513e-02,-1.021333426252357506e-02,-1.139300957451898355e-02,-8.063083495553085081e-03,-1.382838562523818100e-02
-1.149117878882067664e-02,-1.491908361957043627e-02,-1.462725551518093137e-02,-1.271478954398946870e-02,-1.865536589757792532e-02,-1.011866929720185715e-02,-1.018307674887941605e-02,-1.146110581882008039e-02,-8.283164647288371318e-03,-1.383342253357921700e-02
-1.156249605091555499e-02,-1.503280395133936923e-02,-1.474838621730632966e-02,-1.281531828619579538e-02,-1.862910726164978756e-02,-1.015538811177413812e-02,-1.011615675805467747e-02,-1.147625488562592846e-02,-8.437243782922475635e-03,-1.380716389765107750e-02
-1.154795827795305693e-02,-1.510969645117981458e-02,-1.475866641711750561e-02,-1.296939742182989970e-02,-1.878318639728389014e-02,-1.026970464839298963e-02,-1.027023589368878179e-02,-1.155414078996474213e-02,-8.409459203276344746e-03,-1.381076239916451467e-02
-1.144069075879705286e-02,-1.519236160218091769e-02,-1.474412864415500929e-02,-1.286212990267389562e-02,-1.868486588068480128e-02,-1.013117093017255020e-02,-1.019558939904124766e-02,-1.161600322504790887e-02,-8.642057757509639948e-03,-1.370411386482747219e-02
-1.130215704057661343e-02,-1.519925755610341926e-02,-1.475440884396618524e-02,-1.300743219786103071e-02,-1.861223070715953623e-02,-1.016378865397457414e-02,-1.018978403220423788e-02,-1.165694397306395354e-02,-8.724722908510743058e-03,-1.364262717296817543e-02
-1.128484535359079548e-02,-1.523893198856187715e-02,-1.483707399496728835e-02,-1.309518221573375066e-02,-1.858444612751340361e-02,-1.017754338068852134e-02,-1.018099690777100018e-02,-1.163843396145510314e-02,-8.684918417071554181e-03,-1.363532178496065783e-02
-1.133806521397421121e-02,-1.524725288502738231e-02,-1.496552451433557675e-02,-1.309556674878358841e-02,-1.867846647463119319e-02,-1.014975880104239045e-02,-1.013887167192648736e-02,-1.175956466358050144e-02,-8.664897270032549670e-03,-1.356268661143539278e-02
-1.144535434000912635e-02,-1.529927709823996652e-02,-1.511960364996968106e-02,-1.324964588441769273e-02,-1.853459434194133781e-02,-1.025704792707730559e-02,-1.013925620497632511e-02,-1.177548251026635552e-02,-8.708950211990782592e-03,-1.353490203178926189e-02
-1.151238066087633544e-02,-1.526901958459580752e-02,-1.528270708596890688e-02,-1.321145526830318911e-02,-1.827525541644074367e-02,-1.024535085808558899e-02,-1.022877422383795809e-02,-1.173335727442184270e-02,-8.853956694263271504e-03,-1.359176639883754797e-02
-1.143974548735107039e-02,-1.528634279693939779e-02,-1.524290259452971801e-02,-1.319564848857353832e-02,-1.829257862878433394e-02,-1.017843086726085040e-02,-1.026139194763998203e-02,-1.163285817431739672e-02,-8.858993602604309237e-03,-1.348449887968154390e-02
-1.130636123528376211e-02,-1.527755567250616009e-02,-1.517026742100445295e-02,-1.338466926507874376e-02,-1.825438801266983033e-02,-1.019012134802104244e-02,-1.021639230904928392e-02,-1.156216072903188188e-02,-8.786280222539067514e-03,-1.347280181068982730e-02
-1.109948872966949260e-02,-1.530885317955149247e-02,-1.523212985608761970e-02,-1.339299016154424891e-02,-1.840846714830393291e-02,-1.008514977746151862e-02,-1.017820169293478030e-02,-1.157948394137547216e-02,-8.713645049013802463e-03,-1.353082314822611626e-02
-1.118215388067059571e-02,-1.523621800602622742e-02,-1.512715828552809588e-02,-1.339024106729105879e-02,-1.826993343008349174e-02,-9.984650677357072637e-03,-1.033228082856888462e-02,-1.156644413133220417e-02,-8.685860469367671574e-03,-1.353265843123187262e-02
-1.126990389854331566e-02,-1.527164249606368339e-02,-1.505251179088056175e-02,-1.338895401578464595e-02,-1.829092296787010463e-02,-1.001594818440240502e-02,-1.031496914158306667e-02,-1.152825351521770056e-02,-8.541988336677817928e-03,-1.342539091207586854e-02
-1.124211931889718477e-02,-1.534295975815856174e-02,-1.497782706145906785e-02,-1.340487186247050003e-02,-1.830684081455595871e-02,-1.012966851617133623e-02,-1.037794672324280319e-02,-1.154417136190355464e-02,-8.671227205069471922e-03,-1.361441168858107398e-02
-1.120231482745799589e-02,-1.543070977603128169e-02,-1.502516162835563704e-02,-1.336436204442843258e-02,-1.826703632311676984e-02,-1.017372145812956916e-02,-1.039386456992865727e-02,-1.147153618837828959e-02,-8.719793179263073124e-03,-1.365846463053930690e-02
-1.117453024781186501e-02,-1.543109430908111944e-02,-1.509647889045051539e-02,-1.342122641147671866e-02,-1.816653722301232385e-02,-1.010864283702698867e-02,-1.040901363673450535e-02,-1.156018215036616094e-02,-8.612525660107069048e-03,-1.358776718525379207e-02
-1.109988375316433087e-02,-1.553905158665475766e-02,-1.514850310366309960e-02,-1.340120526443771415e-02,-1.818992880302346474e-02,-1.010283747018997889e-02,-1.034393501563192486e-02,-1.158357373037730009e-02,-8.427420923343224499e-03,-1.360009926582530886e-02
-1.096900650312787953e-02,-1.553630249240156927e-02,-1.515878330347427555e-02,-1.346306769952088089e-02,-1.819496571136450247e-02,-1.023128798955826729e-02,-1.040579745071509160e-02,-1.164543616546046684e-02,-8.426133871836811659e-03,-1.363552375586276483e-02
-1.099239808313901869e-02,-1.568130897467405818e-02,-1.518217488348541470e-02,-1.339237025423536606e-02,-1.808999414080497692e-02,-1.013510893735144504e-02,-1.045108642458744859e-02,-1.168637691347651150e-02,-8.527412994889705181e-03,-1.363735903886852119e-02
-1.088513056398301461e-02,-1.566677120171156012e-02,-1.514237039204622583e-02,-1.335256576279617718e-02,-1.795146042258453575e-02,-1.010985342209115914e-02,-1.035490737238062633e-02,-1.184045604911061582e-02,-8.634702120924620319e-03,-1.379143817450262550e-02
-1.091241876266706330e-02,-1.578049153348049308e-02,-1.515265059185740178e-02,-1.348101628216446558e-02,-1.788454043175979544e-02,-9.931237150317847456e-03,-1.040224193927719552e-02,-1.189732041615890190e-02,-8.735981243977513841e-03,-1.382273568154795788e-02
-1.073291052015861065e-02,-1.566993180819118217e-02,-1.517993879054145047e-02,-1.363509541779856990e-02,-1.787575330732655773e-02,-1.009434058631707327e-02,-1.031804046156372182e-02,-1.182460703609366018e-02,-8.836509986183840523e-03,-1.365133901596887051e-02
-1.066964274707477185e-02,-1.555937208290186953e-02,-1.529365912231038169e-02,-1.372284543567128985e-02,-1.790304150601060643e-02,-1.014756044670048901e-02,-1.033037254213523860e-02,-1.171963546553413636e-02,-8.844830882649345680e-03,-1.357092181456035634e-02
-1.071697731397134104e-02,-1.558276366291300868e-02,-1.522102394878511664e-02,-1.381059545354400980e-02,-1.768991826072695978e-02,-1.014794497975032676e-02,-1.030663864120034620e-02,-1.173923841042256305e-02,-8.865820420435958568e-03,-1.362414167494377208e-02
-1.076431188086791023e-02,-1.564869308544034748e-02,-1.525364167258714057e-02,-1.371009635343956382e-02,-1.775178069581012652e-02,-1.023569499762304671e-02,-1.042035897296927915e-02,-1.170898089677840405e-02,-8.901244910473414540e-03,-1.362597695794952844e-02
-1.068966538622037610e-02,-1.570071729865293170e-02,-1.521545105647263696e-02,-1.367029186200037494e-02,-1.790585983144422910e-02,-1.035001153424189822e-02,-1.044899130941120968e-02,-1.172858384166683074e-02,-8.875989395213128644e-03,-1.365326515663357713e-02
-1.068691629196718770e-02,-1.560239678205384284e-02,-1.517267210031495762e-02,-1.364003434835621593e-02,-1.786373459559971455e-02,-1.028674376115805943e-02,-1.035067079281212082e-02,-1.159005012344639131e-02,-8.867202270779890941e-03,-1.369731809859181006e-02
-1.078744503417351439e-02,-1.564518526173249574e-02,-1.516536671230744003e-02,-1.371135161045109428e-02,-1.800874107787220346e-02,-1.043190060109673405e-02,-1.024340327365611675e-02,-1.148278260429038723e-02,-8.796504825494377844e-03,-1.367105946266367056e-02
-1.081473323285756308e-02,-1.565208121565499905e-02,-1.520815519198609293e-02,-1.373474319046223344e-02,-1.783012480609889178e-02,-1.042020353210501918e-02,-1.027203561009804728e-02,-1.140813610964285310e-02,-8.833223640066658819e-03,-1.375970542465154191e-02
-1.063124862028660966e-02,-1.562182370201084004e-02,-1.498365944922737912e-02,-1.371743150347641549e-02,-1.781842773710717517e-02,-1.045150103915035156e-02,-1.035978562797076723e-02,-1.152185644141178605e-02,-8.978230122339147731e-03,-1.386630675346624438e-02
-1.071989458227448101e-02,-1.575027422137912844e-02,-1.500705102923851827e-02,-1.358518491581223002e-02,-1.782202623862061408e-02,-1.050836540619863764e-02,-1.033863393779160464e-02,-1.156153087387024395e-02,-9.001621702350286885e-03,-1.388362996580983465e-02
-1.078287216393421753e-02,-1.577126375916574133e-02,-1.516113016487262259e-02,-1.344131278312237637e-02,-1.774939106509534903e-02,-1.050561631194544751e-02,-1.020524968572429636e-02,-1.168998139323853235e-02,-8.898905921803495003e-03,-1.389738469252378185e-02
-1.071217471864870444e-02,-1.577815971308824117e-02,-1.516296544787837895e-02,-1.331043553308592503e-02,-1.776314579180929623e-02,-1.028543767641378406e-02,-1.017999417046401046e-02,-1.184406052887263666e-02,-9.020533163585588501e-03,-1.382859202953401999e-02
-1.071255925169854219e-02,-1.567983919648915231e-02,-1.523985794771882604e-02,-1.332635337977177911e-02,-1.769244834652378140e-02,-1.038671679946667759e-02,-1.010735899693874541e-02,-1.177142535534737161e-02,-8.906083609240673937e-03,-1.386120975333604392e-02
-1.070235243861618855e-02,-1.563932937844708659e-02,-1.510898069768237470e-02,-1.332995188128521628e-02,-1.780616867829271435e-02,-1.059053455649526694e-02,-1.011095749845218258e-02,-1.159801626265005194e-02,-8.945758041699131830e-03,-1.386810570725854549e-02
-1.062971726509092350e-02,-1.565101985920728037e-02,-1.501490693525857172e-02,-1.348403101691932060e-02,-1.805948356273888791e-02,-1.059413305800870411e-02,-1.003824411838694086e-02,-1.164330523652240892e-02,-8.838490522543127753e-03,-1.389940321430387787e-02
-1.074343759685985472e-02,-1.573876987707999858e-02,-1.516006377519724634e-02,-1.353725087730273634e-02,-1.801735832689437336e-02,-1.063692153768735701e-02,-9.930976599230936785e-03,-1.165020119044491050e-02,-8.879431270559172418e-03,-1.372078694253056619e-02
-1.089751673249395904e-02,-1.566613470355473353e-02,-1.505734799465045445e-02,-1.365838157942813463e-02,-1.790842565696695171e-02,-1.072643955654898999e-02,-9.832656082631847927e-03,-1.164586817471657126e-02,-9.068452047064377852e-03,-1.364614044788303206e-02
-1.082287023784642491e-02,-1.578776194533682703e-02,-1.498471282112518940e-02,-1.371040579264071885e-02,-1.800244600408474130e-02,-1.073877163712050678e-02,-9.876709024590080849e-03,-1.161808359507044038e-02,-9.175053375879080320e-03,-1.357350527435776701e-02
-1.078074500200191209e-02,-1.571114898611686295e-02,-1.488853376891836715e-02,-1.364161312965095699e-02,-1.778226736855307785e-02,-1.089285077275461110e-02,-9.691604287826236300e-03,-1.166664956926404158e-02,-9.276332498931973841e-03,-1.371851175663025592e-02
-1.083876633953820105e-02,-1.572283946687705672e-02,-1.512694895452011516e-02,-1.357282046666119513e-02,-1.776772959559057979e-02,-1.088406364832137339e-02,-9.550425628818477730e-03,-1.169004114927518073e-02,-9.096824256423521188e-03,-1.387259089226436024e-02
-1.082572652949493307e-02,-1.572467474988281308e-02,-1.514286680120596924e-02,-1.363084180419748409e-02,-1.782094945597399380e-02,-1.066388501278970995e-02,-9.564180355532424932e-03,-1.161740597574991568e-02,-9.250903392057625504e-03,-1.384885699132946783e-02
-1.094685723162033136e-02,-1.581242476775553130e-02,-1.507015342114072926e-02,-1.364112200400866004e-02,-1.785224696301932618e-02,-1.077820154940856145e-02,-9.591468554216473624e-03,-1.170515599362263563e-02,-9.180205946772112408e-03,-1.382107241168333694e-02
-1.087217250219883746e-02,-1.590727124651397997e-02,-1.508184390190092129e-02,-1.374841113004357518e-02,-1.799754925820646126e-02,-1.060479245671124178e-02,-9.518755174151231901e-03,-1.187651384504617887e-02,-9.334285082406216724e-03,-1.378126792024414807e-02
-1.086942340794564907e-02,-1.576609258750622314e-02,-1.519556423366985251e-02,-1.375024641304933154e-02,-1.801715220309488968e-02,-1.067288870101233862e-02,-9.446120000625966850e-03,-1.197053419216396845e-02,-9.429131561164665401e-03,-1.385258518233902642e-02
-1.102350254357975338e-02,-1.565553286221691223e-02,-1.516930559774171301e-02,-1.383291156405043465e-02,-1.797734771165570081e-02,-1.071567718069099152e-02,-9.493454567522536039e-03,-1.194274961251783757e-02,-9.516881579037385352e-03,-1.400666431797313073e-02
-1.119486039500329662e-02,-1.558483541693139740e-02,-1.503077187952127358e-02,-1.392242958291206763e-02,-1.801277220169315504e-02,-1.070689005625775382e-02,-9.426534576697797457e-03,-1.184442909591874871e-02,-9.560934520995618274e-03,-1.406468565550941970e-02
-1.120514059481447257e-02,-1.566172791677184276e-02,-1.507171262753731825e-02,-1.391073251392035276e-02,-1.816685133732725763e-02,-1.057095405345115716e-02,-9.319267057541793381e-03,-1.191145541678595779e-02,-9.661463263201944957e-03,-1.398807269628945735e-02
-1.113822060398973399e-02,-1.568511949678298364e-02,-1.500479263671257966e-02,-1.410668363939674395e-02,-1.819548367376918815e-02,-1.049630755880362303e-02,-9.340256595328406269e-03,-1.192737326347181187e-02,-9.732780525296823304e-03,-1.394826820485026847e-02
-1.126667112335802239e-02,-1.554394083777522508e-02,-1.499175282666931168e-02,-1.424330591927427080e-02,-1.808821615461318408e-02,-1.042561011351810993e-02,-9.371554102373738648e-03,-1.199869052556669022e-02,-9.822298544158456282e-03,-1.399560277174683766e-02
-1.123641360971386338e-02,-1.555422103758640102e-02,-1.505361526175247842e-02,-1.422749913954462000e-02,-1.802848150732599963e-02,-1.027799626660971452e-02,-9.437483524901077447e-03,-1.181520591299573680e-02,-9.829194498080957854e-03,-1.403965571370507058e-02
-1.129443494725015235e-02,-1.548542837459663916e-02,-1.506193615821798358e-02,-1.416057914871988142e-02,-1.812332798608444831e-02,-1.033121612699313026e-02,-9.417462377862072936e-03,-1.167133378030588316e-02,-9.916944515953677805e-03,-1.403235032569755299e-02
-1.133410937970861024e-02,-1.554229274164492525e-02,-1.509736064825543955e-02,-1.429747993646108238e-02,-1.802282888598000232e-02,-1.031119497995412575e-02,-9.424358331784574508e-03,-1.192607672858719998e-02,-9.985040760254774647e-03,-1.419545376169677880e-02
-1.123793032750178798e-02,-1.543732117108540143e-02,-1.509774518130527730e-02,-1.432223773827823697e-02,-1.799757337071971469e-02,-1.041915225752776397e-02,-9.417052943777056914e-03,-1.203267805740190245e-02,-1.007368672224264600e-02,-1.434953289733088312e-02
-1.129979276258495473e-02,-1.560013188801171423e-02,-1.496686793126882596e-02,-1.434699554009539156e-02,-1.789485759017292107e-02,-1.032297320532094172e-02,-9.338516889580306818e-03,-1.211534320840300556e-02,-1.008744144895659320e-02,-1.440275275771429886e-02
-1.135781410012124369e-02,-1.559282650000419664e-02,-1.489025497204886361e-02,-1.434424644584220143e-02,-1.805766830709923387e-02,-1.036702614727917464e-02,-9.422117189467480586e-03,-1.216267777529957475e-02,-1.015553769325769004e-02,-1.421926814514334544e-02
-1.134902697568800599e-02,-1.571445374178628840e-02,-1.503541181198753823e-02,-1.430444195440301255e-02,-1.813555421143804580e-02,-1.033924156763304375e-02,-9.379991953622967768e-03,-1.235169855180478019e-02,-1.017514063814611673e-02,-1.437334728077744976e-02
-1.153804775219321142e-02,-1.568819510585815064e-02,-1.509727424707070498e-02,-1.404510302890241667e-02,-1.828963334707214838e-02,-1.016062529585973206e-02,-9.201375681849654348e-03,-1.239903311870134937e-02,-1.023700307322928348e-02,-1.438362748058862571e-02
-1.143533197164641954e-02,-1.577594512373086885e-02,-1.514006272674935788e-02,-1.390123089621256303e-02,-1.844371248270625097e-02,-1.018161483364634495e-02,-9.022759410076342662e-03,-1.246201070036108589e-02,-1.025075779994323068e-02,-1.430701452136866336e-02
-1.152935231876420913e-02,-1.581999806568910177e-02,-1.501026354796575896e-02,-1.383053345092704819e-02,-1.837107730918098591e-02,-1.033569396928044927e-02,-8.926580357869520407e-03,-1.246072364885467305e-02,-1.025765375386573225e-02,-1.423236802672112923e-02
-1.159121475384737587e-02,-1.574535157104156938e-02,-1.507728986883296804e-02,-1.388739781797533428e-02,-1.834992561900182506e-02,-1.048085080921912389e-02,-8.920774991032510634e-03,-1.249202115590000543e-02,-1.039427603374325909e-02,-1.427204245917958712e-02
-1.160290523460756791e-02,-1.584663069409446290e-02,-1.512931408204555225e-02,-1.392411663254761525e-02,-1.850400475463592764e-02,-1.047206368478588619e-02,-8.986704413559849433e-03,-1.262864343577753228e-02,-1.059809379077184845e-02,-1.433006379671587609e-02
-1.168650553449473994e-02,-1.600070982972856548e-02,-1.516898851450401015e-02,-1.390957885958511719e-02,-1.843330730935041281e-02,-1.048798153147174027e-02,-9.048566848643016178e-03,-1.255600826225226722e-02,-1.061541700311543872e-02,-1.448414293234998040e-02
-1.160796948029798985e-02,-1.595858459388405093e-02,-1.522585288155229623e-02,-1.396160307279770141e-02,-1.853990863816511528e-02,-1.051661386791367080e-02,-9.060898929214532965e-03,-1.245982921004544497e-02,-1.054471955782992562e-02,-1.439006916992617742e-02
-1.162529269264158012e-02,-1.585131707472804685e-02,-1.538895631755152205e-02,-1.388691834337620751e-02,-1.854822953463062044e-02,-1.049930218092785285e-02,-8.986252434566998834e-03,-1.248322079005658412e-02,-1.061708402525427669e-02,-1.428280165077017334e-02
-1.164628223042819301e-02,-1.577868190120278180e-02,-1.536628793646687210e-02,-1.390424155571979778e-02,-1.827784338477073112e-02,-1.060725945850149107e-02,-8.974555365575283966e-03,-1.241442812706682226e-02,-1.078003868885926524e-02,-1.428318618382001109e-02
-1.176741293255359130e-02,-1.564529764913547352e-02,-1.532189246240637723e-02,-1.380592103912070892e-02,-1.839897408689613115e-02,-1.061753965831266702e-02,-8.994158310463710657e-03,-1.242470832687799821e-02,-1.067110601893184532e-02,-1.431580390762203503e-02
-1.179871043959892368e-02,-1.562004213387518763e-02,-1.538891878327358631e-02,-1.385121001299306591e-02,-1.848762004888400423e-02,-1.051027213915666295e-02,-9.122608829831999055e-03,-1.244431127176642490e-02,-1.064484738300370582e-02,-1.421530480751758904e-02
-1.184276338155715660e-02,-1.563379686058913309e-02,-1.528165126411758223e-02,-1.383270000138421552e-02,-1.867608289782419356e-02,-1.052055233896783890e-02,-9.179473196880285138e-03,-1.255803160353535786e-02,-1.066445032789213251e-02,-1.432326208509122727e-02
-1.196389408368255490e-02,-1.555337965918061893e-02,-1.527890216986439384e-02,-1.388472421459679973e-02,-1.856881537866818949e-02,-1.067463147460194321e-02,-9.231497410092869352e-03,-1.245306003297583404e-02,-1.058783736867217017e-02,-1.418987783302391899e-02
-1.206517320673544842e-02,-1.553335851214161442e-02,-1.533692350740068280e-02,-1.386470306755779522e-02,-1.846154785951218541e-02,-1.069054932128779729e-02,-9.353124651874962850e-03,-1.258151055234412244e-02,-1.059811756848334612e-02,-1.412108517003415713e-02
-1.210611395475149309e-02,-1.546072333861634937e-02,-1.523860299080159394e-02,-1.394736821855889833e-02,-1.841942262366767086e-02,-1.076186658338267564e-02,-9.340084841831694865e-03,-1.270313779412621594e-02,-1.063073529228537005e-02,-1.420883518790687708e-02
-1.210178093902315385e-02,-1.542091884717716049e-02,-1.524363989914263168e-02,-1.390756372711970945e-02,-1.856472491885480594e-02,-1.079316409042800802e-02,-9.352416922403211652e-03,-1.263434513113645408e-02,-1.061342360529955210e-02,-1.433768603921209590e-02
-1.211553566573710106e-02,-1.561753164352745575e-02,-1.539771903477673599e-02,-1.376241470319198613e-02,-1.849593225586504408e-02,-1.092978637030553486e-02,-9.287338301300631163e-03,-1.278842426677055839e-02,-1.064071180398360079e-02,-1.436898354625742828e-02
-1.223716290751919455e-02,-1.550538166405661042e-02,-1.525384690208688235e-02,-1.385106066517985748e-02,-1.852456459230697461e-02,-1.075117009853222144e-02,-9.212691806653097032e-03,-1.265248826396396173e-02,-1.057563318288102031e-02,-1.435317676652777749e-02
-1.224949498809071134e-02,-1.555860152444002616e-02,-1.539914919727401743e-02,-1.392795316502030284e-02,-1.864569529443237464e-02,-1.088002094983744027e-02,-9.202484993570743399e-03,-1.254751669340443791e-02,-1.055448149270185772e-02,-1.437049997887136776e-02
-1.229682955498728053e-02,-1.553081694479389527e-02,-1.548689921514673738e-02,-1.386287454391772235e-02,-1.862838360744655669e-02,-1.094595037236477907e-02,-9.231117330012673927e-03,-1.240633803439667934e-02,-1.059726997238051062e-02,-1.443642940139870656e-02
-1.211821328321396884e-02,-1.569392038079312282e-02,-1.549717941495791333e-02,-1.379408188092796049e-02,-1.861668653845484009e-02,-1.084323459181798718e-02,-9.262414837058006306e-03,-1.243895575819870328e-02,-1.071840067450590891e-02,-1.447610383385716445e-02
-1.204751583792845401e-02,-1.571867818261027741e-02,-1.565125855059201765e-02,-1.384730174131137623e-02,-1.866402110535141101e-02,-1.076858809717045305e-02,-9.279738049401596578e-03,-1.252162090919980639e-02,-1.080200097439308268e-02,-1.449202168054301854e-02
-1.202749469088944950e-02,-1.575835261506873530e-02,-1.574610502935046633e-02,-1.366868546953806454e-02,-1.860253441349211598e-02,-1.087654537474409128e-02,-9.341600484484763323e-03,-1.262822223801450885e-02,-1.082539255440422184e-02,-1.442132423525750370e-02
-1.207951890410203372e-02,-1.590350945500740992e-02,-1.573156725638796827e-02,-1.377597459557297968e-02,-1.858251326645311147e-02,-1.089993695475523043e-02,-9.234332965328759246e-03,-1.258841774657531998e-02,-1.086081704444167781e-02,-1.447334844847008792e-02
-1.201259891327729513e-02,-1.575836043107968487e-02,-1.562659568582844272e-02,-1.371270682248914088e-02,-1.854270877501392259e-02,-1.094398989671346335e-02,-9.388412100962863563e-03,-1.264044195978790419e-02,-1.087250752520186985e-02,-1.452068301536665711e-02
-1.215760539554978405e-02,-1.590336691335217378e-02,-1.560134017056815682e-02,-1.373003003483273116e-02,-1.858676171697215551e-02,-1.077259323113437597e-02,-9.429352848978908228e-03,-1.270341954144764071e-02,-1.095517267620297296e-02,-1.453800622771024738e-02
-1.217352324223563813e-02,-1.589756154651516401e-02,-1.563676466060561279e-02,-1.366311004400799257e-02,-1.847949419781615144e-02,-1.080801772117183195e-02,-9.285480716289054581e-03,-1.271717426816158791e-02,-1.091304744035846014e-02,-1.461589213204906104e-02
-1.230197376160392653e-02,-1.592885905356049639e-02,-1.569478599814190176e-02,-1.358846354936045844e-02,-1.853635856486443578e-02,-1.087394714369917074e-02,-9.329533658247287503e-03,-1.264248953874009401e-02,-1.079859788601354557e-02,-1.463180997873491512e-02
-1.222933858807866148e-02,-1.594618226590408666e-02,-1.562970737703931953e-02,-1.363251649131869137e-02,-1.852331875482116780e-02,-1.073276848469141218e-02,-9.458384509552506328e-03,-1.270841896126743281e-02,-1.079129249800602798e-02,-1.470312724082979347e-02
-1.220155400843253059e-02,-1.593448519691237006e-02,-1.555506088239178540e-02,-1.372736297007714004e-02,-1.862992008363587026e-02,-1.066013331116614712e-02,-9.572104841321437546e-03,-1.270880349431727056e-02,-1.084331671121861219e-02,-1.467787172556950757e-02
-1.217129649478837158e-02,-1.593486972996220608e-02,-1.556739296296330219e-02,-1.362464718953034816e-02,-1.856843339177657523e-02,-1.063234873152001624e-02,-9.709005629062638504e-03,-1.260153597516126649e-02,-1.093733705833640178e-02,-1.474380114809684637e-02
-1.218505122150231879e-02,-1.607177051770340703e-02,-1.570401524284082903e-02,-1.351967561897082434e-02,-1.871373568696371031e-02,-1.056165128623450314e-02,-9.724923475748492585e-03,-1.255491913369388354e-02,-1.100326648086374058e-02,-1.463653362894084230e-02
-1.208455212139787280e-02,-1.611455899738205993e-02,-1.572740682285196992e-02,-1.349700723788617440e-02,-1.879640083796481342e-02,-1.068278198835990143e-02,-9.832212601783407724e-03,-1.260225370059045273e-02,-1.099746111402673081e-02,-1.473138010769929097e-02
-1.216815242128504657e-02,-1.612483919719323588e-02,-1.570367292191707578e-02,-1.351433045022976467e-02,-1.882503317440674395e-02,-1.066974217831663345e-02,-9.960663121151696123e-03,-1.268491885159155584e-02,-1.093597442216743404e-02,-1.476809892227157195e-02
-1.222017663449763078e-02,-1.605604653420347402e-02,-1.556513920369663635e-02,-1.352666253080128146e-02,-1.885633068145207633e-02,-1.064448666305634755e-02,-9.900928473864511678e-03,-1.276181135143200293e-02,-1.091224052123254164e-02,-1.476534982801838355e-02
-1.211520506393810696e-02,-1.606837861477498908e-02,-1.562811678535637114e-02,-1.357988239118469720e-02,-1.905294347780237332e-02,-1.061923114779606166e-02,-9.972245735959390026e-03,-1.265454383227599885e-02,-1.091407580423829800e-02,-1.505909213239664882e-02
-1.197402640493034839e-02,-1.611694458896859028e-02,-1.563501273927887097e-02,-1.358820328765020236e-02,-1.918956575767990017e-02,-1.059807945761689907e-02,-1.016819686143578122e-02,-1.257985910285450495e-02,-1.085434115695111355e-02,-1.514861015125828179e-02
-1.203995582745768719e-02,-1.626210142890726490e-02,-1.556237756575360592e-02,-1.390093626452199027e-02,-1.918827870617348733e-02,-1.071179978938583202e-02,-1.016858139448561897e-02,-1.247092643292708504e-02,-1.088563866399644593e-02,-1.507791270597276870e-02
-1.217657810733521404e-02,-1.627238162871844085e-02,-1.558576914576474508e-02,-1.395780063157027635e-02,-1.921691104261541785e-02,-1.086587892501993634e-02,-1.009788394920010587e-02,-1.236595486236756122e-02,-1.090155651068230001e-02,-1.503972208985826509e-02
-1.221200259737267001e-02,-1.630780611875589509e-02,-1.551112265111721095e-02,-1.399451944614255733e-02,-1.919840103100656920e-02,-1.075861140586393226e-02,-1.011163867591405308e-02,-1.237427575883306638e-02,-1.096748593320963881e-02,-1.513456856861671376e-02
-1.230684907613111868e-02,-1.645310841394303017e-02,-1.556314686432979516e-02,-1.388395972085324469e-02,-1.935248016664067178e-02,-1.091269054149803658e-02,-1.021892780194896821e-02,-1.240290809527499691e-02,-1.098708887809806550e-02,-1.506193339509144871e-02
-1.228953738914530074e-02,-1.646000436786553001e-02,-1.559444437137512754e-02,-1.384415522941405581e-02,-1.949748664891316069e-02,-1.103382124362343487e-02,-1.021014067751573051e-02,-1.240329262832483466e-02,-1.109504615567170373e-02,-1.505314627065821101e-02
-1.232215511294732467e-02,-1.632912711782907866e-02,-1.552180919784986249e-02,-1.378088745633021701e-02,-1.952087822892430158e-02,-1.099401675218424600e-02,-1.007420467470913211e-02,-1.238748584859518387e-02,-1.098777863651569965e-02,-1.498622627983347243e-02
-1.230634833321767388e-02,-1.641272741771625243e-02,-1.537793706516000884e-02,-1.388748878514491948e-02,-1.953256870968449535e-02,-1.101361969707267269e-02,-1.021110546245033307e-02,-1.245985031601953494e-02,-1.088945811991661253e-02,-1.506889143083457554e-02
-1.212773206144436219e-02,-1.633808092306872004e-02,-1.539385491184586292e-02,-1.398150913226270907e-02,-1.952087164069277875e-02,-1.094098452354740764e-02,-1.014783768936649427e-02,-1.246344881753297211e-02,-1.082619034683277373e-02,-1.516291177795236512e-02
-1.216445087601664317e-02,-1.616467183037140209e-02,-1.548787525896365251e-02,-1.387653756170318525e-02,-1.965011050908443274e-02,-1.080245080532696821e-02,-1.014053230135897668e-02,-1.259189933690126051e-02,-1.097149264201990881e-02,-1.521493599116494934e-02
-1.223254712031774001e-02,-1.614352014019224124e-02,-1.538290368840412869e-02,-1.392856177491576947e-02,-1.963279882209861479e-02,-1.088511595632807132e-02,-1.021184956345385503e-02,-1.255209484546207163e-02,-1.086422512286390474e-02,-1.524222418984899803e-02
-1.215991194679247496e-02,-1.630662357619146879e-02,-1.538015459415094030e-02,-1.405780064330742346e-02,-1.979590225809784235e-02,-1.078240017578127943e-02,-1.024314707049918741e-02,-1.247945967193680658e-02,-1.094689027386500785e-02,-1.522220304280999352e-02
-1.229653422667000180e-02,-1.616544491718371196e-02,-1.550860511351922870e-02,-1.413469314314786882e-02,-1.972898226727310203e-02,-1.084942649664848852e-02,-1.014907330807538442e-02,-1.261608195181433342e-02,-1.090708578242581897e-02,-1.535105389411521234e-02
-1.222961423584526322e-02,-1.622346625472000092e-02,-1.543596993999396365e-02,-1.411618313153901842e-02,-1.974630547961669230e-02,-1.087041603443510140e-02,-1.022596580791583151e-02,-1.244563897270194001e-02,-1.080658668232137298e-02,-1.546477422588414530e-02
-1.238369337147936754e-02,-1.628644383637973744e-02,-1.539616544855477477e-02,-1.404548568625350533e-02,-1.990926014322167911e-02,-1.079770265436985968e-02,-1.022321671366264312e-02,-1.260874240870116583e-02,-1.081686688213254893e-02,-1.525790172026987579e-02
-1.235843785621908164e-02,-1.626529214620057312e-02,-1.532546800326926167e-02,-1.397083919160597119e-02,-1.991615609714417895e-02,-1.081502586671344995e-02,-1.022681521517608029e-02,-1.264416689873862180e-02,-1.080516981314083233e-02,-1.534654768225774714e-02
-1.242975511831395999e-02,-1.623750756655444050e-02,-1.547954713890336599e-02,-1.401612816547832818e-02,-2.014158399049346265e-02,-1.092874619848238291e-02,-1.037182169744856920e-02,-1.279824603437272612e-02,-1.070899076093401008e-02,-1.544707642446407382e-02
-1.243807601477946514e-02,-1.639158670218854308e-02,-1.537457556834384217e-02,-1.394543072019281335e-02,-2.022424914149456576e-02,-1.109155691540869570e-02,-1.040854051202085018e-02,-1.295232517000683044e-02,-1.096230564538018190e-02,-1.546439963680766409e-02
-1.252074116578056825e-02,-1.631895152866327803e-02,-1.516145232306019552e-02,-1.417802927442610855e-02,-2.000368132737928573e-02,-1.101884353534345398e-02,-1.040273514518384040e-02,-1.295416045301258680e-02,-1.088967047185491685e-02,-1.555304559879553544e-02
-1.245747339269672946e-02,-1.635989227667932269e-02,-1.532440698666518407e-02,-1.417528018017292016e-02,-1.998914355441678767e-02,-1.094620836181818893e-02,-1.036060990933932759e-02,-1.295775895452602397e-02,-1.099019921406124353e-02,-1.551324110735634657e-02
-1.241307791863623458e-02,-1.625095960675190104e-02,-1.530173860558053413e-02,-1.426392614216079151e-02,-1.999942375422796362e-02,-1.094040299498117916e-02,-1.037652775602518167e-02,-1.311183809016012829e-02,-1.096494369880095764e-02,-1.536936897466649292e-02
-1.243040113097982485e-02,-1.614369208759589697e-02,-1.529295148114729642e-02,-1.425662075415327391e-02,-1.986854650419151228e-02,-1.090059850354199028e-02,-1.030583031073966857e-02,-1.309603131043047750e-02,-1.086662318220187051e-02,-1.552344811030059724e-02
-1.245000407586825154e-02,-1.604097630704910335e-02,-1.528125441215558156e-02,-1.419335298106943512e-02,-1.985975937975827457e-02,-1.090419700505542745e-02,-1.039358032861238852e-02,-1.314132028430283448e-02,-1.092960076386160703e-02,-1.554077132264418751e-02
-1.260408321150235586e-02,-1.589458039367689854e-02,-1.550133556389086779e-02,-1.416961908013454272e-02,-1.978712420623300952e-02,-1.080148122450863557e-02,-1.035377583717319964e-02,-1.313857119004964435e-02,-1.078842210485384846e-02,-1.551051380900002850e-02
-1.264813615346058878e-02,-1.600830072544583149e-02,-1.554867013078743698e-02,-1.419060861792115560e-02,-1.979945628680452457e-02,-1.099050200101384100e-02,-1.017734551100007816e-02,-1.317399568008710033e-02,-1.081571030353789716e-02,-1.566459294463413282e-02
-1.264233078662357901e-02,-1.602063280601735001e-02,-1.559272307274566990e-02,-1.427835863579387556e-02,-1.972682111327925952e-02,-1.097746219097057302e-02,-1.003347337831022451e-02,-1.336301645659230576e-02,-1.074501285825238406e-02,-1.565289587564241622e-02
-1.246892169392625933e-02,-1.604926514245928054e-02,-1.569325181495199659e-02,-1.418003811919478843e-02,-1.981546707526712914e-02,-1.084766301218697410e-02,-1.000973947737533211e-02,-1.329974868350846696e-02,-1.079234742514895325e-02,-1.568961469021469893e-02
-1.251171017360491224e-02,-1.623828591896448598e-02,-1.557726016537363915e-02,-1.426955613805642141e-02,-1.974283190174186409e-02,-1.096138334395590705e-02,-1.011101860042822563e-02,-1.329394331667145719e-02,-1.079594592666239042e-02,-1.566959354317569442e-02
-1.243907500007964718e-02,-1.630421534149182478e-02,-1.550261367072610502e-02,-1.438327646982535263e-02,-1.967019672821659904e-02,-1.089630472285332656e-02,-1.018791110026867272e-02,-1.318897174611193338e-02,-1.080827800723390721e-02,-1.568192562374721294e-02
-1.265915615181493342e-02,-1.634826828345005770e-02,-1.554228810318456291e-02,-1.430862997517781850e-02,-1.965288504123078109e-02,-1.092359292153737525e-02,-1.011527592674340767e-02,-1.329557307492663584e-02,-1.076776818919183976e-02,-1.565667010848692531e-02
-1.254470659747001886e-02,-1.620708962444230086e-02,-1.552377809157571252e-02,-1.423983731218805664e-02,-1.951694903842418269e-02,-1.101134293941009520e-02,-1.018120534927074647e-02,-1.328387600593491924e-02,-1.066726908908739377e-02,-1.571469144602321427e-02
-1.245063283504621587e-02,-1.622084435115624806e-02,-1.552249104006929968e-02,-1.420003282074886776e-02,-1.970541188736437202e-02,-1.102726078609594929e-02,-1.021250285631607885e-02,-1.318769695372809699e-02,-1.080389136896492061e-02,-1.581522018822954095e-02
-1.228018985593382247e-02,-1.619558883589596043e-02,-1.562377016312219320e-02,-1.417736443966421782e-02,-1.978230438720481738e-02,-1.113454991213086442e-02,-1.014923508323224005e-02,-1.308498117318130510e-02,-1.081904043577076868e-02,-1.601117131370593041e-02
-1.224199923981931885e-02,-1.615507901785389472e-02,-1.563752488983613867e-02,-1.417005905165670022e-02,-1.987632473432260696e-02,-1.116183811081491312e-02,-1.013192339624642210e-02,-1.327344402212149443e-02,-1.078878292212660968e-02,-1.589672175936101411e-02
-1.240510267581854467e-02,-1.609000039675131249e-02,-1.562582782084442207e-02,-1.409742387813143517e-02,-1.983419949847809241e-02,-1.105457059165890904e-02,-1.020324065834130045e-02,-1.312314978486780678e-02,-1.080470076881246376e-02,-1.587670061232200960e-02
-1.244789115549719757e-02,-1.619660172556601496e-02,-1.570371372518323400e-02,-1.405464492197375584e-02,-1.987825244043632533e-02,-1.107556012944552193e-02,-1.023052885702534914e-02,-1.314413932265441967e-02,-1.096765543241745230e-02,-1.596445063019472782e-02
-1.259304799543587219e-02,-1.615841110945151135e-02,-1.559644620602722992e-02,-1.401024944791326096e-02,-1.996185274032349910e-02,-1.103575563800633305e-02,-1.022924180551893630e-02,-1.327258984202270807e-02,-1.097793563222862825e-02,-1.592394081215266211e-02
-1.249254889533142621e-02,-1.602247510664491295e-02,-1.566237562855456872e-02,-1.408156671000813931e-02,-1.995604737348648933e-02,-1.101308725692168311e-02,-1.035086904730102980e-02,-1.340104036139099647e-02,-1.077106312661435875e-02,-1.594126402449625238e-02
-1.245435827921692259e-02,-1.608433754172807970e-02,-1.544925238327092207e-02,-1.391112373089574590e-02,-1.994435030449477272e-02,-1.100139018792996651e-02,-1.043353419830213291e-02,-1.333777258830715767e-02,-1.074080561297019974e-02,-1.577082104538386070e-02
-1.264337905572212803e-02,-1.611976203176553393e-02,-1.543344560354127128e-02,-1.403997458220096473e-02,-1.996395324938320115e-02,-1.099558482109295673e-02,-1.044043015222463448e-02,-1.334466854222965924e-02,-1.081212287506507809e-02,-1.576807195113067231e-02
-1.268866802959448502e-02,-1.609450651650524630e-02,-1.548201157773487248e-02,-1.404687053612346630e-02,-1.992414875794401227e-02,-1.093585017380577229e-02,-1.046003309711306117e-02,-1.339200310912622843e-02,-1.088901537490552518e-02,-1.580901269914671697e-02
-1.261603285606921997e-02,-1.608280944751352970e-02,-1.557065753972274383e-02,-1.427446405982488002e-02,-1.996382319040247016e-02,-1.067661280988550440e-02,-1.035953399700861519e-02,-1.349860443794093090e-02,-1.090070585566571722e-02,-1.582861564403514540e-02
-1.267289722311750605e-02,-1.614467188259669644e-02,-1.571566402199523274e-02,-1.440370292821653402e-02,-1.996886009874350790e-02,-1.083942352681181720e-02,-1.037186607758013197e-02,-1.364361092021341981e-02,-1.106366051927070576e-02,-1.585991315108047778e-02
-1.265985741307423806e-02,-1.596516364008824379e-02,-1.586974315762933532e-02,-1.452483363034193231e-02,-1.999614829742755659e-02,-1.094070264986471072e-02,-1.037225061062996972e-02,-1.362510090860456942e-02,-1.120056130701190672e-02,-1.590847912527407898e-02
-1.263207283342810718e-02,-1.611924277572234637e-02,-1.590236088143135926e-02,-1.457685784355451653e-02,-2.009099477618600527e-02,-1.083176997993729081e-02,-1.036644524379295995e-02,-1.366788938828322232e-02,-1.109329378785590264e-02,-1.601576825130899412e-02
-1.264440491399962396e-02,-1.582407959219915214e-02,-1.586185106338929007e-02,-1.464388416442172561e-02,-1.998372725703000119e-02,-1.062156924068949349e-02,-1.042330961084124603e-02,-1.372975182336638907e-02,-1.108308697477354901e-02,-1.603168609799484820e-02
-1.262067101306473156e-02,-1.601310036870435757e-02,-1.592994730769038692e-02,-1.461609958477559472e-02,-2.004670483868973771e-02,-1.065286674773482586e-02,-1.054444031296664433e-02,-1.370449630810610317e-02,-1.105282946112939001e-02,-1.604337657875504197e-02
-1.268660043559207036e-02,-1.611970169751906004e-02,-1.583414682649466124e-02,-1.459878789778977677e-02,-2.006630778357816614e-02,-1.067385628552143875e-02,-1.047180513944137928e-02,-1.366398649006403572e-02,-1.118945174100691685e-02,-1.605570865932656049e-02
-1.267206266262957404e-02,-1.616499067139141529e-02,-1.591103932633510659e-02,-1.466471732031711557e-02,-2.002650329213897726e-02,-1.068900535232728682e-02,-1.054416960686573035e-02,-1.359890786896145523e-02,-1.108280320666987437e-02,-1.595520955922211451e-02
-1.257374214603048518e-02,-1.614383898121225097e-02,-1.591287460934086295e-02,-1.465593019588387787e-02,-2.011010359202615103e-02,-1.058403378176776301e-02,-1.062106210670617570e-02,-1.357365235370116933e-02,-1.119652353843880732e-02,-1.599488399168057240e-02
-1.249909565138295105e-02,-1.630679364481723778e-02,-1.590556922133334536e-02,-1.468321839456792656e-02,-2.006797835618163647e-02,-1.050938728712022888e-02,-1.061977505519976286e-02,-1.350101718017590428e-02,-1.119377444418561893e-02,-1.598184418163730441e-02
-1.250937585119412700e-02,-1.629375383477396980e-02,-1.583293404780808031e-02,-1.464043943841024722e-02,-2.016199870329942606e-02,-1.051770818358573403e-02,-1.061246966719224527e-02,-1.352830537885995298e-02,-1.133907673937275401e-02,-1.603506404202071842e-02
-1.251297435270756417e-02,-1.622683384394922948e-02,-1.598701318344218289e-02,-1.466519724022740181e-02,-2.015179189021707243e-02,-1.050892105915249633e-02,-1.074937045493344623e-02,-1.352397236313161374e-02,-1.131129215972662312e-02,-1.618914317765482100e-02
-1.254839884274502014e-02,-1.624415705629281975e-02,-1.609361451225688536e-02,-1.481020372249989073e-02,-2.011198739877788355e-02,-1.044012839616273447e-02,-1.076528830161930031e-02,-1.353425256294278969e-02,-1.138818465956707021e-02,-1.611844573236930617e-02
-1.270247797837912446e-02,-1.639823619192692233e-02,-1.617050701209733071e-02,-1.491680505131459319e-02,-2.003734090413035115e-02,-1.039573292210223959e-02,-1.078261151396289058e-02,-1.362377058180442267e-02,-1.136040007992093932e-02,-1.618654197667040301e-02
-1.271762704518497253e-02,-1.648598620979964055e-02,-1.616470164526032094e-02,-1.507088418694869751e-02,-2.006863841117568353e-02,-1.054073940437472851e-02,-1.081124385040482111e-02,-1.363752530851836987e-02,-1.128378712070097697e-02,-1.611962198584566269e-02
-1.281247352394342121e-02,-1.648958471131307946e-02,-1.615591452082708324e-02,-1.509817238563274620e-02,-2.016916715338201022e-02,-1.052904233538301190e-02,-1.091177259261114779e-02,-1.364442126244087145e-02,-1.124398262926178810e-02,-1.614691018452971139e-02
-1.296655265957752552e-02,-1.649141999431883582e-02,-1.630999365646118582e-02,-1.496729513559629486e-02,-2.013097653726750660e-02,-1.062306268250080149e-02,-1.090298546817791009e-02,-1.369644547565345566e-02,-1.127127082794583679e-02,-1.634352298088000838e-02
-1.289190616492999139e-02,-1.639092089421438983e-02,-1.623534716181365342e-02,-1.513024979920128341e-02,-1.998582751333978155e-02,-1.066711562445903441e-02,-1.096891489070524889e-02,-1.361983251643349331e-02,-1.128155102775701274e-02,-1.650662641687923593e-02
-1.287075447475082880e-02,-1.638213376978115213e-02,-1.630771162923800449e-02,-1.528432893483538772e-02,-1.999815959391129661e-02,-1.067215253280007214e-02,-1.097251339221868606e-02,-1.387314740087966514e-02,-1.128026397625059990e-02,-1.657794367897411428e-02
-1.291042890720928669e-02,-1.643899813682943647e-02,-1.642143196100693744e-02,-1.528792743634882489e-02,-1.992552442038603155e-02,-1.074346979489495049e-02,-1.075194557810340602e-02,-1.401004818862086609e-02,-1.127147685181736220e-02,-1.676696445547931971e-02
-1.299907486919715804e-02,-1.645860108171786490e-02,-1.649274922310181579e-02,-1.530384528303467898e-02,-1.979214016831872328e-02,-1.071568521524881960e-02,-1.078324308514873840e-02,-1.397024369718167722e-02,-1.133740627434470100e-02,-1.677200136382035744e-02
-1.315315400483126236e-02,-1.653549358155831026e-02,-1.642582923227707548e-02,-1.535117984993124816e-02,-1.977482848133290533e-02,-1.087849593217513240e-02,-1.082291751760719629e-02,-1.390145103419191536e-02,-1.126477110081943594e-02,-1.669936619029509239e-02
-1.318044220351531105e-02,-1.660251990242551934e-02,-1.652710835532996900e-02,-1.551399056685756096e-02,-1.989595918345830536e-02,-1.092583049907170159e-02,-1.085154985404912682e-02,-1.379251836426449544e-02,-1.128068894750529003e-02,-1.665956169885590352e-02
-1.315670830258041865e-02,-1.658249875538651483e-02,-1.643336963072703286e-02,-1.549548055524871057e-02,-1.982332400993304031e-02,-1.097905035945511733e-02,-1.082376527440299593e-02,-1.375271387282530657e-02,-1.140231618928738352e-02,-1.664786462986418691e-02
-1.334572907908562409e-02,-1.650986358186124978e-02,-1.649929905325437166e-02,-1.564955969088281315e-02,-1.985195634637497084e-02,-1.090633697938987734e-02,-1.089508253649787428e-02,-1.365864011040150358e-02,-1.148020209362619719e-02,-1.673561464773690513e-02
-1.328065045798304360e-02,-1.664648586173877662e-02,-1.650289755476781056e-02,-1.560975519944362427e-02,-1.982822244544007670e-02,-1.103518783069509616e-02,-1.112267606019928801e-02,-1.356490138579856571e-02,-1.153706646067448327e-02,-1.675153249442275921e-02
-1.326062931094403909e-02,-1.660436062589426207e-02,-1.649709218793080079e-02,-1.563314677945476516e-02,-1.983654334190558186e-02,-1.118926696632920048e-02,-1.104606310097932566e-02,-1.365265140367128566e-02,-1.156045804068562242e-02,-1.684555284154054880e-02
-1.335014732980567206e-02,-1.646048849320440668e-02,-1.647707104089179628e-02,-1.563185972794835232e-02,-1.997316562178310870e-02,-1.131039766845459878e-02,-1.124201422645571685e-02,-1.354767983311176184e-02,-1.151833280484110961e-02,-1.707098073488983250e-02
-1.353861017874586140e-02,-1.656176761625730021e-02,-1.662207752316428519e-02,-1.573846105676305479e-02,-2.003614320344284522e-02,-1.131078220150443653e-02,-1.126161717134414354e-02,-1.361470615397897092e-02,-1.151252743800409983e-02,-1.704831235380518256e-02
-1.339473804605600775e-02,-1.663308487835217855e-02,-1.644256928065583254e-02,-1.586731190806827188e-02,-2.013667194564917190e-02,-1.123814702797917148e-02,-1.145008002028433287e-02,-1.354207098045370587e-02,-1.149798966504160178e-02,-1.702205371787704480e-02
-1.336695346640987686e-02,-1.652811330779265300e-02,-1.640437866454132892e-02,-1.599616275937348897e-02,-2.029075108128327448e-02,-1.109696836897141291e-02,-1.146241210085584966e-02,-1.358485946013235877e-02,-1.139301809448207796e-02,-1.717613285351114738e-02
-1.335964807840235927e-02,-1.643437458318971686e-02,-1.626050653185147354e-02,-1.597885107238767102e-02,-2.030666892796912856e-02,-1.102433319544614786e-02,-1.139549211003111108e-02,-1.377332230907254811e-02,-1.152225696287373195e-02,-1.718302880743365069e-02
-1.333338944247421977e-02,-1.636367713790420203e-02,-1.632236896693464029e-02,-1.587387950182814547e-02,-2.043511944733741523e-02,-1.124441434718143409e-02,-1.141281532237470135e-02,-1.376453518463931040e-02,-1.154701476469088654e-02,-1.724489124251681743e-02
-1.312318870322642245e-02,-1.624997246924428373e-02,-1.628185914889257457e-02,-1.576890793126861992e-02,-2.063173224368771222e-02,-1.131034376970877289e-02,-1.144823981241215732e-02,-1.389338603594452923e-02,-1.163653278355251952e-02,-1.728031573255427167e-02
-1.301821713266689863e-02,-1.626166295000447751e-02,-1.635875164873301993e-02,-1.583483735379595872e-02,-2.053123314358326623e-02,-1.134706258428105387e-02,-1.142557143132750738e-02,-1.387884826298203117e-02,-1.163691731660235727e-02,-1.723819049670975712e-02
-1.303920667045351152e-02,-1.632975919430557435e-02,-1.648720216810130659e-02,-1.581752566681014077e-02,-2.043505409137644224e-02,-1.124434680373426199e-02,-1.153286055736242252e-02,-1.401547054285955801e-02,-1.172466733447507722e-02,-1.725194522342370432e-02
-1.286277634428039003e-02,-1.625712402078030930e-02,-1.644739767666211772e-02,-1.572134661460331678e-02,-2.052280410924916046e-02,-1.126026465042011607e-02,-1.149073532151790970e-02,-1.394283536933429296e-02,-1.174805891448621638e-02,-1.739695170569619323e-02
-1.272159768527263146e-02,-1.626544491724581445e-02,-1.637860501367235586e-02,-1.570553983487366773e-02,-2.045016893572389541e-02,-1.115133198049269615e-02,-1.147903825252619484e-02,-1.380430165111385353e-02,-1.177669125092814691e-02,-1.737428332461154329e-02
-1.270855787522936348e-02,-1.612426625823805762e-02,-1.623473288098250047e-02,-1.578243233471411308e-02,-2.059517541799638432e-02,-1.101015332148493758e-02,-1.146052824091734444e-02,-1.363385867200146012e-02,-1.182871546414073112e-02,-1.737299627310513045e-02
-1.281515920404406594e-02,-1.616705473791671052e-02,-1.634269015855613696e-02,-1.589615266648304603e-02,-2.075813008160137113e-02,-1.123774684518635131e-02,-1.159742902865854540e-02,-1.365346161688988681e-02,-1.172206692980368864e-02,-1.744988877294557580e-02
-1.270459947875475330e-02,-1.624971988891781363e-02,-1.638547863823478987e-02,-1.579565356637860005e-02,-2.075232471476436136e-02,-1.138290368512502593e-02,-1.158864190422530770e-02,-1.380754075252399113e-02,-1.185896771754488960e-02,-1.745348727445901471e-02
-1.263196430522948825e-02,-1.611884263888136229e-02,-1.634496882019272068e-02,-1.580593376618977600e-02,-2.079761368863671661e-02,-1.145526815254937700e-02,-1.153985100080598229e-02,-1.385487531942056032e-02,-1.178633254401962455e-02,-1.742722863853087695e-02
-1.264571903194343545e-02,-1.608065202276685868e-02,-1.648997530246520959e-02,-1.591965409795870895e-02,-2.066422943656940833e-02,-1.144357108355766039e-02,-1.154023553385582004e-02,-1.401797875541978614e-02,-1.194041167965372886e-02,-1.725381954583355901e-02
-1.255164526951963247e-02,-1.608248730577261504e-02,-1.646730692138055965e-02,-1.594694229664275764e-02,-2.064307774639024401e-02,-1.143336427047530676e-02,-1.169431466948992436e-02,-1.394728131013427130e-02,-1.202905764164160021e-02,-1.718118437230829396e-02
-1.270572440515373679e-02,-1.617200532463424628e-02,-1.654997207238166276e-02,-1.587814963365299578e-02,-2.049920561370038863e-02,-1.121318563494364332e-02,-1.174164923638649355e-02,-1.400414567718255739e-02,-1.215790849294681904e-02,-1.707846859176150034e-02
-1.275774861836632100e-02,-1.618792317132010036e-02,-1.670405120801576535e-02,-1.593501400070128013e-02,-2.042850816841487380e-02,-1.119737885521399252e-02,-1.181296649848137190e-02,-1.405271165137615859e-02,-1.231198762858092335e-02,-1.723254772739560292e-02
-1.257344415753298625e-02,-1.607736344603078946e-02,-1.669674582000824775e-02,-1.586036750605374773e-02,-2.035971550542511194e-02,-1.132582937458228092e-02,-1.184968531305365287e-02,-1.404690628453914882e-02,-1.235166206103938125e-02,-1.722674236055859315e-02
-1.255077577644833631e-02,-1.612469801292736038e-02,-1.676377214087545683e-02,-1.592629692858108653e-02,-2.021853684641735510e-02,-1.133610957439345687e-02,-1.183798824406193800e-02,-1.397427111101388376e-02,-1.224439454188337717e-02,-1.715982236973385283e-02
-1.256809898879192658e-02,-1.602851896072053639e-02,-1.682563457595862358e-02,-1.600318942842153189e-02,-2.024192842642849599e-02,-1.119757585617301744e-02,-1.200094290766692655e-02,-1.396696572300636617e-02,-1.213712702272737309e-02,-1.717942531462228126e-02
-1.246759988868748059e-02,-1.616541974846173735e-02,-1.672945552375180306e-02,-1.593249198313601706e-02,-2.017866065334465719e-02,-1.121133058288696464e-02,-1.198513612793727576e-02,-1.396567867149995333e-02,-1.216441522141142179e-02,-1.718970551443345721e-02
-1.251038836836613349e-02,-1.617917447517568455e-02,-1.665284256453183898e-02,-1.606134283444123415e-02,-2.010602547981939214e-02,-1.111083148278251866e-02,-1.205216244880448484e-02,-1.398159651818580741e-02,-1.231849435704552610e-02,-1.708243799527745313e-02
-1.254581285840358947e-02,-1.623239433555909855e-02,-1.681579722813682579e-02,-1.595407531528523007e-02,-2.014144996985684638e-02,-1.095936779144741913e-02,-1.200776697474398996e-02,-1.399674558499165548e-02,-1.224585918352026105e-02,-1.724524871220376593e-02
-1.269989199403769378e-02,-1.625578591557023944e-02,-1.688389347243792263e-02,-1.600140988218180099e-02,-2.019001594405044758e-02,-1.102529721397475793e-02,-1.220371810022038116e-02,-1.418576636149686092e-02,-1.224624371657009880e-02,-1.714253293165697231e-02
-1.274722656093426297e-02,-1.630312048246681036e-02,-1.680728051321795855e-02,-1.600179441523163701e-02,-2.018122881961720988e-02,-1.114692445575685142e-02,-1.214045032713654236e-02,-1.414596187005767204e-02,-1.209984780319789226e-02,-1.704845916923317106e-02
-1.260335442824440932e-02,-1.630815739080784810e-02,-1.702736166495324652e-02,-1.585664539130391196e-02,-2.014142432817802100e-02,-1.114259144002851219e-02,-1.204212981053745524e-02,-1.421727913215255039e-02,-1.202915035791237916e-02,-1.697776172394765623e-02
-1.242473815647109764e-02,-1.649717816731305353e-02,-1.719046510095247407e-02,-1.599326767118143880e-02,-2.018421280785667390e-02,-1.112805366706601587e-02,-1.206941800922150393e-02,-1.418702161850839139e-02,-1.208117457112496337e-02,-1.703578306148394519e-02
-1.247330413066469884e-02,-1.655039802769646753e-02,-1.712719732786863527e-02,-1.592257022589592397e-02,-2.032951510304380899e-02,-1.092444860414939524e-02,-1.209805034566343446e-02,-1.440710277024367762e-02,-1.191073159201256997e-02,-1.707983600344217812e-02
-1.261846097060337346e-02,-1.661337560935620405e-02,-1.706211870676605305e-02,-1.597113620008952517e-02,-2.040083236513868734e-02,-1.111346938065460067e-02,-1.221177067743236741e-02,-1.450763151245000430e-02,-1.190342620400505237e-02,-1.707550298771383715e-02
-1.261115558259585587e-02,-1.664880009939365829e-02,-1.721619784240015563e-02,-1.599452778010066606e-02,-2.047214962723356568e-02,-1.107527876454009706e-02,-1.249717695430194696e-02,-1.446323603838950943e-02,-1.193472371105038475e-02,-1.709649252550045004e-02
-1.266801994964414195e-02,-1.673831811825528953e-02,-1.717407260655564108e-02,-1.621995567344994976e-02,-2.051182405969202358e-02,-1.109119661122595114e-02,-1.247344305336705456e-02,-1.446048694413631930e-02,-1.186208853752511970e-02,-1.712779003254578242e-02
-1.267491590356664352e-02,-1.666568294473002448e-02,-1.720136080523968977e-02,-1.624471347526710435e-02,-2.052415614026353863e-02,-1.111982894766788167e-02,-1.253642063502679108e-02,-1.461456607977042362e-02,-1.200724537746379432e-02,-1.724151036431471537e-02
-1.282899503920074784e-02,-1.682878638072925204e-02,-1.718682303227719171e-02,-1.626810505527824524e-02,-2.054754772027467952e-02,-1.104719377414261662e-02,-1.272544141153199651e-02,-1.460286901077870875e-02,-1.196744088602460544e-02,-1.738666720425338999e-02
-1.281048502759189744e-02,-1.678439090666875716e-02,-1.720414624462078199e-02,-1.624184641935010748e-02,-2.047491254674941447e-02,-1.108261826418007259e-02,-1.268331617568748369e-02,-1.467976151061915410e-02,-1.203875814811948379e-02,-1.735640969060922925e-02
-1.280027821450954381e-02,-1.681981539670621140e-02,-1.719535912018754428e-02,-1.623454103134258988e-02,-2.066337539568960380e-02,-1.113948263122835868e-02,-1.277196213767535504e-02,-1.465709312953450416e-02,-1.219283728375358811e-02,-1.729133106950664703e-02
-1.302570610785882751e-02,-1.681548238097787043e-02,-1.716910048425940652e-02,-1.616384358605707505e-02,-2.069066359437365249e-02,-1.121637513106880576e-02,-1.269727740825386114e-02,-1.484611390603970960e-02,-1.226093352805468495e-02,-1.730366315007816208e-02
-1.303598630767000346e-02,-1.680967701414086066e-02,-1.729023118638480655e-02,-1.617617566662859357e-02,-2.062374360354891217e-02,-1.126839934428138998e-02,-1.259677830814941515e-02,-1.485844598661122638e-02,-1.215596195749516113e-02,-1.746676658607738963e-02
-1.307877478734865637e-02,-1.677941950049669992e-02,-1.718358265204776233e-02,-1.633025480226269616e-02,-2.075298247194056617e-02,-1.136892808648771666e-02,-1.252213181350188102e-02,-1.494619600448394633e-02,-1.218857968129718507e-02,-1.757405571211230477e-02
-1.312610935424522556e-02,-1.683263936088011392e-02,-1.730520989382985583e-02,-1.615074655975424350e-02,-2.074717710510355639e-02,-1.142095229970030087e-02,-1.258015315103816999e-02,-1.485001695227712408e-02,-1.219547563521968664e-02,-1.761077452668458748e-02
-1.315740686129055793e-02,-1.705272051261540189e-02,-1.746816455743484264e-02,-1.629575304202673242e-02,-2.076678004999198482e-02,-1.164103345143558711e-02,-1.243897449203041142e-02,-1.491811319657822092e-02,-1.223515006767814453e-02,-1.780738732303488447e-02
-1.328664572968221193e-02,-1.715932184143010436e-02,-1.755768257629647389e-02,-1.622311786850146736e-02,-2.074827003838313616e-02,-1.169305766464817133e-02,-1.233400292147088760e-02,-1.507219233221232524e-02,-1.232917041479593412e-02,-1.782837686082149736e-02
-1.344072486531631624e-02,-1.726592317024480683e-02,-1.753653088611731303e-02,-1.610941319984154907e-02,-2.067757259309762133e-02,-1.147287902911650788e-02,-1.241666807247199071e-02,-1.511952689910889443e-02,-1.251819119130113955e-02,-1.782404384509315640e-02
-1.344110939836615400e-02,-1.720084454914222460e-02,-1.754342684003981634e-02,-1.604249320901680875e-02,-2.057707349299317534e-02,-1.140218158383099478e-02,-1.246195704634434770e-02,-1.512136218211465079e-02,-1.247319155271044144e-02,-1.768017171240330102e-02
-1.346071234325458069e-02,-1.722813274782627330e-02,-1.751564226039368372e-02,-1.601723769375652112e-02,-2.072207997526566425e-02,-1.155626071946509910e-02,-1.245316992191111000e-02,-1.508155769067546191e-02,-1.240439888972067958e-02,-1.790776523610471474e-02
-1.361479147888868500e-02,-1.718762292978420758e-02,-1.741732174379459486e-02,-1.595215907265393890e-02,-2.066059328340636922e-02,-1.148354733939985911e-02,-1.252553438933546107e-02,-1.523563682630956623e-02,-1.251811922148961254e-02,-1.790647818459830190e-02
-1.380381225539389044e-02,-1.716388902884931345e-02,-1.749998689479569797e-02,-1.610623820828804148e-02,-2.072761960427357830e-02,-1.134501362117941968e-02,-1.255416672577739159e-02,-1.512836930715356215e-02,-1.252171772300304971e-02,-1.792986976460944279e-02
-1.378800547566423965e-02,-1.712408453741012457e-02,-1.753966132725415586e-02,-1.615029115024627440e-02,-2.074353745095943238e-02,-1.145297089875305790e-02,-1.270824586141149591e-02,-1.501237765757520472e-02,-1.254510930301418886e-02,-1.789006527317025391e-02
-1.397646832460442898e-02,-1.719218078171122141e-02,-1.751964018021515135e-02,-1.630437028588037698e-02,-2.067284000567391755e-02,-1.151890032128039670e-02,-1.277956312350637426e-02,-1.512609798934413594e-02,-1.251985378775390297e-02,-1.794208948638283813e-02
-1.393595850656236153e-02,-1.711753428706368901e-02,-1.749697179913050141e-02,-1.631670236645189204e-02,-2.072486421888650177e-02,-1.149364480602011081e-02,-1.280685132219042295e-02,-1.512648252239397369e-02,-1.261387413487169255e-02,-1.796548106639397901e-02
-1.392865311855484393e-02,-1.717939672214685576e-02,-1.759099214624829099e-02,-1.635212685648934627e-02,-2.072211512463331337e-02,-1.152626252982213474e-02,-1.306159427047173978e-02,-1.490986546570664643e-02,-1.250890256431216874e-02,-1.786968058519825334e-02
-1.408273225418894825e-02,-1.707442515158733021e-02,-1.751634565160075860e-02,-1.635572535800278518e-02,-2.077068109882691457e-02,-1.153795301058232678e-02,-1.316212301267806646e-02,-1.494528995574410241e-02,-1.232939432180371608e-02,-1.776241306604224926e-02
-1.417048227206166820e-02,-1.719605239336942371e-02,-1.738546840156430726e-02,-1.636805743857430023e-02,-2.097449885585550219e-02,-1.161031747800667785e-02,-1.325076897466593781e-02,-1.497257815442815110e-02,-1.245824517310893491e-02,-1.776424834904800562e-02
-1.420177977910700058e-02,-1.727294489320986906e-02,-1.741676590860963963e-02,-1.636844197162413625e-02,-2.099410180074393062e-02,-1.161863837447218301e-02,-1.325436747617937498e-02,-1.506032817230087105e-02,-1.235097765395293083e-02,-1.765698082989200154e-02
-1.405790764641714694e-02,-1.716567737405386498e-02,-1.746533188280324084e-02,-1.649689249099242291e-02,-2.110070312955863309e-02,-1.163097045504369979e-02,-1.333125997601982207e-02,-1.495535660174134723e-02,-1.227633115930539670e-02,-1.767658377478042997e-02
-1.408920515346247931e-02,-1.697598377234903200e-02,-1.769793043703653604e-02,-1.642224599634489052e-02,-2.100662936713483184e-02,-1.160471181911556030e-02,-1.343854910205473721e-02,-1.481288079192670352e-02,-1.217135958874587288e-02,-1.779030410654936292e-02
-1.413199363314113222e-02,-1.690133727770149960e-02,-1.759960992043744718e-02,-1.643457807691640904e-02,-2.086275723444497646e-02,-1.153207664559029524e-02,-1.352806712091637019e-02,-1.481471607493245989e-02,-1.232543872437997720e-02,-1.785216654163252967e-02
-1.417932820003770140e-02,-1.689553191086448983e-02,-1.753268992961270686e-02,-1.636949945581382682e-02,-2.079012206091971141e-02,-1.160444111301464631e-02,-1.356900786893241485e-02,-1.477420625689039244e-02,-1.226217095129613840e-02,-1.775384602503344081e-02
-1.421604701460998238e-02,-1.682289673733922478e-02,-1.765382063173810689e-02,-1.643652577668103590e-02,-2.085198449600287815e-02,-1.157665653336851543e-02,-1.347068735233332773e-02,-1.470541359390063058e-02,-1.208094283346041777e-02,-1.770884638644274270e-02
-1.411554791450553639e-02,-1.668951248527191650e-02,-1.778305950012976089e-02,-1.639672128524184702e-02,-2.083347448439402949e-02,-1.151338876028467663e-02,-1.347758330625582930e-02,-1.479405955588850193e-02,-1.211636732349787374e-02,-1.771912658625391865e-02
-1.426055439677802530e-02,-1.673684705216848742e-02,-1.793713863576386347e-02,-1.661680243697713499e-02,-2.083707298590746840e-02,-1.141067297973788475e-02,-1.361420558613335614e-02,-1.457388092035683848e-02,-1.233644847523315997e-02,-1.757525445356406327e-02
-1.434830441465074526e-02,-1.667357927908464862e-02,-1.792544156677214687e-02,-1.662369839089963830e-02,-2.079888236979296479e-02,-1.130174030981046483e-02,-1.374344445452501014e-02,-1.464624538778118955e-02,-1.248160531517183459e-02,-1.776427523006926870e-02
-1.445490574346544772e-02,-1.667396381213448464e-02,-1.789765698712601424e-02,-1.660518837929078617e-02,-2.073561459670912599e-02,-1.122902692974522484e-02,-1.382610960552611325e-02,-1.471327170864839863e-02,-1.238110621506738861e-02,-1.776152613581608031e-02
-1.453179824330589481e-02,-1.667267676062807180e-02,-1.775912326890557308e-02,-1.671950491590963941e-02,-2.067412790484983096e-02,-1.120377141448493895e-02,-1.386705035354215791e-02,-1.483489895043049213e-02,-1.248770754388209107e-02,-1.784927615368879852e-02
-1.439061958429813624e-02,-1.686113960956826113e-02,-1.766080275230648422e-02,-1.672978511572081536e-02,-2.081928474478850558e-02,-1.124049022905721992e-02,-1.379433697347691792e-02,-1.496374980173571095e-02,-1.230260280711824653e-02,-1.788470064372625276e-02
-1.417400252761080899e-02,-1.698959012893654780e-02,-1.763054523866232348e-02,-1.676240283952283930e-02,-2.083888768967693400e-02,-1.139456936469132424e-02,-1.385731455513665444e-02,-1.495644441372819336e-02,-1.231992601946183680e-02,-1.786203226264160282e-02
-1.410520986462104713e-02,-1.699791102540205295e-02,-1.748667310597246810e-02,-1.665025286005199570e-02,-2.096001839180233403e-02,-1.129624884809223712e-02,-1.392324397766399324e-02,-1.495063904689118359e-02,-1.231717692520864840e-02,-1.785622689580459305e-02
-1.425928900025515145e-02,-1.704196396736028588e-02,-1.758069345309025769e-02,-1.668287058385401964e-02,-2.097593623848818811e-02,-1.122361367456697206e-02,-1.394056719000758351e-02,-1.499157979490722825e-02,-1.238849418730352675e-02,-1.801030603143869563e-02
-1.419236900943041287e-02,-1.697126652207477104e-02,-1.747176078316283604e-02,-1.656842102950910334e-02,-2.094815165884205549e-02,-1.133157095214061029e-02,-1.404109593221391020e-02,-1.510589633152607976e-02,-1.245552050817073583e-02,-1.796591055737820075e-02
-1.411772251478287873e-02,-1.712534565770887363e-02,-1.752378499637542025e-02,-1.655672396051738673e-02,-2.087551648531679044e-02,-1.139454853380034681e-02,-1.419517506784801451e-02,-1.522752357330817326e-02,-1.246241646209323740e-02,-1.797824263794971927e-02
-1.400716278949356609e-02,-1.718832323936861015e-02,-1.772039779272571725e-02,-1.648980396969264642e-02,-2.080288131179152539e-02,-1.137081463286545441e-02,-1.412052857320048038e-02,-1.527954778652075747e-02,-1.261649559772734172e-02,-1.783437050525986389e-02
-1.411445191552848123e-02,-1.721308104118576474e-02,-1.769261321307958462e-02,-1.659108309274553994e-02,-2.058270267625986194e-02,-1.129817945934018936e-02,-1.414151811098709327e-02,-1.530053732430737036e-02,-1.250922807857133764e-02,-1.791797080514703766e-02
-1.407464742408929236e-02,-1.730710138830355432e-02,-1.762191576779406979e-02,-1.660700093943139402e-02,-2.071115319562814860e-02,-1.115700080033243079e-02,-1.421841061082753863e-02,-1.537185458640224871e-02,-1.257220566023107416e-02,-1.797483517219532201e-02
-1.421994971927642744e-02,-1.730893667130931068e-02,-1.755121832250855496e-02,-1.653820827644163216e-02,-2.072707104231400269e-02,-1.105868028373334366e-02,-1.414577543730227357e-02,-1.552593372203635302e-02,-1.259949385891512286e-02,-1.799215838453891228e-02
-1.426273819895508034e-02,-1.730618757705612229e-02,-1.770529745814265754e-02,-1.656950578348696454e-02,-2.066558435045470765e-02,-1.110146876341199657e-02,-1.403850791814626950e-02,-1.562078020079480170e-02,-1.261182593948663964e-02,-1.814623752017301486e-02
-1.439197706734673433e-02,-1.752626872879141026e-02,-1.768678744653380541e-02,-1.658119626424715831e-02,-2.081088664564184273e-02,-1.115003473760559777e-02,-1.411540041798671485e-02,-1.561347481278728411e-02,-1.280843873583693490e-02,-1.824025786729080445e-02
-1.424051337601163481e-02,-1.755490106523334079e-02,-1.764859683041930180e-02,-1.656665849128466025e-02,-2.094012551403349673e-02,-1.104276721844959369e-02,-1.426947955362081917e-02,-1.575009709266481095e-02,-1.282077081640845169e-02,-1.834754699332571959e-02
-1.430237581109480155e-02,-1.744596839530591914e-02,-1.790191171486547536e-02,-1.671166497355714917e-02,-2.076150924226018504e-02,-1.115708375506844520e-02,-1.416221203446481509e-02,-1.572484157740452332e-02,-1.300979159291365712e-02,-1.846126732509465254e-02
-1.427970743001015161e-02,-1.730743467708547798e-02,-1.794470019454412826e-02,-1.667186048211796029e-02,-2.081353345547276926e-02,-1.126368508388314767e-02,-1.428383927624690859e-02,-1.585369242870974041e-02,-1.294287160208891854e-02,-1.841848836893697494e-02
-1.423990293857096273e-02,-1.721369595248254183e-02,-1.794036717881578730e-02,-1.675452563311906340e-02,-2.087539589055593600e-02,-1.126239803237673483e-02,-1.430344222113533528e-02,-1.583367128167073590e-02,-1.295662632880286574e-02,-1.827333934500924989e-02
-1.425018313838213868e-02,-1.729158185682135376e-02,-1.796765537749983599e-02,-1.672426811947490266e-02,-2.100384640992422267e-02,-1.122420741626223122e-02,-1.429613683312781769e-02,-1.588100584856730682e-02,-1.278321723610554607e-02,-1.846236012151445532e-02
-1.437863365775042708e-02,-1.742820413669888061e-02,-1.795744856441748236e-02,-1.673116407339740597e-02,-2.115792554555832525e-02,-1.126826035822046414e-02,-1.440342595916273283e-02,-1.588790180248980666e-02,-1.290484447788763957e-02,-1.859898240139198217e-02
-1.437132826974290949e-02,-1.754192446846781356e-02,-1.802337798694482116e-02,-1.673299935640316233e-02,-2.125920466861121877e-02,-1.122845586678127526e-02,-1.430724690695591057e-02,-1.578293023193028111e-02,-1.288753279090182162e-02,-1.849848330128753618e-02
-1.429869309621764444e-02,-1.768693095074030247e-02,-1.798357349550563228e-02,-1.669319486496397345e-02,-2.121869485056915305e-02,-1.128532023382956134e-02,-1.412294244612257582e-02,-1.594603366792950866e-02,-1.287583572191010675e-02,-1.848969617685429848e-02
-1.439353957497609311e-02,-1.754839723251986131e-02,-1.783970136281577690e-02,-1.676022118583118253e-02,-2.121740779906274021e-02,-1.124712961771505773e-02,-1.425956472600010266e-02,-1.599459964212310986e-02,-1.296985606902789634e-02,-1.850929912174272690e-02
-1.440381977478726906e-02,-1.747576205899459625e-02,-1.798500365800291198e-02,-1.680300966550983544e-02,-2.117760330762355134e-02,-1.143559246665524706e-02,-1.419629695291626387e-02,-1.584430540486942221e-02,-1.303171850411106308e-02,-1.836812046273497007e-02
-1.436401528334808018e-02,-1.737744154239550740e-02,-1.798225456374972359e-02,-1.658941817262868032e-02,-2.117631625611713850e-02,-1.145519541154367375e-02,-1.418175917995376581e-02,-1.593205542274214043e-02,-1.317672498638355200e-02,-1.836537136848178167e-02
-1.441603949656066440e-02,-1.749857224452090743e-02,-1.790961939022445853e-02,-1.651477167798114792e-02,-2.111123763501455627e-02,-1.150841527192708949e-02,-1.430338642173585931e-02,-1.589225093130295155e-02,-1.339680613811883823e-02,-1.843130079100912047e-02
-1.457899416016565294e-02,-1.747331672926061980e-02,-1.790083226579122083e-02,-1.665139395785867477e-02,-2.085597195923397443e-02,-1.135812103467340184e-02,-1.445746555736996362e-02,-1.591700873312010614e-02,-1.332019317889887589e-02,-1.843819674493162031e-02
-1.454873664652149394e-02,-1.751610520893927270e-02,-1.800812139182613597e-02,-1.666167415766985072e-02,-2.090799617244655864e-02,-1.150312751694589075e-02,-1.435474977682317174e-02,-1.587649891507803696e-02,-1.333534224570472396e-02,-1.849022095814420452e-02
-1.456388571332734201e-02,-1.748584769529511196e-02,-1.823571491552754970e-02,-1.665586879083284094e-02,-2.092314523925240671e-02,-1.153855200698334672e-02,-1.434170996677990376e-02,-1.580957892425329664e-02,-1.346379276507301236e-02,-1.850050115795538047e-02
-1.452408122188815313e-02,-1.755177711782245076e-02,-1.824403581199305485e-02,-1.673946909072001471e-02,-2.098612282091214323e-02,-1.144237295477652447e-02,-1.449578910241400807e-02,-1.573493242960576424e-02,-1.353188900937410920e-02,-1.838450950837702130e-02
-1.461810156900594272e-02,-1.756553184453639796e-02,-1.810285715298529802e-02,-1.689354822635411729e-02,-2.104414415844843220e-02,-1.148516143445517737e-02,-1.451093816921985614e-02,-1.577772090928441714e-02,-1.350563037344596970e-02,-1.847852985549481089e-02
-1.453956551480919263e-02,-1.745826432538039388e-02,-1.811117804945080317e-02,-1.696057454722132637e-02,-2.123260700738862153e-02,-1.159311871202881560e-02,-1.454636265925731212e-02,-1.576040922229859920e-02,-1.352661991123258259e-02,-1.853655119303109985e-02
-1.460142794989235937e-02,-1.744372655241789583e-02,-1.811807400337330648e-02,-1.711465368285542896e-02,-2.130392426948349988e-02,-1.152048353850355054e-02,-1.447171616460977799e-02,-1.562953197226214785e-02,-1.359364623209979167e-02,-1.863057154014888944e-02
-1.459264082545912167e-02,-1.740392206097870695e-02,-1.815349849341076072e-02,-1.722837401462436191e-02,-2.120985050705969863e-02,-1.167456267413765486e-02,-1.451265691262582265e-02,-1.568755330979843682e-02,-1.363332066455824956e-02,-1.875902205951717611e-02
-1.457148913527995908e-02,-1.732927556633117455e-02,-1.815074939915757232e-02,-1.724429186131021599e-02,-2.124527499709715286e-02,-1.171861561609588778e-02,-1.441433639602673553e-02,-1.587657408630364225e-02,-1.372734101167603915e-02,-1.877277678623112331e-02
-1.472556827091406340e-02,-1.725664039280590950e-02,-1.823849941703029054e-02,-1.722427071427121148e-02,-2.129384097129075407e-02,-1.186391791128302287e-02,-1.452805672779566848e-02,-1.592514006049724345e-02,-1.379327043420337795e-02,-1.874752127097083568e-02
-1.471387120192234679e-02,-1.722638287916174876e-02,-1.824539537095279385e-02,-1.721548358983797378e-02,-2.134117553818732499e-02,-1.195793825840081245e-02,-1.469101139140065702e-02,-1.600780521149834656e-02,-1.393827691647586686e-02,-1.875780147078201163e-02
-1.486795033755645111e-02,-1.725501521560367929e-02,-1.830225973800107819e-02,-1.728680085193285212e-02,-2.153019631469253042e-02,-1.198923576544614483e-02,-1.454713925871080338e-02,-1.596800072005915769e-02,-1.383162838213882438e-02,-1.867926541658526327e-02
-1.491073881723510401e-02,-1.723234683451902935e-02,-1.844756203318821328e-02,-1.738732959413917881e-02,-2.161286146569363353e-02,-1.188196824629014076e-02,-1.443987173955479930e-02,-1.597969120081935146e-02,-1.376283571914906252e-02,-1.860663024305999821e-02
-1.497666823976244281e-02,-1.712507931536302527e-02,-1.837686458790269844e-02,-1.746999474514028192e-02,-2.165815043956598879e-02,-1.189028914275564591e-02,-1.458502857949347392e-02,-1.606744121869206968e-02,-1.395185649565426796e-02,-1.846545158405224138e-02
-1.496936285175492522e-02,-1.708688869924852166e-02,-1.830422941437743339e-02,-1.745545697217778386e-02,-2.172112802122572531e-02,-1.186403050682750641e-02,-1.448005700893395011e-02,-1.610711565115052757e-02,-1.408030701502255636e-02,-1.848884316406338227e-02
-1.490787615989562845e-02,-1.727535154818871099e-02,-1.830461394742726941e-02,-1.751232133922606821e-02,-2.169587250596543768e-02,-1.209662906106080162e-02,-1.453208122214653432e-02,-1.599818298122310592e-02,-1.401703924193871756e-02,-1.835545891199607399e-02
-1.480060864073962437e-02,-1.731077603822616523e-02,-1.843346479873248650e-02,-1.758921383906651356e-02,-2.158922397162839346e-02,-1.221034939282973283e-02,-1.450429664250040343e-02,-1.592353648657557352e-02,-1.397884862582421395e-02,-1.818204981929875605e-02
-1.472991119545410954e-02,-1.723612954357863283e-02,-1.846476230577781888e-02,-1.756395832380622593e-02,-2.164124818484097768e-02,-1.225768395972630202e-02,-1.447651206285427254e-02,-1.599056280744278261e-02,-1.398574457974671552e-02,-1.820933801798280474e-02
-1.485876204675932837e-02,-1.724782002433882661e-02,-1.857136363459252135e-02,-1.749132315028096088e-02,-2.165857139718456795e-02,-1.230047243940495492e-02,-1.446772493842103484e-02,-1.614464194307688519e-02,-1.399602477955789147e-02,-1.831729529555644123e-02
-1.486379895510036436e-02,-1.737705889273048060e-02,-1.843282991637208018e-02,-1.735793889821365260e-02,-2.164125971019875000e-02,-1.241419277117388614e-02,-1.460462572616223580e-02,-1.607394449779137036e-02,-1.405288914660617755e-02,-1.843101562732537418e-02
-1.485649356709284677e-02,-1.730442371920521555e-02,-1.846825440640953442e-02,-1.732768138456949186e-02,-2.153854392965195638e-02,-1.238393525752972714e-02,-1.453199055263697075e-02,-1.627776225481995798e-02,-1.401308465516698867e-02,-1.841099448028636967e-02
-1.487241141377870085e-02,-1.729711833119769795e-02,-1.857554353244444956e-02,-1.732493229031630347e-02,-2.143127641049595231e-02,-1.244079962457801322e-02,-1.449218606119778187e-02,-1.626045056783414003e-02,-1.394616466434225009e-02,-1.827246076206592851e-02
-1.476514389462269677e-02,-1.718985081204169388e-02,-1.843039450851672451e-02,-1.736898523227453639e-02,-2.150259367259083065e-02,-1.246555742639516781e-02,-1.456350332329266022e-02,-1.611657843514428465e-02,-1.399021760630048301e-02,-1.836648110918371810e-02
-1.479243209330674547e-02,-1.718551779631335291e-02,-1.846581899855417874e-02,-1.726171771311853231e-02,-2.143189622730531582e-02,-1.252357876393145678e-02,-1.460629180297131312e-02,-1.604394326161901960e-02,-1.391952016101496992e-02,-1.832667661774452922e-02
-1.494651122894084978e-02,-1.726241029615379827e-02,-1.853713626064905709e-02,-1.728647551493568690e-02,-2.158597536293941840e-02,-1.253591084450297356e-02,-1.461657200278248907e-02,-1.619802239725312218e-02,-1.382119964441588106e-02,-1.829641910410036848e-02
-1.495483212540635494e-02,-1.731927466320208261e-02,-1.854403221457155693e-02,-1.717920799577968283e-02,-2.158781064594517476e-02,-1.260184026703031236e-02,-1.483665315451777530e-02,-1.621394024393897626e-02,-1.382158417746571881e-02,-1.818977056976332426e-02
-1.488219695188108989e-02,-1.731346929636507284e-02,-1.855092816849406023e-02,-1.715142341613355020e-02,-2.156778949890617025e-02,-1.260055321552389952e-02,-1.510160843283081707e-02,-1.614514758094921440e-02,-1.376184953017853436e-02,-1.820352529647727147e-02
-1.498347607493398341e-02,-1.730042948632180486e-02,-1.859060260095251813e-02,-1.730550255176765279e-02,-2.154253398364588262e-02,-1.273717549540142636e-02,-1.503281576984105521e-02,-1.603621491102179275e-02,-1.377212972998971031e-02,-1.824319972893572936e-02
-1.517249685143918884e-02,-1.738994750518343610e-02,-1.852552397984993590e-02,-1.728969577203800373e-02,-2.144635493143905863e-02,-1.262990797624542229e-02,-1.504113666630656036e-02,-1.589503625201403592e-02,-1.378240992980088626e-02,-1.826418926672234225e-02
-1.509986167791392379e-02,-1.745292508684317262e-02,-1.867960311548403848e-02,-1.724918595399593801e-02,-2.146974651145019952e-02,-1.275875882755064111e-02,-1.508392514598521326e-02,-1.591095409869989000e-02,-1.378600843131432344e-02,-1.835193928459506046e-02
-1.514080242592996846e-02,-1.748155742328510315e-02,-1.865334447955590072e-02,-1.739419243626842693e-02,-2.146845945994378668e-02,-1.265149130839463704e-02,-1.517794549310300285e-02,-1.593434567871103089e-02,-1.378639296436416119e-02,-1.845246802680138715e-02
-1.513805333167677833e-02,-1.750494900329624404e-02,-1.867066769189949099e-02,-1.726331518623197558e-02,-2.155112461094488979e-02,-1.269116574085309493e-02,-1.507297392254347904e-02,-1.602836602582882047e-02,-1.397541374086936662e-02,-1.858170689519304114e-02
-1.520103091333651485e-02,-1.752593854108285693e-02,-1.859803251837422594e-02,-1.739993746610950243e-02,-2.152486597501675203e-02,-1.266490710492495543e-02,-1.506716855570646926e-02,-1.609539234669602956e-02,-1.393722312475486301e-02,-1.865959279953185307e-02
-1.510053181323206886e-02,-1.750742852947400480e-02,-1.860163101988766485e-02,-1.754494394838199134e-02,-2.159723044244110310e-02,-1.262671648881045182e-02,-1.491687431845278161e-02,-1.602275717317076451e-02,-1.398001160443351591e-02,-1.872145523461501981e-02
-1.496714756116476058e-02,-1.741124947726718081e-02,-1.864130545234612274e-02,-1.753763856037447375e-02,-2.142678746332871142e-02,-1.277187332874912644e-02,-1.495654875091123950e-02,-1.601545178516324691e-02,-1.404187403951668266e-02,-1.883577177123387306e-02
-1.497074606267819775e-02,-1.727786522519987253e-02,-1.869332966555870695e-02,-1.743713946027002776e-02,-2.154050779509764438e-02,-1.292595246438323076e-02,-1.511935946783755230e-02,-1.616953092079734949e-02,-1.418703087945535728e-02,-1.888106074510622831e-02
-1.493094157123900888e-02,-1.743194436083397511e-02,-1.869692816707214586e-02,-1.754509673784366425e-02,-2.158784236199421530e-02,-1.295071026620038535e-02,-1.509669108675290236e-02,-1.605897119550803859e-02,-1.419062938096879445e-02,-1.885327616546009569e-02
-1.499391915289874540e-02,-1.756856664071150195e-02,-1.863000817624740554e-02,-1.754548127089350026e-02,-2.175094579799344285e-02,-1.293220025459153495e-02,-1.523331336663042920e-02,-1.605316582867102881e-02,-1.433593167615592953e-02,-1.894729651257788527e-02
-1.500983699958459948e-02,-1.762543100775978630e-02,-1.860733979516275560e-02,-1.769956040652760285e-02,-2.173924872900172625e-02,-1.289239576315234607e-02,-1.521329221959142469e-02,-1.605187877716461597e-02,-1.445755891793802303e-02,-1.895089501409132418e-02
-1.497957948594044048e-02,-1.752271522721299268e-02,-1.870786853736908228e-02,-1.765975591508841397e-02,-2.159537659631187087e-02,-1.297506091415344918e-02,-1.510435954966400478e-02,-1.598118133187910114e-02,-1.449017664174004696e-02,-1.904574149284977286e-02
-1.513365862157454479e-02,-1.749745971195270505e-02,-1.872378638405493637e-02,-1.770254439476706687e-02,-2.178439737281707630e-02,-1.295503976711444467e-02,-1.500164376911721290e-02,-1.613526046751320372e-02,-1.448437127490303719e-02,-1.916736873463186636e-02
-1.516908311161200076e-02,-1.739019219279670098e-02,-1.865870776295235414e-02,-1.759527687561106279e-02,-2.197341814932228174e-02,-1.302740423453879574e-02,-1.493472377829247431e-02,-1.612945510067619395e-02,-1.451300361134496772e-02,-1.933017945155817915e-02
-1.521313605357023369e-02,-1.747794221066941919e-02,-1.858209480373239006e-02,-1.751866391639109871e-02,-2.211842463159477065e-02,-1.302778876758863350e-02,-1.508880291392657863e-02,-1.612670600642300556e-02,-1.460075362921768767e-02,-1.933056398460801517e-02
-1.532109333114387191e-02,-1.776159097933720579e-02,-1.864802422625972886e-02,-1.757068812960368293e-02,-2.209316911633448302e-02,-1.317279524986112241e-02,-1.513159139360523153e-02,-1.621535196841087517e-02,-1.462035657410611436e-02,-1.932177686017477747e-02
-1.525230066815411005e-02,-1.772178648789801692e-02,-1.877647474562801552e-02,-1.752856289375916837e-02,-2.211277206122291145e-02,-1.327332399206744909e-02,-1.519752081613257033e-02,-1.615027334730829295e-02,-1.464898891054804489e-02,-1.921450934101877339e-02
-1.527329020594072294e-02,-1.761907070735122330e-02,-1.876626793254566189e-02,-1.736288908711904055e-02,-2.217463449630607819e-02,-1.331611247174610199e-02,-1.512480743606732861e-02,-1.620229756052087716e-02,-1.457635373702277984e-02,-1.917238410517425884e-02
-1.516602268678471886e-02,-1.752075019075213444e-02,-1.866355215199886827e-02,-1.729781046601645833e-02,-2.213483000486688931e-02,-1.313749619997279031e-02,-1.513508763587850456e-02,-1.620589606203431607e-02,-1.472136021929526875e-02,-1.921643704713249176e-02
-1.507194892436091588e-02,-1.745567156964955222e-02,-1.859285470671335344e-02,-1.748683124252166377e-02,-2.209270476902237476e-02,-1.317292069001024628e-02,-1.532410841238370999e-02,-1.627182548456165487e-02,-1.476869478619183794e-02,-1.925186153716994600e-02
-1.499533596514095353e-02,-1.743716155804070356e-02,-1.860518678728487196e-02,-1.745657372887750303e-02,-2.202391210603261290e-02,-1.320421819705557866e-02,-1.530830163265405920e-02,-1.632384969777423908e-02,-1.481726076038543914e-02,-1.932422600459429707e-02
-1.496755138549482264e-02,-1.755088188980963651e-02,-1.860557132033470798e-02,-1.736249996645370178e-02,-2.191894053547308735e-02,-1.320781669856901583e-02,-1.549732240915926464e-02,-1.639516695986911743e-02,-1.494571127975372754e-02,-1.921925443403477152e-02
-1.497924186625501468e-02,-1.768012075820129050e-02,-1.868345722467351991e-02,-1.744516511745480489e-02,-2.192077581847884371e-02,-1.306663803956125726e-02,-1.545751791772007576e-02,-1.632253178634385238e-02,-1.509979041538783186e-02,-1.917944994259558264e-02
-1.517519299173140587e-02,-1.766842368920957390e-02,-1.853958509198366453e-02,-1.733789759829880081e-02,-2.194940815492077424e-02,-1.302683354812206838e-02,-1.539425014463623696e-02,-1.643625211811278533e-02,-1.507712203430318192e-02,-1.910681476907031759e-02
-1.524651025382628422e-02,-1.782250282484367648e-02,-1.846694991845839948e-02,-1.735750054318722924e-02,-2.210348729055487682e-02,-1.311547951010993973e-02,-1.532161497111097191e-02,-1.642171434515028727e-02,-1.505086339837504242e-02,-1.913811227611564997e-02
-1.527379845251033291e-02,-1.783278302465485243e-02,-1.849956764226042341e-02,-1.734446073314396125e-02,-2.197010303848756854e-02,-1.313887109012107889e-02,-1.525653635000839142e-02,-1.638190985371109840e-02,-1.511788971924225150e-02,-1.930121571211487752e-02
-1.527418298556017066e-02,-1.788134899884845364e-02,-1.858821360424829650e-02,-1.724396163303951526e-02,-2.200682185305985125e-02,-1.319209095050449462e-02,-1.523027771408025192e-02,-1.641733434374855263e-02,-1.510335194627975344e-02,-1.928951864312316092e-02
-1.530960747559762664e-02,-1.790233853663506652e-02,-1.848324203368877094e-02,-1.733171165091223348e-02,-2.199512478406813465e-02,-1.316583231457635512e-02,-1.535872823344854032e-02,-1.628645709371210129e-02,-1.525743108191385776e-02,-1.934753998065944988e-02
-1.526980298415843776e-02,-1.804734501890755544e-02,-1.848827894202980868e-02,-1.734546637762618068e-02,-2.198058701110563659e-02,-1.315129454161385880e-02,-1.534852142036618669e-02,-1.610607849468297451e-02,-1.542038574551884630e-02,-1.946185651727830312e-02
-1.526705388990524936e-02,-1.794237344834802989e-02,-1.854030315524239289e-02,-1.740233074467446503e-02,-2.201188451815096897e-02,-1.317858274029790749e-02,-1.557611494406760042e-02,-1.621336762071788964e-02,-1.531311822636284223e-02,-1.945910742302511473e-02
-1.531110683186348229e-02,-1.787358078535826802e-02,-1.855762636758598316e-02,-1.744966531157103595e-02,-2.210590486526875856e-02,-1.333266187593201181e-02,-1.568271627288230288e-02,-1.610671908638084543e-02,-1.546719736199694654e-02,-1.951113163623769894e-02
-1.530231970743024458e-02,-1.776860921479874247e-02,-1.860041484726463606e-02,-1.731372930876443755e-02,-2.224252714514628540e-02,-1.326939410284817301e-02,-1.570370581066891577e-02,-1.603010612716088135e-02,-1.546286434626860731e-02,-1.961908891381133543e-02
-1.530103265592383174e-02,-1.790551000253994343e-02,-1.849148217733721442e-02,-1.729370816172543304e-02,-2.237137799645150249e-02,-1.319278114362821067e-02,-1.573099400935296446e-02,-1.609603554968822015e-02,-1.545116727727689071e-02,-1.954645374028607038e-02
-1.534070708838228964e-02,-1.783859001171520312e-02,-1.842999548547791938e-02,-1.727917038876293498e-02,-2.247190673865782917e-02,-1.330007026966312580e-02,-1.592001478585816990e-02,-1.611195339637407423e-02,-1.534389975812088663e-02,-1.943752107035864873e-02
-1.546915760775057803e-02,-1.781592163063055317e-02,-1.847528445935027464e-02,-1.720847294347742015e-02,-2.240120929337231434e-02,-1.331521933646897388e-02,-1.574139851408485821e-02,-1.601787963395027298e-02,-1.547313862651254063e-02,-1.958252755263113765e-02
-1.551649217464714722e-02,-1.797000076626465576e-02,-1.843315922350576008e-02,-1.710350137291789460e-02,-2.229227662344489269e-02,-1.335193815104125485e-02,-1.573559314724784844e-02,-1.620634248289046231e-02,-1.550856311654999660e-02,-1.959985076497472792e-02
-1.566149865691963614e-02,-1.806402111338244534e-02,-1.853443834655865360e-02,-1.711941921960374868e-02,-2.228057955445317609e-02,-1.324300548111383494e-02,-1.579245751429613279e-02,-1.636042161852456489e-02,-1.543195015733003425e-02,-1.972908963336638191e-02
-1.558886348339437108e-02,-1.792014898069258996e-02,-1.840219175889446640e-02,-1.701444764904422313e-02,-2.217164688452575444e-02,-1.335732201773268644e-02,-1.578970842004294439e-02,-1.647414195029349784e-02,-1.541891034728676627e-02,-1.975772196980831244e-02
-1.564572785044265543e-02,-1.784945153540707513e-02,-1.832955658536920135e-02,-1.703783922905536402e-02,-2.232572602015985702e-02,-1.334151523800303565e-02,-1.580204050061446291e-02,-1.655202785463230977e-02,-1.539775865710760368e-02,-1.984132226969548621e-02
-1.577417836981094210e-02,-1.787673973409112382e-02,-1.831785951637748475e-02,-1.702763241597301039e-02,-2.233262197408236033e-02,-1.342418038900413876e-02,-1.585890486766274726e-02,-1.640563194126010496e-02,-1.544509322400417287e-02,-1.962773077681433109e-02
-1.571091059672710330e-02,-1.780209323944359143e-02,-1.840052466737858786e-02,-1.696614572411371535e-02,-2.226192452879684550e-02,-1.336269369714484199e-02,-1.601298400329684984e-02,-1.629836442210410088e-02,-1.537439577871865803e-02,-1.945432168411701315e-02
-1.569359890974128535e-02,-1.783339074648892381e-02,-1.844785923427515878e-02,-1.678752945234040367e-02,-2.240693101106933441e-02,-1.338745149896199658e-02,-1.602531608386836837e-02,-1.630526037602660072e-02,-1.544032520124599683e-02,-1.947531122190362604e-02
-1.570735363645523255e-02,-1.779358625504973493e-02,-1.843481942423189079e-02,-1.677021776535458572e-02,-2.233623356578381958e-02,-1.324891778074155715e-02,-1.601510927078601473e-02,-1.641957691264545396e-02,-1.534625143882219385e-02,-1.969539237363891401e-02
-1.566754914501604368e-02,-1.777243456487057061e-02,-1.850184574509909988e-02,-1.683724408622179480e-02,-2.244283489459852204e-02,-1.330213764112497289e-02,-1.594046277613848234e-02,-1.656473375258412858e-02,-1.545285276763689632e-02,-1.971271558598250428e-02
-1.565585207602432707e-02,-1.766516704571456653e-02,-1.857973164943791181e-02,-1.690960855364614587e-02,-2.263185567110372748e-02,-1.328098595094581030e-02,-1.593167565170524463e-02,-1.652492926114493971e-02,-1.535705228644116890e-02,-1.975676852794073721e-02
-1.561604758458513820e-02,-1.760368035385527150e-02,-1.874268631304289862e-02,-1.706368768928024846e-02,-2.255720917645619508e-02,-1.332627492481816729e-02,-1.602652213046369331e-02,-1.648512476970575083e-02,-1.543971743744227201e-02,-1.979348734251301992e-02
-1.554136285516364430e-02,-1.753104518033000644e-02,-1.863771474248337306e-02,-1.705935467355190749e-02,-2.266381050527089755e-02,-1.343356405085308243e-02,-1.600126661520340568e-02,-1.662174704958327767e-02,-1.537279744661753343e-02,-1.965495362429257875e-02
-1.558869742206021348e-02,-1.749124068889081757e-02,-1.879179387811747565e-02,-1.711137888676449170e-02,-2.279226102463918421e-02,-1.342775868401607266e-02,-1.592863144167814063e-02,-1.663550177629722487e-02,-1.535825967365503711e-02,-1.966327452075808391e-02
-1.568997654511310527e-02,-1.751223022667743046e-02,-1.875198938667828677e-02,-1.692627415000064889e-02,-2.292888330451671106e-02,-1.352260516277452133e-02,-1.594096352224965568e-02,-1.656085528164969248e-02,-1.547939037578043540e-02,-1.966831142909912164e-02
-1.554879788610534670e-02,-1.748197271303326972e-02,-1.867935421315302172e-02,-1.686653950271346444e-02,-2.278501117182685567e-02,-1.348441454666001772e-02,-1.586832834872439063e-02,-1.671493441728379506e-02,-1.552344331773866833e-02,-1.964715973891995732e-02
-1.555711878257085186e-02,-1.740933753950800467e-02,-1.869310893986696892e-02,-1.679584205742794961e-02,-2.289161250064155814e-02,-1.327754204104574821e-02,-1.582852385728520175e-02,-1.660766689812779098e-02,-1.558937274026600713e-02,-1.969121268087819024e-02
-1.559805953058689652e-02,-1.750418401826645334e-02,-1.867857116690447086e-02,-1.672119556278041722e-02,-2.294483236102497214e-02,-1.325487365996109827e-02,-1.589038629236836850e-02,-1.664309138816524522e-02,-1.563793871445960659e-02,-1.971081562576661866e-02
-1.568072468158800137e-02,-1.752010186495230742e-02,-1.866687409791275426e-02,-1.673711340946627130e-02,-2.288509771373778770e-02,-1.318979503885851778e-02,-1.593895226656196970e-02,-1.662855361520274716e-02,-1.555940266026285650e-02,-1.980033364462824991e-02
-1.572805924848457229e-02,-1.756415480691054035e-02,-1.856022556357571004e-02,-1.672832628503303359e-02,-2.299881804550672065e-02,-1.311715986533325273e-02,-1.594727316302747486e-02,-1.675700413457103383e-02,-1.565342300738064782e-02,-1.977659974369335577e-02
-1.579615549278566913e-02,-1.763008422943787915e-02,-1.859989999603416794e-02,-1.686494856491056044e-02,-2.301473589219257473e-02,-1.307503462948873992e-02,-1.606840386515287489e-02,-1.683489003890984576e-02,-1.552003875531333954e-02,-1.982065268565158869e-02
-1.580447638925117429e-02,-1.766975866189633704e-02,-1.861223207660568646e-02,-1.672107643222070505e-02,-2.315163667993377569e-02,-1.309842620949987907e-02,-1.604838271811387038e-02,-1.692264005678256397e-02,-1.542385970310651729e-02,-1.989754518549203405e-02
-1.584852933120940721e-02,-1.781476514416882595e-02,-1.840203133735788740e-02,-1.669329185257457243e-02,-2.312790277899888156e-02,-1.311434405618573315e-02,-1.609117119779252328e-02,-1.681370738685514232e-02,-1.545928419314397326e-02,-1.992617752193396458e-02
-1.583683226221769061e-02,-1.783436808905725438e-02,-1.832939616383262235e-02,-1.685639528857379998e-02,-2.321565279687159977e-02,-1.310555693175249545e-02,-1.622002204909774037e-02,-1.685042620142742503e-02,-1.548027373093058615e-02,-1.999210694446130337e-02
-1.586944998601971454e-02,-1.789734567071699090e-02,-1.832664706957943396e-02,-1.681199981451330511e-02,-2.333678349899699980e-02,-1.304047831064991496e-02,-1.626858802329134157e-02,-1.677972875614191020e-02,-1.554213616601375289e-02,-2.015506160806629019e-02
-1.590074749306504692e-02,-1.787209015545670326e-02,-1.838850950466260070e-02,-1.678174230086914437e-02,-2.336541583543893033e-02,-1.301522279538962906e-02,-1.639782689168299556e-02,-1.670709358261664515e-02,-1.556173911090217958e-02,-2.005456250796184420e-02
-1.597763999290549228e-02,-1.789169310034513169e-02,-1.834411403060210582e-02,-1.682268304888518903e-02,-2.335237602539566235e-02,-1.304652030243496144e-02,-1.650578416925663205e-02,-1.677841084471152350e-02,-1.552354849478767597e-02,-1.998386506267632937e-02
-1.594985541325935965e-02,-1.790402518091664674e-02,-1.837274636704403635e-02,-1.683783211569103710e-02,-2.341940234626287143e-02,-1.320059943806906576e-02,-1.651606436906780800e-02,-1.680180242472266439e-02,-1.555484600183300835e-02,-1.988114928212953575e-02
-1.596577325994521374e-02,-1.793664290471867068e-02,-1.847934769585873882e-02,-1.676903945270127524e-02,-2.330495279191795513e-02,-1.335467857370317007e-02,-1.661091084782625668e-02,-1.681012332118816954e-02,-1.553369431165384576e-02,-1.989348136270105427e-02
-1.604843841094631685e-02,-1.809072204035277326e-02,-1.846354091612908976e-02,-1.675599964265800726e-02,-2.323231761839269008e-02,-1.342277481800426692e-02,-1.663051379271468511e-02,-1.676572784712767467e-02,-1.542154433218300043e-02,-1.997708166258822804e-02
-1.613110356194741996e-02,-1.798178937042535161e-02,-1.828492464435577808e-02,-1.678729714970333964e-02,-2.315767112374515768e-02,-1.331550729884826284e-02,-1.663740974663718841e-02,-1.691980698276177725e-02,-1.551556467930079002e-02,-2.007110200970601763e-02
-1.629420699794664751e-02,-1.805868187026579696e-02,-1.839152597317048055e-02,-1.685432347057054872e-02,-2.316795132355633363e-02,-1.350452807535346827e-02,-1.659079290516980373e-02,-1.702709610879669239e-02,-1.554686218634612239e-02,-2.009839020839006632e-02
-1.622541433495688565e-02,-1.813557437010624232e-02,-1.836779207223558641e-02,-1.687392641545897715e-02,-2.333105475955556118e-02,-1.369354885185867371e-02,-1.685574818348284723e-02,-1.691982858964068831e-02,-1.546832613214937230e-02,-2.013381469842752056e-02
-1.611814681580088157e-02,-1.812976900326923255e-02,-1.829899940924582455e-02,-1.683412192401978827e-02,-2.325841958603029613e-02,-1.378219481384654506e-02,-1.693264068332329259e-02,-1.690813152064897171e-02,-1.540324751104679181e-02,-2.022246066041539364e-02
-1.620174711568805534e-02,-1.827477548554172146e-02,-1.833867384170428244e-02,-1.680633734437365565e-02,-2.324672251703857953e-02,-1.382498329352519796e-02,-1.691261953628428807e-02,-1.688962150904012305e-02,-1.536273769300472436e-02,-2.026340140843143831e-02
-1.630834844450275781e-02,-1.825746379855590351e-02,-1.846030108348637594e-02,-1.669906982521765157e-02,-2.323218474407608147e-02,-1.371442356823588532e-02,-1.680535201712828400e-02,-1.693695607593669397e-02,-1.545048771087744431e-02,-2.043475925985498154e-02
-1.629254166477310875e-02,-1.818475041849066179e-02,-1.835758530293958232e-02,-1.671076030597784534e-02,-2.331993476194879969e-02,-1.381570269128877884e-02,-1.673263863706304228e-02,-1.707357835581422081e-02,-1.546640555756329839e-02,-2.050068868238232034e-02
-1.626728614951282112e-02,-1.825284666279175863e-02,-1.832732778929542158e-02,-1.663812513245258029e-02,-2.314131849017548800e-02,-1.363221807871782543e-02,-1.666000346353777722e-02,-1.694270110577776947e-02,-1.539377038403803334e-02,-2.047043116873815960e-02
-1.619658870422730629e-02,-1.824851364706341766e-02,-1.849013850622173438e-02,-1.664172363396601920e-02,-2.315723633686134209e-02,-1.360696256345753953e-02,-1.675484994229622590e-02,-1.672608404909044222e-02,-1.531715742481807099e-02,-2.060705344861568644e-02
-1.617285480329241215e-02,-1.831983090915829601e-02,-1.854700287327001873e-02,-1.650318991574557803e-02,-2.297862006508803040e-02,-1.369648058231917251e-02,-1.673218156121157596e-02,-1.673983877580438942e-02,-1.529984573783225305e-02,-2.058438506753103650e-02
-1.599423853151910047e-02,-1.825656313607445722e-02,-1.836838660149670704e-02,-1.661114719331921452e-02,-2.280722339950894129e-02,-1.376779784441405086e-02,-1.677951612810814688e-02,-1.689391791143849200e-02,-1.526004124639306417e-02,-2.065570232962591485e-02
-1.600451873133027642e-02,-1.821216766201396234e-02,-1.842041081470929126e-02,-1.663843539200326321e-02,-2.276741890806975241e-02,-1.382966027949721760e-02,-1.687353647522593647e-02,-1.700763824320742496e-02,-1.504342418970573692e-02,-2.058306715610064980e-02
-1.602184194367386669e-02,-1.840118843851916777e-02,-1.834576432006175886e-02,-1.656773794671774838e-02,-2.288113923983868536e-02,-1.387699484639378679e-02,-1.700198699459422313e-02,-1.700183287637041518e-02,-1.493615667054973284e-02,-2.063509136931323401e-02
-1.607870631072215103e-02,-1.837093092487500703e-02,-1.838248313463404157e-02,-1.649510277319248333e-02,-2.295245650193356371e-02,-1.377427906584699491e-02,-1.701367747535441691e-02,-1.706885919723762426e-02,-1.486352149702446779e-02,-2.060730678966710139e-02
-1.610733864716408156e-02,-1.840764973944728974e-02,-1.845057937893513841e-02,-1.653604352120852800e-02,-2.281127784292580687e-02,-1.385216497018580857e-02,-1.707960689788175571e-02,-1.706757214573121142e-02,-1.487943934371032187e-02,-2.061090529118054029e-02
-1.604226002606149934e-02,-1.843493793813133844e-02,-1.852189664103001676e-02,-1.654293947513103130e-02,-2.285095227538426477e-02,-1.384941587593261844e-02,-1.717362724499954529e-02,-1.702706232768914224e-02,-1.502459618364899649e-02,-2.050197262125311864e-02
-1.605254022587267529e-02,-1.848696215134392265e-02,-1.861141465989164800e-02,-1.660886889765837010e-02,-2.281276165926976116e-02,-1.384666678167943005e-02,-1.737744500202813291e-02,-1.685855264706761711e-02,-1.510148868348944184e-02,-2.063887340899431960e-02
-1.600814475181218041e-02,-1.854882458642708939e-02,-1.851309414329255915e-02,-1.665165737733702300e-02,-2.286478587248234537e-02,-1.386398999402302032e-02,-1.735118636609999515e-02,-1.708398054041690081e-02,-1.503079123820392701e-02,-2.067981415701036427e-02
-1.616222388744628299e-02,-1.848190459560234908e-02,-1.856042871018913007e-02,-1.662640186207673537e-02,-2.291007484635470062e-02,-1.376991623159921733e-02,-1.727855119257473010e-02,-1.728059333676719780e-02,-1.496387124737918843e-02,-2.064000966557117539e-02
