-1.424613055836046211e-04,1.773296401416043794e-04,1.224103463095269420e-06,-3.714399863019471164e-05,6.636932263519627027e-05,-5.965585488119321683e-05,-7.338549281869549603e-05,-3.881434289791901426e-05,9.267052936945061048e-06,-1.121485439245511898e-04
-1.205806893942379995e-04,2.487041108380880390e-04,-1.199065986623033516e-04,3.423047206628894792e-05,-5.649034550120183608e-06,-1.343636601918146017e-04,6.646471202631954334e-05,-2.571741205474522163e-05,-7.017969632741810973e-05,-2.662276795586551812e-04
-1.522938395055211573e-04,2.368044732055363515e-04,-2.739857342964073430e-04,1.740806769113039873e-04,-2.406168919464669095e-05,-2.628558187689564868e-05,-8.761442360778444807e-05,-1.284239823172081667e-05,-8.207933395996979721e-05,-1.971862395899960825e-04
-3.063729751396251488e-04,2.013799831680805966e-04,-2.686741875107079118e-04,9.336232538283909931e-05,-1.781408248287506824e-04,-7.950544226031095243e-05,1.279793492880078754e-04,1.322492441502074031e-04,-1.070486326348613765e-05,-1.466349702957726354e-05
-4.378694581858184063e-04,3.412301880130956359e-04,-1.946417124353665151e-04,8.146268775028741183e-05,-8.371865378569375536e-05,-7.613899803828277739e-05,8.916500639008886116e-05,1.541298603395740248e-04,-2.260450089603782513e-05,-2.432259353277870266e-04
-2.684031965657244839e-04,1.871510523789916445e-04,-4.134009847205713257e-04,4.603819771283165687e-05,-3.122810920839035184e-04,-4.764527341799117827e-06,-4.233147665610439633e-05,-3.433298860061454773e-05,-3.186010968230326180e-05,-2.551255729603387140e-04
-3.404215537510409378e-04,3.307191674488765311e-05,-5.255495286451225155e-04,1.824226404514929555e-04,-3.196551164582852505e-04,-1.271868906446093316e-04,-1.379920907862582612e-05,1.390174202210115936e-04,-2.259305674535820076e-05,-3.769150186292635155e-04
-3.391974502879456684e-04,1.360008332204963415e-04,-7.140123775853110880e-04,1.775153575297568282e-04,-3.123497284507672231e-04,-3.255491263891585347e-04,6.023326599671557056e-05,7.123938003601943195e-05,-1.922661252333002571e-05,-5.084115016754567730e-04
-4.706939333341389258e-04,4.760837527538106483e-05,-7.494368676227668429e-04,1.178595026485636113e-04,-1.395046173917216612e-05,-3.162820734522134736e-04,4.364613259876860309e-05,1.771353649804949682e-04,-1.416489758261402394e-04,-4.673661818079458520e-04
-6.247730689682429173e-04,-2.709943003524032008e-05,-8.214552248080832968e-04,-1.363698039762964616e-05,-4.759740301012670670e-06,-2.133531569766047853e-04,3.439052381250316641e-05,4.563888193430171072e-05,-2.841102814097448605e-04,-3.614701968634703158e-04
-6.296803518899790446e-04,-3.899906766779200756e-05,-8.878267086511103202e-04,9.225900454684589011e-05,3.628557956649825032e-05,-3.255017009011559751e-04,1.373194402881118548e-04,-5.079349029861771839e-05,-3.252296451117710901e-04,-4.085164972392857060e-04
-5.296512644102724463e-04,-1.930782033018959990e-04,-9.410465690345256240e-04,-6.182013108725810131e-05,4.359096757401627765e-05,-4.049484501655191459e-04,-1.675969534599213665e-05,-1.629420342231689082e-04,-3.640439880096901044e-04,-3.852340485256076094e-04
-5.326532816358421542e-04,-3.148676489708208005e-04,-9.000012491670147030e-04,-1.666852168822640680e-04,-5.284140465890315146e-05,-2.938546133376928856e-04,-3.334682874393910413e-05,-5.704604927869337191e-05,-3.957571381209732623e-04,-4.586195413443031055e-04
-5.234625601976826588e-04,-3.413516244872137227e-04,-8.815981708003400559e-04,-9.784149918165736814e-05,1.244882354827012280e-04,-1.879586283932173493e-04,-1.053651859292555580e-04,-9.047457479420832529e-05,-3.538233455115955342e-04,-4.573954378812078361e-04
-5.568910857131976122e-04,-4.535001684117649125e-04,-6.736812921084527452e-04,8.356601907096527192e-05,1.477706841963793245e-04,-3.420377640273213407e-04,-3.399071523277189845e-05,-1.869069470271277544e-04,-2.479273605671199979e-04,-5.603924533278824456e-04
-5.495856977056795848e-04,-5.959614739953695336e-04,-5.996488170331113485e-04,5.708204355457234969e-05,-4.069216474380924799e-05,-2.731940463267146409e-04,1.058594896122431409e-04,-1.128744719517863577e-04,-6.651984231449735788e-05,-7.028537589114870667e-04
-4.832163750704833146e-04,-5.925950297733413585e-04,-5.777682008437447269e-04,1.311145186299137464e-04,2.815155295679745186e-05,-1.621002094988883806e-04,1.189564204554169335e-04,-4.403075425117965788e-05,1.490739305812949656e-04,-6.955483709039690394e-04
-4.168470524352870443e-04,-5.955970469989110665e-04,-6.165825437416637411e-04,7.634339684740442267e-05,7.008534556617517994e-05,-1.739998471314400681e-04,8.724327034413377566e-05,-2.317768395385503850e-04,-6.968534170390984495e-05,-7.220323464203619616e-04
-5.132794246682064734e-04,-7.180194103017212802e-04,-5.399695845217007423e-04,1.048756644248829929e-04,-8.399379006792881148e-05,-7.397075965173346979e-05,-3.454617532479102582e-05,-1.654075169033541147e-04,-4.780472551454322330e-05,-5.821821415753469222e-04
-3.681877822862782536e-04,-7.049224794585474876e-04,-4.711258668210940425e-04,2.447258692698980323e-04,4.431615611970752145e-05,-1.611977037854779972e-04,1.468613429278316142e-04,-9.403304620687045513e-05,-3.298659502172659151e-05,-4.762861566308713860e-04
-5.222669179203822450e-04,-7.420664780887421992e-04,-5.741228822677686520e-04,5.626302032970945978e-05,6.271923448638216849e-05,-3.799569760706828078e-04,-7.217792706272377172e-06,-2.164554095096806689e-04,-1.459360454796501498e-04,-4.946988112753978933e-04
-3.858824751817209464e-04,-8.167742833993635841e-04,-7.060832717909181497e-04,2.977904481331653756e-05,9.499374102966864734e-06,-3.389116562031718868e-04,-1.956806416464609497e-04,-2.761112643908738857e-04,-7.442677945882739295e-05,-4.283294886402016230e-04
-3.932564995561026785e-04,-9.708534190334675755e-04,-6.808277565306320367e-04,2.111865630659391776e-04,1.481092088866629592e-05,-3.653956317195648090e-04,-8.978465670198541339e-05,-6.420125079223220049e-04,-3.550593473557270979e-05,-2.127357157444092995e-04
-4.147018956940230327e-04,-1.124932554667571567e-03,-7.856928423256380033e-04,2.825610337624228372e-04,2.012246767436572711e-05,-1.828728891591459901e-04,8.356575211964072797e-05,-6.831318716243482345e-04,-2.438523489125188001e-05,-2.444488658556924574e-04
-6.121717834853328223e-04,-1.127934571893141275e-03,-8.886898577723126129e-04,1.704124898378716474e-04,2.543401446006515829e-05,-3.713357380993345625e-04,-7.051338351446326345e-05,-6.116226056035254776e-04,4.698923580523177955e-05,-1.385528809112169212e-04
-8.006346324255213948e-04,-1.027905484413434677e-03,-7.914956293901887537e-04,1.519998351933451401e-04,-1.049961056327763931e-06,-3.070709605472384278e-04,9.958825063594934149e-07,-3.908006902488582457e-04,-7.480020986369302193e-05,-2.603423265801417226e-04
-1.027753093545984066e-03,-8.162593236992463953e-04,-8.635139865755052076e-04,1.446258108189634080e-04,6.779375664427893591e-05,-2.330384854718970311e-04,1.120897193341857537e-04,-2.592875430658932254e-04,-2.067605993868425196e-04,-3.267138104231687460e-04
-1.123137812568174385e-03,-9.284078676237975851e-04,-6.940477249554112852e-04,1.557465106632842378e-04,8.619683501095358295e-05,-2.146354071052223840e-04,2.571813617161139735e-04,-1.902461030972341267e-04,-2.423785682642370064e-05,-3.433009438211157135e-04
-1.277216948202278268e-03,-9.100047892571229381e-04,-9.505595882103230233e-04,6.851956652953971032e-05,1.575713057074372425e-04,-2.220094314796041161e-04,6.871851277592540101e-05,-3.443252387313381182e-04,-1.311715698210287086e-05,-2.403720273455070252e-04
-1.275992844739182999e-03,-8.411610715565162382e-04,-8.841902655751267531e-04,1.373632842301464102e-04,1.343333139667923868e-04,-3.535059145257973736e-04,2.460481529175297805e-04,-3.516992631057198502e-04,-1.996457137782041077e-06,-4.288348762856955976e-04
-1.388942295197106557e-03,-1.006778867735701275e-03,-9.312365659509421432e-04,3.187708024827690502e-04,1.269592895924106547e-04,-3.946252782278236032e-04,3.519441378620053167e-04,-5.401621120459084227e-04,-2.385034327580073162e-04,-6.271971120302448008e-04
-1.476169239330850976e-03,-1.007481131682040447e-03,-9.700509088488611575e-04,2.576323392518443250e-04,1.055138934544903005e-04,-4.818522223615681306e-04,1.978650022279013253e-04,-3.918417806487686957e-04,-2.311980447504892889e-04,-5.213011270857692645e-04
-1.454288623141484355e-03,-1.073852615525067470e-03,-9.730529260744308654e-04,3.016928289057856961e-04,2.027081218366141597e-04,-3.789233058859594423e-04,2.231205174881874384e-04,-2.519915758037536563e-04,-2.385720691248710210e-04,-5.890791672707614262e-04
-1.526306980326800917e-03,-1.120898915900882861e-03,-9.896400594723779413e-04,4.467844712877139159e-04,6.000140538965040727e-05,-3.100795881853527424e-04,1.424021659597225504e-04,-2.657463025177002076e-04,-3.339567881470613397e-04,-6.056663006687083937e-04
-1.454932509630317257e-03,-9.810487110558678212e-04,-1.026784058102572653e-03,3.256537691623152949e-04,1.600304928693570055e-04,-3.632994485687680462e-04,3.579959388555148739e-04,-3.335243427026923693e-04,-3.711007867772560514e-04,-6.130403250430901257e-04
-1.473345164274843765e-03,-9.929483486884195086e-04,-1.013687127259398860e-03,3.489362178759933915e-04,2.288742105699637054e-04,-2.603705320931593578e-04,2.916244550124878505e-04,-3.082688274424062562e-04,-4.518191383057209394e-04,-6.395243005594830480e-04
-1.401970693578360105e-03,-1.034067712390445738e-03,-9.423126565629152008e-04,5.262658580175977709e-04,3.002486812664473649e-04,-1.889960613966756983e-04,2.196060978271713966e-04,-2.953938136193818512e-04,-6.883261139259462145e-04,-6.303335791213235525e-04
-1.396659146792660674e-03,-8.976832696517844396e-04,-9.472199394846513281e-04,5.393627888607715635e-04,3.946708523095042919e-04,-3.430751970307796897e-04,3.511192450101364168e-04,-2.805756831265652194e-04,-6.219567912907499442e-04,-7.844127147554275439e-04
-1.256808941947645634e-03,-8.263087989553007801e-04,-1.078716422530844477e-03,5.227756554628245960e-04,4.357161721770152129e-04,-3.211945808414130681e-04,1.970401093760324254e-04,-2.677006693035408145e-04,-7.760359269248539357e-04,-6.445625099104125046e-04
-1.513320805202557264e-03,-7.793186057794567433e-04,-1.267179271471032941e-03,7.001052956044289755e-04,4.191290387790682455e-04,-4.006413301057762388e-04,2.189207255653990471e-04,-2.664765658404455451e-04,-8.644283848699692123e-04,-7.109339937534395280e-04
-1.566540665585972568e-03,-1.006437066899919415e-03,-1.274553295845414673e-03,6.589859319024027459e-04,2.967066754762580317e-04,-5.662591262849611673e-04,6.484158993129505565e-05,-5.229884290953572832e-04,-8.591168380842697811e-04,-5.998401569256132677e-04
-1.551722535093155936e-03,-1.127567769025318144e-03,-1.105087034225320751e-03,6.540786489806666186e-04,3.630759981114543020e-04,-6.873898284103597883e-04,-1.007762062478898728e-04,-8.009009560177128085e-04,-8.945413281217255361e-04,-6.230781486662581234e-04
-1.705801670727260036e-03,-1.149013165163238499e-03,-1.128325025965965607e-03,5.329479468552679976e-04,3.098561377280389982e-04,-8.414689640444637797e-04,-2.674373117254847613e-05,-8.082749803920945405e-04,-8.726607119323589144e-04,-4.763472427733075453e-04
-1.801186389749450355e-03,-1.156387189537620231e-03,-1.056950555269481947e-03,5.614802144327465678e-04,4.531066594618420084e-04,-9.379013362773832088e-04,-6.786309487457470573e-05,-9.738927765712794690e-04,-8.958987036730037701e-04,-4.353019229057966243e-04
-1.827670365265843169e-03,-1.056358102057913632e-03,-1.047759833831322452e-03,5.128206931239973109e-04,2.990275238277380170e-04,-8.268074994495569485e-04,-8.445022827252167321e-05,-1.095682222240204270e-03,-1.094260939417552973e-03,-3.639274522093129648e-04
-1.761043177731485025e-03,-9.215678502725946093e-04,-1.079472983942605501e-03,5.201260811315153382e-04,3.002516272908332864e-04,-8.255833959864616791e-04,1.311435446232706503e-04,-1.148902082623619574e-03,-1.088949392631853542e-03,-3.731830609955784014e-04
-1.624658734992823726e-03,-1.075646985906698709e-03,-1.082475001168175209e-03,4.247413621093250194e-04,3.666209499260295566e-04,-8.667027596884879087e-04,1.495466229899452973e-04,-1.127021466434252953e-03,-1.135995693007668932e-03,-4.218425823043276584e-04
-1.621292290770795551e-03,-1.196777688032097439e-03,-1.150253041353167371e-03,4.688018517632663905e-04,4.379954206225132162e-04,-9.263586145696811255e-04,2.439687940330022243e-04,-1.108618388067578306e-03,-1.152582826405615900e-03,-4.402552369488541657e-04
-1.580246970903284630e-03,-1.284004632165841858e-03,-1.121720773775688801e-03,6.382681133833603129e-04,4.790407404900241372e-04,-7.865084097246660862e-04,3.130102340016613230e-04,-1.067573068200067385e-03,-1.341045675345804364e-03,-4.667392124652470879e-04
-1.866164192387127947e-03,-1.295904269798393545e-03,-1.108845759952664396e-03,7.781183182283753523e-04,3.134229443108392087e-04,-8.276277734266923158e-04,3.261071648448351156e-04,-1.122344189982576708e-03,-1.331778622408859303e-03,-6.208183480993510793e-04
-1.946882543915592727e-03,-1.270648754538107432e-03,-1.111847777178234103e-03,8.191636380958862733e-04,3.104209270852695008e-04,-8.630522634641480707e-04,1.286372770535253261e-04,-1.276423325616680808e-03,-1.367203112446315058e-03,-6.238203653249207873e-04
-2.001653665698102050e-03,-1.297132730054500246e-03,-9.803346299952690832e-04,9.674839694930260003e-04,2.556498053027601771e-04,-9.350706206494645246e-04,8.159097667770993587e-05,-1.205048854920197149e-03,-1.404347111076509769e-03,-4.890301135396017641e-04
-2.009027690072483566e-03,-1.205421886925102078e-03,-8.352429876133408634e-04,1.038858440189509551e-03,1.959939504215669603e-04,-1.001442104492491440e-03,9.640910717052656766e-05,-1.317197398844748447e-03,-1.327734151856546771e-03,-6.873923492841509672e-04
-2.050147053774509578e-03,-1.035955625305008156e-03,-6.953927827683258241e-04,9.792025853083163346e-04,5.353264483796233916e-05,-8.882517879144793786e-04,-3.508737587566668984e-05,-1.172105756462820227e-03,-1.251121192636583772e-03,-7.208208747996659206e-04
-1.918633906591544558e-03,-1.030644078519308724e-03,-6.265490650677191242e-04,9.420585866781216230e-04,6.998113073026970138e-05,-8.956258122888611107e-04,6.210685250645716932e-05,-1.267490475485010546e-03,-1.364070643094507330e-03,-8.432432381024761343e-04
-1.778783701746529519e-03,-1.077690378895124115e-03,-6.384487027002708117e-04,8.299100427535704332e-04,8.838420909694434842e-05,-1.049704947922965211e-03,-4.264631336569854082e-06,-1.310278955163664098e-03,-1.358759096308807899e-03,-9.747397211486693918e-04
-1.852169194565224906e-03,-1.003657903819782718e-03,-6.598940988381911659e-04,6.758309071194664418e-04,-1.556424095946074698e-05,-1.085129437960420965e-03,1.355855735084451853e-04,-1.431409657289062828e-03,-1.366133120683189631e-03,-8.348895163036543525e-04
-1.911825049446418123e-03,-1.063313758700975935e-03,-8.476401841255618930e-04,7.839089854343853948e-04,-1.434013749636547756e-05,-1.144785292841614182e-03,-6.875732075159435817e-06,-1.325513672344587291e-03,-1.520212256317293731e-03,-5.835190551371941892e-04
-1.958871349822233730e-03,-1.194810241747169301e-03,-8.847841827557566046e-04,6.627782833089867738e-04,-5.073084559420416514e-06,-1.287246598425218803e-03,-1.383722151213526933e-04,-1.406232023873052288e-03,-1.417283339841685042e-03,-6.305653555130095794e-04
-1.884838874746892334e-03,-1.054960036902154261e-03,-7.736903459279303443e-04,7.316220010095934737e-04,-1.262037866848190375e-04,-1.270798112532911441e-03,-2.103905723066691472e-04,-1.266381819028037248e-03,-1.317254252361978444e-03,-7.846444911471135708e-04
-2.016335357793085700e-03,-1.186456519948347627e-03,-7.451580783504517741e-04,9.089516411511978531e-04,-5.482931598833537794e-05,-1.194185153312948442e-03,-2.976175164404136746e-04,-1.192349343952695852e-03,-1.276208932494467523e-03,-7.793329443614141396e-04
-1.999886871900778337e-03,-1.115082049251863968e-03,-8.675804416532619879e-04,9.101757446142931226e-04,-2.089084516224393694e-04,-1.184994431874788947e-03,-4.516966520745176661e-04,-1.357967140131880780e-03,-1.292796065892414491e-03,-8.110460944726972975e-04
-1.888793035072952077e-03,-1.303544898192052649e-03,-9.146267420290773780e-04,7.877533813114829088e-04,-2.119104688480090773e-04,-1.189901714796525074e-03,-4.987429524503330562e-04,-1.523584936311065709e-03,-1.446875201526518374e-03,-8.037407064651792702e-04
-1.920506185184235343e-03,-1.192451061364226388e-03,-9.428667142823194845e-04,9.293300877355629768e-04,-2.085440246259809022e-04,-1.180634661859580013e-03,-6.198736545757316772e-04,-1.501704320121699087e-03,-1.468320597664438728e-03,-8.715187466501714319e-04
-1.923508202409805051e-03,-1.334912366947831009e-03,-9.416426108192242151e-04,8.171815438110117871e-04,-6.345238224405268246e-05,-1.160718581680032736e-03,-5.458411795003902806e-04,-1.622835022247097816e-03,-1.298854336044344806e-03,-1.003015229696364689e-03
-1.901627586220438430e-03,-1.263537896251347350e-03,-8.000659043951441471e-04,9.172106312907183853e-04,-1.166722426274679862e-04,-1.282508027348957646e-03,-7.744036177986000436e-04,-1.644280418385018171e-03,-1.330567486155627855e-03,-9.560250365205206526e-04
-2.055706721854542313e-03,-1.192163425554863690e-03,-9.040143544515492425e-04,9.887198973115411422e-04,-5.578405799641725921e-06,-1.275202639341439619e-03,-7.458713502211214734e-04,-1.786741723968622792e-03,-1.321376764717468360e-03,-9.149797166530097316e-04
-1.840112948958749989e-03,-1.346242561188967790e-03,-1.092477203391737815e-03,9.080015457830762542e-04,1.770404291403637059e-05,-1.233268846732061890e-03,-7.446472467580262039e-04,-1.715367253272139132e-03,-1.475455900351572459e-03,-7.698880742710815118e-04
-1.971609432004943138e-03,-1.467373263314366520e-03,-9.895482869161291266e-04,1.078727374878449274e-03,1.116909516089403115e-06,-1.364765329778255040e-03,-6.732727760615425444e-04,-1.836497955397537862e-03,-1.507169050462855726e-03,-7.587673744267606820e-04
-1.962342379067998077e-03,-1.327523058469351480e-03,-1.111970650218939340e-03,1.178756462358155873e-03,-1.028315405403156923e-04,-1.378520056492201591e-03,-6.947181721994628986e-04,-1.841405238319273989e-03,-1.358848719065715999e-03,-5.773598561741380419e-04
-2.084131824736922770e-03,-1.221627073524875944e-03,-1.243931039742088730e-03,1.165001735644209321e-03,-1.260695322809605480e-04,-1.607082494790411462e-03,-6.258744544988561987e-04,-1.973365627842423378e-03,-1.292479396430519728e-03,-5.892594938066897294e-04
-2.115844974848206037e-03,-1.343416519193800854e-03,-1.224014959562541452e-03,1.010922600010105438e-03,-1.207579854952611168e-04,-1.645896837688330585e-03,-6.630184531290509104e-04,-1.901991157145939719e-03,-1.267223881170233615e-03,-6.303788575087159590e-04
-2.152988973478400965e-03,-1.082003125578403146e-03,-1.411761044849912071e-03,9.876846082694605827e-04,-2.418886876206597378e-04,-1.542967921212721897e-03,-6.446153747623762633e-04,-1.873458889568461148e-03,-1.274597905544615347e-03,-4.988657103257509388e-04
-2.249421345711320394e-03,-1.115431651093917991e-03,-1.195584380226500211e-03,9.344647478860452789e-04,-9.679704523873151802e-05,-1.559555054610668864e-03,-7.567639186869274531e-04,-1.976455905015135975e-03,-1.321644205920430738e-03,-4.578203904582400178e-04
-2.177912079690497854e-03,-1.269510786728021874e-03,-1.231008870263955966e-03,1.005839218582528938e-03,-2.007454952951366134e-04,-1.778314326895873675e-03,-7.978832823889536827e-04,-2.174818140759685395e-03,-1.213566127605511785e-03,-6.234381866374249462e-04
-2.111542757055301367e-03,-1.372507802174696484e-03,-1.272128233965982196e-03,8.173763696423403660e-04,-3.327058848182861111e-04,-1.881311342342548284e-03,-9.519624180230576741e-04,-2.063724303931859134e-03,-1.252380470503430907e-03,-8.119010355776135187e-04
-2.233332202724226060e-03,-1.349225353461018387e-03,-1.331784088847175413e-03,8.459086372198189362e-04,-3.400799091926678432e-04,-1.775415357398072748e-03,-8.831187003224509743e-04,-1.916993398038908556e-03,-1.152351383023724309e-03,-7.455317129424172485e-04
-2.127436217779750741e-03,-1.437617811406133664e-03,-1.444733539305098971e-03,8.274959825752924289e-04,-5.384421449372170463e-04,-1.750159842137786635e-03,-8.738516473855059133e-04,-1.933580531436855524e-03,-1.052322295544017711e-03,-1.039274017320683269e-03
-2.202144023090372126e-03,-1.345906968276735496e-03,-1.431636608461925178e-03,8.182403737890269922e-04,-5.568547995817435536e-04,-1.731756763771111988e-03,-7.709227309098972249e-04,-1.922459831592534694e-03,-1.093441659246043940e-03,-1.092493877704098573e-03
-2.356223158724476009e-03,-1.355162577063000933e-03,-1.443536246094476866e-03,8.592856936565379132e-04,-5.515432527960441225e-04,-1.843905307695663069e-03,-6.650267459654216886e-04,-1.939046964990481662e-03,-9.905127427704352519e-04,-1.234955183287703194e-03
-2.428241515909792571e-03,-1.468112027520924491e-03,-1.434269193157531805e-03,7.929142098135108898e-04,-5.634428904285958099e-04,-1.855804945328214757e-03,-5.961830282648149888e-04,-1.830968886675562709e-03,-9.954200256921713792e-04,-1.423418032227891875e-03
-2.475287816285608178e-03,-1.521331887904339795e-03,-1.588348328791635688e-03,6.880491240185049231e-04,-5.664449076541655179e-04,-1.916943408559139590e-03,-4.494521223718644107e-04,-1.649561368422940068e-03,-1.000327308613907507e-03,-1.242010513975269235e-03
-2.469976269499908964e-03,-1.718801775695649476e-03,-1.701297779249559246e-03,4.315372607635931850e-04,-5.757005164404309545e-04,-1.905822708714818760e-03,-4.421467343643463834e-04,-1.847923604167489272e-03,-9.592819887463965856e-04,-1.147588342932212308e-03
-2.624055405134012846e-03,-1.861263081279254097e-03,-1.843759084833163867e-03,5.029117314600768445e-04,-5.043260457439472950e-04,-1.922409842112765728e-03,-4.451487515899160913e-04,-1.819391336590010701e-03,-9.758691221443435530e-04,-1.219606700117528870e-03
-2.555211687433406147e-03,-1.851996028342309036e-03,-1.915777442018480430e-03,5.439570513275877655e-04,-5.162256833764989825e-04,-1.741002323860143088e-03,-3.761073116212569926e-04,-1.799475256410463424e-03,-9.348238022768326320e-04,-1.385224496296713799e-03
-2.677634050736216360e-03,-1.835547542450001674e-03,-1.934190096663006937e-03,6.890486937095159853e-04,-6.477221664226922400e-04,-1.744004341085712796e-03,-2.702113266767814563e-04,-1.816062389808410392e-03,-7.311619301290201659e-04,-1.648542537445143747e-03
-2.606259580039732918e-03,-1.822672528626977269e-03,-1.905657829085528367e-03,6.170303365241995314e-04,-6.614768931366387912e-04,-1.755903978718264483e-03,-3.509296782052463443e-04,-1.744687919111926732e-03,-7.200412302846993361e-04,-1.802621673079247630e-03
-2.647378943741758930e-03,-1.869718829002792659e-03,-1.697740950393641056e-03,4.743236200772357790e-04,-5.147459872436882132e-04,-1.544257818004076202e-03,-3.646844049191928956e-04,-1.721405470398248636e-03,-6.434282710647363374e-04,-1.914770217003798711e-03
-2.625498327552392309e-03,-2.023797964636896759e-03,-1.895210838184950737e-03,3.621750761526845892e-04,-4.483766646084919429e-04,-1.587046297682729971e-03,-4.074728845978465566e-04,-1.852901953444442001e-03,-7.975074066988403288e-04,-1.769678574621870492e-03
-2.712725271686136728e-03,-2.045243360774817113e-03,-1.991643210417870166e-03,3.614728122063454174e-04,-4.621313913224384942e-04,-1.598945935315281659e-03,-4.821806899084679415e-04,-1.670379210884023182e-03,-8.239913822152332510e-04,-1.923757710255974591e-03
-2.786110764504832332e-03,-2.021960912061139017e-03,-2.145722346051974049e-03,3.144265118305300272e-04,-5.091776916982538844e-04,-1.711094479239832957e-03,-4.411353700409570205e-04,-1.696863186400416213e-03,-9.457808278841580525e-04,-1.662006507559356033e-03
-2.899060214962756107e-03,-2.008863981217965007e-03,-2.104677026184463128e-03,3.114244946049603193e-04,-7.279369639834586949e-04,-1.569517772815752889e-03,-5.283623141747015479e-04,-1.628019468699809513e-03,-1.099859963518262044e-03,-1.550912670731529773e-03
-2.979778566491220887e-03,-2.162943116852068890e-03,-1.998781041239987809e-03,1.573453589708563279e-04,-8.400855079080098847e-04,-1.597757745068994996e-03,-5.230507673890021168e-04,-1.488169263854794474e-03,-1.140979327220288274e-03,-1.704991806365633873e-03
-2.991678204123772791e-03,-2.204062480554095337e-03,-1.956847248630610298e-03,1.757484373375309749e-04,-1.117998034830365410e-03,-1.528716305100335897e-03,-5.564792929045170701e-04,-1.416659997833971717e-03,-1.126161196727471642e-03,-1.701625362143605697e-03
-2.982411151186827730e-03,-2.346769197001058981e-03,-2.077977950756009027e-03,2.471229080340146345e-04,-1.076952714962854489e-03,-1.505433856386657800e-03,-5.847192651577591766e-04,-1.245934168738598805e-03,-1.247950642396396335e-03,-1.890088211083794378e-03
-2.876515166242351977e-03,-2.131175424105266440e-03,-2.006603480059525151e-03,1.859844448030899093e-04,-1.098398111100774843e-03,-1.402504939911049112e-03,-4.113688563361330352e-04,-1.300705290521108129e-03,-1.336343100341511611e-03,-2.003037661541718154e-03
-3.030594301876455860e-03,-2.102643156527787653e-03,-2.086050229323888321e-03,1.373249234943406524e-04,-1.105772135475156575e-03,-1.600867175655598315e-03,-4.661399781186423589e-04,-1.194809305576632593e-03,-1.295297780474000690e-03,-2.024483057679638508e-03
-3.052039698014376214e-03,-2.119230289925734621e-03,-2.045004909456377400e-03,2.484187603221669127e-04,-1.096505082538211514e-03,-1.529492704959114656e-03,-3.947655074221586994e-04,-1.081618988998620532e-03,-1.390682499496191009e-03,-1.950450582604297111e-03
-2.912189493169361175e-03,-2.241019735594659314e-03,-1.905154704611362361e-03,3.197932310186505723e-04,-1.137624446240237744e-03,-1.500960437381636085e-03,-3.836448075778378696e-04,-1.088993013373002264e-03,-1.391384763442530181e-03,-1.908516789994919383e-03
-2.960849014478110323e-03,-2.102875873050827089e-03,-2.008151720058037187e-03,1.986625288932519513e-04,-1.269120929286431110e-03,-1.596345156403826404e-03,-2.437946027328228302e-04,-1.017618542676518604e-03,-1.382194042004370686e-03,-2.003901509017109485e-03
-2.889474543781626881e-03,-1.971362725867862285e-03,-2.024738853455984155e-03,2.986916163729585495e-04,-1.304545419323886865e-03,-1.750424292037930287e-03,-2.849139664348490598e-04,-9.074229549515589778e-04,-1.494342585928921767e-03,-2.070272992860136725e-03
-2.994339629576632956e-03,-2.014151205546516055e-03,-1.888354410717322856e-03,2.615476177427638379e-04,-1.282664803134520243e-03,-1.727141843324252191e-03,-2.968136040674007473e-04,-1.135985393249768632e-03,-1.493118482465826498e-03,-2.111392356562162738e-03
-2.965807361999154602e-03,-2.277469246694946003e-03,-1.941574271100738160e-03,2.868031330030499509e-04,-1.275359415127002216e-03,-1.717874790387307130e-03,-2.254391333709170877e-04,-9.961351884047535930e-04,-1.552774337347019714e-03,-2.143105506673446004e-03
-2.924762042131643681e-03,-2.443087042874130931e-03,-1.872730553400131460e-03,2.794291086286682189e-04,-1.397148860795927126e-03,-1.739320186525227484e-03,-2.865775966018418129e-04,-1.022619163921146407e-03,-1.539677406503845922e-03,-2.331568355613634468e-03
-3.045892744257042411e-03,-2.565509406176941145e-03,-1.796117594180168461e-03,2.130576247856411955e-04,-1.456804715677120343e-03,-1.861109632194152177e-03,-3.543556367868339746e-04,-1.063738527623172636e-03,-1.394585764121917702e-03,-2.443716899538185550e-03
-2.974518273560558534e-03,-2.459613421232465826e-03,-1.817562990318088816e-03,1.643981034768919386e-04,-1.645267564617308807e-03,-2.015188767828256060e-03,-3.617296611612157067e-04,-1.217817663257276736e-03,-1.466604121307234047e-03,-2.460304032936132517e-03
-3.096307719229483228e-03,-2.562610436679140652e-03,-1.949059473364282181e-03,1.255837605789729243e-04,-1.686386928319335036e-03,-2.169267903462359943e-03,-4.028490248632419363e-04,-1.173757173603335365e-03,-1.654350206594604883e-03,-2.386271557860791120e-03
-3.250386854863587111e-03,-2.791172874977350307e-03,-1.958315082150547618e-03,1.268078640420681937e-04,-1.698286565951886724e-03,-2.311729209045964781e-03,-4.293330003796348585e-04,-1.151876557413968744e-03,-1.672762861239131390e-03,-2.239540651967840759e-03
-3.206326365209645739e-03,-2.852311338208274923e-03,-1.933059566890261505e-03,-1.017545742561415693e-04,-1.657241246084375803e-03,-2.312431472992303953e-03,-4.094169202000875812e-04,-1.350238793158517947e-03,-1.659665930395957598e-03,-2.320259003496305539e-03
-3.036860103589551600e-03,-3.040774187148463387e-03,-1.981719088199010870e-03,-3.271313428748247060e-05,-1.769389790008926884e-03,-2.540993911290513607e-03,-3.064880037244788928e-04,-1.472028238827442857e-03,-1.631133662818479027e-03,-2.251415285795698839e-03
-2.933931187113943129e-03,-3.076198677185918925e-03,-1.940673768331499949e-03,7.021578218812621775e-05,-1.700546072308320184e-03,-2.552893548923065511e-03,-5.048502394690280960e-04,-1.603988628350592246e-03,-1.679793184127228393e-03,-2.111565080950683800e-03
-2.934633451060282300e-03,-3.061380546693102077e-03,-2.029066226276615009e-03,2.169466880810767958e-04,-1.682142993941645537e-03,-2.375563908781461349e-03,-6.002349584912184148e-04,-1.758067763984696129e-03,-1.682795201352798101e-03,-2.265644216584787683e-03
-2.925366398123337239e-03,-3.060156443230007024e-03,-2.183145361910718892e-03,1.449283308957603419e-04,-1.576247008997170001e-03,-2.424223430090210497e-03,-6.680129986762105765e-04,-1.812838885767205453e-03,-1.794943745277349182e-03,-2.224598896717276762e-03
-2.918061010115819212e-03,-2.803575480330678001e-03,-2.371608210850907356e-03,2.163028015922440015e-04,-1.615061351895089124e-03,-2.519608149112400816e-03,-6.461323824868439548e-04,-1.773918041043950769e-03,-1.781846814434175389e-03,-2.158229574082080708e-03
-3.083678806295004141e-03,-2.658483837948749998e-03,-2.302764493150300656e-03,3.294931181702560625e-04,-1.626960989527640811e-03,-2.708070998052589280e-03,-5.097479397481826562e-04,-1.805631191155233819e-03,-1.848218298277202413e-03,-2.174816707480027676e-03
-2.977782821350528387e-03,-2.633228322688464101e-03,-2.297452946364601442e-03,5.109006364228787025e-04,-1.640715716241587362e-03,-2.812936083847595355e-03,-5.085238362850873868e-04,-1.877649548340550381e-03,-2.002297433911306296e-03,-2.186716345112579146e-03
-3.044154305193555628e-03,-2.680274623064279708e-03,-2.284356015521427433e-03,5.772699590580749728e-04,-1.727942660375331781e-03,-2.944432566893788721e-03,-4.956488224620629818e-04,-1.866528848496229551e-03,-1.824967793769701916e-03,-2.183349900890550754e-03
-3.038842758407856413e-03,-2.671007570127334647e-03,-2.331402315897243040e-03,3.888071101178864003e-04,-1.882021796009435664e-03,-3.163191839178993749e-03,-6.497279580961669732e-04,-1.766499761016522953e-03,-1.860392283807157671e-03,-2.001942382637927897e-03
-3.118289507672219584e-03,-2.652604491760660217e-03,-2.306146800636957143e-03,2.347279744837824089e-04,-2.003811241678360357e-03,-3.211851360487742897e-03,-7.721503213989771870e-04,-1.801924251053978708e-03,-1.863394301032727379e-03,-1.896046397693452361e-03
-3.101841021779912222e-03,-2.581095225739837677e-03,-2.280891285376671247e-03,1.475010303500378815e-04,-2.267129282826790306e-03,-3.189970744298376275e-03,-8.385218052420042104e-04,-1.823369647191899062e-03,-1.923050155913920596e-03,-2.050125533327556461e-03
-3.035213834245553861e-03,-2.569974525895516847e-03,-2.327937585752486854e-03,2.873512351950529209e-04,-2.257938561388631027e-03,-3.151049899575121375e-03,-7.721524826068079401e-04,-1.977448782826002945e-03,-1.941462810558447103e-03,-1.944229548383080925e-03
-3.088433694628969165e-03,-2.724053661529620730e-03,-2.556500024050696509e-03,2.519267451575971659e-04,-2.256714457925535974e-03,-3.110004579707610455e-03,-7.795265069811896722e-04,-1.903416307750661549e-03,-1.875093487923250833e-03,-2.012007588568073303e-03
-3.105020828026916133e-03,-2.866514967113225135e-03,-2.549194636043178482e-03,2.032672238488479090e-04,-2.293858456555730903e-03,-3.086722130993932358e-03,-9.110229900273829296e-04,-1.924861703888581903e-03,-1.858645002030943471e-03,-1.935394629348110304e-03
-3.159791949809425456e-03,-2.721423324731297132e-03,-2.615566119886205722e-03,1.068348516159284799e-04,-2.382250914500846396e-03,-3.125536473891851481e-03,-9.657941118098922533e-04,-1.813767867060755642e-03,-1.819724157307688788e-03,-1.864020158651626645e-03
-3.183029941550070095e-03,-2.650048854034813689e-03,-2.642050095402598536e-03,9.946082724154674780e-05,-2.455636407319542001e-03,-3.157249624003134747e-03,-1.119873247443996245e-03,-1.744726427092096544e-03,-1.748349686611205128e-03,-1.985150860777025374e-03
-3.168211811057253247e-03,-2.518535706851848452e-03,-2.860809367687803563e-03,-1.192984450436580628e-04,-2.609715542953645884e-03,-3.185489596256376853e-03,-1.078827927576485324e-03,-1.816744784277412889e-03,-1.774833662127597942e-03,-1.970332730284208959e-03
-3.322290946691357130e-03,-2.262041254246189865e-03,-2.956194086709993882e-03,-5.292912240846179249e-05,-2.388893627598978435e-03,-3.234149117565126002e-03,-1.183693013371491399e-03,-1.876400639158606106e-03,-1.703459191431114282e-03,-2.112794035867813364e-03
-3.369337247067172303e-03,-2.046447481350397758e-03,-2.740600313814201341e-03,-5.938929232617755696e-06,-2.520390110645171801e-03,-3.128253132620650682e-03,-1.072599176543665139e-03,-1.972833011391525535e-03,-1.799891563664033712e-03,-2.369305899122724993e-03
-3.356240316223998293e-03,-2.037180428413452697e-03,-2.813985806632896946e-03,-8.940946458187463627e-06,-2.414494125700696048e-03,-3.099720865043171895e-03,-1.047343661283379026e-03,-1.989420144789472503e-03,-1.942352869247638333e-03,-2.300462181422118293e-03
-3.337837237857323863e-03,-1.931284443468977161e-03,-2.873641661514090163e-03,-6.859680133938068046e-05,-2.612856361445245468e-03,-3.122958856783816968e-03,-1.006298341415868105e-03,-2.120916627835665869e-03,-2.002008724128831550e-03,-2.295150634636419079e-03
-3.373261727894779835e-03,-1.793140580925144936e-03,-2.855238583147415299e-03,-1.074111442372996947e-04,-2.611632257982150415e-03,-3.321321092528366388e-03,-1.110246791472273200e-03,-2.115605081049966654e-03,-2.106873809923837625e-03,-2.228781312001222592e-03
-3.452708477159143006e-03,-1.653290376080129897e-03,-2.844117883303094469e-03,-1.807966370559951907e-04,-2.700024715927265909e-03,-3.105727319632573848e-03,-1.126833924870220167e-03,-2.106338028113021593e-03,-2.030260850703874409e-03,-2.181791118825378555e-03
-3.410774684549765061e-03,-1.515146513536297672e-03,-2.838806336517394821e-03,-2.162211270934509457e-04,-2.738839058825185031e-03,-2.960635677250645845e-03,-1.119528536862702140e-03,-2.145152371010940716e-03,-2.061974000815157675e-03,-2.156535603565092225e-03
-3.339400213853281618e-03,-1.446302795835690972e-03,-2.918253085781757992e-03,-1.448466563969672861e-04,-2.937201294569734451e-03,-2.889261206554162402e-03,-1.112223148855184113e-03,-2.206290834241865333e-03,-2.017913511161216304e-03,-2.228553960750408788e-03
-3.382188693531935388e-03,-1.374928325139207312e-03,-3.031202536239681333e-03,-2.659773585223659071e-04,-2.865826823873251009e-03,-3.043340342188266285e-03,-1.083690881277705543e-03,-2.211198117163601460e-03,-2.060701990839870074e-03,-2.281773821133824091e-03
-3.494337237456486469e-03,-1.306084607438600612e-03,-3.054440527980326406e-03,-2.495288726300585449e-04,-3.019905959507354892e-03,-3.046342359413835993e-03,-1.302450153562910353e-03,-2.316063202958607535e-03,-1.920851785994855034e-03,-2.175877836189348338e-03
-3.422962766760002593e-03,-1.360855729221109936e-03,-3.047135139972808379e-03,-3.616774165546097347e-04,-2.953278771972996965e-03,-3.107480822644760610e-03,-1.328934129079303167e-03,-2.357182566660633548e-03,-2.139611058280060062e-03,-2.214692179087267461e-03
-3.381028974150625081e-03,-1.221005524376094897e-03,-3.201214275606912261e-03,-3.735770541871614222e-04,-3.000325072348812572e-03,-3.119380460277312514e-03,-1.483013264713407050e-03,-2.290813244025437061e-03,-2.337973294024609482e-03,-2.205425126150322400e-03
-3.397616107548572049e-03,-1.375084660010198780e-03,-3.190093575762591432e-03,-4.947077563125600432e-04,-3.066696556191839812e-03,-3.072390267101468477e-03,-1.496767991427353601e-03,-2.272410165658762631e-03,-2.266598823328126039e-03,-2.273203166335314562e-03
-3.450835967931987353e-03,-1.462311604143943199e-03,-3.121249858061984732e-03,-4.893962095268606120e-04,-3.220775691825943695e-03,-3.001015796404984601e-03,-1.483892977604329196e-03,-2.460873014598951095e-03,-2.420677958962229922e-03,-2.327974288117823885e-03
-3.347907051456378881e-03,-1.494024754255226465e-03,-3.008059541483972671e-03,-2.685742941721933801e-04,-3.308002635959688114e-03,-2.831549534784890895e-03,-1.465489899237654549e-03,-2.509532535907700243e-03,-2.574757094596333805e-03,-2.399992645303140448e-03
-3.414278535299406121e-03,-1.419992279179885068e-03,-3.103444260506162990e-03,-3.909966574750035938e-04,-3.462081771593791997e-03,-3.020012383725079359e-03,-1.560874618259844868e-03,-2.521432173540252147e-03,-2.505913376895727105e-03,-2.402994662528710156e-03
-3.435723931437326475e-03,-1.414680732394185637e-03,-3.032069789809679547e-03,-3.691160412856369722e-04,-3.388049296518450600e-03,-3.123960833781484238e-03,-1.454978633315369332e-03,-2.568478473916067754e-03,-2.608910392342401498e-03,-2.300065746053101684e-03
-3.422627000594152466e-03,-1.306602654079266684e-03,-3.065498315325194609e-03,-3.721180585112066801e-04,-3.542128432152554483e-03,-3.219345552803674557e-03,-1.346900555000450379e-03,-2.575852498290449703e-03,-2.611912409567971206e-03,-2.253075552877257647e-03
-3.502073749858515637e-03,-1.290154168186959322e-03,-3.197458704848343998e-03,-3.751200757367763880e-04,-3.796726726140818749e-03,-3.147971082107191114e-03,-1.345676451537355109e-03,-2.566661776852290425e-03,-2.606600862782271558e-03,-2.300121853253072821e-03
-3.506981032780251764e-03,-1.356525652029986345e-03,-3.188191651911398937e-03,-3.698085289510769568e-04,-3.950805861774923065e-03,-3.302050217741294997e-03,-1.488137757120959730e-03,-2.525616456984779504e-03,-2.613974887156653507e-03,-2.372140210438389383e-03
-3.628111734905650494e-03,-1.359527669255556053e-03,-3.301141102369322712e-03,-3.912539250889973111e-04,-3.810955656929908026e-03,-3.397434936763485316e-03,-1.504724890518906698e-03,-2.612843401118523923e-03,-2.627729613870599841e-03,-2.403853360549672649e-03
-3.561742412270454440e-03,-1.462524684702230663e-03,-3.229766631672839269e-03,-5.232143146121468087e-04,-3.599309496215719745e-03,-3.493867308996404745e-03,-1.658804026153010581e-03,-2.405617236751599747e-03,-2.556355143174116398e-03,-2.406855377775242357e-03
-3.461713324790748059e-03,-1.388492209626889266e-03,-3.232768648898408977e-03,-5.398014480100937762e-04,-3.576027047502041648e-03,-3.536655788675058514e-03,-1.680249422290930935e-03,-2.477635593936916309e-03,-2.577800539312036752e-03,-2.560934513409346240e-03
-3.446895194297931210e-03,-1.366611593437522644e-03,-3.092918444053393938e-03,-4.734321253748975059e-04,-3.718733763949005292e-03,-3.548555426307609985e-03,-1.413623304169338291e-03,-2.609595983460065698e-03,-2.568533486375091691e-03,-2.703641229856309884e-03
-3.405849874430420289e-03,-1.564973829182071847e-03,-3.134037807755419951e-03,-4.091673478228013711e-04,-3.771953624332420596e-03,-3.702634561941713868e-03,-1.307727319224862754e-03,-2.503699998515590379e-03,-2.623304608157601015e-03,-2.563791025011294845e-03
-3.437563024541703555e-03,-1.493599358485588188e-03,-3.299655603934604879e-03,-5.976301967629899436e-04,-3.762686571395475535e-03,-3.890380647229084703e-03,-1.296606619380541925e-03,-2.363849793670575340e-03,-2.626306625383170723e-03,-2.604910388713321291e-03
-3.415682408352336934e-03,-1.614730060610986700e-03,-3.336799602564799808e-03,-7.860930457031785161e-04,-3.875636021853399310e-03,-4.033087363676048781e-03,-1.297308883326881096e-03,-2.452242251615690399e-03,-2.780385761017274606e-03,-2.533535918016837848e-03
-3.489067901171032538e-03,-1.508834075666511164e-03,-3.391570724347309131e-03,-8.982415896277297059e-04,-3.850380506593113414e-03,-4.146036814133972556e-03,-1.365086923511873258e-03,-2.383200811647031084e-03,-2.829045282326023755e-03,-2.464692200316231149e-03
-3.548723756052225755e-03,-1.499567022729566103e-03,-3.440230245656058280e-03,-1.019372291753128327e-03,-3.835562376100296565e-03,-4.129588328241664760e-03,-1.365789187458212430e-03,-2.390574836021413033e-03,-2.729016194846316939e-03,-2.370270029273174005e-03
-3.622109248870921359e-03,-1.502569039955135811e-03,-3.427355231833033658e-03,-8.486464626577554151e-04,-3.903340416285288727e-03,-4.195959812084692001e-03,-1.397502337569495479e-03,-2.290545748541706651e-03,-2.883095330480420822e-03,-2.449716778537537176e-03
-3.581063929003410438e-03,-1.458508550301194440e-03,-3.690673272981463606e-03,-7.772719919612717555e-04,-3.831965945588804850e-03,-4.452471675339604064e-03,-1.444548637945310869e-03,-2.150695543696691612e-03,-2.734774999083281095e-03,-2.545101497559727494e-03
-3.660510678267773609e-03,-1.545735494434939076e-03,-3.587744356505854701e-03,-8.902214424191953138e-04,-3.757933470513463454e-03,-4.459845699713986013e-03,-1.428100152053003507e-03,-2.079321073000207735e-03,-2.768203524598796157e-03,-2.445072410080020679e-03
-3.645692547774957194e-03,-1.620443299745560461e-03,-3.559212088928375914e-03,-9.039761691331418651e-04,-3.588467208893369315e-03,-4.527623739898978608e-03,-1.459813302164286557e-03,-2.221782378583812140e-03,-2.801632050114311219e-03,-2.345043322600314298e-03
-3.623811931585590573e-03,-1.673663160128975765e-03,-3.575799222326322881e-03,-1.092439018073330329e-03,-3.602221935607315649e-03,-4.421727754954502855e-03,-1.476400435562233524e-03,-2.288153862426839380e-03,-2.869410090299303381e-03,-2.476539805646507664e-03
-3.745601377254515266e-03,-1.604819442428369065e-03,-3.707295705372516247e-03,-1.179665962207074748e-03,-3.303012534360346038e-03,-4.424729772180072129e-03,-1.537538898793158141e-03,-2.177060025599013120e-03,-3.057872939239491845e-03,-2.597670507771906393e-03
-3.639705392310039513e-03,-1.653478963737118213e-03,-3.895758554312704711e-03,-1.138620642339563827e-03,-3.457091669994449921e-03,-4.499437577490693514e-03,-1.496493578925647220e-03,-2.365522874539201584e-03,-2.876465420986869422e-03,-2.624154483288299207e-03
-3.666189367826432326e-03,-1.774609665862516943e-03,-3.873877938123338090e-03,-1.129353589402618766e-03,-3.516747524875643138e-03,-4.755949440745605578e-03,-1.545153100234396368e-03,-2.519602010173305467e-03,-2.988613964911420503e-03,-2.745285185413697936e-03
-3.646273287646884832e-03,-1.703235195166033283e-03,-3.890465071521285057e-03,-1.182573449786034070e-03,-3.388437578688006588e-03,-4.758951457971175719e-03,-1.405302895389381329e-03,-2.587380050358297628e-03,-3.120110447957613869e-03,-2.800056307196207260e-03
-3.742705659879804261e-03,-1.764373658396958117e-03,-3.931584435223311504e-03,-1.255958942604729674e-03,-3.207030060435383731e-03,-4.761953475196745861e-03,-1.308108667007257470e-03,-2.568976971991623198e-03,-3.274189583591717752e-03,-2.584462534300414720e-03
-3.741481556416709209e-03,-1.717383465221114080e-03,-4.085663570857415820e-03,-1.410038078238833557e-03,-3.294257004569128150e-03,-4.793666625308028693e-03,-1.473726463186442398e-03,-2.610096335693649211e-03,-3.017608620692388728e-03,-2.610946509816807534e-03
-3.788527856792524816e-03,-1.778521928452038697e-03,-4.181048289879606139e-03,-1.458697599547582706e-03,-3.310844137967075117e-03,-4.754745780584774227e-03,-1.627805598820546498e-03,-2.714044785750054090e-03,-3.029508258324940632e-03,-2.620202118603072970e-03
-3.942606992426629132e-03,-1.910482317975188086e-03,-4.164599803987298343e-03,-1.387323128851099046e-03,-3.174459695228414036e-03,-4.713700460717263306e-03,-1.654289574336939312e-03,-2.704854064311894811e-03,-3.183587393959044515e-03,-2.618978015139977918e-03
-3.964052388564549487e-03,-1.804586333030712550e-03,-4.296560193510447732e-03,-1.466769878115462217e-03,-3.200943670744806849e-03,-4.727455187431209641e-03,-1.514439369491924273e-03,-2.601925147836286339e-03,-3.249958877802071322e-03,-2.516049098664369446e-03
-4.191170849685012592e-03,-1.827824324771357405e-03,-4.202138022467391022e-03,-1.355676041287635957e-03,-3.332904060267956239e-03,-4.627426099951503259e-03,-1.702902218432112737e-03,-2.613824785468838244e-03,-3.291078241504097335e-03,-2.532636232062316414e-03
-4.296035935480018234e-03,-1.874870625147172796e-03,-4.088947705889378961e-03,-1.340857910794819325e-03,-3.435901075714630631e-03,-4.674472400327318866e-03,-1.856981354066216620e-03,-2.519402614425781534e-03,-3.445157377138201218e-03,-2.686715367696420297e-03
-4.417166637605416529e-03,-1.806026907446566096e-03,-4.063692190629093065e-03,-1.528603996082190161e-03,-3.296050870869615592e-03,-4.715591764029344879e-03,-1.969930804524139961e-03,-2.445370139350440137e-03,-3.480581867175656756e-03,-2.687417631642759468e-03
-4.604912722892787365e-03,-1.886745258975031092e-03,-4.048874060136276216e-03,-1.716350081369560996e-03,-3.309805597583562360e-03,-4.534184245776722022e-03,-1.944675289263853848e-03,-2.518755632169135741e-03,-3.481284131121995928e-03,-2.819378021165908858e-03
-4.758991858526891681e-03,-1.925559601872950215e-03,-4.202953195770380533e-03,-1.742834056885953810e-03,-3.268760277716051439e-03,-4.523063545932400759e-03,-1.870577371661848870e-03,-2.447381161472652299e-03,-3.569676589067110987e-03,-2.800974942799233994e-03
-4.749801137088732403e-03,-2.123921837617499635e-03,-4.277661001081001918e-03,-1.823552408414418589e-03,-3.305904276346246368e-03,-4.349713137110774834e-03,-1.875484654583584997e-03,-2.341485176528176546e-03,-3.666108961300030417e-03,-2.812874580431785898e-03
-4.613416694350070887e-03,-2.278000973251603518e-03,-4.431740136715106235e-03,-1.717656423469943053e-03,-3.437400759392439734e-03,-4.238619300282948574e-03,-1.834439334716074076e-03,-2.436869895550366864e-03,-3.458882796933106241e-03,-2.908259299453976217e-03
-4.507520709405595134e-03,-2.096593454998981094e-03,-4.552870838840504530e-03,-1.641043464249980054e-03,-3.366026288695956291e-03,-4.427082149223137038e-03,-1.869863824753529831e-03,-2.180288932651037841e-03,-3.533590602243727626e-03,-2.996651757399091710e-03
-4.649982014989199539e-03,-2.250672590633084977e-03,-4.624889196025820659e-03,-1.652943101882531742e-03,-3.260130303751480538e-03,-4.211488376327344497e-03,-1.916910125129345221e-03,-2.040438727806022801e-03,-3.459558127168386229e-03,-3.099648772845766537e-03
-4.676465990505592786e-03,-2.404751726267188860e-03,-4.553514725329337216e-03,-1.547047116938056206e-03,-3.260832567697819710e-03,-4.105592391382868744e-03,-1.959698604807998991e-03,-2.194517863440126684e-03,-3.494982617205841767e-03,-3.159304627726959754e-03
-4.874828226250142206e-03,-2.298855741322713107e-03,-4.554216989275676822e-03,-1.401955474556127986e-03,-3.261534831644158881e-03,-4.034217920686385302e-03,-1.918653284940488070e-03,-2.275236214968591464e-03,-3.597979632652516593e-03,-3.240022979255424533e-03
-4.803453755553658763e-03,-2.378302490587076278e-03,-4.649601708297867141e-03,-1.327922999480786589e-03,-3.383957194946969095e-03,-4.088989042468894192e-03,-2.050149767986681436e-03,-2.130144572586663461e-03,-3.752058768286620476e-03,-3.168648508558941090e-03
-4.934950238599852129e-03,-2.532381626221180161e-03,-4.575569233222526178e-03,-1.302667484220500476e-03,-3.275879116632050142e-03,-4.063733527208608295e-03,-1.981306050286074736e-03,-2.142044210219215365e-03,-3.783771918397903743e-03,-3.322727644193044973e-03
-4.757620598458247967e-03,-2.592037481102373378e-03,-4.697358678891451304e-03,-1.423798186345899205e-03,-3.141088864846730902e-03,-4.086971518949253368e-03,-2.135385185920178619e-03,-2.070534944198392825e-03,-3.824891282099929755e-03,-3.251353173496561097e-03
-4.617770393613232494e-03,-2.570156864913006756e-03,-4.515951160638828447e-03,-1.320869269870290517e-03,-3.135777318061031688e-03,-4.061716003688967472e-03,-2.116982107553504189e-03,-2.071237208144731997e-03,-3.803010665910563134e-03,-3.290167516394480220e-03
-4.546395922916749051e-03,-2.560966143474847044e-03,-4.504830460794508051e-03,-1.209775433042464257e-03,-3.149532044774978022e-03,-4.069090028063349421e-03,-2.271061243187608072e-03,-2.094475199885376636e-03,-3.851670187219312282e-03,-3.288943412931385167e-03
-4.558295560549300955e-03,-2.599780486372766167e-03,-4.491733529951334042e-03,-1.073390990303802958e-03,-3.136435113931804013e-03,-4.173038478119754299e-03,-2.318107543563423245e-03,-2.155613663116301253e-03,-3.829789571029945661e-03,-3.283631866145685953e-03
-4.746758409489489419e-03,-2.687007430506510586e-03,-4.519973502204576582e-03,-1.139762474146829982e-03,-3.196090968812997229e-03,-4.182294086906020170e-03,-2.397554292827786416e-03,-2.014036956692221401e-03,-3.848202225674472385e-03,-3.102224347893063096e-03
-4.785572752387408542e-03,-2.471413657610718045e-03,-4.651469985250769948e-03,-1.070918756446223282e-03,-3.026624707192903524e-03,-4.040717380481940318e-03,-2.438673656529812862e-03,-2.168116092326325284e-03,-3.670872585532868222e-03,-3.182942699421527875e-03
-4.757040484809929755e-03,-2.466102110825018831e-03,-4.467867026018378790e-03,-9.968862813708818851e-04,-2.960255384557707037e-03,-4.079531723379859441e-03,-2.364641181454471466e-03,-2.322195227960429167e-03,-3.673874602758437930e-03,-3.314903088944677265e-03
-4.911119620444034072e-03,-2.446186030645471771e-03,-4.621946161652483107e-03,-9.915747345851824539e-04,-3.008914905866456185e-03,-4.091431361012411345e-03,-2.293266710757987589e-03,-2.281149908092918246e-03,-3.795005304883836660e-03,-3.503365937884865729e-03
-5.006504339466224390e-03,-2.525632779909834941e-03,-4.850508599950693195e-03,-1.072293086113647233e-03,-3.096141850000200604e-03,-4.194428376459086172e-03,-2.529773686378212864e-03,-2.178220991617309775e-03,-3.848225165267251963e-03,-3.484962859518191299e-03
-4.965459019598713469e-03,-2.484587460042324020e-03,-5.038971448890881659e-03,-9.028268244935533111e-04,-3.184534307945316098e-03,-4.220912351975479419e-03,-2.352444046236608702e-03,-2.300643354920119989e-03,-3.703133522885323527e-03,-3.475695806581246237e-03
-4.950640889105896621e-03,-2.638666595676427903e-03,-5.093742570673390549e-03,-9.310667967467954175e-04,-3.007204667803711935e-03,-4.211645299038534358e-03,-2.431890795500971873e-03,-2.275387839659834092e-03,-3.631759052188840084e-03,-3.466428753644301176e-03
-5.207152752360808684e-03,-2.567292124979944461e-03,-5.134861934375416562e-03,-7.577163879251692762e-04,-2.994107736960537926e-03,-4.365724434672638675e-03,-2.334696567118848230e-03,-2.268082451652316065e-03,-3.555146092968876868e-03,-3.330044310905639661e-03
-5.268291215591733301e-03,-2.495917654283461018e-03,-5.175981298077442574e-03,-9.001776935087738973e-04,-3.148186872594641809e-03,-4.486855136798036971e-03,-2.321821553295824042e-03,-2.173660280609258921e-03,-3.743608941909065332e-03,-3.472751027352603305e-03
-5.243035700331447405e-03,-2.638378959867065422e-03,-5.330060433711546891e-03,-9.488372148175231542e-04,-3.109266027871386909e-03,-4.618815526321186360e-03,-2.353534703407107308e-03,-2.245678637794575484e-03,-3.725205863542390902e-03,-3.403907309651996605e-03
-5.346032715778122231e-03,-2.567004489170581980e-03,-5.334967716633283452e-03,-9.654243482154701217e-04,-3.240762510917580275e-03,-4.602367040428878564e-03,-2.360908727781488824e-03,-2.139782652850100164e-03,-3.778425723925806206e-03,-3.441051308282191100e-03
-5.534495564718310695e-03,-2.595244461423824086e-03,-5.153560198380660595e-03,-1.025080203096663447e-03,-3.245669793839316402e-03,-4.706315490485283443e-03,-2.374663454495435158e-03,-2.134471106064400950e-03,-3.672529738981330887e-03,-3.427954377439017090e-03
-5.551082698116258096e-03,-2.523869990727340210e-03,-5.192374541278579718e-03,-1.015813150159718386e-03,-3.232794780016291780e-03,-4.566465285640268837e-03,-2.236519591951602933e-03,-2.157709097805046022e-03,-3.659432808138156877e-03,-3.646713649724221684e-03
-5.529202081926891041e-03,-2.666331296310944614e-03,-5.380837390218768182e-03,-1.056932513861744615e-03,-3.163951062315685080e-03,-4.543182836926590307e-03,-2.424982440891791397e-03,-2.244936041938790441e-03,-3.685916783654549691e-03,-3.605668329856710763e-03
-5.595573565769918281e-03,-2.703475294941139542e-03,-5.476222109240958501e-03,-1.083416489378137646e-03,-3.125030217592430180e-03,-4.528364706433773458e-03,-2.353607970195307521e-03,-2.235745320500631163e-03,-3.727036147356576137e-03,-3.600356783071011549e-03
-5.783319651057289117e-03,-2.782922044205502713e-03,-5.548240466426274629e-03,-1.214912972424331012e-03,-3.106627139225755750e-03,-4.388514501588757985e-03,-2.425626327380624083e-03,-2.492257183755542792e-03,-3.765850490254495260e-03,-3.742818088654615953e-03
-5.895468194981840632e-03,-2.677026059261027394e-03,-5.507195146558763708e-03,-1.327862422882254570e-03,-3.145441482123674873e-03,-4.346580708979380474e-03,-2.579705463014727966e-03,-2.540916705064291941e-03,-3.650625516029953801e-03,-3.733551035717670892e-03
-5.892101750759812240e-03,-2.764253003394771813e-03,-5.367344941713748235e-03,-1.324495978660226395e-03,-3.287902787707279277e-03,-4.500659844613484790e-03,-2.722166768598332370e-03,-2.694995840698395824e-03,-3.711763979260878418e-03,-3.887630171351774775e-03
-6.034808467206775884e-03,-2.664223915915065431e-03,-5.521424077347852552e-03,-1.253121507963742736e-03,-3.269499709340604847e-03,-4.429285373917001348e-03,-2.680232975988954859e-03,-2.628368653164037463e-03,-3.771419834142071634e-03,-4.030091476935379613e-03
-6.088028327590191621e-03,-2.818303051549169314e-03,-5.454796889813494191e-03,-1.181747037267259076e-03,-3.240967441763126060e-03,-4.583364509551105664e-03,-2.679008872525859807e-03,-2.561741465629679103e-03,-3.663341755827152681e-03,-4.218554325875568077e-03
-6.219524810636384987e-03,-2.812991504763469666e-03,-5.380764414738153228e-03,-1.186654320188995203e-03,-3.250223050549391497e-03,-4.410014100729479740e-03,-2.833088008159963690e-03,-2.602860829331705116e-03,-3.691581728080394788e-03,-4.002960552979775537e-03
-6.226898835010766936e-03,-2.707095519818993913e-03,-5.512260897784346594e-03,-1.275046778134110480e-03,-3.337449994683135916e-03,-4.552475406313084144e-03,-2.871902351057882812e-03,-2.734821218854854505e-03,-3.880044577020583252e-03,-4.036389078495290599e-03
-6.348029537136165232e-03,-2.705871416355898861e-03,-5.502993844847401533e-03,-1.256643699767435833e-03,-3.392221116465645239e-03,-4.561731015099350015e-03,-2.968334723290802241e-03,-2.795959682085779122e-03,-3.915469067058039224e-03,-3.896538873650275559e-03
-6.427476286400527969e-03,-2.827002118481297590e-03,-5.431619374150918091e-03,-1.247452978329276338e-03,-3.363688848888166452e-03,-4.641177764363712752e-03,-3.055561667424546660e-03,-2.927456165131972488e-03,-4.069548202692143540e-03,-4.115298145935480587e-03
-6.474522586776343576e-03,-2.695488971298332787e-03,-5.434621391376487365e-03,-1.319471335514592683e-03,-3.475837392812717534e-03,-4.538248847888104280e-03,-3.209640803058650543e-03,-2.883395675478031116e-03,-4.257294287979514376e-03,-4.090042630675194690e-03
-6.405678869075736442e-03,-2.670233456038046890e-03,-5.530006110398677684e-03,-1.310280614076433188e-03,-3.474613289349622047e-03,-4.541250865113673554e-03,-3.264411924841159867e-03,-2.662573760123364101e-03,-4.185919817283030933e-03,-4.162060987860510819e-03
-6.662190732330648506e-03,-2.824312591672150773e-03,-5.577052410774493291e-03,-1.175490362291114164e-03,-3.628692424983725930e-03,-4.438321948638065083e-03,-3.273667533627425304e-03,-2.665575777348933809e-03,-4.339998952917135250e-03,-4.090686517164027376e-03
-6.816269867964752822e-03,-2.978391727306254656e-03,-5.665444868719608784e-03,-1.180397645212850292e-03,-3.623380878198026282e-03,-4.592401084272169400e-03,-3.427746669261529187e-03,-2.697288927460217076e-03,-4.351898590549687154e-03,-4.288156404955337057e-03
-6.777349023241498356e-03,-2.904359252230913260e-03,-5.529060425980947269e-03,-1.334476780846954175e-03,-3.485237015654194057e-03,-4.714823447574979613e-03,-3.361377346626333133e-03,-2.916048199745421669e-03,-4.505977726183791471e-03,-4.286932301492242005e-03
-6.850734516060193527e-03,-2.965497715461837876e-03,-5.389210221135932663e-03,-1.402254821031946336e-03,-3.501824149052141025e-03,-4.857284753158584018e-03,-3.427748830469360374e-03,-3.070127335379525552e-03,-4.660056861817895787e-03,-4.441011437126346321e-03
-6.828853899870826472e-03,-2.894123244765354000e-03,-5.428024564033851786e-03,-1.333411103331339637e-03,-3.504826166277710733e-03,-5.085847191456794106e-03,-3.550171193772170587e-03,-3.224206471013629435e-03,-4.814135997452000104e-03,-4.553960887584270097e-03
-6.982933035504930788e-03,-3.048202380399457883e-03,-5.482795685816360676e-03,-1.487490238965443520e-03,-3.288649501654299090e-03,-5.097746829089346010e-03,-3.629617943036533758e-03,-3.389824267192814364e-03,-4.956842713898963748e-03,-4.572373542228796821e-03
-7.086881485561335667e-03,-3.202281516033561766e-03,-5.542451540697553893e-03,-1.520918764480958581e-03,-3.273831371161482241e-03,-5.028903111388739744e-03,-3.676664243412348931e-03,-3.323454944557617877e-03,-5.016498568780156965e-03,-4.573075806175136426e-03
-6.973691168983323606e-03,-3.020873997780938909e-03,-5.646399990753958771e-03,-1.511651711544013520e-03,-3.266525983153964214e-03,-4.917809274560913484e-03,-3.808160726458542297e-03,-3.511917793497806341e-03,-5.213968456571466646e-03,-4.577983089096872987e-03
-6.987445895697269940e-03,-2.946841522705597512e-03,-5.540504005809483018e-03,-1.534889703284658376e-03,-3.298239133265247480e-03,-5.022674360355919125e-03,-3.962239862092646614e-03,-3.599144737631550760e-03,-5.256756936250120416e-03,-4.438132884251858382e-03
-7.074672839831014359e-03,-2.846812435225890697e-03,-5.539279902346387965e-03,-1.466045985584051676e-03,-3.201044904883123404e-03,-5.176753495990023442e-03,-3.890865391396163171e-03,-3.530301019930944060e-03,-5.284996908503362956e-03,-4.445506908626240331e-03
-7.142450880016006087e-03,-2.772779960150549301e-03,-5.514024387086102069e-03,-1.394536719563228919e-03,-3.305909990678129479e-03,-5.073824579514414970e-03,-4.011996093521561467e-03,-3.383570114037993265e-03,-5.313236880756605496e-03,-4.468744900366885403e-03
-7.217158685326627472e-03,-2.754376881783874437e-03,-5.668103522720206386e-03,-1.355615874839974236e-03,-3.234535519981645603e-03,-4.967928594569939217e-03,-3.947731315969465332e-03,-3.344649269314738799e-03,-5.202143043928779235e-03,-4.357651063539059143e-03
-7.245398657579869145e-03,-2.876166327452799130e-03,-5.662791975934507172e-03,-1.377061270977894590e-03,-3.275654883683671616e-03,-5.063313313592129536e-03,-4.135477401256836168e-03,-3.424096018579101969e-03,-5.297527762950969554e-03,-4.398770427241085156e-03
-7.366529359705267441e-03,-2.897611723590719484e-03,-5.649695045091333162e-03,-1.499483634280704804e-03,-3.302138859200064430e-03,-4.931800166409164299e-03,-4.094432081389325247e-03,-3.461240017209296464e-03,-5.311282489664915889e-03,-4.502718877297490034e-03
-7.453756303839011860e-03,-2.831242400955523431e-03,-5.648470941628238109e-03,-1.594868353302895123e-03,-3.355358719583479733e-03,-4.890754846541653378e-03,-3.983338244561498986e-03,-3.392396299508689764e-03,-5.567794352919827952e-03,-4.408296706254433324e-03
-7.565904847763563375e-03,-2.996860197134708359e-03,-5.635374010785064100e-03,-1.717290716605705337e-03,-3.139764946687687193e-03,-4.937801146917468985e-03,-4.009822220077892234e-03,-3.391172196045594278e-03,-5.496419882223344509e-03,-4.496689164199548817e-03
-7.637923204948879503e-03,-2.955814877267197438e-03,-5.626106957848119039e-03,-1.704415702782680932e-03,-3.100844101964432727e-03,-4.926680447073148589e-03,-4.266334083332804297e-03,-3.452310659276518895e-03,-5.535234225121263632e-03,-4.390793179255073064e-03
-7.673347694986335475e-03,-2.972402010665144406e-03,-5.700814763158740424e-03,-1.741559701412875643e-03,-3.254923237598536610e-03,-4.913583516229974579e-03,-4.262967639110775905e-03,-3.346414674332043142e-03,-5.733596460865813052e-03,-4.544872314889177381e-03
-7.827426830620438925e-03,-3.114863316248749243e-03,-5.854893898792844741e-03,-1.930022550353064324e-03,-3.281407213114929423e-03,-5.102046365170163043e-03,-4.358352358132966224e-03,-3.341103127546343927e-03,-5.656983501645849836e-03,-4.438976329944701628e-03
-7.969888136204044196e-03,-3.168083176632164547e-03,-5.673486380540221884e-03,-1.916925619509890532e-03,-3.210032742418445981e-03,-5.113946002802714948e-03,-4.286977887436482781e-03,-3.235207142601868174e-03,-5.811062637279954153e-03,-4.420573251578027198e-03
-7.830037931359029590e-03,-3.209202540334190994e-03,-5.664219327603276823e-03,-1.811029634565414995e-03,-3.251152106120471993e-03,-5.008050017858239195e-03,-4.289979904662052923e-03,-2.978626179702539151e-03,-5.789182021090587965e-03,-4.488351291763019793e-03
-7.917264875492774009e-03,-3.232440532074836066e-03,-5.818298463237381139e-03,-1.965108770199518878e-03,-3.232749027753797563e-03,-5.043474507895695166e-03,-4.033398941762723899e-03,-3.038282034583732368e-03,-5.748136701223077044e-03,-4.642430427397124110e-03
-7.843232400417432179e-03,-3.016263867451423990e-03,-5.972377598871485456e-03,-1.959797223413819664e-03,-3.353879729879196293e-03,-4.822156763746972968e-03,-3.964357501794064584e-03,-3.192361170217836251e-03,-5.821522194041772215e-03,-4.656185154111070444e-03
-8.030978485704802147e-03,-2.910367882506948237e-03,-5.832527394026469983e-03,-1.936514774700141567e-03,-3.341004716056171671e-03,-4.864945243425626738e-03,-4.152820350734253048e-03,-3.389831058009145932e-03,-5.943944557344582429e-03,-4.844648003051258908e-03
-8.047565619102749548e-03,-3.005752601529138555e-03,-5.837434676948206544e-03,-1.989734635083556871e-03,-3.240975628576465289e-03,-4.759049258481150985e-03,-4.108759861080311243e-03,-3.436877358384961105e-03,-5.899884067690640624e-03,-4.704797798206244303e-03
-8.032747488609933567e-03,-3.117901145453689637e-03,-5.916881426212569281e-03,-2.143813770717660754e-03,-3.294195488959880593e-03,-4.913128394115255301e-03,-4.262838996714415560e-03,-3.517595709913425885e-03,-6.031380550736833990e-03,-4.633423327509760860e-03
-7.892897283764918961e-03,-3.006807308625863377e-03,-5.928781063845121185e-03,-2.215832127902977317e-03,-3.281098558116707017e-03,-5.016125409561930128e-03,-4.274738634346967464e-03,-3.377745505068410845e-03,-6.173841856320438394e-03,-4.765383717032910249e-03
-7.756512841026257446e-03,-3.028252704763783731e-03,-6.082860199479225502e-03,-2.187299860325498529e-03,-3.175202573172231264e-03,-5.170204545196034444e-03,-4.396528080015892591e-03,-3.306371034371926969e-03,-6.073812768840732013e-03,-4.800808207070366221e-03
-7.954875076770806866e-03,-2.858786443143689592e-03,-6.225566915926189146e-03,-2.283732232558417959e-03,-3.106358855471624564e-03,-4.988797026943411587e-03,-4.562145876195077519e-03,-3.402803406604846398e-03,-6.078720051762468574e-03,-4.880254956334728958e-03
-8.108954212404911183e-03,-2.787411972447206149e-03,-6.379646051560293463e-03,-2.212357761861934516e-03,-3.111266138393360692e-03,-4.985430582721383196e-03,-4.716225011829181836e-03,-3.331428935908362955e-03,-6.077495948299373521e-03,-4.774358971390253205e-03
-8.188400961669273920e-03,-2.882796691469396468e-03,-6.388901660346559333e-03,-2.265577622245349820e-03,-3.276883934572545620e-03,-4.967027504354708765e-03,-4.508998847462257660e-03,-3.519891784848551419e-03,-6.094083081697320922e-03,-4.668462986445777452e-03
-8.243172083451783677e-03,-2.937567813251905791e-03,-6.347856340479048412e-03,-2.277477259877901290e-03,-3.430963070206649503e-03,-4.943745055641031103e-03,-4.442629524827061173e-03,-3.451048067147944719e-03,-6.027455894162962562e-03,-4.700176136557060284e-03
-8.471734521749993765e-03,-3.040564828698580184e-03,-6.276481869782564969e-03,-2.465940108818089754e-03,-3.179592609040189123e-03,-5.065534501309956229e-03,-4.538014243849251492e-03,-3.482761217259227986e-03,-6.004173445449284899e-03,-4.488529975842871569e-03
-8.402693081781334450e-03,-3.162987192001390398e-03,-6.323528170158380576e-03,-2.397096391117483054e-03,-3.247370649225181285e-03,-4.930744249524636989e-03,-4.801332284997681873e-03,-3.603891919384626715e-03,-6.135669928495478265e-03,-4.609660677968269865e-03
-8.414592719413886354e-03,-3.052791604276430988e-03,-6.410755114292124995e-03,-2.413683524515430022e-03,-3.343803021458100714e-03,-5.010190998789000594e-03,-4.800108181534586821e-03,-3.657111779768042019e-03,-6.066628488526818949e-03,-4.670799141199194482e-03
-8.603055568354075686e-03,-3.132238353540794159e-03,-6.599217963232313459e-03,-2.567762660149533905e-03,-3.415821378643417276e-03,-4.870340793943985988e-03,-4.821553577672507175e-03,-3.651800232982342805e-03,-6.264098376318128630e-03,-4.859261990139382946e-03
-8.650101868729890425e-03,-3.286317489174898042e-03,-6.507507120102915509e-03,-2.648481011677998685e-03,-3.374776058775906355e-03,-4.973337809390660814e-03,-4.849793549925748848e-03,-3.718171716825370045e-03,-6.418177511952232947e-03,-4.787887519442899503e-03
-8.460464107107587561e-03,-3.275196789330577212e-03,-6.560726980486330379e-03,-2.510337149134166460e-03,-3.346243791198427568e-03,-5.161800658330849279e-03,-4.972215913228559062e-03,-3.612275731880894292e-03,-6.492885317262854332e-03,-4.941966655077003820e-03
-8.444015621215279765e-03,-3.273972685867481726e-03,-6.615498102268840136e-03,-2.501070096197221398e-03,-3.338938403190909541e-03,-5.327418454510034207e-03,-5.126295048862663378e-03,-3.506379746936418539e-03,-6.516123309003499404e-03,-5.096045790711108137e-03
-8.427567135322971970e-03,-3.257524199975174364e-03,-6.675153957150033353e-03,-2.495758549411522184e-03,-3.200794540647077316e-03,-5.402126259820655592e-03,-5.268756354446267783e-03,-3.593606691070162958e-03,-6.670202444637603721e-03,-5.227542273757301503e-03
-8.246159617070349113e-03,-3.121139757236513282e-03,-6.829233092784137669e-03,-2.507658187044074088e-03,-3.280241289911440487e-03,-5.455346120204070462e-03,-5.255659423603093773e-03,-3.725103174116356324e-03,-6.538689297454638484e-03,-5.058076012137207797e-03
-8.284973959968267368e-03,-3.104691271344205920e-03,-6.755200617708796706e-03,-2.519557824676625993e-03,-3.317385288541634981e-03,-5.446079067267125401e-03,-5.237256345236419343e-03,-3.879182309750460207e-03,-6.400545434910805825e-03,-5.054709567915179405e-03
-8.427680676415231012e-03,-3.033316800647722043e-03,-6.758202634934366848e-03,-2.551270974787909259e-03,-3.608750862384385236e-03,-5.374704596570641958e-03,-5.016434429881751894e-03,-3.927841831059209789e-03,-6.428785407164048366e-03,-5.013664248047668484e-03
-8.616143525355420343e-03,-2.964473082947115343e-03,-6.976961907219571442e-03,-2.477238499712567862e-03,-3.597630162540064406e-03,-5.406417746681924791e-03,-4.977513585158497428e-03,-4.008560182587674568e-03,-6.387740087296537445e-03,-5.109048967069858803e-03
-8.737274227480818639e-03,-2.748879310051323237e-03,-6.908118189518964308e-03,-2.464141568869393853e-03,-3.462839910754745600e-03,-5.445232089579843913e-03,-4.964638571335473240e-03,-3.992111696695367640e-03,-6.491688537352942323e-03,-5.365560830324770866e-03
-8.772698717518274611e-03,-2.762634036765269571e-03,-6.904751745296935916e-03,-2.471515593243775802e-03,-3.551232368699861093e-03,-5.376388371879236780e-03,-4.953517871491152844e-03,-4.023824846806650472e-03,-6.612819239478340619e-03,-5.324515510457259945e-03
-8.636314274779613095e-03,-2.809680337141085178e-03,-7.123511017582140510e-03,-2.512634956945801815e-03,-3.716850164879046022e-03,-5.373021927657208388e-03,-4.732695956136485395e-03,-4.242584119091855066e-03,-6.590938623288973564e-03,-5.147185870315655783e-03
-8.790393410413717412e-03,-2.738305866444601736e-03,-7.198218822892761895e-03,-2.701097805885990279e-03,-3.693567716165367925e-03,-5.380395952031590337e-03,-4.592845751291469922e-03,-4.295803979475270803e-03,-6.662956980474289692e-03,-5.136065170471335387e-03
-8.831512774115743425e-03,-2.759751262582522090e-03,-7.126844352196278452e-03,-2.662176961162735812e-03,-3.671687099976001303e-03,-5.435167073814100094e-03,-4.602101360077735792e-03,-4.226762539506611488e-03,-6.694670130585572525e-03,-5.195721025352528603e-03
-8.927945146348661987e-03,-2.748630562738201260e-03,-7.181615473978787342e-03,-2.669550985537117761e-03,-3.694925091716646376e-03,-5.514613823078462831e-03,-4.533059920109076477e-03,-4.118684461191692535e-03,-6.806818674510124040e-03,-5.275167774616892208e-03
-9.023329865370851438e-03,-2.852579012794606572e-03,-7.163212395612112912e-03,-2.735922469380145002e-03,-3.741971392092461983e-03,-5.201254798995042644e-03,-4.599431403952103717e-03,-4.207076919136808028e-03,-6.797551621573178979e-03,-5.256764696250217778e-03
-9.035229503003403342e-03,-2.893698376496632585e-03,-7.094170955643453597e-03,-2.867882858903294391e-03,-3.844968407539136809e-03,-5.323044244663967771e-03,-4.636575402582298645e-03,-4.435639357435018117e-03,-6.723453703971173784e-03,-5.187920978549611511e-03
-9.066942653114687042e-03,-2.882577676652311755e-03,-7.084903902706508536e-03,-2.805930306023526281e-03,-3.957116951463688324e-03,-5.344489640801888125e-03,-4.697713865813223262e-03,-4.522866301568762536e-03,-6.855414093494323173e-03,-5.309051680675009807e-03
-9.038410385537208255e-03,-2.854045409074833402e-03,-7.092277927080890484e-03,-2.761869816369584910e-03,-3.885742480767204882e-03,-5.273115170105404682e-03,-4.524363456991597338e-03,-4.577637423351271426e-03,-7.009493229128427490e-03,-5.430182382800408103e-03
-9.025313454694034246e-03,-3.008124544708937285e-03,-7.079180996237716475e-03,-2.747051685876768061e-03,-3.945398335648398098e-03,-5.415576475689009087e-03,-4.667070173438560982e-03,-4.400307783209667263e-03,-7.044917719165883462e-03,-5.483402243183823840e-03
-8.984268134826523325e-03,-3.081510037527632889e-03,-7.002568037017753259e-03,-2.675677215180284618e-03,-3.839502350703922345e-03,-5.309680490744533334e-03,-4.676325782224826852e-03,-4.554386918843771580e-03,-7.082061717796078390e-03,-5.637481378817928157e-03
-8.912893664130039015e-03,-3.056254522267346993e-03,-6.991447337173432863e-03,-2.864140064120473082e-03,-3.817621734514555724e-03,-5.370818953975457950e-03,-4.570429797280351099e-03,-4.817704959992201094e-03,-6.982032630316372009e-03,-5.531585393873452404e-03
-8.804815585815119194e-03,-3.198715827850951397e-03,-7.145526472807537180e-03,-2.838884548860187186e-03,-3.778700889791300824e-03,-5.474767404031862829e-03,-4.682578341204902614e-03,-4.921653410048605973e-03,-7.103822075985297135e-03,-5.685664529507556721e-03
-8.635349324195025489e-03,-3.199418091797290569e-03,-7.074017206786714640e-03,-3.036354436651496867e-03,-3.858147639055663995e-03,-5.374738316552156447e-03,-4.785575356651577440e-03,-4.768299667292096727e-03,-7.000893159509688664e-03,-5.808086892810366934e-03
-8.563974853498541179e-03,-3.190151038860345508e-03,-6.960826890208702579e-03,-3.083400737027312474e-03,-3.911367499439079298e-03,-5.528817452186260764e-03,-4.767172278284903010e-03,-4.922378802926201044e-03,-7.154972295143792980e-03,-5.911083908257041761e-03
-8.599399343535997151e-03,-3.149105718992834587e-03,-7.092323373254895945e-03,-3.042355417159801553e-03,-3.894919013546771936e-03,-5.515720521343086755e-03,-4.798885428396185843e-03,-4.950618775179443584e-03,-7.044776707418833571e-03,-5.771233703412027155e-03
-8.570867075958518363e-03,-3.208761573874027804e-03,-7.147094495037404835e-03,-3.029258486316627544e-03,-3.885651960609826875e-03,-5.497317442976412324e-03,-4.791580040388668249e-03,-4.993407254858097354e-03,-7.198855843052937888e-03,-5.758136772568853146e-03
-8.565555529172819149e-03,-3.240474723985311070e-03,-7.123812046323726305e-03,-3.183337621950731427e-03,-3.952023444452853682e-03,-5.425942972279928882e-03,-4.878806984522412668e-03,-4.853557050013081881e-03,-7.189588790115992827e-03,-5.613045130186925143e-03
-8.763025416964128830e-03,-3.428220809272681906e-03,-7.203258795588089042e-03,-3.182113518487635941e-03,-3.851994356973147300e-03,-5.387022127556674415e-03,-4.775878068046804197e-03,-4.886985575528596942e-03,-7.332295506562956471e-03,-5.541670659490441700e-03
-8.884156119089527126e-03,-3.582299944906785789e-03,-7.357337931222193358e-03,-3.113269800787029241e-03,-3.830113740783780679e-03,-5.408467523694594770e-03,-4.929957203680908513e-03,-5.041064711162701259e-03,-7.335297523788525745e-03,-5.580485002388360823e-03
-8.817786796454330639e-03,-3.325718982007456765e-03,-7.344462917399169170e-03,-3.139753776303422055e-03,-3.761270023083173979e-03,-5.440180673805877602e-03,-4.956441179197301761e-03,-4.974437523628342898e-03,-7.229401538844049992e-03,-5.701615704513759118e-03
-9.005532881741700607e-03,-3.187575119463624540e-03,-7.337157529391650709e-03,-3.068379305606938612e-03,-3.732737755505695192e-03,-5.332102595490958649e-03,-5.037159530725766540e-03,-4.975139787574682504e-03,-7.160557821143442858e-03,-5.686797574020942270e-03
-8.828203241600095577e-03,-3.284007491696543969e-03,-7.416604278656013446e-03,-3.141764798425634216e-03,-3.886816891139799075e-03,-5.313699517124284219e-03,-5.049059168358318445e-03,-4.903765316878199061e-03,-7.119512501275931937e-03,-5.840876709655046586e-03
-8.889341704831020194e-03,-3.178111506752068216e-03,-7.347760560955407180e-03,-3.188811098801449390e-03,-3.746966686294784035e-03,-5.467778652758388536e-03,-4.879592906738224739e-03,-4.911139341252581010e-03,-7.338271773561136531e-03,-5.831609656718101525e-03
-8.984726423853211380e-03,-3.137066186884557295e-03,-7.278719120986747865e-03,-3.231599578480103159e-03,-3.935429535234972499e-03,-5.444496204044710005e-03,-5.045210702917409668e-03,-4.771289136407565537e-03,-7.492350909195240848e-03,-5.997227452897286454e-03
-9.044382278734403730e-03,-3.108533919307078508e-03,-7.421180426570352269e-03,-3.420062427420291623e-03,-3.866585817534365799e-03,-5.493155725353459154e-03,-4.976366985216803401e-03,-4.704919813772369050e-03,-7.646430044829345164e-03,-6.119016898566211581e-03
-9.116400635919719858e-03,-2.968683714462063469e-03,-7.239772908317729412e-03,-3.394806912160005727e-03,-3.795211346837881923e-03,-5.482035025509137890e-03,-5.107863468262996767e-03,-4.636076096071762784e-03,-7.707568508060269781e-03,-6.284634694745396509e-03
-9.123774660294101807e-03,-2.965317270240035510e-03,-7.294544030100238302e-03,-3.411394045557952694e-03,-3.721178871762540526e-03,-5.510274997762380431e-03,-5.094766537419822758e-03,-4.801693892250947712e-03,-7.694471577217095772e-03,-6.213260224048913066e-03
-9.131148684668483756e-03,-3.037335627425352073e-03,-7.032792827403619960e-03,-3.370348725690441773e-03,-3.581328666917525487e-03,-5.438900527065896988e-03,-5.099673820341559319e-03,-4.828177867767340960e-03,-7.762249617402088367e-03,-6.260306524424728673e-03
-9.157632660184876136e-03,-3.015455011235985451e-03,-6.891216120979540109e-03,-3.558811574630630237e-03,-3.502209394715489511e-03,-5.505272010908924228e-03,-5.166045304184586559e-03,-4.691793425028679444e-03,-7.690875146705604924e-03,-6.295731014462184645e-03
-9.300093965768481408e-03,-3.029209737949931786e-03,-6.978443065113284528e-03,-3.626589614815622399e-03,-3.362359189870474472e-03,-5.553931532217673377e-03,-5.119055111008742956e-03,-4.650748105161168523e-03,-7.616842671630263961e-03,-6.317176410600104999e-03
-9.305001248690217969e-03,-3.083980859732441109e-03,-7.132522200747388845e-03,-3.747720316941021129e-03,-3.457743908892664791e-03,-5.487562209582476890e-03,-5.126429135383124905e-03,-4.804827240795272840e-03,-7.770921807264368278e-03,-6.250549223065746639e-03
-9.408949698746622847e-03,-3.012606389035957233e-03,-6.963055939127295139e-03,-3.936183165881210026e-03,-3.435863292703298169e-03,-5.413529734507135927e-03,-5.222861507616044334e-03,-4.733452770098789397e-03,-7.702078089563762012e-03,-6.110699018220731166e-03
-9.337575228050138537e-03,-2.997788258543140384e-03,-6.963758203073634745e-03,-3.989403026264624896e-03,-3.297719430159465944e-03,-5.454649098209161939e-03,-5.410607592903415169e-03,-4.605142823911153281e-03,-7.890540938503951343e-03,-6.133937009961376238e-03
-9.324700214227113482e-03,-3.109936802467691466e-03,-7.162120438818184165e-03,-3.849552821419609857e-03,-3.281270944267158582e-03,-5.309557455827233936e-03,-5.366547103249474232e-03,-4.499246838966677528e-03,-7.937587238879766083e-03,-6.193592864842569455e-03
-9.377920074610529219e-03,-3.264015938101795349e-03,-7.203239802520210178e-03,-3.831149743052934993e-03,-3.385219394323563460e-03,-5.312559473052803211e-03,-5.447265454777939012e-03,-4.520692235104597882e-03,-7.928320185942821022e-03,-6.296589880289244281e-03
-9.311550751975332732e-03,-3.343462687366158519e-03,-7.065095939976378386e-03,-3.764780420417738506e-03,-3.583581630068112880e-03,-5.290678856863436155e-03,-5.195894993611479065e-03,-4.504243749212290954e-03,-8.050109631611745281e-03,-6.278186801922569851e-03
-9.350365094873250987e-03,-3.208672435580839713e-03,-7.063871836513283334e-03,-3.953243269357926970e-03,-3.649953113911140121e-03,-5.281488135425276877e-03,-5.207794631244030970e-03,-4.545363112914316966e-03,-8.081822781723028981e-03,-6.373571520944760170e-03
-9.504444230507355304e-03,-3.240385585692122979e-03,-6.992497365816799891e-03,-3.994362633059952983e-03,-3.578578643214656678e-03,-5.360934884689640481e-03,-5.034444222422405045e-03,-4.439467127969841213e-03,-8.269568867010398949e-03,-6.395016917082680524e-03
-9.692907079447544635e-03,-3.313771078510818584e-03,-7.146576501450904208e-03,-4.248960927048217248e-03,-3.732657778848760561e-03,-5.222791022145808690e-03,-5.025177169485459984e-03,-4.333571143025365460e-03,-8.401065350056592315e-03,-6.297822688700556448e-03
-9.824403562493738001e-03,-3.467850214144922467e-03,-7.040680516506428455e-03,-4.518682726299714375e-03,-3.821050236793875621e-03,-5.219424577923780298e-03,-4.927982941103335908e-03,-4.360055118541758708e-03,-8.555144485690696632e-03,-6.329535838811839281e-03
-9.755559844793131735e-03,-3.426804894277411546e-03,-7.048054540880810404e-03,-4.672761861933818692e-03,-3.799169620604508999e-03,-5.042094937782176135e-03,-4.914886010260161898e-03,-4.481844564210683834e-03,-8.444050648862871239e-03,-6.334443121733574975e-03
-9.539966071897339195e-03,-3.290420451538750464e-03,-7.202133676514914720e-03,-4.684661499566370596e-03,-3.827409592857751106e-03,-5.077519427819632107e-03,-4.817691781878037822e-03,-4.489218588585065783e-03,-8.598129784496975556e-03,-6.265599404032968708e-03
-9.498032279287960816e-03,-3.444499587172854347e-03,-7.255353536898330458e-03,-4.838740635200474913e-03,-3.850647584598396178e-03,-5.265982276759820571e-03,-5.005437867165408658e-03,-4.548874443466259000e-03,-8.587009084652654292e-03,-6.320370525815478466e-03
-9.479629200921286386e-03,-3.598578722806958230e-03,-7.321725020741357698e-03,-4.860186031338395267e-03,-3.930094333862758915e-03,-5.253107262936796383e-03,-4.892247550587396597e-03,-4.539607390529313939e-03,-8.405601566400031435e-03,-6.423367541262153292e-03
-9.602051564224096600e-03,-3.632007248322473292e-03,-7.280679700873846777e-03,-4.939632780602758871e-03,-3.858719863166275472e-03,-5.240010332093622374e-03,-4.987632269609586916e-03,-4.580726754231339952e-03,-8.412975590774413384e-03,-6.464486904964179305e-03
-9.690444022169212093e-03,-3.860569686620682946e-03,-7.271412647936901716e-03,-5.093711916236863188e-03,-3.932105355984970643e-03,-5.024416559197829833e-03,-4.887603182129880534e-03,-4.734805889865444269e-03,-8.299785274196402191e-03,-6.453366205119858909e-03
-9.725868512206668065e-03,-3.941288038149148160e-03,-7.124681742043951355e-03,-5.180938860370607607e-03,-3.891060036117459722e-03,-5.252978997496039922e-03,-5.041682317763984851e-03,-4.706273622287965482e-03,-8.283336788304094395e-03,-6.528074010430480294e-03
-9.739623238920615267e-03,-3.900242718281637239e-03,-7.146127138181871709e-03,-5.323400165954212011e-03,-3.945831157899969480e-03,-5.374109699621438217e-03,-4.972838600063377718e-03,-4.819223072745889257e-03,-8.209304313228752564e-03,-6.587729865311673511e-03
-9.799279093801807616e-03,-3.894931171495938024e-03,-7.183271136812066637e-03,-5.435548709878763526e-03,-4.017849515085285608e-03,-5.516816416068401861e-03,-5.161301449003566182e-03,-5.046341533866351495e-03,-8.196207382385578555e-03,-6.490535636929549435e-03
-9.659428888956793011e-03,-3.826087453795331324e-03,-7.257978942122688022e-03,-5.364174239182280084e-03,-4.160310820668890013e-03,-5.503719485225227852e-03,-5.084688489783602966e-03,-5.244703769610900915e-03,-8.394569618130127975e-03,-6.419161166233065992e-03
-9.887991327255003099e-03,-3.720191468850856005e-03,-7.354411314355607451e-03,-5.297804916547083597e-03,-4.088936349972406570e-03,-5.488901354732411003e-03,-5.238767625417707283e-03,-5.170671294535559084e-03,-8.408324344844075177e-03,-6.378115846365555071e-03
-9.748141122409988493e-03,-3.832340012775407086e-03,-7.617729355504037833e-03,-5.200610688164959521e-03,-4.087712246509311517e-03,-5.422532032097214516e-03,-5.132871640473231530e-03,-5.211790658237585097e-03,-8.367279024976564256e-03,-6.238265641520539598e-03
-9.913758918589173422e-03,-3.697549760990088280e-03,-7.783347151683222762e-03,-5.131569248196300205e-03,-4.276175095449499981e-03,-5.490310072282206244e-03,-5.204889997658547658e-03,-5.365869793871689414e-03,-8.498775508022757622e-03,-6.343130727315545239e-03
-9.705842039897286111e-03,-3.776996510254451451e-03,-7.937426287317327078e-03,-5.234566263642975031e-03,-4.342546579292527222e-03,-5.384414087337730491e-03,-5.326020699783945954e-03,-5.563339681662999095e-03,-8.595207880255677918e-03,-6.266517768095582024e-03
-9.682559591183607581e-03,-3.708152792553844751e-03,-7.866051816620842768e-03,-5.346714807567526546e-03,-4.354446216925079126e-03,-5.526875392921334895e-03,-5.314899999939625558e-03,-5.457443696718523342e-03,-8.582332866432652863e-03,-6.309306247774235793e-03
-9.848177387362792509e-03,-3.729598188691765105e-03,-7.961436535643032220e-03,-5.318182539990047759e-03,-4.216302354381246467e-03,-5.614102337055079314e-03,-5.273854680072114637e-03,-5.676202969003727936e-03,-8.630992387741402011e-03,-6.321205885406787697e-03
-9.848879651309131247e-03,-3.685537699037823734e-03,-7.938154086929353689e-03,-5.406574997935163253e-03,-4.381920150560431396e-03,-5.617104354280649456e-03,-5.427933815706218953e-03,-5.717322332705753948e-03,-8.785071523375506328e-03,-6.337793018804735098e-03
-9.952828101365536126e-03,-3.726657062739850181e-03,-8.103771883108538618e-03,-5.595037846875351717e-03,-4.247129898775112156e-03,-5.645344326533891996e-03,-5.383873326052278016e-03,-5.745562304958996488e-03,-8.646927660831674536e-03,-6.243370847761678388e-03
-9.947516554579836912e-03,-4.035534904275085710e-03,-8.115671520741090522e-03,-5.518424887655388501e-03,-4.268575294913032510e-03,-5.644120223070796943e-03,-5.486870341498952842e-03,-5.729113819066688693e-03,-8.477461399211580831e-03,-6.098279205379750385e-03
-9.847487467100129663e-03,-4.178241620722049354e-03,-8.015642433261383273e-03,-5.441811928435425286e-03,-4.371572310359707336e-03,-5.809738019249981872e-03,-5.380974356554477089e-03,-5.824498538088879011e-03,-8.349151453023943847e-03,-6.119724601517670740e-03
-9.838220414163184602e-03,-4.332320756356153671e-03,-7.800048660365590733e-03,-5.440587824972330233e-03,-4.297539835284365506e-03,-5.793289533357674076e-03,-5.275078371610001336e-03,-5.856211688200161844e-03,-8.171821812882338817e-03,-6.191742958702986868e-03
-9.869933564274468302e-03,-4.420713214301269164e-03,-7.872067017550906862e-03,-5.543584840419005060e-03,-4.485285920571736341e-03,-5.865307890542990205e-03,-5.273854268146906284e-03,-5.887924838311444677e-03,-8.166510266096639603e-03,-6.051892753857972262e-03
-9.891378960412387789e-03,-4.456137704338725136e-03,-7.919113317926721601e-03,-5.615603197604321188e-03,-4.470467790078919493e-03,-5.912354190918805812e-03,-5.092446749894283427e-03,-5.813892363236103714e-03,-8.219730126480055341e-03,-6.173682199526897389e-03
-9.820004489715903478e-03,-4.389768381703528649e-03,-8.015545690159640163e-03,-5.507525119289402235e-03,-4.591598492204317788e-03,-5.806458205974330058e-03,-5.160224790079276022e-03,-5.766902170060260110e-03,-8.113834141535580455e-03,-6.316143505110501793e-03
-9.868664011024652627e-03,-4.421481531814811482e-03,-8.024801298945906033e-03,-5.466479799421891314e-03,-4.586286945418618574e-03,-5.791640075481513210e-03,-5.119179470211765101e-03,-5.855294628005375604e-03,-8.267913277169684771e-03,-6.210247520166026040e-03
-9.802036823490295134e-03,-4.321452444335105100e-03,-7.913707462118078906e-03,-5.507599163123917327e-03,-4.514912474722135131e-03,-5.880032533426628703e-03,-5.261640775795369505e-03,-5.791029850453279469e-03,-8.321133137553100509e-03,-6.245672010203482012e-03
-9.660460117066215283e-03,-4.330708053121370971e-03,-7.985725819303395034e-03,-5.498332110186972266e-03,-4.445871034753475816e-03,-6.045650329605813632e-03,-5.192797058094762372e-03,-5.752109005730025003e-03,-8.317766693331072117e-03,-6.206751165480227546e-03
-9.591616399365609016e-03,-4.308827436932003915e-03,-8.074118277248510528e-03,-5.454271620533031328e-03,-4.374496564056992373e-03,-6.188111635189418036e-03,-5.121422587398278929e-03,-5.940571854670213467e-03,-8.306645993486750854e-03,-6.295143623425343039e-03
-9.723112882411802382e-03,-4.299636715493844637e-03,-8.228197412882614845e-03,-5.485984770644314161e-03,-4.429267685839502131e-03,-6.309901080858343163e-03,-5.263883892981883333e-03,-5.993791715053629204e-03,-8.373017477329778094e-03,-6.383536081370458533e-03
-9.651738411715318072e-03,-4.453715851127948953e-03,-8.281417273266030582e-03,-5.628691487091277805e-03,-4.412819199947194335e-03,-6.432323444161153377e-03,-5.271257917356265282e-03,-6.048562836836138962e-03,-8.306648154694581607e-03,-6.479968453603377962e-03
-9.718109895558345313e-03,-4.607794986762053270e-03,-8.478887161057340263e-03,-5.717083945036393298e-03,-4.446247725462709396e-03,-6.620786293101341841e-03,-5.199883446659781840e-03,-5.913772585050819722e-03,-8.387366506223046386e-03,-6.368874616775551702e-03
-9.830258439482895960e-03,-4.695021930895797689e-03,-8.521675640735993165e-03,-5.645709474339909856e-03,-4.340351740518233643e-03,-6.549411822404858398e-03,-5.026533037838155915e-03,-5.891891968861452666e-03,-8.380061118215528793e-03,-6.369576880721891307e-03
-9.789213119615385039e-03,-4.687716542888279228e-03,-8.581331495617187249e-03,-5.497389142942770562e-03,-4.393571600901648513e-03,-6.446482905929249926e-03,-5.180612173472260232e-03,-6.045971104495556983e-03,-8.274165133271053907e-03,-6.435948364564918547e-03
-9.748167799747874118e-03,-4.576622706060452968e-03,-8.597918629015134651e-03,-5.320059502801166400e-03,-4.402827209687914384e-03,-6.433385975086075917e-03,-5.175300626686561017e-03,-6.200050240129661300e-03,-8.369549852293243358e-03,-6.410692849304632651e-03
-9.707122479880363197e-03,-4.604862678313694641e-03,-8.594552184793106259e-03,-5.341504898939086754e-03,-4.389952195864890196e-03,-6.449973108484023318e-03,-5.169989079900861803e-03,-6.211949877762213204e-03,-8.263653867348768473e-03,-6.542189332350826017e-03
-9.861201615514467514e-03,-4.736359161359888006e-03,-8.523177714096621949e-03,-5.330384199094765491e-03,-4.431071559566916208e-03,-6.381129390783417052e-03,-5.357735165188232639e-03,-6.145580555127016717e-03,-8.299078357386224444e-03,-6.540965228887730964e-03
-9.679794097261844657e-03,-4.520765388464095466e-03,-8.482132394229111028e-03,-5.153054558953161328e-03,-4.440327168353181211e-03,-6.407613366299810299e-03,-5.283702690112891676e-03,-6.045551467647310336e-03,-8.227703886689740134e-03,-6.429871392059904704e-03
-9.747572137446836385e-03,-4.492233120886616679e-03,-8.408099919153769197e-03,-5.191868901851080451e-03,-4.373957845717984724e-03,-6.512478452094815941e-03,-5.212328219416408233e-03,-6.003617675037932824e-03,-8.209300808323065704e-03,-6.332677163677780628e-03
-9.890278853893800029e-03,-4.425863798251420192e-03,-8.367054599286258276e-03,-5.052018697006065845e-03,-4.421004146093800331e-03,-6.296884679199023400e-03,-5.366407355050512550e-03,-6.106614690484607651e-03,-8.275672292166092944e-03,-6.229748247202172157e-03
-9.848345061284421650e-03,-4.359494475616223705e-03,-8.267025511806551027e-03,-5.105238557389481582e-03,-4.524952596150205210e-03,-6.255839359331512479e-03,-5.644319881972868075e-03,-6.193841634618352070e-03,-8.140882040380773704e-03,-6.158373776505688714e-03
-9.914716545127448891e-03,-4.491454865139373094e-03,-8.398521994852744393e-03,-5.164894412270674799e-03,-4.512077582327181022e-03,-6.263213383705894428e-03,-5.665765278110788429e-03,-6.016511994476747907e-03,-8.200537895261966054e-03,-6.199493140207714727e-03
-9.803622708299621763e-03,-4.482187812202428033e-03,-8.451741855236160131e-03,-5.093519941574191356e-03,-4.412048494847474640e-03,-6.196844061070697941e-03,-5.552574961532776368e-03,-6.148008477522941273e-03,-8.205445178183702615e-03,-6.311641684132266242e-03
-9.734778990599015497e-03,-4.438127322548486228e-03,-8.518113339079187371e-03,-5.068264426313905460e-03,-4.507433213869664959e-03,-6.090948076126222188e-03,-5.543307908595831307e-03,-6.269139179648339569e-03,-8.371062974362887543e-03,-6.240267213435782799e-03
-9.789550112381525254e-03,-4.298277117703471623e-03,-8.614545711312107668e-03,-5.027219106446394539e-03,-4.575211254054656687e-03,-5.909540557873599331e-03,-5.697387044229935624e-03,-6.356366123782083988e-03,-8.188540231802468941e-03,-6.171423495735175666e-03
-9.718175641685040944e-03,-4.151546211810521261e-03,-8.701772655445852087e-03,-5.107937457974859319e-03,-4.773573489799206107e-03,-5.941253707984882164e-03,-5.765165084414927352e-03,-6.289996801146887501e-03,-8.241760092185884679e-03,-6.100049025038692223e-03
-9.830324185609591592e-03,-4.110500891943010340e-03,-8.768144139288879327e-03,-5.156596979283608467e-03,-4.662479652971379847e-03,-6.013272065170198293e-03,-5.791649059931320599e-03,-6.337043101522703108e-03,-8.315145585004580717e-03,-6.028674554342208780e-03
-9.863752711125106654e-03,-4.010471804463303959e-03,-8.864576511521799623e-03,-5.077477707081572492e-03,-4.526095210232718331e-03,-6.116269080616873119e-03,-5.894646075377995426e-03,-6.449191645447254623e-03,-8.503608433944770048e-03,-6.077334075650957929e-03
-9.950979655258851073e-03,-4.076843288306331199e-03,-8.944023260786162360e-03,-5.164704651215316911e-03,-4.714558059172906795e-03,-6.270348216250977436e-03,-5.791717158902386954e-03,-6.408146325579743702e-03,-8.403579346465062799e-03,-6.190283526108881704e-03
-9.960235264045116943e-03,-4.093430421704277733e-03,-8.953278869572428231e-03,-5.267701666661991737e-03,-4.705291006235961734e-03,-6.173153987868853360e-03,-6.069629685824742479e-03,-6.456805846888492850e-03,-8.557658482099167116e-03,-6.225708016146337676e-03
-1.010269656962872221e-02,-3.996236193322153657e-03,-9.095740175156033502e-03,-5.341087159480686908e-03,-4.636447288535355468e-03,-6.427752281857117625e-03,-6.070331949771081217e-03,-6.387962129187886584e-03,-8.637105231363529853e-03,-6.212611085303163666e-03
-1.024515787521232749e-02,-4.214995465607358251e-03,-9.162111658999060743e-03,-5.495166295114791224e-03,-4.641354571457092029e-03,-6.439651919489669529e-03,-6.031411105047826751e-03,-6.274771812609874523e-03,-8.537076143883822604e-03,-6.248035575340619638e-03
-1.024393377174923243e-02,-4.233408120251884975e-03,-9.250504116944176236e-03,-5.493942191651696172e-03,-4.659767226101618753e-03,-6.506023403332696770e-03,-5.965041782412630264e-03,-6.129680170227946520e-03,-8.649224687808373252e-03,-6.228119495161072577e-03
-1.031171181193422416e-02,-4.240782144626266924e-03,-9.278744089197418776e-03,-5.547162052035111909e-03,-4.847513311388989589e-03,-6.464978083465185849e-03,-6.119120918046734581e-03,-6.088634850360435599e-03,-8.791685993391978524e-03,-6.209716416794398147e-03
-1.024033734123773985e-02,-4.109268997443301687e-03,-9.175815172721809437e-03,-5.480792729399915422e-03,-4.926960060653353193e-03,-6.441695634751507318e-03,-6.097240301857367525e-03,-5.982738865415959846e-03,-8.610278475139355667e-03,-6.375334212973583076e-03
-1.043869957698228927e-02,-4.094450866950484838e-03,-9.204055144975051977e-03,-5.481494993346254160e-03,-4.855585589956869751e-03,-6.305311192012845803e-03,-5.994311385381759054e-03,-6.136818001050064163e-03,-8.689725224403718404e-03,-6.240543961188263836e-03
-1.036985585928168301e-02,-4.050390377296543901e-03,-9.106860916592927901e-03,-5.669957842286442624e-03,-4.958582605403544577e-03,-6.392538136146590222e-03,-6.213070657666963648e-03,-6.133451556828035771e-03,-8.770443575932183183e-03,-6.287590261564079443e-03
-1.041690215965749775e-02,-4.204469512930648217e-03,-9.103494472370899510e-03,-5.641425574708963837e-03,-4.777175087150921720e-03,-6.383271083209645161e-03,-6.113041570187257266e-03,-6.154896952965956125e-03,-8.873440591378857142e-03,-6.330378741242733212e-03
-1.051333453189041631e-02,-4.098573527986172464e-03,-9.175512829556215638e-03,-5.535529589764488084e-03,-4.708331369450315454e-03,-6.436490943593060898e-03,-6.187749375497878651e-03,-5.856497686254361068e-03,-8.912254934276775398e-03,-6.484457876876837529e-03
-1.052523416952296821e-02,-4.085698514163148276e-03,-9.168207441548698045e-03,-5.667489979287637474e-03,-4.554977626693806209e-03,-6.532923315825980327e-03,-6.199649013130430555e-03,-5.998958991837965472e-03,-8.840880463580291088e-03,-6.440397387222896591e-03
-1.041933818457849333e-02,-4.174090972108263770e-03,-8.956561280834510197e-03,-5.788620681413035769e-03,-4.443883789865979948e-03,-6.461548845129496885e-03,-6.154786777058825903e-03,-5.927584521141482030e-03,-8.769505992883806778e-03,-6.571893870269089957e-03
-1.048570966842152057e-02,-4.362553821048452234e-03,-9.022932764677537437e-03,-5.835666981788851376e-03,-4.343854702386273567e-03,-6.353470766814577932e-03,-6.166686414691377807e-03,-6.081663656775586346e-03,-8.772508010109376919e-03,-6.800456308567300046e-03
-1.031498383932614830e-02,-4.467418906843457875e-03,-8.917036779733062551e-03,-5.858904973529496449e-03,-4.497933838020377884e-03,-6.448855485836768250e-03,-5.951092641795585267e-03,-6.149441696960578074e-03,-8.669579093633767580e-03,-6.860112163448493262e-03
-1.032688347695870021e-02,-4.474792931217839824e-03,-8.739707139591457521e-03,-5.890618123640779281e-03,-4.539053201722403896e-03,-6.502075346220183988e-03,-6.105171777429689584e-03,-6.170887093098498428e-03,-8.687991748278294304e-03,-6.690645901828399557e-03
-1.051534632589888954e-02,-4.473568827754744771e-03,-8.775131629628913493e-03,-5.937664424016594888e-03,-4.661475565025214110e-03,-6.402046258740477606e-03,-6.090353646936872735e-03,-6.230542947979691645e-03,-8.783376467300485491e-03,-6.651725057105145091e-03
-1.066942546153299386e-02,-4.514688191456770784e-03,-8.842909669813905221e-03,-5.964148399532988136e-03,-4.917987428280126173e-03,-6.505994708796882485e-03,-6.186786019169792164e-03,-6.208662331790324590e-03,-8.683347379820778242e-03,-6.773514502774070217e-03
-1.076481018055518504e-02,-4.511321747234742392e-03,-8.897680791596414979e-03,-5.954881346596043075e-03,-4.927243037066391176e-03,-6.482712260083204822e-03,-6.309208382472602378e-03,-6.207438228327229537e-03,-8.732006901129527390e-03,-6.915975808357674622e-03
-1.081958130233769480e-02,-4.642818230280935758e-03,-8.826306320899930669e-03,-5.913836026728532154e-03,-4.858201597097731861e-03,-6.385518031701080746e-03,-6.463287518106706694e-03,-6.160448035151385934e-03,-8.806714706440149643e-03,-6.914751704894579569e-03
-1.075073758463708853e-02,-4.723536581809400538e-03,-8.901014126210551186e-03,-6.010268398961451583e-03,-4.854835152875703469e-03,-6.169924258805288206e-03,-6.454020465169761633e-03,-6.165355318073122495e-03,-8.695620869612324250e-03,-6.975890168125504186e-03
-1.093848366992445850e-02,-4.828401667604406179e-03,-8.832170408509944920e-03,-6.015175681883188144e-03,-5.008914288509807786e-03,-6.183678985519234540e-03,-6.382645994473278191e-03,-6.238740810891817666e-03,-8.756759332843248866e-03,-7.071274887147694505e-03
-1.097019682003574220e-02,-4.900420024789722308e-03,-8.791125088642433999e-03,-6.110560400905378463e-03,-4.985631839796129255e-03,-6.114637545550575225e-03,-6.536725130107382507e-03,-6.132844825947341913e-03,-8.682726857767907036e-03,-6.968345970672086033e-03
-1.096897271657264715e-02,-4.917007158187668842e-03,-8.945204224276538316e-03,-6.137044376421771710e-03,-5.082064212029048685e-03,-6.302383630837946060e-03,-6.596380984988575724e-03,-6.264805215470491302e-03,-8.729773158143721776e-03,-7.195464431792548271e-03
-1.097197473379821729e-02,-5.020955608244073720e-03,-9.024650973540901053e-03,-6.123947445578597701e-03,-4.979135295553440213e-03,-6.279101182124267530e-03,-6.591069438202876510e-03,-6.318025075853906172e-03,-8.660929440443115510e-03,-7.028488023835160678e-03
-1.104536022661691333e-02,-4.992423340666594933e-03,-9.032024997915283002e-03,-6.255907835101747090e-03,-5.110631778599633579e-03,-6.477463417868816950e-03,-6.587702993980848118e-03,-6.304928145010732163e-03,-8.792889829966265766e-03,-6.957113553138677235e-03
-1.103609317367996827e-02,-5.053561803897519550e-03,-9.006769482654997105e-03,-6.078578194960142927e-03,-5.137115754116026826e-03,-6.406088947172333507e-03,-6.516193727960025578e-03,-6.240663367458636028e-03,-8.859261313809293006e-03,-6.931858037878391339e-03
-1.101421255749060121e-02,-5.175984167200329764e-03,-9.066425337536189455e-03,-6.090477832592694832e-03,-5.196771608997220043e-03,-6.502521319405252936e-03,-6.713663615751335259e-03,-6.394742503092740345e-03,-9.013340449443397323e-03,-7.011304787142754943e-03
-1.079861878459480867e-02,-5.279932617256734642e-03,-9.025380017668678534e-03,-6.081287111154535553e-03,-5.090875624052744290e-03,-6.644982624988857341e-03,-6.702542915907013996e-03,-6.593104738837289765e-03,-9.134471151568795619e-03,-7.044733312658270005e-03
-1.075757346472729775e-02,-5.359379366521097379e-03,-9.043792672313205258e-03,-5.970193274326709293e-03,-4.921409362432650585e-03,-6.712760665173849936e-03,-6.856622051541118312e-03,-6.605004376469841669e-03,-9.116068073202121189e-03,-7.198812448292374322e-03
-1.069120414209210126e-02,-5.364286649442833940e-03,-9.004871827589950792e-03,-5.792863634185105130e-03,-5.075488498066754901e-03,-6.641386194477366493e-03,-6.815576731673607391e-03,-6.612378400844223618e-03,-9.097664994835446758e-03,-7.127437977595890879e-03
-1.074442400247551700e-02,-5.380873782840781341e-03,-9.158950963224055108e-03,-5.809450767583051664e-03,-5.196619200192153197e-03,-6.669626166730608166e-03,-6.824832340459873262e-03,-6.568317911190281813e-03,-9.120902986576091831e-03,-7.180657837979305749e-03
-1.081079548631854424e-02,-5.534952918474885658e-03,-9.135668514510376578e-03,-5.791047689216377234e-03,-5.308767744116704712e-03,-6.572431938348484090e-03,-6.896850697645189390e-03,-6.722397046824386130e-03,-9.175674108358601588e-03,-7.378127725770615430e-03
-1.081816951069292619e-02,-5.647101462399437173e-03,-9.289747650144480895e-03,-5.762515421638898447e-03,-5.474385540295889641e-03,-6.577339221270220651e-03,-6.685204536931001543e-03,-6.587606795039066890e-03,-8.964027947644413741e-03,-7.238277520925600825e-03
-1.090539645482667061e-02,-5.652008745321172867e-03,-9.478210499084670226e-03,-5.916594557273002764e-03,-5.534041395177082857e-03,-6.774809109061530332e-03,-6.708442528671646615e-03,-6.630395274717720659e-03,-8.922982627776902820e-03,-7.238979784871939563e-03
-1.094254045345686467e-02,-5.652711009267511605e-03,-9.632289634718774543e-03,-5.984372597457994492e-03,-5.688120530811187174e-03,-6.708181921527171972e-03,-6.697321828827325352e-03,-6.414218610094308583e-03,-9.025979643223576779e-03,-7.341976800318614389e-03
-1.096902442897325705e-02,-5.739937953401256024e-03,-9.623022581781829482e-03,-5.962491981268627436e-03,-5.659588263233708387e-03,-6.862261057161276288e-03,-6.809470372751876867e-03,-6.453032952992227705e-03,-9.214442492163766110e-03,-7.236080815374138636e-03
-1.096780032551016200e-02,-5.721534875034581594e-03,-9.601141965592462427e-03,-5.985729973009272509e-03,-5.686072238750101634e-03,-6.858894612939247896e-03,-6.768425052884365946e-03,-6.443765900055282644e-03,-9.368521627797870427e-03,-7.368041204897288025e-03
-1.097080234273573214e-02,-5.615638890090105841e-03,-9.755221101226566743e-03,-5.850939721223953269e-03,-5.695327847536367505e-03,-7.077653885224452490e-03,-6.922504188518470263e-03,-6.421885283865915589e-03,-9.228671422952855821e-03,-7.391279196637933098e-03
-1.100423086825124720e-02,-5.658427369768759610e-03,-9.762595125600948692e-03,-5.946324440246143588e-03,-5.837789153119971909e-03,-7.100891876965097563e-03,-6.917192641732771048e-03,-6.324691055483791513e-03,-8.972090460053526798e-03,-7.470725945902296702e-03
-1.102264352289577393e-02,-5.675014503166707011e-03,-9.884384571269872952e-03,-5.840428455301667834e-03,-5.925016097253716328e-03,-7.086073746472280714e-03,-7.071271777366875365e-03,-6.404137804748154250e-03,-9.126169595687631114e-03,-7.659188794842485166e-03
-1.110209027216013666e-02,-5.893773775451911605e-03,-9.891758595644254901e-03,-5.773801267767309474e-03,-6.079095232887820645e-03,-7.107519142610201068e-03,-7.054823291474568436e-03,-6.413393413534420121e-03,-8.944762077435008257e-03,-7.790685277888678532e-03
-1.103546308462577917e-02,-6.047852911086015922e-03,-1.001354804131317916e-02,-6.002363706065519562e-03,-6.267558081828009109e-03,-7.036009876589378528e-03,-7.186783680997717826e-03,-6.342018942837936678e-03,-8.971246052951400637e-03,-7.895550363683685041e-03
-1.096408861392929486e-02,-5.941956926141540168e-03,-1.017916583749236409e-02,-5.862513501220504089e-03,-6.051964308932216569e-03,-7.190089012223482845e-03,-7.194157705372099774e-03,-6.454167486762488193e-03,-9.024465913334816375e-03,-7.896252627630023779e-03
-1.095482156099234980e-02,-5.875329738607181808e-03,-1.022195431717101699e-02,-6.060875736965053509e-03,-6.028681860218538038e-03,-7.186722568001454453e-03,-7.088261720427624021e-03,-6.507387347145903930e-03,-9.036365550967368279e-03,-7.829625440095666286e-03
-1.095552382493868854e-02,-6.063792587547370272e-03,-1.044071358945622245e-02,-5.768241343205966591e-03,-5.807859944863870590e-03,-7.168319489634780023e-03,-7.011648761207660806e-03,-6.496266647301582667e-03,-8.926169963242408870e-03,-8.018088289035855618e-03
-1.085549473745898129e-02,-6.048974457054553423e-03,-1.044808761383060440e-02,-5.780140980838518495e-03,-5.929649390532795716e-03,-7.096945018938296580e-03,-6.969714968598283295e-03,-6.787632221144332921e-03,-9.080249098876513186e-03,-7.989556021458376830e-03
-1.068476890836360903e-02,-6.305486320309465487e-03,-1.049674713513935355e-02,-5.772835592831000034e-03,-6.041797934457347231e-03,-7.285407867878485044e-03,-6.981614606230835199e-03,-6.799531858776884825e-03,-9.192397642801063834e-03,-8.024980511495832802e-03
-1.068967619128534559e-02,-6.228873361089502271e-03,-1.053953561481800645e-02,-5.773537856777338773e-03,-5.860390416204724374e-03,-7.398357318336408819e-03,-6.980390502767740146e-03,-6.848191380085633974e-03,-9.118365167725722004e-03,-8.113372969440948296e-03
-1.082163658080849584e-02,-6.117779524261676011e-03,-1.058065497852003246e-02,-5.778445139699075334e-03,-5.765968245161667664e-03,-7.251626412443458458e-03,-6.994145229481686481e-03,-7.036654229025822438e-03,-9.089832900148243217e-03,-8.146801494956463358e-03
-1.075279286310788958e-02,-6.271858659895780327e-03,-1.058991058730629833e-02,-5.767324439854754070e-03,-5.862400617394587093e-03,-7.383122895489651824e-03,-6.975742151115012050e-03,-7.089874089409238175e-03,-8.908425381895620360e-03,-8.220186987775159396e-03
-1.060447253171075029e-02,-6.230813340028269406e-03,-1.059916619609256420e-02,-5.750875953962446274e-03,-5.765206389012463017e-03,-7.504253597615050120e-03,-6.794334632862389194e-03,-7.169320838673600912e-03,-9.062504517529724676e-03,-8.315571706797350582e-03
-1.067649088889606641e-02,-6.205557824767983510e-03,-1.071211564655048798e-02,-5.647947037486837803e-03,-5.698837066377266530e-03,-7.658332733249154436e-03,-6.829759122899845165e-03,-7.037807691490635675e-03,-9.044101439163050246e-03,-8.134164188544727725e-03
-1.068839052652861832e-02,-6.097479746453064557e-03,-1.076077516785923713e-02,-5.542051052542362050e-03,-5.741625546055920300e-03,-7.780755096551964650e-03,-7.123501427278111295e-03,-7.069520841601918508e-03,-9.003056119295539325e-03,-8.090103698890786788e-03
-1.061954680882801205e-02,-6.053419256799122752e-03,-1.084800211199298155e-02,-5.601706907423555266e-03,-5.763070942193840654e-03,-7.848533136736956378e-03,-7.277580562912215612e-03,-7.007568288722150832e-03,-9.083774470824004105e-03,-8.095010981812523349e-03
-1.077362594446211637e-02,-6.081659229052365293e-03,-1.090277323377549130e-02,-5.557646417769613462e-03,-5.928688738373025582e-03,-7.781905949202598018e-03,-7.332351684694725369e-03,-7.128698990847549127e-03,-9.124893834526030117e-03,-8.116456377950442835e-03
-1.075034349574843784e-02,-6.224120534635969697e-03,-1.083614604624113381e-02,-5.624017901612640702e-03,-5.859845020672419316e-03,-7.819049947832792946e-03,-7.350764339339252093e-03,-7.123387444061849913e-03,-9.199601639836650635e-03,-8.039843418730480487e-03
-1.060525185336650897e-02,-6.227122551861538971e-03,-1.090251753008416105e-02,-5.640605035010588103e-03,-5.980975722797817612e-03,-7.973129083466897263e-03,-7.256342168296195383e-03,-7.124089708008188651e-03,-9.252821500220066372e-03,-7.936914502254871148e-03
-1.087497365261800610e-02,-6.358619034907732337e-03,-1.088769939959134507e-02,-5.569230564314104660e-03,-6.135054858431921929e-03,-7.971904980003802210e-03,-7.119957725557533867e-03,-7.140676841406136052e-03,-9.299867800595881112e-03,-7.978033865956897161e-03
-1.096220059675175051e-02,-6.424990518750759577e-03,-1.100948884526026933e-02,-5.582985291028050995e-03,-6.094009538564411008e-03,-7.972607243950140948e-03,-7.143195717298178940e-03,-7.283383557853099696e-03,-9.281464722229206682e-03,-8.052741671267519413e-03
-1.089082612605526620e-02,-6.427992535976329719e-03,-1.111343729531667421e-02,-5.511610820331567552e-03,-6.022635067867927565e-03,-7.979981268324522897e-03,-7.132075017453857677e-03,-7.301796212497626420e-03,-9.136373079847277812e-03,-8.184238154313712779e-03
-1.105644392223445113e-02,-6.582071671610434035e-03,-1.113667528705731928e-02,-5.502343767394622491e-03,-5.886250625129266049e-03,-8.082978283771196856e-03,-7.034880789071733601e-03,-7.160219506073546569e-03,-9.177492443549303824e-03,-8.171141223470538770e-03
-1.094325360565643820e-02,-6.541026351742923114e-03,-1.088009432415799026e-02,-5.362493562549607018e-03,-5.889252642354835324e-03,-8.178363002793388042e-03,-6.963506318375250158e-03,-7.214990627856056327e-03,-9.184866467923685773e-03,-8.169917120007443717e-03
-1.099029990603225294e-02,-6.562471747880843469e-03,-1.074195046161415847e-02,-5.256597577605131265e-03,-5.924677132392291296e-03,-8.238018857674580392e-03,-6.981918973019776882e-03,-7.346487110902249693e-03,-9.073772631095860380e-03,-8.172919137233013859e-03
-1.107752685016599736e-02,-6.381064229628220612e-03,-1.073268340867721340e-02,-5.410676713239235582e-03,-5.709083359496498755e-03,-8.304390341517607632e-03,-7.015347498535291944e-03,-7.459436561360173468e-03,-9.227851766729964697e-03,-8.131873817365502938e-03
-1.101115752753080088e-02,-6.352531962050741825e-03,-1.066605622114285591e-02,-5.542173196285428947e-03,-5.797475817441614249e-03,-8.232881075496785092e-03,-7.083125538720284539e-03,-7.508096082668922616e-03,-9.416314615670154028e-03,-8.297491613544687866e-03
-1.115386424397776452e-02,-6.311486642183230904e-03,-1.080876293758981956e-02,-5.540949092822333895e-03,-5.726101346745130806e-03,-7.981510614330325146e-03,-7.014281821019678273e-03,-7.611093098115597443e-03,-9.369324422494310425e-03,-8.329204763655971566e-03
-1.120091054435357926e-02,-6.293083563816556474e-03,-1.092091148151437020e-02,-5.562394488960254249e-03,-5.880180482379235123e-03,-8.034730474713740883e-03,-7.067501681403094010e-03,-7.646517588153053414e-03,-9.441342779679626554e-03,-8.223308778711496680e-03
-1.136652834053276419e-02,-6.147991921434628471e-03,-1.075144521989427650e-02,-5.716473624594358566e-03,-5.968572940324350616e-03,-8.048485201427688085e-03,-7.304008657023319286e-03,-7.678230738264336247e-03,-9.595421915313730871e-03,-8.411771627651686012e-03
-1.148831778620168845e-02,-6.159891559067180375e-03,-1.071039990002676558e-02,-5.858934930177962970e-03,-6.015619240700166223e-03,-8.049187465374026823e-03,-7.337437182538834347e-03,-7.721019217942990016e-03,-9.379245250690318794e-03,-8.523920171576236660e-03
-1.152374227623914442e-02,-6.313970694701284692e-03,-1.087601769620595051e-02,-5.946161874311707389e-03,-5.875769035855151617e-03,-8.171609828676837037e-03,-7.075685979842216006e-03,-7.730274826729255019e-03,-9.382247267915888936e-03,-8.566708651254889562e-03
-1.167782141187324874e-02,-6.416967710147959518e-03,-1.085610161602640344e-02,-6.100241009945811706e-03,-5.928988896238567355e-03,-8.180865437463102907e-03,-7.072319535620187614e-03,-7.809721575993617756e-03,-9.250734120732923699e-03,-8.633080135097916802e-03
-1.166137292598094094e-02,-6.571046845782063835e-03,-1.093080942133702396e-02,-6.213190460403735481e-03,-6.024373615260757674e-03,-8.109490966766618597e-03,-7.031274215752676693e-03,-7.740877858293011490e-03,-9.362882664657474346e-03,-8.694218598328841419e-03
-1.184983577492113027e-02,-6.612166209484089847e-03,-1.083361519295489989e-02,-6.355651765987339885e-03,-6.099081420571379059e-03,-8.182876459585314635e-03,-7.185353351386781010e-03,-7.787924158668827097e-03,-9.396311190172989408e-03,-8.622844127632357109e-03
-1.187807574717437281e-02,-6.799912294771460683e-03,-1.075449592075286391e-02,-6.369406492701286220e-03,-6.241542726154983463e-03,-8.336955595219418952e-03,-6.836695259178521798e-03,-7.919420641715019596e-03,-9.283120873594976480e-03,-8.711236585577472602e-03
-1.183703042730686189e-02,-6.953991430405565000e-03,-1.095285815649741333e-02,-6.422626353084701090e-03,-6.290202247463732611e-03,-8.318552516852744522e-03,-6.859933250919166871e-03,-7.940866037852940817e-03,-9.154810927407339496e-03,-8.710012482114377549e-03
-1.199110956294096621e-02,-6.776661790263960837e-03,-1.102487651368272946e-02,-6.325432124702577014e-03,-6.421698730509925977e-03,-8.178702312007729916e-03,-6.962930266365841697e-03,-7.987912338228755557e-03,-9.201857227783154236e-03,-8.741725632225661249e-03
-1.185125935809595160e-02,-6.930740925898065154e-03,-1.117895564931683378e-02,-6.332806149076958963e-03,-6.575777866144030294e-03,-8.258149061272092653e-03,-6.948112135873024849e-03,-7.853122086443436317e-03,-9.209231252157536185e-03,-8.777150122263117221e-03
-1.163961319738176375e-02,-6.889695606030554233e-03,-1.119736830396136050e-02,-6.551565421362163556e-03,-6.574553762680935241e-03,-8.400610366855697925e-03,-6.842216150928549095e-03,-7.890266085073630378e-03,-9.205864807935507793e-03,-8.899572485565927435e-03
-1.179369233301586807e-02,-6.754905354245234993e-03,-1.126514634414635223e-02,-6.654562436808838383e-03,-6.669938481703125560e-03,-8.409865975641963795e-03,-6.739287234452940624e-03,-8.011396787199028674e-03,-9.139495485300311306e-03,-8.874316970305641539e-03
-1.194777146864997239e-02,-6.834352103509598597e-03,-1.100865189154069321e-02,-6.697350916487492152e-03,-6.644682966442839664e-03,-8.270015770796949189e-03,-6.746661258827322573e-03,-8.034634778939673747e-03,-9.205866969143338546e-03,-9.062779819245830870e-03
-1.193132298275766459e-02,-6.841726127883980546e-03,-1.087713874435772797e-02,-6.862968712666677081e-03,-6.776643355965989053e-03,-8.164119785852474304e-03,-6.672628783751981610e-03,-8.114081528204036484e-03,-9.183986352953971491e-03,-9.061555715782735818e-03
-1.196475150827317965e-02,-6.770351657187497103e-03,-1.099008819481565175e-02,-6.681561194414054224e-03,-6.808356506077271886e-03,-8.024269581007459698e-03,-6.495299143610377447e-03,-8.042707057507552174e-03,-9.178674806168272277e-03,-9.250018564722925149e-03
-1.195165457743000564e-02,-6.998914095485707192e-03,-1.107080654634411652e-02,-6.672370472975894945e-03,-6.668506301232257280e-03,-7.916191502692539878e-03,-6.428929820975180960e-03,-8.139139429740472470e-03,-9.217489149066190532e-03,-9.297064865098739889e-03
-1.196355421506255755e-02,-6.893018110541231439e-03,-1.120230302939030989e-02,-6.794792836278705159e-03,-6.780654845156808795e-03,-7.995638251956902615e-03,-6.352316861755217745e-03,-8.172567955255987532e-03,-9.348985632112383898e-03,-9.376511614363102626e-03
-1.189718489242736106e-02,-6.935806590219885208e-03,-1.136792082556949482e-02,-6.789481289493005944e-03,-6.709280374460325352e-03,-7.898444023574778539e-03,-6.474739225058027958e-03,-8.225787815639403269e-03,-9.372223623853028970e-03,-9.508472003886252882e-03
-1.185613957255985014e-02,-6.930495043434185994e-03,-1.125682698874166943e-02,-6.876708233626750363e-03,-6.687399758270958297e-03,-7.977890772839141276e-03,-6.548124717876723129e-03,-8.181727325985462332e-03,-9.359126693009854961e-03,-9.706834239630802302e-03
-1.201021870819395446e-02,-6.947082176832132527e-03,-1.118545251804518512e-02,-6.948726590812066492e-03,-6.682088211485259083e-03,-8.080887788285815235e-03,-6.437030881048896869e-03,-8.222846689687488345e-03,-9.371026330642406865e-03,-9.860913375264906619e-03
-1.194137499049334819e-02,-7.019100534017448656e-03,-1.125747087523050124e-02,-7.051723606258741318e-03,-6.674782823477741489e-03,-8.036827298631874297e-03,-6.468744031160179701e-03,-8.146233730467525996e-03,-9.387613464040354266e-03,-9.896337865302362591e-03
-1.193606344370764898e-02,-7.131249077942000171e-03,-1.114637703840267585e-02,-7.155672056315146197e-03,-6.711926822107936418e-03,-8.055239953276401021e-03,-6.467519927697084649e-03,-8.158133368100077901e-03,-9.508744166165752562e-03,-1.002783434834855596e-02
-1.212452629264783831e-02,-7.031219990462293790e-03,-1.104048105345820097e-02,-7.058477827933022121e-03,-6.866005957742040734e-03,-7.915389748431386416e-03,-6.621599063331188965e-03,-8.261130383546751860e-03,-9.467698846298241641e-03,-9.921938363404081071e-03
-1.202159737617222897e-02,-7.144169440920217565e-03,-1.119456018909230528e-02,-6.930167881745386005e-03,-6.824960637874529813e-03,-8.069468884065490732e-03,-6.819961299075738385e-03,-8.449593232486941191e-03,-9.396324375601757331e-03,-9.920714259940986018e-03
-1.200677924567941299e-02,-7.342531676664766985e-03,-1.134863932472640960e-02,-6.722251003053498694e-03,-6.806557559507855383e-03,-8.047588267876123677e-03,-6.861080662777764398e-03,-8.490712596188967204e-03,-9.381506245108941350e-03,-1.007479339557509034e-02
-1.183731298405931928e-02,-7.463662378790165280e-03,-1.140185918510982534e-02,-6.721026899590403642e-03,-6.700661574563379630e-03,-8.069033664014044899e-03,-6.882526058915684752e-03,-8.493714613414537346e-03,-9.275610260164466464e-03,-1.000594967787448407e-02
-1.173141699911484440e-02,-7.323812173945150675e-03,-1.121933644254940673e-02,-6.919389135334953062e-03,-6.767033058406406870e-03,-8.106177662644238960e-03,-6.995475509373608528e-03,-8.548485735197047103e-03,-9.206568820195807148e-03,-9.934575207177999759e-03
-1.172610545232914518e-02,-7.142404655692527818e-03,-1.111640752607379740e-02,-6.875328645681012124e-03,-6.690420099186443655e-03,-8.061315426572634307e-03,-6.855625304528593922e-03,-8.562240461910994305e-03,-9.025161301943184292e-03,-9.794725002332985153e-03
-1.154469793407652232e-02,-7.131283955848206554e-03,-1.112566313486006327e-02,-7.029407781315116441e-03,-6.550569894341428182e-03,-7.921465221727619702e-03,-7.074384576813798516e-03,-8.490865991214509995e-03,-8.953786831246699982e-03,-9.983187851273174485e-03
-1.157118190959291470e-02,-7.106028440587920658e-03,-1.120510988412442600e-02,-6.918313944487290180e-03,-6.593358374020081951e-03,-7.877404732073678764e-03,-7.079291859735534209e-03,-8.502765628847061899e-03,-9.107865966880804298e-03,-1.005657334409187052e-02
-1.172526104522701902e-02,-7.037184722887314392e-03,-1.122655528026234723e-02,-7.049810427533483546e-03,-6.636146853698735720e-03,-7.999194177742603024e-03,-7.012922537100337722e-03,-8.668383425026246827e-03,-9.182573772191424816e-03,-1.010361964446768526e-02
-1.173716068285957093e-02,-7.013902274173635862e-03,-1.101096150736655468e-02,-7.121828784718799675e-03,-6.462796444877109796e-03,-8.164811973921787952e-03,-7.201385386040526186e-03,-8.621393231850403224e-03,-9.336652907825529132e-03,-1.003224517377120095e-02
-1.166565141683874839e-02,-6.942527803477152419e-03,-1.099451302147424689e-02,-7.264535501165763319e-03,-6.467703727798845489e-03,-8.053718137093962559e-03,-7.213285023673078090e-03,-8.642838627988324446e-03,-9.191561265443600262e-03,-9.991199853903690031e-03
-1.180835813328571203e-02,-7.108145599656337348e-03,-1.081310550322162403e-02,-7.167341272783639243e-03,-6.398860010098239223e-03,-7.950789220618353220e-03,-7.367364159307182407e-03,-8.717546433298944963e-03,-9.166305750183314366e-03,-9.950154534036179110e-03
-1.186949659651663665e-02,-7.126558254300864072e-03,-1.055652454032229501e-02,-7.158074219846694182e-03,-6.327485539401755781e-03,-8.082285703664546586e-03,-7.427020014188375624e-03,-8.744030408815337344e-03,-9.159000362175796772e-03,-9.962054171668731015e-03
-1.186022954357969159e-02,-7.161982744338320044e-03,-1.062991003314099105e-02,-7.129541952269215395e-03,-6.324119095179727389e-03,-8.236364839298650903e-03,-7.581099149822479941e-03,-8.942392644559886764e-03,-9.290496845221990138e-03,-1.015952405946004070e-02
-1.185096249064274652e-02,-7.095355556803961683e-03,-1.063291205036656119e-02,-7.195913436112242635e-03,-6.365238458881753401e-03,-8.232998395076622511e-03,-7.486676978779423230e-03,-8.870883378539064223e-03,-9.311942241359911360e-03,-1.022589554330306794e-02
-1.178211877294214026e-02,-7.130780046841417655e-03,-1.064481168799911309e-02,-7.275360185376606240e-03,-6.400662948919209373e-03,-8.227686848290923297e-03,-7.539896839162838968e-03,-8.973880393985738183e-03,-9.237909766284569529e-03,-1.022889756052863808e-02
-1.167918985646653092e-02,-7.030750959361711273e-03,-1.053371785117128770e-02,-7.310784675414062211e-03,-6.403664966144778647e-03,-8.012093075395130756e-03,-7.551796476795390872e-03,-9.009304884023194154e-03,-9.391988901918673846e-03,-1.033284601058504296e-02
-1.187665974425784060e-02,-7.019630259517390877e-03,-1.060573620835660383e-02,-7.204888690469586458e-03,-6.440808964774973576e-03,-8.133882521064055016e-03,-7.780358915093600961e-03,-9.035788859539586534e-03,-9.286092916974198960e-03,-1.048692514621914727e-02
-1.177663065677813335e-02,-6.997749643328023822e-03,-1.042432869010398097e-02,-7.423647962754791052e-03,-6.401888120051719110e-03,-8.110600072350376485e-03,-7.598951396840978104e-03,-9.102160343382613775e-03,-9.440172052608303277e-03,-1.056764349774761205e-02
-1.170778693907752709e-02,-6.894820726852415350e-03,-1.054611813577290523e-02,-7.283797757909776446e-03,-6.325275160831755894e-03,-8.264679207984480802e-03,-7.487857560013151843e-03,-9.030785872686129465e-03,-9.696683915863214473e-03,-1.072172263338171637e-02
-1.171516096345190903e-02,-6.930245216889871322e-03,-1.061813649295822136e-02,-7.142221051485696595e-03,-6.368063640510409663e-03,-8.261312763762452410e-03,-7.473039429520334995e-03,-8.954172913466167116e-03,-9.776130665127577210e-03,-1.065268119341305705e-02
-1.173357361809643576e-02,-6.937619241264253271e-03,-1.054676202226173705e-02,-7.158808184883643996e-03,-6.401492166025924725e-03,-8.192469046061846144e-03,-7.627118565154439311e-03,-8.809081271084238246e-03,-9.670234680183102324e-03,-1.054678520846858217e-02
-1.163637938971431168e-02,-7.011004734082948442e-03,-1.066918438556454726e-02,-7.117762865016133075e-03,-6.298563249550316254e-03,-8.183201993124901083e-03,-7.630120582380009453e-03,-9.036199732204701351e-03,-9.750953031711567104e-03,-1.047794149076797590e-02
-1.169751785294523630e-02,-6.939630263386464999e-03,-1.048777686731192441e-02,-7.099359786649458645e-03,-6.358219104431509471e-03,-8.295350537049451731e-03,-7.683340442763425190e-03,-9.167696215250894717e-03,-9.905032167345671421e-03,-1.052498779114379064e-02
-1.152805159132514259e-02,-7.082091568970069403e-03,-1.022619736287165397e-02,-7.211508330574010160e-03,-6.399338468133535483e-03,-8.254305217181940810e-03,-7.837419578397529507e-03,-9.264128587483815014e-03,-9.833657696649187110e-03,-1.065648427418998401e-02
-1.153105360855071274e-02,-7.143230032200994020e-03,-1.029821572005697010e-02,-7.027905371341619002e-03,-6.587084553420906319e-03,-8.275750613319862031e-03,-7.892190700180039264e-03,-9.429746383662999942e-03,-9.987736832283291427e-03,-1.066838391182253591e-02
-1.151113752837116568e-02,-7.238614751223184339e-03,-1.042000516572589436e-02,-6.956530900645135559e-03,-6.775547402361094783e-03,-8.328970473703277769e-03,-7.933310063882065277e-03,-9.583825519297104259e-03,-1.005975518946860756e-02,-1.044756199646786933e-02
-1.154285067848244938e-02,-7.351564201681108114e-03,-1.044145056186381385e-02,-6.961438183566872120e-03,-6.887695946285646298e-03,-8.223074488758802883e-03,-7.934012327828404015e-03,-9.517456196661907772e-03,-1.021383432510271187e-02,-1.034753290898816208e-02
-1.147147620778596507e-02,-7.494025507264712518e-03,-1.056258126398921214e-02,-6.950317483722550857e-03,-6.776602109457820038e-03,-8.354570971804996249e-03,-7.975131691530430028e-03,-9.570676057045323509e-03,-1.031778277515911675e-02,-1.037577288124140462e-02
-1.140010173708948076e-02,-7.615156209390110814e-03,-1.059972526261940620e-02,-6.883948161087354370e-03,-6.871986828480010356e-03,-8.248674986860521363e-03,-7.877937463148305952e-03,-9.545420541785037613e-03,-1.030296464466630077e-02,-1.040225685675779700e-02
-1.126371729435081924e-02,-7.548529021855752454e-03,-1.052835079192292189e-02,-7.102707433372558964e-03,-7.003483311526203722e-03,-8.320693344045837492e-03,-7.775008546672697481e-03,-9.606559005015962230e-03,-1.035162416597504992e-02,-1.048170360602215974e-02
-1.119234282365433493e-02,-7.581957547371267515e-03,-1.056716513482084015e-02,-6.999778516896950492e-03,-6.892389474698377462e-03,-8.184308901307175976e-03,-7.813822889570616603e-03,-9.611466287937698791e-03,-1.039867046635086466e-02,-1.037060976919433261e-02
-1.125199867853552901e-02,-7.770420396311455979e-03,-1.049313265974549832e-02,-6.902584288514826416e-03,-6.826020152063180975e-03,-8.078412916362701091e-03,-7.835268285708536090e-03,-9.505570302993223905e-03,-1.041242519306481186e-02,-1.030176605149372634e-02
-1.124668713174982980e-02,-7.989179668596661441e-03,-1.052484580985678202e-02,-6.936012814030341478e-03,-6.887158615294105592e-03,-8.297172188647906552e-03,-7.729372300764060337e-03,-9.627359748662148164e-03,-1.023509555292320683e-02,-1.034881235186954108e-02
-1.150319899500474100e-02,-8.217742106894871529e-03,-1.067892494549088633e-02,-7.090091949664445795e-03,-6.900913342008051926e-03,-8.284075257804732542e-03,-7.745959434162006871e-03,-9.516265911834322772e-03,-1.038917468855731115e-02,-1.032693173568017403e-02
-1.160714744506114587e-02,-8.146367636198387219e-03,-1.070037034162880582e-02,-7.132880429343099564e-03,-7.099275577752601346e-03,-8.312315230057975082e-03,-7.704914114294495950e-03,-9.523639936208704720e-03,-1.027808085172948402e-02,-1.048101087131427835e-02
-1.161014946228671602e-02,-8.289074352645350863e-03,-1.063152662392819955e-02,-7.091835109475588643e-03,-7.287738426692789810e-03,-8.141589400962602821e-03,-7.726359510432416304e-03,-9.508821805715888739e-03,-1.017218486678500913e-02,-1.047370548330676075e-02
-1.160088240934977095e-02,-8.342294213028766600e-03,-1.056248518395954024e-02,-7.103734747108140547e-03,-7.296994035479054813e-03,-8.035693416018127935e-03,-7.779579370815831174e-03,-9.437447335019404429e-03,-1.009557190756504678e-02,-1.036780949836228587e-02
-1.173237889239596432e-02,-8.270919742332282290e-03,-1.057907231735748764e-02,-7.170106230951167788e-03,-7.385386493424170307e-03,-8.156824118143526231e-03,-7.806063346332224422e-03,-9.497103189900598513e-03,-1.013099639760250276e-02,-1.048894020048768416e-02
-1.175886286791235670e-02,-8.196887267256940460e-03,-1.051270299472229115e-02,-7.282254774875719303e-03,-7.641898356679082370e-03,-8.140375632251218435e-03,-8.034625784630433643e-03,-9.397074102420891265e-03,-9.984265491709552395e-03,-1.023756973932122422e-02
-1.180590916828817144e-02,-8.268905624442256588e-03,-1.056136251603104030e-02,-7.329301075251534910e-03,-7.737283075701272689e-03,-8.034479647306743549e-03,-8.037627801856003784e-03,-9.464852142605882993e-03,-1.007965021073174358e-02,-1.002965286062933691e-02
-1.199437201722836077e-02,-8.086382881881837986e-03,-1.058460050777168537e-02,-7.300768807674056123e-03,-7.729977687693755095e-03,-8.025212594369798488e-03,-8.090847662239419522e-03,-9.618931278239987309e-03,-1.008035247467808232e-02,-9.856302451807710113e-03
-1.204141831760417551e-02,-8.181767600904027438e-03,-1.063782036815510111e-02,-7.353988668057470993e-03,-7.851108389819153391e-03,-7.984167274502287567e-03,-8.083542274231901928e-03,-9.693639083550607827e-03,-1.018334949012475628e-02,-9.716452246962695508e-03
-1.192822800102616432e-02,-8.438279464158938634e-03,-1.083529025594641079e-02,-7.395108031759497005e-03,-7.745212404874677638e-03,-7.802759756249664710e-03,-8.100129407629849329e-03,-9.675236005183933397e-03,-1.007745350518028139e-02,-9.696536166783148447e-03
-1.196537199965635838e-02,-8.493050585941448391e-03,-1.084904498266035799e-02,-7.549187167393601322e-03,-7.804868259755870855e-03,-7.882206505514027448e-03,-8.028754936933365019e-03,-9.693648659828460121e-03,-1.015216131049090365e-02,-9.590640181838673561e-03
-1.201241830003217312e-02,-8.597915671736454032e-03,-1.099175169910732164e-02,-7.747549403138150742e-03,-7.733493789059387412e-03,-8.036285641148131764e-03,-7.915564620355353825e-03,-9.847727795462564437e-03,-1.008331759279029738e-02,-9.744719317472777878e-03
-1.183101078177955026e-02,-8.416508153483831176e-03,-1.103879799948313638e-02,-7.820934895956846780e-03,-7.759977764575780659e-03,-8.190364776782236081e-03,-8.069643755989458142e-03,-9.778884077761958171e-03,-1.027178044173048671e-02,-9.741352873250749486e-03
-1.180913016559018321e-02,-8.497226505012295955e-03,-1.136357749625168875e-02,-7.975014031590951097e-03,-7.882400127878590873e-03,-8.295229862577241722e-03,-8.235261552168643071e-03,-9.944501873941143100e-03,-1.013539599899182519e-02,-9.790012394559498635e-03
-1.189635710972392763e-02,-8.496002401549200903e-03,-1.139900198628914472e-02,-7.835163826745936491e-03,-7.950178168063582601e-03,-8.150138220195312852e-03,-8.348211002626566846e-03,-1.016326114622634856e-02,-1.009647515426857073e-02,-9.723643071924302148e-03
-1.189513300626083257e-02,-8.454957081681689982e-03,-1.135795666642163380e-02,-7.766320109045330225e-03,-8.104257303697686918e-03,-8.338601069135502183e-03,-8.346986899163471793e-03,-1.019497429633763226e-02,-1.002244267919322890e-02,-9.676652878748458544e-03
-1.204921214189493689e-02,-8.496076445383715994e-03,-1.141117652680504954e-02,-7.985079381330535686e-03,-8.170628787540714158e-03,-8.387260590444251332e-03,-8.351894182085208354e-03,-1.018015616584481628e-02,-1.022080491493777832e-02,-9.573723962272849206e-03
-1.223695822718230686e-02,-8.503450469758097943e-03,-1.151417354225172350e-02,-8.013319353583778226e-03,-8.207772786170908219e-03,-8.287231502964544083e-03,-8.385322707600723416e-03,-1.010878169514833197e-02,-1.024225031107569781e-02,-9.607152487788364267e-03
-1.239103736281641117e-02,-8.397554484813623057e-03,-1.152342915103798937e-02,-8.056107833262431128e-03,-8.243197276208364191e-03,-8.340451363347959821e-03,-8.388324724826293557e-03,-1.017655973533332370e-02,-1.017340659337509154e-02,-9.661923609570874025e-03
-1.241427535455705625e-02,-8.519343930482547317e-03,-1.154184180568251609e-02,-8.079345825003076201e-03,-8.143168188728656942e-03,-8.366935338864352201e-03,-8.501274175284217333e-03,-1.003670953048830909e-02,-1.007337750589538429e-02,-9.643520531204199595e-03
-1.251822380461346113e-02,-8.717706166227096737e-03,-1.143594582073804121e-02,-8.122134304681729103e-03,-8.006783745989995427e-03,-8.488066040989750496e-03,-8.429764909263394793e-03,-1.035290924150496228e-02,-1.006806595910968508e-02,-9.618265015943913698e-03
-1.259024216179877725e-02,-8.871785301861201053e-03,-1.136457135004155690e-02,-8.016238319737254217e-03,-8.028229142127914914e-03,-8.676528889929939828e-03,-8.656883370383857898e-03,-1.058002770262542538e-02,-9.931681516371023560e-03,-9.612953469158214484e-03
-1.251886769110229294e-02,-8.862594580423040908e-03,-1.122818690730289538e-02,-7.754487117040635875e-03,-8.170935858574878558e-03,-8.737667353160864445e-03,-8.778014072509256194e-03,-1.076849055156561472e-02,-9.825785531426548675e-03,-9.609587024936186092e-03
-1.242167346272016887e-02,-9.051057429363230239e-03,-1.121531189347987033e-02,-7.680454641965294912e-03,-8.126875368920937620e-03,-8.769380503272148145e-03,-8.890162616433806841e-03,-1.051712009039915477e-02,-9.652435122604921883e-03,-9.658246546244935241e-03
-1.240879844889714381e-02,-8.974444470143267891e-03,-1.123675728961779155e-02,-7.499047123712672056e-03,-8.390193410069368002e-03,-8.548558587917481563e-03,-8.969609365698169579e-03,-1.067119922603325909e-02,-9.581060651908437573e-03,-9.699365909946961253e-03
-1.251274689895354869e-02,-9.062836928088383384e-03,-1.117038796698259506e-02,-7.653126259346776372e-03,-8.431312773771394015e-03,-8.785065563537707706e-03,-8.863713380753694693e-03,-1.059458626681329674e-02,-9.769523500848626904e-03,-9.927928348245171342e-03
-1.244637757631835220e-02,-9.067744211010119945e-03,-1.129151866910799336e-02,-7.640029328503602363e-03,-8.447899907169341416e-03,-8.889014013594112584e-03,-8.792338910057210383e-03,-1.068181321094704116e-02,-9.923602636482731221e-03,-9.827899260765464093e-03
-1.251839593350366833e-02,-8.961848226065645059e-03,-1.129029456564489831e-02,-7.598984008636091442e-03,-8.450901924394911557e-03,-8.749163808749097979e-03,-8.858710393900237623e-03,-1.057591722600256627e-02,-9.707425971859319144e-03,-9.826675157302369040e-03
-1.253984132964158782e-02,-9.064845241512319018e-03,-1.129329658287046845e-02,-7.493088023691615689e-03,-8.455809207316648118e-03,-8.730760730382423548e-03,-8.925081877743264863e-03,-1.056672650456440612e-02,-9.802810690881510330e-03,-9.825451053839273988e-03
-1.259306119002500356e-02,-8.993470770815834708e-03,-1.134651644325388418e-02,-7.478269893198798840e-03,-8.430553692056362222e-03,-8.884839866016527865e-03,-8.779990235361335993e-03,-1.058331363796235353e-02,-9.662960486036495725e-03,-9.826153317785612726e-03
-1.263418055372702957e-02,-8.887574785871359823e-03,-1.146830588892280844e-02,-7.472958346413099626e-03,-8.511272043584827002e-03,-8.879528319230828651e-03,-8.713363047826978500e-03,-1.064296949284354588e-02,-9.663662749982834463e-03,-9.831060600707349287e-03
-1.278825968936113389e-02,-8.631080333265700802e-03,-1.149654586117605098e-02,-7.539329830256126866e-03,-8.523171681217378906e-03,-8.945899803073855891e-03,-8.867442183461082816e-03,-1.084043938063485556e-02,-9.592288279286350153e-03,-9.852505996845270508e-03
-1.294233882499523820e-02,-8.449672815013077945e-03,-1.136016141843738947e-02,-7.433433845311651113e-03,-8.654668164263572272e-03,-9.088361108657461163e-03,-8.972307269256088458e-03,-1.077159566293424929e-02,-9.608875412684297554e-03,-1.000658513247937483e-02
-1.293307177205829314e-02,-8.516044298856105185e-03,-1.139730541706758353e-02,-7.367064522676454626e-03,-8.473260646010949415e-03,-9.102115835371408364e-03,-8.953904190889414028e-03,-1.074306339535677050e-02,-9.640588562795581254e-03,-1.024309210809960097e-02
-1.301379012358675792e-02,-8.544284271109347725e-03,-1.139393897284555514e-02,-7.227214317831439153e-03,-8.605221035534099672e-03,-8.962265630526393759e-03,-8.848008205944939142e-03,-1.089714253099087482e-02,-9.631397841357421108e-03,-1.031647760091829701e-02
-1.304027409910315030e-02,-8.529466140616531744e-03,-1.144098527322136988e-02,-7.155839847134955710e-03,-8.576688767956620885e-03,-8.890891159829909449e-03,-8.979968595468089398e-03,-1.091089725770482202e-02,-9.636305124279157669e-03,-1.001216045004523977e-02
-1.308306257878180320e-02,-8.683545276250636061e-03,-1.133508928827689499e-02,-7.287336330181149076e-03,-8.567421715019675824e-03,-8.709483641577286592e-03,-9.134047731102193715e-03,-1.086985193783731110e-02,-9.533376207803548330e-03,-1.008417880723055590e-02
-1.295154943159883797e-02,-8.718969766288092033e-03,-1.144723783220144564e-02,-7.150951887442487560e-03,-8.427571510174661218e-03,-8.762703501960702329e-03,-9.110765282388515185e-03,-1.095057028936577588e-02,-9.568800697841004302e-03,-9.812871305523045151e-03
-1.298697392163629394e-02,-8.861676482735055677e-03,-1.140831698747819117e-02,-7.082108169741880427e-03,-8.220345345807737042e-03,-8.883834204086100625e-03,-8.999671445560689792e-03,-1.109303159494938115e-02,-9.527755377973493381e-03,-9.901263763468160645e-03
-1.297966853362877634e-02,-8.974625933192979452e-03,-1.162707625976339663e-02,-7.113821319853163259e-03,-8.273565206191152779e-03,-8.897588930800047827e-03,-9.153750581194794109e-03,-1.129139383069393057e-02,-9.681834513607597698e-03,-9.913163401100712549e-03
-1.308266554907545030e-02,-8.903251462496495142e-03,-1.173922480368794728e-02,-7.216818335299838086e-03,-8.376562221637826738e-03,-9.018719632925446122e-03,-9.165650218827346013e-03,-1.130980648533845730e-02,-9.770226971552713191e-03,-1.006724253673481687e-02
-1.307929910485342191e-02,-8.998636181518686328e-03,-1.180559628753097452e-02,-7.337949037425236382e-03,-8.273633305162217400e-03,-8.947345162228961812e-03,-9.206769582529372026e-03,-1.143093718746385559e-02,-9.805651461590169163e-03,-1.006387609251278847e-02
-1.315131746203873804e-02,-9.006010205893068277e-03,-1.184274028616116858e-02,-7.336724933962141329e-03,-8.347018797980913438e-03,-9.101424297863066129e-03,-9.165724262661861105e-03,-1.135956271676737128e-02,-9.832135437106561543e-03,-1.009211606476603101e-02
-1.315431947926430818e-02,-9.204372441637617697e-03,-1.177136581546468427e-02,-7.230828949017665576e-03,-8.215505650797948201e-03,-9.289887146803255460e-03,-9.059828277717386219e-03,-1.136446999968910784e-02,-9.839509461480943492e-03,-1.024619520040013533e-02
-1.326646802318885883e-02,-9.135528723937011431e-03,-1.187623090125968991e-02,-7.208948332828299388e-03,-8.347002133844141566e-03,-9.275069016310439479e-03,-9.058604174254291166e-03,-1.145286245763422334e-02,-9.768134990784459182e-03,-1.026943319214078040e-02
-1.340892932877246410e-02,-8.914210979788289232e-03,-1.203031003689379423e-02,-7.282333825646994559e-03,-8.501081269478245883e-03,-9.388018466768363254e-03,-9.131989667072987205e-03,-1.138401873993361707e-02,-9.791372982525104254e-03,-1.036586556437369896e-02
-1.344064247888374780e-02,-9.046171369311439489e-03,-1.215273240019660445e-02,-7.305571817387639631e-03,-8.562219732709170500e-03,-9.454389950611390495e-03,-9.185209527456402942e-03,-1.138702075715918721e-02,-9.870819731789466991e-03,-1.045309250850744338e-02
-1.352136083041221258e-02,-9.118189726496755618e-03,-1.205270331271689720e-02,-7.358791677771054501e-03,-8.590459704962413040e-03,-9.567339401069314270e-03,-9.048825084717741427e-03,-1.151898114668233747e-02,-9.799445261092982681e-03,-1.027974209968581659e-02
-1.370910691569958255e-02,-9.205416670630500037e-03,-1.221832110889608213e-02,-7.512870813405158818e-03,-8.521615987261806774e-03,-9.556218701224993006e-03,-8.982455762082544939e-03,-1.141308516173786258e-02,-9.838259603990900937e-03,-1.031145524979710029e-02
-1.364484213814748728e-02,-9.248205150309152939e-03,-1.214681184287525958e-02,-7.406974828460683065e-03,-8.450106721240984234e-03,-9.593362699855187067e-03,-8.846071319343883424e-03,-1.166959702499277378e-02,-9.881048083669553839e-03,-1.041540369985350517e-02
-1.365674177578003919e-02,-9.207159830441642018e-03,-1.216825723901317907e-02,-7.335600357764199622e-03,-8.711445019807806389e-03,-9.487466714910712182e-03,-8.959020769801807199e-03,-1.173596850883580102e-02,-9.775152098725078953e-03,-1.053782606315631538e-02
-1.351001086988708882e-02,-9.138316112741035752e-03,-1.229067960231598929e-02,-7.307068090186720835e-03,-8.754233499486459291e-03,-9.522891204948168153e-03,-8.959723033748145937e-03,-1.163877428045367694e-02,-9.871584470957997515e-03,-1.064269114895132103e-02
-1.351301288711265897e-02,-9.066941642044551442e-03,-1.228337421430847169e-02,-7.328513486324641189e-03,-8.951703387277768972e-03,-9.525893222173738295e-03,-8.786372624926519145e-03,-1.161351876519339105e-02,-9.983733014882548162e-03,-1.063932470472929263e-02
-1.366709202274676328e-02,-9.065717538581456389e-03,-1.225811869904818580e-02,-7.331515503550210464e-03,-8.780977558182396711e-03,-9.504012605984371240e-03,-8.859758117745215183e-03,-1.170191122313850654e-02,-9.976427626875030569e-03,-1.069254456511270837e-02
-1.382117115838086760e-02,-9.049269052689148593e-03,-1.236111571449485975e-02,-7.231486416070504082e-03,-8.912937947705546968e-03,-9.520599739382318641e-03,-8.886242093261607564e-03,-1.189037407207869587e-02,-1.016489047581521990e-02,-1.066926211639902984e-02
-1.375480183574567111e-02,-9.181229442212298850e-03,-1.242748719833788699e-02,-7.160111945374020639e-03,-8.887682432445261071e-03,-9.663061044965923913e-03,-8.973469037395351983e-03,-1.204445320771280019e-02,-1.027703901973977055e-02,-1.075648906053277426e-02
-1.384202877987941553e-02,-9.409791880510508938e-03,-1.250820554986635177e-02,-7.145293814881203791e-03,-8.999830976369811719e-03,-9.775209588890474560e-03,-8.865390959080433897e-03,-1.204515547165913893e-02,-1.014065457700110903e-02,-1.068511458983628995e-02
-1.385392841751196744e-02,-9.469447735391701287e-03,-1.262933625199175007e-02,-7.333756663821392255e-03,-9.095215695392001171e-03,-9.798447580631119633e-03,-8.938776451899129935e-03,-1.219923460729324324e-02,-1.000080437215609443e-02,-1.065658232225881116e-02
-1.395879350330697308e-02,-9.333063292653039772e-03,-1.258829093212423915e-02,-7.338663946743128816e-03,-8.995186607912293922e-03,-9.835591579261313694e-03,-8.891786258723286332e-03,-1.226701264747823497e-02,-9.999580268692999374e-03,-1.064176419176599518e-02
-1.394039042494029865e-02,-9.454852738321964031e-03,-1.277675378106442848e-02,-7.269820229042522550e-03,-8.993962504449198869e-03,-9.724497742433488301e-03,-8.996651344518291973e-03,-1.243263044365741990e-02,-1.018804311763318871e-02,-1.073714891078818637e-02
-1.420370846608872903e-02,-9.357658509939839955e-03,-1.288970323152235226e-02,-7.200976511341916284e-03,-8.848870862067269999e-03,-9.723273638970393248e-03,-9.023135320034684353e-03,-1.242343972221925975e-02,-1.018681901417009365e-02,-1.076886206089947007e-02
-1.420441073003506777e-02,-9.360660527165410097e-03,-1.286117096394487347e-02,-7.437483486962141559e-03,-8.826990245877902944e-03,-9.766062118649046150e-03,-8.978273083963079701e-03,-1.232051080574365041e-02,-1.023386531454590839e-02,-1.058745454264684721e-02
-1.424553009373709378e-02,-9.245435552940868204e-03,-1.272478652120621195e-02,-7.454070620360088092e-03,-8.801734730617617047e-03,-9.509481155749717127e-03,-8.961824598070771905e-03,-1.244230025141257467e-02,-1.016960053699381139e-02,-1.068388691487976577e-02
-1.436666079586249208e-02,-9.268673544681513277e-03,-1.287886565684031627e-02,-7.533517369624450830e-03,-8.890127188562732541e-03,-9.328073637497094270e-03,-8.978411731468719306e-03,-1.250195610629376702e-02,-1.003145667444997960e-02,-1.076460526640823055e-02
-1.462317265911740327e-02,-9.343381349992133794e-03,-1.300128802014312648e-02,-7.511636753435083774e-03,-8.849081868695221620e-03,-9.381293497880510007e-03,-8.907037260772234996e-03,-1.239902718981815768e-02,-1.001835974360680559e-02,-1.091868440204233487e-02
-1.475466914216359664e-02,-9.330506336169108739e-03,-1.315536715577723080e-02,-7.533082149573004128e-03,-8.843770321909522406e-03,-9.309919027184025697e-03,-8.807008173292527747e-03,-1.229313120487368280e-02,-9.949516025906199324e-03,-1.085231507940713838e-02
-1.481580760539452125e-02,-9.335413619090845300e-03,-1.322875264859592684e-02,-7.580128449948819735e-03,-8.910141805752549646e-03,-9.463998162818130014e-03,-8.825420827937054472e-03,-1.251189047715888826e-02,-9.998175547214948472e-03,-1.084700353262143917e-02
-1.474443313469803694e-02,-9.361897594607237680e-03,-1.330819939786028958e-02,-7.778490685693369155e-03,-8.866081316098608708e-03,-9.458686616032430799e-03,-8.866540191639080484e-03,-1.241469624877676418e-02,-1.015225468284905279e-02,-1.084169198583573995e-02
-1.469459511183419768e-02,-9.441344343871600417e-03,-1.329338126736747359e-02,-7.932569821327473472e-03,-8.927219779329533325e-03,-9.392059428498073306e-03,-8.878439829271632389e-03,-1.255715755436036946e-02,-1.015962870722343474e-02,-1.084659926875747651e-02
-1.480674365575874833e-02,-9.432153622433440271e-03,-1.314828962498554472e-02,-7.826673836382998586e-03,-8.787369574484518719e-03,-9.464077785683389435e-03,-9.032518964905736705e-03,-1.271123668999447377e-02,-1.008825423652695043e-02,-1.074367035228186718e-02
-1.484216814579620430e-02,-9.553943068102364530e-03,-1.318940898868757074e-02,-7.898692193568314715e-03,-8.796625183270784590e-03,-9.618156921317493752e-03,-8.855189324764131675e-03,-1.256450578410152341e-02,-1.008895650047328917e-02,-1.089774948791597149e-02
-1.476813567072086247e-02,-9.675073770227762826e-03,-1.347532621017141427e-02,-7.721362553426710552e-03,-8.696596095791077341e-03,-9.772236056951598068e-03,-8.849877777978432461e-03,-1.261772564448493915e-02,-1.002232931293893167e-02,-1.075789928307095689e-02
-1.502464753397577367e-02,-9.787222314152313474e-03,-1.347410210670831922e-02,-7.842493255552109716e-03,-8.719834087531722414e-03,-9.752319976772051008e-03,-8.781034060277826195e-03,-1.254888192678433288e-02,-1.011876168517185023e-02,-1.084512622720470131e-02
-1.502534979792211241e-02,-9.604699571591894872e-03,-1.367157199449962890e-02,-7.914511612737425844e-03,-8.815218806553913600e-03,-9.980882415070261096e-03,-8.669940223449999067e-03,-1.252700131059496583e-02,-1.019214717799054627e-02,-1.089217252758051604e-02
-1.500694671955543798e-02,-9.473186424408929635e-03,-1.356567600955515401e-02,-8.019376698532431486e-03,-8.858007286232566502e-03,-9.999295069714787820e-03,-8.691385619587918554e-03,-1.246063198795976934e-02,-1.024080669929929542e-02,-1.079214344010080880e-02
-1.500764898350177672e-02,-9.520232724784744374e-03,-1.364512275881951675e-02,-7.803782925636638945e-03,-9.012086421866670818e-03,-9.927920599018303510e-03,-8.551535414742903948e-03,-1.235473600301529445e-02,-1.040642449547848035e-02,-1.085179929498200288e-02
-1.504307347353923269e-02,-9.674311860418848691e-03,-1.342430084346485017e-02,-7.946244231220244217e-03,-9.107471140888862005e-03,-9.858879159049644195e-03,-8.611191269624098032e-03,-1.243545435454375923e-02,-1.040305805125645196e-02,-1.074590331003752799e-02
-1.504377573748557143e-02,-9.746330217604164819e-03,-1.352729785891152413e-02,-7.993290531596058957e-03,-9.175249181073853733e-03,-9.905925459425458934e-03,-8.623090907256649937e-03,-1.250323239472875096e-02,-1.055713718689055627e-02,-1.067452883934104368e-02
-1.490739129474690991e-02,-9.609945774865503304e-03,-1.368137699454562844e-02,-8.011703186240585681e-03,-9.270633900096043184e-03,-9.858935266249615331e-03,-8.611970207412328673e-03,-1.240030347825314162e-02,-1.067826788901595457e-02,-1.057449975186133644e-02
-1.506147043038101423e-02,-9.645370264902959276e-03,-1.378532544460203332e-02,-8.165782321874689997e-03,-9.130783695251028578e-03,-9.912155126633031069e-03,-8.683988564597644802e-03,-1.254276478383674689e-02,-1.067295634223025536e-02,-1.053345443199382551e-02
-1.524993327932120356e-02,-9.718755757721655314e-03,-1.388927389465843820e-02,-8.096938604174083731e-03,-9.033589466868904502e-03,-9.806259141688556183e-03,-8.912551002895854890e-03,-1.244273569635703965e-02,-1.076834106125244481e-02,-1.051353835181427845e-02
-1.506852576106858070e-02,-9.713444210935956100e-03,-1.396872064392280094e-02,-7.957088399329069126e-03,-9.047344193582851704e-03,-1.006277100494346738e-02,-8.841176532199370580e-03,-1.237136122566055534e-02,-1.080376555128990078e-02,-1.037368814696926385e-02
-1.508511289446652810e-02,-9.716446228161526241e-03,-1.383233620118413942e-02,-7.916043079461558205e-03,-9.100564053966267442e-03,-1.010389036864549339e-02,-8.908954572384362308e-03,-1.237436324288612548e-02,-1.096938334746908571e-02,-1.042234766827801300e-02
-1.517350535241164360e-02,-9.571354585779597371e-03,-1.398641533681824374e-02,-7.874997759594047284e-03,-9.160219908847459791e-03,-1.017727586146418943e-02,-9.137517010682572396e-03,-1.240607639299740918e-02,-1.110087983051527907e-02,-1.057642680391211731e-02
-1.513246003254413267e-02,-9.646062391090219623e-03,-1.417416142210561371e-02,-8.093757031879252745e-03,-9.314299044481564108e-03,-1.008285369042113272e-02,-9.098596165959317930e-03,-1.238616031281786212e-02,-1.128934267945546840e-02,-1.059787220005003680e-02
-1.510392776496665389e-02,-9.540166406145744737e-03,-1.432824055773971803e-02,-8.146976892262668482e-03,-9.098705271585771567e-03,-1.023693282605523704e-02,-9.185823110093062349e-03,-1.252862161840146739e-02,-1.115295823671680689e-02,-1.074057891649700044e-02
-1.505986727531271295e-02,-9.694245541779849054e-03,-1.451670340667990736e-02,-8.185791235160586737e-03,-8.917297753333148710e-03,-1.029658868093643112e-02,-9.306953812218460645e-03,-1.239223717566280587e-02,-1.124135069466192238e-02,-1.076706289201339282e-02
-1.498849280461622864e-02,-9.622871071083364744e-03,-1.434597757758453510e-02,-8.188793252386156879e-03,-9.049258142856298967e-03,-1.048505152987662045e-02,-9.495416661158649976e-03,-1.251465953896561609e-02,-1.139542983029602670e-02,-1.092114202764749714e-02
-1.488846371713652139e-02,-9.689242554926391984e-03,-1.453444042652472443e-02,-8.309923954511555175e-03,-9.117036183041290695e-03,-1.047774614186910286e-02,-9.490105114372950762e-03,-1.249137709025193756e-02,-1.125904538755736518e-02,-1.107522116328160146e-02
-1.504254285277062571e-02,-9.777635012871507478e-03,-1.464738987698264820e-02,-8.238549483815070865e-03,-9.271115318675395012e-03,-1.040371366679376103e-02,-9.611894560041875021e-03,-1.265699488643112249e-02,-1.133106374474268131e-02,-1.100384669258511715e-02
-1.504131874930753066e-02,-9.813059502908963450e-03,-1.465664548576891407e-02,-8.167175013118586555e-03,-9.242583051097916225e-03,-1.026732922405509951e-02,-9.395717895418462945e-03,-1.276185997222612813e-02,-1.135754772025907369e-02,-1.098902856209230117e-02
-1.519539788494163497e-02,-9.967138638543067766e-03,-1.458527101507242976e-02,-8.095800542422102244e-03,-9.322029800362278962e-03,-1.048608849634030497e-02,-9.549797031052567262e-03,-1.275073927238180686e-02,-1.122116327752041218e-02,-1.099828417087856704e-02
-1.532689436798782834e-02,-1.012121777417717208e-02,-1.451389654437594545e-02,-8.249879678056206561e-03,-9.283108955639024495e-03,-1.045755622876282619e-02,-9.637023975186311681e-03,-1.260916256595772701e-02,-1.140890936280778215e-02,-1.085319252849663817e-02
-1.544802507011322663e-02,-1.019592557948779260e-02,-1.449744805848363766e-02,-8.352876693502880520e-03,-9.214067515670365180e-03,-1.056970477268737683e-02,-9.678143338888337693e-03,-1.247101870341389522e-02,-1.145756888411653129e-02,-1.071680808575797665e-02
-1.543690437026890537e-02,-1.017600949930824554e-02,-1.452916120859492136e-02,-8.388301183540336492e-03,-9.237305507411010252e-03,-1.067270178813405079e-02,-9.637098019020826772e-03,-1.245620057292107924e-02,-1.143568826792716424e-02,-1.067576276589046573e-02
-1.559098350590300969e-02,-1.006491566248041841e-02,-1.457620750897073610e-02,-8.427115526438254747e-03,-9.523222728894853786e-03,-1.075342013966251557e-02,-9.791177154654931089e-03,-1.241426678031170086e-02,-1.125428074967454138e-02,-1.096950507026873273e-02
-1.556245123832553090e-02,-1.002599481775716395e-02,-1.447031152402626121e-02,-8.531063976494659626e-03,-9.454379011194247520e-03,-1.067680718044255322e-02,-9.722333436954324823e-03,-1.250965149933389031e-02,-1.140835988530864570e-02,-1.112358420590283704e-02
-1.572806903450471583e-02,-9.957151100056557680e-03,-1.453144998725718583e-02,-8.457031501419317795e-03,-9.316235148650415729e-03,-1.056661159271759381e-02,-9.843464139079723119e-03,-1.266373063496799463e-02,-1.123103024516704067e-02,-1.119829201121345930e-02
-1.568702371463720491e-02,-9.998270463758583693e-03,-1.450291771967970704e-02,-8.478476897557239017e-03,-9.249865826015219242e-03,-1.057851123035014572e-02,-9.830367208236549109e-03,-1.271850175675050439e-02,-1.116466092253184418e-02,-1.141705128349866476e-02
-1.564597839476969399e-02,-1.014073176934218896e-02,-1.464537902526331231e-02,-8.487732506343504887e-03,-9.403944961649323558e-03,-1.059041086798269762e-02,-9.827000764014520717e-03,-1.257341011436857552e-02,-1.106173200605623484e-02,-1.157113041913276907e-02
-1.578843970035329752e-02,-1.029481090497629328e-02,-1.460645818054005785e-02,-8.306324988090882031e-03,-9.558024097283427875e-03,-1.074449000361680194e-02,-9.726971676534813468e-03,-1.270490659741476888e-02,-1.112810348989926208e-02,-1.169226112125816737e-02
-1.584809555523448987e-02,-1.039124327720921184e-02,-1.462304531393800525e-02,-8.379710480909578069e-03,-9.421639654544766360e-03,-1.067564628591619567e-02,-9.788110139765738085e-03,-1.280029131643695833e-02,-1.112880575384560082e-02,-1.177170787052253011e-02
-1.584472911101246148e-02,-1.047196162873767662e-02,-1.464449071007592473e-02,-8.407950453162820609e-03,-9.290126507361801123e-03,-1.054413313873323044e-02,-9.900258683690288733e-03,-1.284895083774570748e-02,-1.129442355002478575e-02,-1.183136372540372419e-02
-1.584963639393419804e-02,-1.040045236271685408e-02,-1.442889693718013219e-02,-8.336575982466336299e-03,-9.344897629144310880e-03,-1.047010066365788861e-02,-1.003175516673648210e-02,-1.284772673428261243e-02,-1.122304907932830144e-02,-1.198544286103782851e-02
-1.577826192323771373e-02,-1.026060215787183948e-02,-1.443189895440570233e-02,-8.341483265388072860e-03,-9.278270441609953387e-03,-1.074801319058024326e-02,-9.928826250260872760e-03,-1.288487073291280649e-02,-1.112012016285269210e-02,-1.191659914333722224e-02
-1.575638130704834841e-02,-1.018922768717535517e-02,-1.445838292992209471e-02,-8.445431715444477738e-03,-9.141885998871291871e-03,-1.056660567232762041e-02,-1.008290538589497708e-02,-1.285633846533532770e-02,-1.104874569215620779e-02,-1.187466535072784386e-02
-1.582415934723334014e-02,-1.030137623109990581e-02,-1.438435045484675288e-02,-8.486551079146503751e-03,-8.959363256310873269e-03,-1.060772503602964642e-02,-1.015492374308029321e-02,-1.268687220371523400e-02,-1.097723642613538525e-02,-1.191578471442986988e-02
-1.580424326705379134e-02,-1.019028239427207869e-02,-1.445905826015737514e-02,-8.581935798168693202e-03,-9.012583116694289007e-03,-1.053635056533316211e-02,-1.007831078386033086e-02,-1.274801066694615861e-02,-1.104925478332070138e-02,-1.177069307204794101e-02
-1.599198935234116131e-02,-1.008438640932760380e-02,-1.455444297917956459e-02,-8.678368170401611764e-03,-9.107967835716480193e-03,-1.046497609463667780e-02,-1.011002393397161456e-02,-1.297657310524436870e-02,-1.105416206624243794e-02,-1.182546419383045076e-02
-1.609685443813616695e-02,-1.023846554496170812e-02,-1.470852211481366890e-02,-8.866114255688981732e-03,-9.139680985827763893e-03,-1.035178577805866487e-02,-1.003864946327513025e-02,-1.301769246894639472e-02,-1.110738192662585368e-02,-1.175662047612984450e-02
-1.610422846251054890e-02,-1.031048390214702425e-02,-1.486260125044777322e-02,-8.760218270744506847e-03,-9.192900846211179630e-03,-1.044717049708085432e-02,-1.004602348764951220e-02,-1.310491941308013913e-02,-1.123887840967204704e-02,-1.171557515626233358e-02
-1.610913574543228546e-02,-1.029056782196747719e-02,-1.475670526550329834e-02,-8.754906723958807632e-03,-9.056516403472518115e-03,-1.060124963271495864e-02,-1.031574528690100932e-02,-1.303354494238365482e-02,-1.113594949319643770e-02,-1.160967917131785869e-02
-1.611404302835402202e-02,-1.033761412234329193e-02,-1.478494523775654088e-02,-8.886867113481957889e-03,-8.985141932776033805e-03,-1.052987516201847433e-02,-1.030647823396406426e-02,-1.305499033852157431e-02,-1.112668244025949264e-02,-1.176375830695196301e-02
-1.604266855765753771e-02,-1.049169325797739624e-02,-1.492740654334014615e-02,-8.709537473340352859e-03,-8.887947704393909729e-03,-1.045850069132199002e-02,-1.016138659158213539e-02,-1.298361586782509000e-02,-1.098853857771566085e-02,-1.179547145706324671e-02
-1.594547432927541364e-02,-1.055947129816238797e-02,-1.495064453508079122e-02,-8.643168150705156372e-03,-8.782051719449434843e-03,-1.067725996360719548e-02,-1.038994902988034548e-02,-1.313769500345919432e-02,-1.099779418650192672e-02,-1.180284548143762866e-02
-1.584254541279980430e-02,-1.034387752526659543e-02,-1.498778853371098528e-02,-8.680312149335350433e-03,-8.645667276710773327e-03,-1.067603586014410043e-02,-1.031857455918386117e-02,-1.319246612524170408e-02,-1.098297605600911074e-02,-1.173647615880243217e-02
-1.570269520795478796e-02,-1.036046465866454283e-02,-1.510957797937990954e-02,-8.708552121588592973e-03,-8.389172824105114307e-03,-1.083011499577820475e-02,-1.047265369481796549e-02,-1.312095685922088154e-02,-1.097960961178708235e-02,-1.186797264184862553e-02
-1.572414060409270745e-02,-1.029162094096393656e-02,-1.514839232227782780e-02,-8.803936840610784159e-03,-8.461191181290430435e-03,-1.090213335296352087e-02,-1.043373285009471102e-02,-1.304958238852439723e-02,-1.100284760352772742e-02,-1.189968579195990923e-02
-1.572077415987067905e-02,-1.044570007659804088e-02,-1.497106268213622277e-02,-8.863592695491976509e-03,-8.603897897737394079e-03,-1.082552039374355853e-02,-1.043864013301644758e-02,-1.304621594430236883e-02,-1.085775596114579855e-02,-1.188128271359323480e-02
-1.570965346002635779e-02,-1.063344616188541085e-02,-1.509219338426162106e-02,-8.943039444756339246e-03,-8.632137869990636619e-03,-1.068042875136162966e-02,-1.048568643339226232e-02,-1.286261298506997768e-02,-1.096990450507034920e-02,-1.177538672864875992e-02
-1.583144290569528378e-02,-1.075457686401080915e-02,-1.524627251989572538e-02,-8.761631926503716389e-03,-8.753927315659560879e-03,-1.076114710289009443e-02,-1.052847491307091522e-02,-1.295100544301509317e-02,-1.090353518243515271e-02,-1.163029508626683105e-02
-1.583881693006966573e-02,-1.076195088838519109e-02,-1.506486500164310252e-02,-8.988750387624179494e-03,-8.825945672844877007e-03,-1.069230338518948817e-02,-1.063333999886592086e-02,-1.294763899879306478e-02,-1.104599648801875798e-02,-1.149044488142181644e-02
-1.582571999922649172e-02,-1.082832237222821833e-02,-1.499083252656776069e-02,-9.075977331757923913e-03,-8.957906062368027264e-03,-1.072573191070500323e-02,-1.066676852438143593e-02,-1.300877746202398939e-02,-1.105090377094049454e-02,-1.164452401705592076e-02
-1.584413265387101671e-02,-1.092370709125040779e-02,-1.499383454379333083e-02,-9.057574253391249483e-03,-8.883873587292685434e-03,-1.082111662972719268e-02,-1.082084766001554024e-02,-1.315123876760759467e-02,-1.094500778599601966e-02,-1.157548257708726144e-02
-1.591884045918163723e-02,-1.106616839683401306e-02,-1.514791367942743515e-02,-8.917724048546234877e-03,-8.988738673087691075e-03,-1.083487135644113988e-02,-1.081158060707859518e-02,-1.307986429691111036e-02,-1.080686392345218787e-02,-1.167086729610945089e-02
-1.584480798410629540e-02,-1.109440836908725560e-02,-1.533637652836762448e-02,-8.936136703190761602e-03,-9.060757030273007204e-03,-1.090124284028416712e-02,-1.074020613638211087e-02,-1.300848982621462605e-02,-1.078846084508551344e-02,-1.165604916561663491e-02
-1.573672990579137732e-02,-1.098851238414278071e-02,-1.531449591217825743e-02,-8.833207786715152263e-03,-9.132775387458323332e-03,-1.094990236159291627e-02,-1.077191928649339457e-02,-1.313998630926081941e-02,-1.078723674162241838e-02,-1.168776231572791861e-02
-1.556726364417128361e-02,-1.114259151977688503e-02,-1.538086739602128467e-02,-8.886427647098568000e-03,-9.066406064823126845e-03,-1.087852789089643196e-02,-1.063206908164837997e-02,-1.339649817251573061e-02,-1.094131587725652270e-02,-1.176720906499228135e-02
-1.559897679428256731e-02,-1.116907549529327741e-02,-1.563737925927619760e-02,-8.893801671472949949e-03,-9.061094518037427631e-03,-1.085327237563614607e-02,-1.078614821728248428e-02,-1.329060218757125572e-02,-1.089938208464714432e-02,-1.154638714963761477e-02
-1.560388407720430387e-02,-1.128122403921782806e-02,-1.562093077338388980e-02,-8.890435227250921557e-03,-9.148321462171172050e-03,-1.099597909208310971e-02,-1.071730449958187802e-02,-1.337004893683561846e-02,-1.105346122028124864e-02,-1.170046628527171909e-02
-1.561125810157868582e-02,-1.130770801473422044e-02,-1.564416876512453314e-02,-9.044514362885025874e-03,-9.302400597805276367e-03,-1.092460462138662540e-02,-1.087138363521598233e-02,-1.348219748076016911e-02,-1.100940073062730770e-02,-1.173589077530917506e-02
-1.562501282829263302e-02,-1.138715476399858317e-02,-1.578687548157149678e-02,-8.904664158040011268e-03,-9.277145082544990470e-03,-1.096572398508865141e-02,-1.094340199240129846e-02,-1.358706256655517475e-02,-1.111426581642231334e-02,-1.188996991094327937e-02
-1.560660974992595859e-02,-1.137427975017555812e-02,-1.564702527672648044e-02,-8.921251291437958669e-03,-9.235211289935612092e-03,-1.096872600231422155e-02,-1.098619047207995136e-02,-1.341371215773354796e-02,-1.114769434193782841e-02,-1.187687298010010536e-02
-1.550941552154383452e-02,-1.134902423491527222e-02,-1.553593143989865505e-02,-8.952964441549242369e-03,-9.222114359092438082e-03,-1.086869691483451431e-02,-1.114026960771405568e-02,-1.347485062096447257e-02,-1.118311883197528438e-02,-1.188424700447448731e-02
-1.565212223799079816e-02,-1.125183000653314815e-02,-1.551405082370928799e-02,-8.971377096193769093e-03,-9.253827509203721782e-03,-1.073390666304919507e-02,-1.129434874334816000e-02,-1.321343722734907508e-02,-1.115786331671499848e-02,-1.178131808799887797e-02
-1.565949626236518011e-02,-1.134022246447826364e-02,-1.548551855613180921e-02,-8.904749908659411600e-03,-9.289251999241177754e-03,-1.071908853255637908e-02,-1.144842787898226431e-02,-1.330066417148281950e-02,-1.108648884601851417e-02,-1.182836438837469271e-02
-1.581357539799928269e-02,-1.137903680737618189e-02,-1.544659771140855474e-02,-9.058829044293515917e-03,-9.443331134875282071e-03,-1.064771406185989477e-02,-1.130169697308931395e-02,-1.335543529326532926e-02,-1.094663864117349956e-02,-1.198244352400879703e-02
-1.581235129453618590e-02,-1.144017527060710651e-02,-1.548374171003874880e-02,-9.068084653079781787e-03,-9.524049486403746850e-03,-1.081333185803907970e-02,-1.139708169211150340e-02,-1.313984152036953672e-02,-1.076930900103189453e-02,-1.205446188119411316e-02
-1.593348199666158593e-02,-1.151962201987146925e-02,-1.563782084567285138e-02,-8.999240935379175521e-03,-9.384199281558732245e-03,-1.100179470697926903e-02,-1.150194677790650905e-02,-1.312674458952636271e-02,-1.084269449385059057e-02,-1.204519482825716810e-02
-1.593648401388715607e-02,-1.160801447781658474e-02,-1.571726759493721412e-02,-9.020686331517095008e-03,-9.393454890344998115e-03,-1.093275326701060972e-02,-1.158139352717087178e-02,-1.323160967532136835e-02,-1.087612301936610563e-02,-1.201993931299688220e-02
-1.591122849862686844e-02,-1.162460161121453214e-02,-1.570417066409404011e-02,-9.025593614438831569e-03,-9.547534025979102432e-03,-1.075940285818898293e-02,-1.147549754222639690e-02,-1.326875367395156241e-02,-1.077022703442163075e-02,-1.203183895062943411e-02
-1.584238478092626218e-02,-1.188593990978135430e-02,-1.581631920801859076e-02,-9.105040363703194306e-03,-9.608672489210027048e-03,-1.068802838749249862e-02,-1.130603128060630319e-02,-1.328065331158411432e-02,-1.074497151916134485e-02,-1.207462743030808701e-02
-1.590204063580745453e-02,-1.190435256442588102e-02,-1.594781569106478239e-02,-9.259119499337298623e-03,-9.497578652382199921e-03,-1.061665391679601431e-02,-1.152479055289150865e-02,-1.328365532880968446e-02,-1.093343436810153418e-02,-1.219575813243348530e-02
-1.597674844111807504e-02,-1.204681387000948629e-02,-1.584488677458917305e-02,-9.477878771622504084e-03,-9.515991307026726645e-03,-1.067779238002693892e-02,-1.142759632450938458e-02,-1.306283341345501788e-02,-1.097057836673172825e-02,-1.229875514788015926e-02
-1.593268795146413411e-02,-1.210795233324041091e-02,-1.577351230389268874e-02,-9.631957907256608400e-03,-9.658698023473690289e-03,-1.069154710674088612e-02,-1.158167546014348889e-02,-1.299145894275853357e-02,-1.103835640691671997e-02,-1.222472267280481743e-02
-1.592156725161981284e-02,-1.226203146887451523e-02,-1.579192495853721373e-02,-9.526061922312133515e-03,-9.552802038529215403e-03,-1.056003395955792089e-02,-1.162872176051930363e-02,-1.291742646768319173e-02,-1.109157626730013571e-02,-1.236718397838842270e-02
-1.589968663543044752e-02,-1.224211538869496817e-02,-1.598939484632852515e-02,-9.389677479573471999e-03,-9.532885958349668343e-03,-1.053150169198044210e-02,-1.170210725333799967e-02,-1.307150560331729605e-02,-1.105053094743262479e-02,-1.227276180734536599e-02
-1.593311516094596259e-02,-1.219805489904102723e-02,-1.607662179046227130e-02,-9.390379743519810737e-03,-9.635882973796342302e-03,-1.045488873276047975e-02,-1.169284020040105461e-02,-1.293165539847228145e-02,-1.100647045777868385e-02,-1.232753292912787575e-02
-1.583592093256383851e-02,-1.218495796819785322e-02,-1.626508463940246063e-02,-9.321536025819204471e-03,-9.724275431741457795e-03,-1.042963321750019386e-02,-1.182433668344724798e-02,-1.304460484893020522e-02,-1.082506293952606100e-02,-1.248161206476198007e-02
-1.576454646186735420e-02,-1.228795498364452718e-02,-1.624863615351015284e-02,-9.326443308740941032e-03,-9.624246344261750546e-03,-1.054258266795811763e-02,-1.192076905568016654e-02,-1.315675339285475587e-02,-1.094619364165145929e-02,-1.246873705093895501e-02
-1.578599185800527369e-02,-1.241037734694733739e-02,-1.617460367843481100e-02,-9.480522444375045349e-03,-9.636145981894302451e-03,-1.047373895025751137e-02,-1.184939458498368223e-02,-1.331083252848886019e-02,-1.084899941326933522e-02,-1.240236772830375853e-02
-1.581247583352166780e-02,-1.239728041610416338e-02,-1.616348297859048974e-02,-9.377593527899436010e-03,-9.525052145066475323e-03,-1.029233143200488851e-02,-1.200347372061778654e-02,-1.341478097854526506e-02,-1.088071256338061892e-02,-1.243579625381927359e-02
-1.588449419070698393e-02,-1.245050027648757912e-02,-1.616648499581605988e-02,-9.372281981113736796e-03,-9.453677674369991013e-03,-1.041475379530769872e-02,-1.189757773567331166e-02,-1.343801897028591014e-02,-1.083665207372667798e-02,-1.242097812332645761e-02
-1.598749120615365962e-02,-1.243568214599476314e-02,-1.614460437962669456e-02,-9.560744830053926127e-03,-9.435274596003316583e-03,-1.030365995847987159e-02,-1.187569711948394460e-02,-1.342320083979309416e-02,-1.089630792860787206e-02,-1.242398014055202775e-02
-1.610862190827905965e-02,-1.242837675798724555e-02,-1.615835910634064176e-02,-9.714823965688030444e-03,-9.470699086040772555e-03,-1.030436222242621033e-02,-1.196408957742906010e-02,-1.351858555881528534e-02,-1.079041194366339718e-02,-1.235761081791683126e-02
-1.597223746554039814e-02,-1.247542305836306029e-02,-1.614526217549746775e-02,-9.733236620332557168e-03,-9.429653766173261634e-03,-1.028107977371253180e-02,-1.199751810294457516e-02,-1.347754023894777442e-02,-1.094449107929750149e-02,-1.238932396802811496e-02
-1.589820499046505631e-02,-1.229809341822145526e-02,-1.607388770480098344e-02,-9.799608104175584408e-03,-9.572115071756866905e-03,-1.014122956886751720e-02,-1.200052012017014530e-02,-1.356476718308151884e-02,-1.090344575942999057e-02,-1.241580794354450734e-02
-1.608666783940524564e-02,-1.229472697399942686e-02,-1.600237843878015917e-02,-9.886835048309328827e-03,-9.548832623043188375e-03,-1.015048517765378307e-02,-1.215459925580424962e-02,-1.363678554026683497e-02,-1.090222165596689552e-02,-1.247694640677543196e-02
-1.618310021163816420e-02,-1.243718827958303214e-02,-1.611452698270470982e-02,-9.746984843464314222e-03,-9.609971086274112992e-03,-1.017696915317017545e-02,-1.213978112531143363e-02,-1.361153002500654907e-02,-1.082560869674693317e-02,-1.245703032659588490e-02
-1.641960718725838861e-02,-1.252558073752814763e-02,-1.616318650401345897e-02,-9.835377301409429715e-03,-9.507042169798503653e-03,-1.007404023669456611e-02,-1.229386026094553795e-02,-1.377714782118573400e-02,-1.078668785202367870e-02,-1.241296983694194396e-02
-1.640120410889171418e-02,-1.245420626683166332e-02,-1.616196240055036218e-02,-9.870801791446885687e-03,-9.407013082318796404e-03,-9.927309330801615747e-03,-1.230575989857808986e-02,-1.367125183624125911e-02,-1.098505008776822812e-02,-1.245011383557213802e-02
-1.632982963819522987e-02,-1.252057775067469056e-02,-1.623534789336905648e-02,-9.992591237115809946e-03,-9.494240026452540823e-03,-9.787459125956601141e-03,-1.239298684271183427e-02,-1.374595964155187963e-02,-1.080772044762662309e-02,-1.257190328124106228e-02
-1.625845516749874556e-02,-1.253716488407263796e-02,-1.638942702900315906e-02,-9.991367133652714894e-03,-9.394210938972833574e-03,-9.681563141012126256e-03,-1.237110622652246722e-02,-1.390003877718598395e-02,-1.063825418600652939e-02,-1.257927730561544423e-02
-1.621740984763123464e-02,-1.253594078060954291e-02,-1.654350616463726165e-02,-1.013382843923632017e-02,-9.474929290501298354e-03,-9.607465223410121061e-03,-1.229973175582598291e-02,-1.402182822285490821e-02,-1.073468655823944795e-02,-1.262206578529409713e-02
-1.608261959584591713e-02,-1.239609057576452830e-02,-1.664650318008393734e-02,-1.013683045646189031e-02,-9.297599650359693324e-03,-9.602153676624421846e-03,-1.222835728512949860e-02,-1.392179913537520096e-02,-1.066331208754296364e-02,-1.281052863423428646e-02
-1.618656804590232201e-02,-1.241450323040905503e-02,-1.664313673586190895e-02,-9.910410235353833350e-03,-9.357255505240885674e-03,-9.596842129838722632e-03,-1.215698281443301429e-02,-1.382177004789549371e-02,-1.067521172517551555e-02,-1.282711576763223386e-02
-1.641368650702278512e-02,-1.258012102658823995e-02,-1.667484988597319265e-02,-1.012916950763903881e-02,-9.342437374748069692e-03,-9.635656472736640887e-03,-1.221175393621552405e-02,-1.368362618535166192e-02,-1.080717211469866580e-02,-1.299273356381141879e-02
-1.667019837027769805e-02,-1.259670815998618736e-02,-1.663291609336381427e-02,-1.014106914527159072e-02,-9.474397764271219949e-03,-9.495806267891626282e-03,-1.230713865523771350e-02,-1.351027577653003513e-02,-1.074080279206346931e-02,-1.302987756244161285e-02
-1.674358386309639235e-02,-1.244997725409323699e-02,-1.670493445054913040e-02,-1.029514828090569503e-02,-9.371468847795610610e-03,-9.599754717948031160e-03,-1.233362263075410588e-02,-1.363140647865543342e-02,-1.081418828488216535e-02,-1.317258427888857650e-02
-1.676199651774091734e-02,-1.263844010303342633e-02,-1.675359397185787955e-02,-1.030252230528007698e-02,-9.362201794858665549e-03,-9.626238693464423540e-03,-1.248770176638821019e-02,-1.381915256394280339e-02,-1.074756109734780786e-02,-1.315776614839576052e-02
-1.684144326700528008e-02,-1.256706563233694202e-02,-1.677503936799579903e-02,-1.032900628079646936e-02,-9.550664643798854880e-03,-9.607835615097749110e-03,-1.247460483554503619e-02,-1.389386036925342391e-02,-1.080721695222900194e-02,-1.326076316384243448e-02
-1.684444528423085022e-02,-1.254518501614757496e-02,-1.659770972785419574e-02,-1.038222614117988510e-02,-9.479290173102370570e-03,-9.696228073042864604e-03,-1.233302812912095633e-02,-1.378796438430894902e-02,-1.093871343527519531e-02,-1.341484229947653879e-02
-1.682452920405130142e-02,-1.241039476436225572e-02,-1.675178886348829832e-02,-1.036231006100033804e-02,-9.591438717026921218e-03,-9.884690921983053935e-03,-1.240080616930594806e-02,-1.383501068468476376e-02,-1.099836929015638939e-02,-1.364196076059700190e-02
-1.689654756123661755e-02,-1.251339177980892968e-02,-1.678002883574154086e-02,-1.035699851421463882e-02,-9.485542732082446332e-03,-9.771500605405041007e-03,-1.217998425395128148e-02,-1.398908982031886808e-02,-1.111051783408094004e-02,-1.378442206618060717e-02
-1.694976742162003155e-02,-1.258809958511955193e-02,-1.678303085296711100e-02,-1.054546136315482815e-02,-9.488544749308016474e-03,-9.671471517925333758e-03,-1.236844710289147081e-02,-1.409303827037527296e-02,-1.117017368896213239e-02,-1.377711667817308958e-02
-1.684973833414032604e-02,-1.264775544000074428e-02,-1.670899837789176917e-02,-1.057370133540807070e-02,-9.529664113010042487e-03,-9.656653387432517777e-03,-1.225735326606364542e-02,-1.424711740600937727e-02,-1.120731768759232645e-02,-1.376401974732991557e-02
-1.666613537490793662e-02,-1.265512946437512623e-02,-1.668374286263148154e-02,-1.055182071921870364e-02,-9.488618793142531566e-03,-9.844399472719887745e-03,-1.228559323831688796e-02,-1.410726720116436267e-02,-1.131218277338733209e-02,-1.365594166901499748e-02
-1.645054160201214408e-02,-1.264225445055210117e-02,-1.671545601274276524e-02,-1.070589985485280796e-02,-9.527433136040449821e-03,-9.837094084712370151e-03,-1.227249630747371395e-02,-1.388084698005630571e-02,-1.127113745351982117e-02,-1.365063012222929827e-02
-1.638417227937694759e-02,-1.276404389622102543e-02,-1.670618895980582191e-02,-1.053643359323271425e-02,-9.456058665343965511e-03,-9.969054474235520408e-03,-1.220098704145289141e-02,-1.398384399550297967e-02,-1.116004361669199405e-02,-1.363418163633699047e-02
-1.638080583515491920e-02,-1.277141792059540738e-02,-1.652258600057343249e-02,-1.053943561045828439e-02,-9.610137800978069827e-03,-9.978310083021786278e-03,-1.232211774357828971e-02,-1.398684601272854981e-02,-1.103173367050435706e-02,-1.366066561185338285e-02
-1.640404382689556254e-02,-1.281253728429743340e-02,-1.631535983620650831e-02,-1.059265547084170013e-02,-9.538763330281585517e-03,-9.965213152178612269e-03,-1.241750246260047916e-02,-1.399874565036110172e-02,-1.102061297066003580e-02,-1.364421712596107505e-02
-1.638412774671601374e-02,-1.288592277711612943e-02,-1.630805444819899072e-02,-1.060002949521608208e-02,-9.579882693983611530e-03,-9.870790981135555558e-03,-1.249088795541917520e-02,-1.398034257199442729e-02,-1.099873235447066874e-02,-1.363112019511790104e-02
-1.657259059565620307e-02,-1.295794113430144556e-02,-1.633129243993963406e-02,-1.055898417534857116e-02,-9.682879709430285489e-03,-9.861523928198610497e-03,-1.257160630694763997e-02,-1.399692970539237469e-02,-1.098228386857836095e-02,-1.371834713925164546e-02
-1.652853010600226213e-02,-1.311202026993554988e-02,-1.623687026889657561e-02,-1.070144548093217643e-02,-9.509529300608658697e-03,-9.790149457502126187e-03,-1.235542964232422790e-02,-1.402016769713301976e-02,-1.098528588580393109e-02,-1.381477951148456576e-02
-1.645715563530577782e-02,-1.316067979124429903e-02,-1.639094940453067820e-02,-1.101032332246741283e-02,-9.604914019630848149e-03,-9.944228593136230504e-03,-1.234255462850120284e-02,-1.416262900271662503e-02,-1.091391141510744678e-02,-1.386182581186038050e-02
-1.673506816222813248e-02,-1.330314109682790430e-02,-1.645732088837370544e-02,-1.106997917734860518e-02,-9.631397995147240529e-03,-9.985347956838256517e-03,-1.242978157263494726e-02,-1.409358756274796572e-02,-1.090464436217050172e-02,-1.393653361717100275e-02
-1.678828802261154649e-02,-1.330191699336480925e-02,-1.638594641767722113e-02,-1.136372148172687044e-02,-9.614949509254932733e-03,-1.006479470610261925e-02,-1.248300143301836300e-02,-1.407876943225514974e-02,-1.093288433442374426e-02,-1.399618947205219510e-02
-1.690941872473694652e-02,-1.308109507801014267e-02,-1.624609621283220479e-02,-1.122733703898820892e-02,-9.573904189387421812e-03,-9.990762231027277424e-03,-1.252014543164855706e-02,-1.407146404424763214e-02,-1.094478397205629616e-02,-1.400994419876614230e-02
-1.695807824604569566e-02,-1.306464659211783487e-02,-1.633332315696595094e-02,-1.124574969363273565e-02,-9.526913996211578209e-03,-1.004553335280978718e-02,-1.237505378926662819e-02,-1.409290944038555163e-02,-1.109886310769040048e-02,-1.390404821382166742e-02
-1.715554813383700708e-02,-1.316107896435075517e-02,-1.619693871422728942e-02,-1.143421254257292498e-02,-9.623346368444498505e-03,-1.011891884562848322e-02,-1.230621007156602192e-02,-1.408178874054123036e-02,-1.105480261803645954e-02,-1.386300289395415650e-02
-1.723499488310136982e-02,-1.308970449365427086e-02,-1.609400979775168009e-02,-1.157667384815653025e-02,-9.523317280964791257e-03,-1.012192086285405336e-02,-1.230921208879159207e-02,-1.397159315281627096e-02,-1.092001236625114030e-02,-1.382195757408664558e-02
-1.722387418325704855e-02,-1.298380850870979597e-02,-1.616602815493699621e-02,-1.155479323196716319e-02,-9.383467076119776651e-03,-1.025341734590024673e-02,-1.246329122442569638e-02,-1.407459016826294491e-02,-1.093191200388369221e-02,-1.396466429053360922e-02
-1.709236103607408505e-02,-1.300039564210774337e-02,-1.606599906745729070e-02,-1.132837301085910624e-02,-9.360184627406098121e-03,-1.030207686720899588e-02,-1.244141060823632933e-02,-1.413572863149386953e-02,-1.107437330946729748e-02,-1.400578365423563523e-02
-1.712950503470428085e-02,-1.302863561436098591e-02,-1.606477496399419391e-02,-1.141559995499285066e-02,-9.338304011216731065e-03,-1.015698522482706700e-02,-1.249618173001883908e-02,-1.415231576489181693e-02,-1.117080568170021604e-02,-1.406055477601814499e-02
-1.727196634028788438e-02,-1.301553868351781190e-02,-1.613816045681288822e-02,-1.137455463512533974e-02,-9.341306028442301207e-03,-1.005108923988259212e-02,-1.242214925494349725e-02,-1.414312504345365679e-02,-1.110443635906501955e-02,-1.412692625986117223e-02
-1.743758413646706931e-02,-1.290964269857333702e-02,-1.612889340387594489e-02,-1.138381024391160561e-02,-9.483767334025906479e-03,-1.020516837551669644e-02,-1.241683770815779804e-02,-1.421651053627235282e-02,-1.109516930612807449e-02,-1.417397256023698697e-02
-1.725617661821444646e-02,-1.289654576773016301e-02,-1.614548053727389229e-02,-1.137454319097466054e-02,-9.563214083290269216e-03,-1.002783873537509141e-02,-1.257091684379190236e-02,-1.437058967190645714e-02,-1.124924844176217881e-02,-1.419055969363493437e-02
-1.723429600202508113e-02,-1.293197025776761898e-02,-1.607397127125306802e-02,-1.152862232660876486e-02,-9.561989979827174163e-03,-9.930644506992967330e-03,-1.269204754591730065e-02,-1.434205740432897835e-02,-1.132126679894749494e-02,-1.405070948878991977e-02
-1.726600915213636483e-02,-1.297308962146964499e-02,-1.600259680055658371e-02,-1.160806907587312760e-02,-9.430476832644208926e-03,-9.715050734097174789e-03,-1.272747203595475662e-02,-1.438087174722689661e-02,-1.134450479068814001e-02,-1.417184019091531806e-02
-1.729772230224764853e-02,-1.275749584857385245e-02,-1.608204354982094644e-02,-1.153655980985230506e-02,-9.543426283102132701e-03,-9.686518466519696002e-03,-1.265596276993393408e-02,-1.433388155405105301e-02,-1.139316431199688916e-02,-1.428398873483986871e-02
-1.741885300437304857e-02,-1.271556205596447407e-02,-1.611746803985840068e-02,-1.154581541863857093e-02,-9.586214762780785603e-03,-9.551728214734376762e-03,-1.266521837872019995e-02,-1.432857000726535379e-02,-1.132178984130040485e-02,-1.426210811865050165e-02
-1.735000928667244230e-02,-1.282042714175947971e-02,-1.631583027560295010e-02,-1.159903527902198667e-02,-9.448070900236953812e-03,-9.411878009889362157e-03,-1.292173024197511115e-02,-1.433347729018709035e-02,-1.148740763747958978e-02,-1.449067055694871174e-02
-1.733519115617962458e-02,-1.297450627739358403e-02,-1.646990941123705268e-02,-1.155798995915447575e-02,-9.376696429540469502e-03,-9.449022008519556218e-03,-1.314048951426031661e-02,-1.444642674064501413e-02,-1.144547384487021140e-02,-1.437957672012088461e-02
-1.748927029181372717e-02,-1.287447718991387678e-02,-1.652312927162046668e-02,-1.156099197638004589e-02,-9.379698446766039643e-03,-9.561971458977479993e-03,-1.306911504356383230e-02,-1.456755744277041242e-02,-1.123382768415602355e-02,-1.445296221293958065e-02
-1.748395874502802622e-02,-1.277728296153175271e-02,-1.647906878196652575e-02,-1.157474670309399309e-02,-9.357817830576672588e-03,-9.674920909435403768e-03,-1.296908595608412505e-02,-1.447313527172735571e-02,-1.127494704785804956e-02,-1.434706622799510577e-02
-1.755033022887105346e-02,-1.276418603068857870e-02,-1.626347500907073321e-02,-1.153582585837073862e-02,-9.432525635887294840e-03,-9.693333564079930492e-03,-1.304379376139474730e-02,-1.451027927035754977e-02,-1.137033176688024075e-02,-1.440028608837852150e-02
-1.744740131239544412e-02,-1.275887448390287948e-02,-1.628671300081137654e-02,-1.175458513065594408e-02,-9.520918093832410334e-03,-9.674930485713256062e-03,-1.330030562464965850e-02,-1.440438328541307489e-02,-1.118892424862761789e-02,-1.433124464840986219e-02
-1.744009592438792652e-02,-1.288066392957180374e-02,-1.644079213644547913e-02,-1.177299778530047081e-02,-9.415022108887935448e-03,-9.682304510087638011e-03,-1.331689275804760590e-02,-1.446403914029426724e-02,-1.119192626585318803e-02,-1.440595245372048444e-02
-1.751211428157324265e-02,-1.293543505135431350e-02,-1.637442281381028264e-02,-1.182004408567628555e-02,-9.276878246344103657e-03,-9.803435212213036307e-03,-1.347097189368171022e-02,-1.436401005281455999e-02,-1.127915320998693245e-02,-1.430302353724487510e-02
-1.757848576541626989e-02,-1.306693153440050686e-02,-1.638179683818466459e-02,-1.171414810073181066e-02,-9.275654142881008604e-03,-9.957514347847140623e-03,-1.347587917660344678e-02,-1.421727914692160963e-02,-1.144477100616611738e-02,-1.445710267287897942e-02
-1.759993116155418938e-02,-1.305774081296234672e-02,-1.634075151831715367e-02,-1.169574502236513623e-02,-9.429733278515112921e-03,-1.001717020272833297e-02,-1.353553503148463913e-02,-1.423103387363555683e-02,-1.156656045183504164e-02,-1.445373622865695103e-02
-1.753108744385358311e-02,-1.298636634226586241e-02,-1.620436707557849215e-02,-1.160132285132207952e-02,-9.550863980640511217e-03,-1.014866668577452634e-02,-1.343260611500902979e-02,-1.409118366879054222e-02,-1.170902175741864691e-02,-1.430864458627502216e-02
-1.757387592353223602e-02,-1.287527250543803528e-02,-1.619324637573417089e-02,-1.164836915169789426e-02,-9.411013775795496611e-03,-1.014136129776700875e-02,-1.342530072700151220e-02,-1.402233995108993596e-02,-1.177679979760363864e-02,-1.434207311179053722e-02
-1.750250145283575171e-02,-1.307274239322934496e-02,-1.619202227227107410e-02,-1.166026878933044617e-02,-9.565092911429600928e-03,-1.006474833854704640e-02,-1.347396024831026135e-02,-1.417641908672404027e-02,-1.187979681305031260e-02,-1.449615224742464153e-02
-1.742846897776040987e-02,-1.297832022218628825e-02,-1.617014165608170878e-02,-1.173365428214914220e-02,-9.521032421775659990e-03,-1.016774535399372036e-02,-1.358690969876818512e-02,-1.411004976408884379e-02,-1.186669988220713859e-02,-1.445209175777070060e-02
-1.746728332065832986e-02,-1.296544520836326320e-02,-1.633575945226089371e-02,-1.174102830652352415e-02,-9.446999946700318160e-03,-1.003136091125505884e-02,-1.361862284887946882e-02,-1.426412889972294810e-02,-1.198783058433253688e-02,-1.448552028328621566e-02
-1.739325084558298803e-02,-1.318420448064846866e-02,-1.641046725757151423e-02,-1.172990760667920289e-02,-9.568789392369242419e-03,-1.004794804465300624e-02,-1.384574130999993193e-02,-1.431278842103169725e-02,-1.197473365348936288e-02,-1.430411276503359280e-02
-1.742867533562044227e-02,-1.308417539316876141e-02,-1.644761125620171002e-02,-1.171681067583602888e-02,-9.628445247250434769e-03,-1.003868099171606118e-02,-1.387398128225317447e-02,-1.414581201307430966e-02,-1.196942210670366366e-02,-1.458202529195594746e-02
-1.769199337676887265e-02,-1.323825452880286573e-02,-1.637623678550522571e-02,-1.187088981147013320e-02,-9.621139859242917175e-03,-1.007980035541808719e-02,-1.386479056081501432e-02,-1.406919905385434731e-02,-1.212350124233776798e-02,-1.477048814089613679e-02
-1.776670118207949317e-02,-1.325484166220081313e-02,-1.640447675775846825e-02,-1.187579709439186976e-02,-9.599259243053550120e-03,-1.012258883509674010e-02,-1.397774001127293809e-02,-1.407220107107991745e-02,-1.210868311184495200e-02,-1.476122108795919173e-02
-1.802803948064631706e-02,-1.318346719150432882e-02,-1.645769661814188226e-02,-1.197118181341405921e-02,-9.660397706284474736e-03,-1.000939851851872717e-02,-1.390370753619759626e-02,-1.408145667986618332e-02,-1.213516708736134438e-02,-1.475203036652103158e-02
-1.810748622991067980e-02,-1.322458655520635483e-02,-1.643244110288159462e-02,-1.171468736080840019e-02,-9.683635698025119809e-03,-1.004111166863001087e-02,-1.386478669147434180e-02,-1.419360522379073397e-02,-1.235392635964654984e-02,-1.485597881657743646e-02
-1.822861693203607983e-02,-1.315554511523769551e-02,-1.646786559291904886e-02,-1.179413411007276292e-02,-9.849253494204304737e-03,-9.871645407009917161e-03,-1.391344621278309095e-02,-1.409357613631102672e-02,-1.238935084968400581e-02,-1.494437127452255196e-02
-1.820008466445860104e-02,-1.314072698474487953e-02,-1.652108545330246286e-02,-1.192563059311895629e-02,-9.843941947418605523e-03,-9.874647424235487303e-03,-1.390034928193991694e-02,-1.395878588452570748e-02,-1.224425920730207694e-02,-1.492955314402973598e-02
-1.825485578624111080e-02,-1.309968166487736861e-02,-1.645471613066726638e-02,-1.185425612242247198e-02,-9.662534429165982666e-03,-9.833602104367976382e-03,-1.387846866575054988e-02,-1.406178289997238144e-02,-1.232370595656643968e-02,-1.471337647940632390e-02
-1.840893492187521338e-02,-1.311626879827531601e-02,-1.650793599105068038e-02,-1.175132720594686264e-02,-9.676289155879929868e-03,-9.818783973875160401e-03,-1.380709419505406557e-02,-1.406478491719795158e-02,-1.237692581694985541e-02,-1.479409483093478868e-02
-1.837001407715195891e-02,-1.322113388407032165e-02,-1.667355378722986531e-02,-1.197988964424507273e-02,-9.570393170935454982e-03,-9.828039582661426271e-03,-1.396117333068816989e-02,-1.392493471235293698e-02,-1.244329730079288265e-02,-1.491522553306018697e-02
-1.834475856189167128e-02,-1.321186683113337659e-02,-1.693006565048477824e-02,-1.202100900794709874e-02,-9.798955609233665071e-03,-9.837295191447692141e-03,-1.411525246632227421e-02,-1.391762932434541938e-02,-1.257479378383907602e-02,-1.484385106236370266e-02
-1.827591484419106502e-02,-1.327300529436430121e-02,-1.685869117978829393e-02,-1.197694851829315781e-02,-9.732586286598468583e-03,-9.925687649392807635e-03,-1.410598541338532914e-02,-1.384625485364893507e-02,-1.256748839583155843e-02,-1.491723655518239870e-02
-1.820954552155586853e-02,-1.326769374757860200e-02,-1.681764585992078301e-02,-1.201237300833061378e-02,-9.661211815901984273e-03,-1.007976678502691195e-02,-1.420993386344173402e-02,-1.374332593717332573e-02,-1.272156753146566274e-02,-1.481720746770269145e-02
-1.829026387308433504e-02,-1.319108078835863965e-02,-1.688401734376381025e-02,-1.197132768846310286e-02,-9.766076901696989915e-03,-1.000839231433042764e-02,-1.410990477596202677e-02,-1.370228061730581481e-02,-1.282551598152206762e-02,-1.480238933720987547e-02
-1.843272517866793858e-02,-1.334515992399274396e-02,-1.707248019270399958e-02,-1.190470050092874536e-02,-9.832448385540017155e-03,-9.997271614486106378e-03,-1.400400879101755189e-02,-1.390064285305036423e-02,-1.275414151082558331e-02,-1.479319861577171533e-02
-1.825131766041531572e-02,-1.339381944530149311e-02,-1.692738855032207071e-02,-1.190133405670671697e-02,-9.761073914843532845e-03,-9.956226294618595457e-03,-1.400891607393928845e-02,-1.405472198868446855e-02,-1.275077506660355492e-02,-1.482862310580917130e-02
-1.840539679604941831e-02,-1.341223209994601984e-02,-1.690213303506178308e-02,-1.180413982832459290e-02,-9.692230197142926579e-03,-1.021273815787350665e-02,-1.399051299557261402e-02,-1.410794184906788429e-02,-1.267940059590707061e-02,-1.497108441139277657e-02
-1.846505265093061066e-02,-1.340692055316032062e-02,-1.688731490456896536e-02,-1.182255248296911962e-02,-9.779457141276670998e-03,-1.030917053010642695e-02,-1.418887523131716344e-02,-1.422089129952580806e-02,-1.266099751754039618e-02,-1.505831135552652099e-02
-1.832520244608559432e-02,-1.326707034831530602e-02,-1.695933326175428149e-02,-1.180414940460244519e-02,-9.818271484174589253e-03,-1.035783005141517610e-02,-1.418156984330964585e-02,-1.417984597965829714e-02,-1.258696504246505435e-02,-1.494721751869869386e-02
-1.845669892913178595e-02,-1.309760408669521231e-02,-1.697592039515222889e-02,-1.180905668752418175e-02,-9.871491344558004991e-03,-1.043121554423387214e-02,-1.413963605070026747e-02,-1.419360070637224434e-02,-1.258574093900195930e-02,-1.492730143851914680e-02
-1.828334852031016089e-02,-1.307920100832853788e-02,-1.690955107251703241e-02,-1.176499619787024081e-02,-9.800116873861520680e-03,-1.039017022436636122e-02,-1.429371518633437178e-02,-1.431473140849764264e-02,-1.273982007463606361e-02,-1.493220872144088336e-02
-1.817745253536568600e-02,-1.300782653763205357e-02,-1.683817660182054810e-02,-1.158766655772863578e-02,-9.694220888917045795e-03,-1.031879575366987691e-02,-1.418262134950654466e-02,-1.441772842394431660e-02,-1.290543787081524854e-02,-1.501165547070524610e-02
-1.817622843190258922e-02,-1.293898281993144730e-02,-1.695930730394594813e-02,-1.164880502095956040e-02,-9.588324903972570909e-03,-1.037845160855107099e-02,-1.424899283334957190e-02,-1.452167687400072148e-02,-1.302786023411805875e-02,-1.497061015083773518e-02
-1.810738471420198295e-02,-1.298602912030726204e-02,-1.700042666764797414e-02,-1.166539215435750780e-02,-9.575227973129396900e-03,-1.040493558406746337e-02,-1.417761836265308759e-02,-1.439016372681775624e-02,-1.301859318118111369e-02,-1.518936942312294064e-02
-1.806633939433447203e-02,-1.303468864161601119e-02,-1.715450580328207672e-02,-1.174611050588597258e-02,-9.553347356940029844e-03,-1.050032030308965456e-02,-1.433169749828719190e-02,-1.450311317727568002e-02,-1.313154263163903747e-02,-1.514832410325542972e-02
-1.792819553179064024e-02,-1.307350298451392945e-02,-1.701465559843706038e-02,-1.174681276983231132e-02,-9.447451371995554958e-03,-1.051221994072220646e-02,-1.447440421473415555e-02,-1.446206785740816909e-02,-1.306016816094255316e-02,-1.521610214344042145e-02
-1.805969201483683187e-02,-1.305162236832456239e-02,-1.721212548622837180e-02,-1.174150122304661210e-02,-9.266043853742932102e-03,-1.044084547002572215e-02,-1.464002201091334048e-02,-1.455745257643036028e-02,-1.288283852080094813e-02,-1.528388018362541317e-02
-1.805438046805113092e-02,-1.310028188963331154e-02,-1.732427403015292244e-02,-1.174450324027218225e-02,-9.224998533875421181e-03,-1.047626996006317812e-02,-1.472724895504708489e-02,-1.466231766222536592e-02,-1.274469465825711634e-02,-1.540566962929433743e-02
-1.788491420643103721e-02,-1.298709157305530035e-02,-1.725289955945643813e-02,-1.179927436205469200e-02,-9.260423023912877152e-03,-1.071277693568340253e-02,-1.492561119079163431e-02,-1.466109355876227087e-02,-1.257396882916174408e-02,-1.547768798647965356e-02
-1.790150133982898462e-02,-1.291571710235881604e-02,-1.689788335777930514e-02,-1.177739374586532495e-02,-9.247326093069703143e-03,-1.070547154767588494e-02,-1.504803355409444453e-02,-1.481517269439637519e-02,-1.260045280467813646e-02,-1.563176712211375788e-02
-1.796787282367201186e-02,-1.280462326553099064e-02,-1.679198737283483026e-02,-1.187277846488751440e-02,-9.268771489207624364e-03,-1.075413106898463408e-02,-1.515103056954111849e-02,-1.483661809053429467e-02,-1.260782682905251841e-02,-1.552587113716928299e-02
-1.806325754269420131e-02,-1.295870240116509496e-02,-1.683477585251348316e-02,-1.187348072883385314e-02,-9.336549529392616092e-03,-1.067751810976467174e-02,-1.496962305128849563e-02,-1.461530034638557247e-02,-1.265487312942833314e-02,-1.549733886959180421e-02
-1.792340733784918497e-02,-1.311278153679919928e-02,-1.693777286796015885e-02,-1.177345164135414589e-02,-9.415996278656978830e-03,-1.071294259980212771e-02,-1.501666935166431037e-02,-1.460417964654125121e-02,-1.278683351895148340e-02,-1.542072591037184186e-02
-1.785203286715270066e-02,-1.306579134362335567e-02,-1.701721961722452159e-02,-1.178535127898669779e-02,-9.643114739777441935e-03,-1.065099004692235916e-02,-1.505381335029450443e-02,-1.453280517584476690e-02,-1.271545904825499909e-02,-1.540427742447953406e-02
-1.793925981128644681e-02,-1.321987047925745999e-02,-1.694837589952391532e-02,-1.192781258457030306e-02,-9.730341683911186354e-03,-1.073938250486747466e-02,-1.516596189421905508e-02,-1.439295497099975230e-02,-1.258066879646967985e-02,-1.533790810184433757e-02
-1.804225682673312250e-02,-1.314849600856097568e-02,-1.676696838127129247e-02,-1.192658848110720801e-02,-9.818734141856301847e-03,-1.087134289439062491e-02,-1.498455437596643222e-02,-1.429002605452414296e-02,-1.255878818028031280e-02,-1.526653363114785326e-02
-1.797088235603663819e-02,-1.315587003293535763e-02,-1.689846486431748410e-02,-1.194034320782115521e-02,-9.819436405802640586e-03,-1.091246225809265093e-02,-1.505793986878512826e-02,-1.435639753836717020e-02,-1.278590664140077590e-02,-1.523800136357037448e-02
-1.798013796482290233e-02,-1.313942154704304983e-02,-1.701141431477540614e-02,-1.207183969086734858e-02,-9.940567107928038881e-03,-1.099968920222639535e-02,-1.505262832199942905e-02,-1.431535221849965928e-02,-1.310651143708484873e-02,-1.521959828520370005e-02
-1.795825734863353701e-02,-1.327138193656620009e-02,-1.712356285869995678e-02,-1.222591882650145290e-02,-1.009464624356214320e-02,-1.092831473152991104e-02,-1.508434147211071275e-02,-1.457186408175457047e-02,-1.303513696638836442e-02,-1.508321384246503853e-02
-1.778490693981191195e-02,-1.342546107220030441e-02,-1.712656487592552693e-02,-1.215440956048063036e-02,-1.011305889820666992e-02,-1.078158382563696067e-02,-1.505908595685042685e-02,-1.458111969054083634e-02,-1.286567070476827071e-02,-1.523729297809914285e-02
-1.777959539302621100e-02,-1.325473524310493215e-02,-1.717361117630134340e-02,-1.234287240942081969e-02,-1.036957076146158112e-02,-1.086881076977070509e-02,-1.509079910696171055e-02,-1.473519882617494066e-02,-1.292532655964946306e-02,-1.514009874971701877e-02
-1.782238387270486391e-02,-1.311994499131961291e-02,-1.725432952782980991e-02,-1.229801017334921504e-02,-1.055803361040177045e-02,-1.082776544990319417e-02,-1.511403709870235562e-02,-1.466110090857293546e-02,-1.318183842290437426e-02,-1.519331861010043451e-02
-1.768253366785984756e-02,-1.334850742961782299e-02,-1.724123259698663591e-02,-1.233912953705124105e-02,-1.051698829053425953e-02,-1.080936237153651974e-02,-1.521798554875876050e-02,-1.482671870475212039e-02,-1.317652687611867504e-02,-1.497714194547702243e-02
-1.772957996823566404e-02,-1.346963813174322129e-02,-1.716985812629015160e-02,-1.252687562233861102e-02,-1.044814457283365326e-02,-1.081006463548285848e-02,-1.533093499921668428e-02,-1.478567338488460947e-02,-1.307063089117420016e-02,-1.495873886711034800e-02
-1.750875805288099746e-02,-1.348805078638774801e-02,-1.732393726192425418e-02,-1.245026266311864867e-02,-1.030829436798863866e-02,-1.096414377111696280e-02,-1.511534122632089173e-02,-1.482448772778252773e-02,-1.319305325447701037e-02,-1.509069925663349826e-02
-1.750344650609529651e-02,-1.356006914357306414e-02,-1.740465561345272069e-02,-1.228079640149855496e-02,-1.045075567357224393e-02,-1.107629231504151344e-02,-1.526942036195499605e-02,-1.486560709148455374e-02,-1.322847774451446634e-02,-1.512241240674478196e-02
-1.772220577838050024e-02,-1.379657611919328855e-02,-1.729875962850824581e-02,-1.243487553713265928e-02,-1.043765874272906992e-02,-1.112951217542492918e-02,-1.501804990078853611e-02,-1.491882695186796948e-02,-1.320322222925418044e-02,-1.517563226712819770e-02
-1.768116045851298931e-02,-1.405308798244819975e-02,-1.749712186425279523e-02,-1.243365143366956423e-02,-1.026032910258746489e-02,-1.106066845772432292e-02,-1.513918060291393440e-02,-1.507290608750207379e-02,-1.318840409876136446e-02,-1.520387223938144024e-02
-1.776060720777735205e-02,-1.415608499789487371e-02,-1.731571434600017237e-02,-1.250566979085488035e-02,-1.021333890941162129e-02,-1.116366547317099688e-02,-1.517089375302521810e-02,-1.532941795075698499e-02,-1.311702962806488015e-02,-1.513249776868495593e-02
-1.775529566099165110e-02,-1.418256897341126609e-02,-1.746979348163427495e-02,-1.270313967864619004e-02,-1.036741804504572560e-02,-1.118025260656894428e-02,-1.521955327433396725e-02,-1.551716403604435496e-02,-1.310972424005736256e-02,-1.522893014091787622e-02
-1.771336186838227272e-02,-1.420905294892765847e-02,-1.751845300294302410e-02,-1.276427814187711465e-02,-1.026152206010125072e-02,-1.122729890694475902e-02,-1.529900002359832999e-02,-1.540696844831939555e-02,-1.326380337569146688e-02,-1.522361859413217701e-02
-1.786744100401637531e-02,-1.425771247023640761e-02,-1.747740768307551318e-02,-1.269290367118063034e-02,-1.038331150577017498e-02,-1.120541829075539196e-02,-1.548746287253851932e-02,-1.536592312845188463e-02,-1.325092836186844182e-02,-1.496703763123284799e-02
-1.797230608981138095e-02,-1.442333026641559254e-02,-1.766587053201570251e-02,-1.289126590692517976e-02,-1.038208740230707992e-02,-1.120205184653336357e-02,-1.551570284479176186e-02,-1.526002714350740974e-02,-1.326934101651296855e-02,-1.478343467200045683e-02
-1.790093161911489664e-02,-1.431743428147111766e-02,-1.770865901169435541e-02,-1.293831220730099450e-02,-1.048695248810208557e-02,-1.120082774307026852e-02,-1.537585263994674725e-02,-1.511493550112548087e-02,-1.326597457229094015e-02,-1.481885916203791280e-02
-1.793436014463041170e-02,-1.433584693611564438e-02,-1.774977837539638142e-02,-1.295489934069894190e-02,-1.038105650315761068e-02,-1.126196620630119313e-02,-1.541127712998420322e-02,-1.501200658464987153e-02,-1.319460010159445584e-02,-1.495081955156106306e-02
-1.803735716007708739e-02,-1.455460620840084984e-02,-1.772452286013609379e-02,-1.295153289647691351e-02,-1.052351780874121595e-02,-1.115607022135671825e-02,-1.548329548716951935e-02,-1.500470119664235394e-02,-1.319337599813136079e-02,-1.496740668495901046e-02
-1.826591959837529575e-02,-1.463405295766521258e-02,-1.758813841739743228e-02,-1.304691761549910470e-02,-1.072188004448576537e-02,-1.108456095533589571e-02,-1.556274223643388209e-02,-1.507107268048538118e-02,-1.334745513376546511e-02,-1.515586953389919979e-02
-1.830134408841274998e-02,-1.464330856645147845e-02,-1.751929469969682601e-02,-1.290182597311717583e-02,-1.074332544062368486e-02,-1.090315343708327285e-02,-1.567489078035843447e-02,-1.519286212615430544e-02,-1.325303296272240840e-02,-1.530994866953330411e-02
-1.831975674305727497e-02,-1.460226324658396753e-02,-1.738115083715299422e-02,-1.294461445279582873e-02,-1.067195096992720055e-02,-1.075806179470134398e-02,-1.572811064074184847e-02,-1.522828661619176141e-02,-1.345139519846695782e-02,-1.524357934689810762e-02
-1.834120213919519446e-02,-1.479973313437527721e-02,-1.727525485220851933e-02,-1.308707575837943400e-02,-1.069339636606512003e-02,-1.068902035473268466e-02,-1.551251686784605593e-02,-1.527533291656757615e-02,-1.341034987859944690e-02,-1.524021290267607923e-02
-1.826458917997523038e-02,-1.472835866367879290e-02,-1.726237983838549428e-02,-1.308176421159373479e-02,-1.081518581173404429e-02,-1.079388544052769031e-02,-1.551129276438296088e-02,-1.504353306117924352e-02,-1.356442901423355121e-02,-1.526669687819247161e-02
-1.809761277201784105e-02,-1.488243779931289722e-02,-1.729952383701569008e-02,-1.323584334722783910e-02,-1.084342578398728683e-02,-1.081047257392563771e-02,-1.547024744451544996e-02,-1.497215859048275921e-02,-1.345853302928907633e-02,-1.515560304136464448e-02
-1.809638866855474426e-02,-1.498543481475957118e-02,-1.745360297264979266e-02,-1.327126783726529508e-02,-1.073752979904281195e-02,-1.083695654944203009e-02,-1.556667981674837026e-02,-1.509394803615168347e-02,-1.347228775600302353e-02,-1.514078491087182850e-02
-1.815752713178566888e-02,-1.506488156402393391e-02,-1.738222850195330835e-02,-1.305567406436950254e-02,-1.066349732396747012e-02,-1.062531038872784224e-02,-1.555186168625555428e-02,-1.531270730843688893e-02,-1.352094727731177268e-02,-1.511890429468246144e-02
-1.811648181191815796e-02,-1.492849712128527240e-02,-1.739412813958585852e-02,-1.304279905054647748e-02,-1.055240348713964299e-02,-1.055393591803135793e-02,-1.555676896917729084e-02,-1.534094728069013147e-02,-1.355266042742305638e-02,-1.521428901370465089e-02
-1.801355289544254862e-02,-1.485965340358466613e-02,-1.754820727521996110e-02,-1.293690306560200259e-02,-1.059121783003756125e-02,-1.059672439771001083e-02,-1.572238676535647750e-02,-1.534164954463647021e-02,-1.358980442605325044e-02,-1.507949876191933165e-02
-1.815601420102615216e-02,-1.479080968588405987e-02,-1.757992042533124480e-02,-1.300892142278731872e-02,-1.048532184509308636e-02,-1.062320837322640321e-02,-1.565101229465999319e-02,-1.527502235710211272e-02,-1.373251114250021408e-02,-1.520128820758825591e-02
-1.826896365148407420e-02,-1.492230616893025323e-02,-1.758917603411750893e-02,-1.313071086845624298e-02,-1.062778315067669163e-02,-1.052027945675079387e-02,-1.568643678469744743e-02,-1.539615305922751101e-02,-1.366113667180372977e-02,-1.512725573251291408e-02
-1.819758918078758989e-02,-1.491311544749209309e-02,-1.777763888305769827e-02,-1.302481488351176810e-02,-1.055893943297608537e-02,-1.034294981660918884e-02,-1.564539146482993651e-02,-1.555023219486161533e-02,-1.367954932644825650e-02,-1.531571858145310341e-02
-1.821600183543211487e-02,-1.503424614961749138e-02,-1.764612573587473476e-02,-1.301750949550425050e-02,-1.059608343160627943e-02,-1.030190449674167792e-02,-1.583385431377012584e-02,-1.563745913899535975e-02,-1.369144896408080840e-02,-1.544767897097625367e-02
-1.822790147306466504e-02,-1.496540243191688511e-02,-1.760126349980312838e-02,-1.307072935588766624e-02,-1.063720279530830544e-02,-1.052066376902688338e-02,-1.596581470329327609e-02,-1.567857850269738576e-02,-1.375782044792383564e-02,-1.543848824953809352e-02
-1.837036277864826858e-02,-1.483061218013156587e-02,-1.760426551702869852e-02,-1.297070026840795899e-02,-1.074019981075497940e-02,-1.060011051829124612e-02,-1.597318872766765804e-02,-1.573823435757857811e-02,-1.357641292967121278e-02,-1.547960761324011954e-02
-1.840379130416378364e-02,-1.482938807666847082e-02,-1.775834465266280110e-02,-1.302392012879137473e-02,-1.093856204649952882e-02,-1.052349755907128377e-02,-1.590181425697117373e-02,-1.575482149097652551e-02,-1.374203072585039771e-02,-1.566807046218030713e-02
-1.843921579420123788e-02,-1.487050744037049683e-02,-1.774907759972585430e-02,-1.308505859202229935e-02,-1.083266606155505393e-02,-1.067757669470538809e-02,-1.601396280089572438e-02,-1.592043928715571044e-02,-1.376044338049492444e-02,-1.568465759557825454e-02
-1.845580292759918528e-02,-1.501296874595410211e-02,-1.764318161478137942e-02,-1.315707694920761547e-02,-1.080938361284137540e-02,-1.071100522022090315e-02,-1.597202900828634600e-02,-1.584906481645922613e-02,-1.371939806062741352e-02,-1.580578829770365457e-02
-1.823962626297577494e-02,-1.493893627087876028e-02,-1.766462701091929891e-02,-1.337583622149282093e-02,-1.069619329626336421e-02,-1.057115501537588854e-02,-1.604673681359696652e-02,-1.582053254888174734e-02,-1.372240007785298366e-02,-1.576092606163204818e-02
-1.836075696510117497e-02,-1.498598257125457502e-02,-1.771784687130271291e-02,-1.333479090162531001e-02,-1.069919531348893435e-02,-1.046822609890027921e-02,-1.612012230641566082e-02,-1.589391804170044165e-02,-1.391986996564429334e-02,-1.577468078834599538e-02
-1.829191324740056870e-02,-1.509084765704958066e-02,-1.772522089567709486e-02,-1.322160058504729882e-02,-1.073633931211912841e-02,-1.045512916805710520e-02,-1.616291078609431373e-02,-1.579672381331831757e-02,-1.394131536178221456e-02,-1.592875992398009796e-02
-1.832362639751185240e-02,-1.524492679268368497e-02,-1.758537069083207852e-02,-1.348491862619572920e-02,-1.066749559441852215e-02,-1.038875984542190871e-02,-1.631698992172841631e-02,-1.584538333462706672e-02,-1.409539449741631888e-02,-1.604989062610549799e-02
-1.815027598869022735e-02,-1.510854234994502346e-02,-1.763403021214082766e-02,-1.355129011003875644e-02,-1.072715144929971623e-02,-1.047715230336702420e-02,-1.634022791346905965e-02,-1.592610168615553323e-02,-1.402655077971571261e-02,-1.608531511614295223e-02
-1.810923066882271643e-02,-1.508666173375565640e-02,-1.774697966259874971e-02,-1.357777408555514882e-02,-1.059236119751439699e-02,-1.037125631842254932e-02,-1.632182483510238521e-02,-1.598575754103672558e-02,-1.398249029006177167e-02,-1.620773747944576071e-02
-1.816888652370390878e-02,-1.512208622379311238e-02,-1.760540295617466985e-02,-1.361658842845306708e-02,-1.063940749789021173e-02,-1.038784345182049672e-02,-1.637659595688489497e-02,-1.584590733619170924e-02,-1.398549230728734181e-02,-1.627975583663107684e-02
-1.795329275080811623e-02,-1.521047868173822787e-02,-1.760840497340024000e-02,-1.357554310858555616e-02,-1.073479221691240118e-02,-1.034892260709724225e-02,-1.627069997194042009e-02,-1.592061514150232976e-02,-1.400207944068528922e-02,-1.626330735073876904e-02
-1.796987988420606364e-02,-1.544698565735845228e-02,-1.770378969242242945e-02,-1.356442240874123489e-02,-1.082201916104614560e-02,-1.027754813640075794e-02,-1.626538842515471914e-02,-1.603276368542688041e-02,-1.398367636231861479e-02,-1.632296320561996139e-02
-1.783173602166223184e-02,-1.573290287884229408e-02,-1.763952491487033244e-02,-1.358100954213918229e-02,-1.075064469034966129e-02,-1.014116369366209643e-02,-1.625612137221777581e-02,-1.618684282106098299e-02,-1.413775549795271910e-02,-1.622293411814025588e-02
-1.802019887060242118e-02,-1.577171722174021407e-02,-1.750473466308501494e-02,-1.354208869741592783e-02,-1.090472382598376561e-02,-1.016764766917848881e-02,-1.641020050785187839e-02,-1.611799910336037672e-02,-1.420553353813771083e-02,-1.630365246966872239e-02
-1.780402220597901083e-02,-1.566152163401525466e-02,-1.743336019238853063e-02,-1.368455000299953310e-02,-1.086367850611625469e-02,-1.018140239589243601e-02,-1.646985636273307074e-02,-1.619871745488884324e-02,-1.420430943467461578e-02,-1.633013644518511651e-02
-1.779483148454085242e-02,-1.563964101782588934e-02,-1.758743932802263321e-02,-1.361317553230304879e-02,-1.105214135505644402e-02,-9.930031934725976062e-03,-1.662393549836717332e-02,-1.615767213502133232e-02,-1.410138051819900644e-02,-1.658664830844002944e-02
-1.772345701384436811e-02,-1.577113750087208097e-02,-1.771893581106882484e-02,-1.354180106160656448e-02,-1.120622049069054833e-02,-9.883041741550132459e-03,-1.660748701247486553e-02,-1.631175127065543490e-02,-1.413309366831029014e-02,-1.658542420497693265e-02
-1.761236317701654272e-02,-1.589226820299748100e-02,-1.770966875813188152e-02,-1.343590507666208959e-02,-1.126735895392147295e-02,-9.814198023849526192e-03,-1.661048902970043567e-02,-1.638513676347412920e-02,-1.412382661537334508e-02,-1.669028929077193829e-02
-1.760309612407959939e-02,-1.575241799815246466e-02,-1.789813160707207085e-02,-1.346414504891533213e-02,-1.122631363405396203e-02,-9.968277159483630509e-03,-1.647410458696177415e-02,-1.642625612717615521e-02,-1.410900848488052910e-02,-1.651693888195031323e-02
-1.763480927419088309e-02,-1.572716248289217703e-02,-1.800112862251874654e-02,-1.355253750686044763e-02,-1.120639755387441497e-02,-9.967053056020535456e-03,-1.647901186988351072e-02,-1.658033526281025780e-02,-1.419623542901427352e-02,-1.662908742587486388e-02
-1.778888840982498568e-02,-1.568611716302466610e-02,-1.806890666270373827e-02,-1.350554731368460402e-02,-1.124751691757644098e-02,-1.012113219165463977e-02,-1.663309100551761330e-02,-1.676808134809762776e-02,-1.429923244446094747e-02,-1.645573701705323882e-02
-1.771751393912850137e-02,-1.561948997549030861e-02,-1.819069610837266426e-02,-1.354833579336325693e-02,-1.144587915332099040e-02,-1.015827619028483383e-02,-1.671380935704607981e-02,-1.669903990812897018e-02,-1.435888829934214156e-02,-1.644461631720891756e-02
-1.760432362255048844e-02,-1.564597395100670099e-02,-1.820259574600521443e-02,-1.370241492899736124e-02,-1.146732454945890989e-02,-1.015897845423117257e-02,-1.664243488634959550e-02,-1.670829551691523432e-02,-1.451296743497624588e-02,-1.649783617759233156e-02
-1.731168922879140065e-02,-1.574897096645337669e-02,-1.822583373774585777e-02,-1.382354563112275954e-02,-1.139071159023894754e-02,-1.037773772651637803e-02,-1.667414803646087920e-02,-1.663925407694657674e-02,-1.456001373535206062e-02,-1.647595556140296624e-02
-1.737946726897639238e-02,-1.578439545649083092e-02,-1.830054154305647829e-02,-1.397762476675686386e-02,-1.152267197976209780e-02,-1.049068717697430181e-02,-1.665226742027151388e-02,-1.646978781532648303e-02,-1.468114443747745891e-02,-1.653561141628415859e-02
-1.720611686015476732e-02,-1.589654400041538157e-02,-1.827200927547899950e-02,-1.400086275849750893e-02,-1.153192758854836367e-02,-1.051892714922754435e-02,-1.672428577745683001e-02,-1.635659749874847010e-02,-1.466274135911078448e-02,-1.660338945646915032e-02
-1.722756225629268681e-02,-1.582516952971889726e-02,-1.825012865928963418e-02,-1.393201904079690266e-02,-1.161137433781272640e-02,-1.067300628486164867e-02,-1.665544205975622374e-02,-1.633331505003479331e-02,-1.481682049474488880e-02,-1.646353925162413398e-02
-1.728233337807519657e-02,-1.592911797977530214e-02,-1.815009957180992867e-02,-1.391892210995372865e-02,-1.180973657355727582e-02,-1.069445168099956989e-02,-1.647403454150360089e-02,-1.615598540989319001e-02,-1.475019330721053130e-02,-1.661761838725823656e-02
-1.737771809709738602e-02,-1.593211999700087228e-02,-1.807098029960789096e-02,-1.381889302247402140e-02,-1.179686155973425077e-02,-1.081624112666849415e-02,-1.625844076860780835e-02,-1.616974013660713722e-02,-1.465016421973082406e-02,-1.666466468763405304e-02
-1.730887437939677975e-02,-1.582919108052526294e-02,-1.822505943524199354e-02,-1.371886393499431415e-02,-1.183798092343627678e-02,-1.080512042682417288e-02,-1.626581479298219030e-02,-1.626512485562932667e-02,-1.476231276365537470e-02,-1.666129824341202464e-02
-1.741282282945318463e-02,-1.589696912071025467e-02,-1.815355016922116926e-02,-1.374710390724755670e-02,-1.186446489895266916e-02,-1.069193011024616169e-02,-1.631447431429093944e-02,-1.622407953576181575e-02,-1.465938384717976536e-02,-1.669672273344947888e-02
-1.730692684450870975e-02,-1.590622472949651880e-02,-1.815655218644673941e-02,-1.375201119016929326e-02,-1.179809557631747267e-02,-1.088039295918635102e-02,-1.650293716323112878e-02,-1.612115061928620641e-02,-1.459034240721110605e-02,-1.673386673207967468e-02
-1.741907538843326039e-02,-1.576637452465150246e-02,-1.825298455867965797e-02,-1.390609032580339757e-02,-1.180546960069185462e-02,-1.086047687900680396e-02,-1.654572564290978168e-02,-1.604977614858972210e-02,-1.459104467115744479e-02,-1.681331348134403741e-02
-1.744555936394965451e-02,-1.580749388835352848e-02,-1.825176045521656118e-02,-1.380606123832369032e-02,-1.173409512999537031e-02,-1.100293818459040923e-02,-1.649873544973393807e-02,-1.590468450620779323e-02,-1.454999935128993387e-02,-1.696739261697814000e-02
-1.750521521883084686e-02,-1.580412744413150009e-02,-1.844022330415675051e-02,-1.390905825377036428e-02,-1.172482807705842525e-02,-1.098453510622373480e-02,-1.639283946478946319e-02,-1.586576366148453876e-02,-1.462944610055429660e-02,-1.707038963242481569e-02
-1.740802099044872278e-02,-1.596974524031068501e-02,-1.843291791614923292e-02,-1.407467604994954921e-02,-1.165345360636194094e-02,-1.098944238914547136e-02,-1.649583648023613888e-02,-1.575986767654006387e-02,-1.460953002037474954e-02,-1.700154591472420942e-02
-1.741539501482310473e-02,-1.596047818737374169e-02,-1.858699705178333550e-02,-1.422875518558365353e-02,-1.169457297006396695e-02,-1.084271148325252100e-02,-1.647395586404677356e-02,-1.562001747169504927e-02,-1.458099775279727076e-02,-1.703868991335440522e-02
-1.746861487520651873e-02,-1.596973379616000582e-02,-1.854595173191582458e-02,-1.415738071488716922e-02,-1.184865210569807127e-02,-1.087813597328997697e-02,-1.629254834579415070e-02,-1.544666706287342248e-02,-1.465438324561596679e-02,-1.707750425625232521e-02
-1.762269401084062131e-02,-1.606511851518219527e-02,-1.858137622195327882e-02,-1.431145985052127353e-02,-1.189569840607388601e-02,-1.085625535710060992e-02,-1.615616390305548919e-02,-1.542478644668405542e-02,-1.477680560891877701e-02,-1.703645893638481429e-02
-1.776515531642422485e-02,-1.621919765081629786e-02,-1.864915426213827054e-02,-1.438616765583189405e-02,-1.192393837832712855e-02,-1.071640515225559531e-02,-1.585695450180851784e-02,-1.549817193950275146e-02,-1.470529634289795447e-02,-1.702164080589199657e-02
-1.764993034219968296e-02,-1.631458236983848731e-02,-1.870237412252168455e-02,-1.420883801569028902e-02,-1.189868286306684265e-02,-1.073481780690012204e-02,-1.572057005906985633e-02,-1.558539888363649588e-02,-1.484775764848155974e-02,-1.711702552491418602e-02
-1.777171978786860895e-02,-1.624795518230412808e-02,-1.874118846541960454e-02,-1.420761391222719397e-02,-1.200167987851351661e-02,-1.083876625695652691e-02,-1.561467407412538144e-02,-1.577314496892386758e-02,-1.488318213851901571e-02,-1.717668137979537837e-02
-1.776059908802428769e-02,-1.610286353992219921e-02,-1.896830692654006764e-02,-1.429484085636093839e-02,-1.197979926232414956e-02,-1.091078461414184304e-02,-1.562392968291164731e-02,-1.579155762356839257e-02,-1.492199648141693397e-02,-1.718405540416976032e-02
-1.771866529541490931e-02,-1.618231028918656195e-02,-1.904032528372538377e-02,-1.442680124588408865e-02,-1.212250597877111320e-02,-1.077093440929682844e-02,-1.564051681630959298e-02,-1.575051230370088165e-02,-1.504378592708585823e-02,-1.728800385422616520e-02
-1.757881509056989297e-02,-1.640106956147176567e-02,-1.914332229917205946e-02,-1.432090526093961376e-02,-1.234126525105631866e-02,-1.080436293481234350e-02,-1.571253517349490911e-02,-1.588200878674707328e-02,-1.504448819103219696e-02,-1.741996424374931546e-02
-1.756954803763294964e-02,-1.643649405150921991e-02,-1.910227697930454854e-02,-1.445286565046276402e-02,-1.220141504621130406e-02,-1.084150693344253756e-02,-1.575958147387072558e-02,-1.590345418288499277e-02,-1.491297504384923173e-02,-1.743655137714726286e-02
-1.764293353045164395e-02,-1.642339712066604590e-02,-1.922340768142994857e-02,-1.458436213350895738e-02,-1.247113684546280118e-02,-1.098421364988950120e-02,-1.587173001779527623e-02,-1.601640363334291481e-02,-1.492487468148178363e-02,-1.729670117230224652e-02
-1.768174787334956394e-02,-1.647205664197479505e-02,-1.911751169648547369e-02,-1.448433304602925013e-02,-1.239710437038745935e-02,-1.113829278552360552e-02,-1.587473203502084637e-02,-1.599995514745060701e-02,-1.520278720840414002e-02,-1.722266869722690469e-02
-1.750034035509694108e-02,-1.661451794755839859e-02,-1.931587393223002311e-02,-1.444027255637530920e-02,-1.238783731745051429e-02,-1.111501033680992699e-02,-1.576883605007637149e-02,-1.615403428308470959e-02,-1.525144672971288917e-02,-1.710947838064889176e-02
-1.756811839528193281e-02,-1.643718830741679529e-02,-1.931464982876692632e-02,-1.459435169200941351e-02,-1.249083433289718825e-02,-1.109312972062055994e-02,-1.581162452975502439e-02,-1.594680811871778542e-02,-1.540552586534699349e-02,-1.726355751628299434e-02
-1.755885134234498601e-02,-1.636581383672031098e-02,-1.957116169202183925e-02,-1.457247107582004646e-02,-1.241945986220070394e-02,-1.110971685401850734e-02,-1.595408583533862792e-02,-1.608951483516474906e-02,-1.555960500098109781e-02,-1.719218304558651003e-02
-1.754597632852196096e-02,-1.635469313687598972e-02,-1.962438155240525325e-02,-1.449843860074470463e-02,-1.234542738712536211e-02,-1.097157299147467555e-02,-1.595478809928496666e-02,-1.609877044395101320e-02,-1.556260701820666795e-02,-1.725855452942953727e-02
-1.759463584983071011e-02,-1.648665352639913997e-02,-1.963628119003780342e-02,-1.449312705395900541e-02,-1.244842440257203607e-02,-1.076434682710775137e-02,-1.601444395416615901e-02,-1.619415516297320265e-02,-1.561582687859008368e-02,-1.730560082980535375e-02
-1.744790494393775801e-02,-1.671521596469734833e-02,-1.970405923022279515e-02,-1.448003012311583140e-02,-1.246986979870995729e-02,-1.092996462328693630e-02,-1.616852308980026159e-02,-1.618488811003625932e-02,-1.562508248737634955e-02,-1.737197231364838099e-02
-1.760198407957186059e-02,-1.669529988451779953e-02,-1.999780153460106041e-02,-1.443898480324832048e-02,-1.266823203445450671e-02,-1.095644859880332868e-02,-1.620195161531577666e-02,-1.619678774766880949e-02,-1.561198555653317555e-02,-1.740739680368583522e-02
-1.769841645180477915e-02,-1.655544967967278319e-02,-2.005893999783198503e-02,-1.445557193664626788e-02,-1.272788788933569906e-02,-1.096570420758959455e-02,-1.621853874871372406e-02,-1.618391273384578444e-02,-1.566520541691658955e-02,-1.742884219982375471e-02
-1.777913480333324567e-02,-1.655615194361912193e-02,-2.018136236113479698e-02,-1.438406267062544534e-02,-1.270948481096902463e-02,-1.103772256477491068e-02,-1.612411657767066561e-02,-1.621039670936217855e-02,-1.540862445401726052e-02,-1.733164797144163063e-02
-1.788399988912825131e-02,-1.668764842666531356e-02,-2.010998789043831267e-02,-1.453814180625954966e-02,-1.269638788012585062e-02,-1.126628500307312077e-02,-1.594270905941804276e-02,-1.647173500792900244e-02,-1.536757913414974960e-02,-1.737443645112028354e-02
-1.802646119471185485e-02,-1.679159687672171844e-02,-2.016964374531950502e-02,-1.452504487541637565e-02,-1.272981640564136568e-02,-1.137843354699767141e-02,-1.598975535979385923e-02,-1.646442961992148485e-02,-1.547057614959642356e-02,-1.737513871506662227e-02
-1.789007675197319333e-02,-1.698995911246626786e-02,-2.022286360570291902e-02,-1.459706323260169178e-02,-1.279095486887229030e-02,-1.145915189852613619e-02,-1.594871003992634831e-02,-1.648101675331943225e-02,-1.555780309373016798e-02,-1.730876939243142579e-02
-1.790197638960574350e-02,-1.710210765639081851e-02,-2.045142604400112737e-02,-1.463049175811720684e-02,-1.294503400450639462e-02,-1.154637884265988061e-02,-1.583761620309852292e-02,-1.647979264985633546e-02,-1.559494709236036204e-02,-1.721434722138836734e-02
-1.793740087964319774e-02,-1.720605610644722339e-02,-2.046332568163367754e-02,-1.461208867975053241e-02,-1.300468985938758870e-02,-1.154515473919678556e-02,-1.585137092981247012e-02,-1.636869881302851007e-02,-1.586466889161185917e-02,-1.724083119690476146e-02
-1.786078792042323365e-02,-1.731000455650362826e-02,-2.042228036176616662e-02,-1.450099484292270702e-02,-1.285959821700565983e-02,-1.160629320242771018e-02,-1.571152072496745378e-02,-1.632977796830525560e-02,-1.586537115555819791e-02,-1.723352580889724386e-02
-1.787920057506775864e-02,-1.717015435165861192e-02,-2.052527737721284232e-02,-1.455421470330612276e-02,-1.285229282899814224e-02,-1.182505247471291564e-02,-1.586559986060155636e-02,-1.625840349760877129e-02,-1.575427731873037251e-02,-1.726000978441363798e-02
-1.793397169685026840e-02,-1.731261565724221546e-02,-2.034386985896021946e-02,-1.448284023260963845e-02,-1.281124750913063132e-02,-1.205361491301112573e-02,-1.579675614290095009e-02,-1.631805935248996364e-02,-1.565134840225476318e-02,-1.708665937559201292e-02
-1.798101799722608488e-02,-1.729073504105285014e-02,-2.027236059293939519e-02,-1.457006717674338286e-02,-1.286601863091314107e-02,-1.212700040582982176e-02,-1.595083527853505267e-02,-1.632995899012251381e-02,-1.547401876211315815e-02,-1.716737772712047944e-02
-1.795913738103671956e-02,-1.736275339823816627e-02,-2.031347995664142120e-02,-1.464951392600774560e-02,-1.282497331104563015e-02,-1.198885654328598997e-02,-1.598964962143297266e-02,-1.626111527242190755e-02,-1.543297344224564722e-02,-1.735512381240784940e-02
-1.795382583425101861e-02,-1.755121624717835560e-02,-2.024210548594493689e-02,-1.464420237922204639e-02,-1.284338596569015688e-02,-1.197575961244281596e-02,-1.604286948181638667e-02,-1.634056202168627028e-02,-1.532707745730117234e-02,-1.750920294804195199e-02
-1.791189204164164023e-02,-1.773967909611854493e-02,-2.036323618807033692e-02,-1.475635092314659703e-02,-1.276935349061481505e-02,-1.210772000196596622e-02,-1.623133233075657600e-02,-1.612438535706285994e-02,-1.531225932680835636e-02,-1.766328208367605457e-02
-1.790658049485593928e-02,-1.781306458893723924e-02,-2.041645604845375092e-02,-1.474523022330227577e-02,-1.272830817074730413e-02,-1.200769091448625897e-02,-1.612543634581210111e-02,-1.611519463562470153e-02,-1.536547918719177210e-02,-1.781736121931015715e-02
-1.776148885247401041e-02,-1.763165707068461638e-02,-2.047759451168467554e-02,-1.474823224052784591e-02,-1.265693370005081982e-02,-1.196664559461874805e-02,-1.615367631806534365e-02,-1.625765594120830507e-02,-1.529410471649528779e-02,-1.777631589944264623e-02
-1.775812240825198202e-02,-1.756281335298401011e-02,-2.054961286886999167e-02,-1.482294004583846816e-02,-1.263505308386145276e-02,-1.198323272801669545e-02,-1.630775545369944624e-02,-1.644611879014849440e-02,-1.551286398878049325e-02,-1.767041991449817134e-02
-1.745891300700501067e-02,-1.749143888228752580e-02,-2.056151250650254184e-02,-1.484942402135486055e-02,-1.265829107560209783e-02,-1.218070261580800513e-02,-1.650522534149075765e-02,-1.654911580559517009e-02,-1.559231073804485598e-02,-1.773007576937936369e-02
-1.738753853630852636e-02,-1.742506955965232932e-02,-2.034591873360674930e-02,-1.482089175377738176e-02,-1.252190663286343632e-02,-1.222182197951003114e-02,-1.657861083430945195e-02,-1.656101544322772026e-02,-1.544721909566292711e-02,-1.776178891949064739e-02
-1.737641783646420510e-02,-1.761353240859251865e-02,-2.030487341373923837e-02,-1.496335305936098703e-02,-1.238552219012477480e-02,-1.200100006415536456e-02,-1.666700329225456745e-02,-1.671509457886182284e-02,-1.551359057950595435e-02,-1.788291962161604742e-02
-1.749820728213313109e-02,-1.768555076577783478e-02,-2.047049120991842330e-02,-1.470677209646165801e-02,-1.231915286748957832e-02,-1.202924003640860710e-02,-1.667890292988711762e-02,-1.678711293604713897e-02,-1.550827903272025514e-02,-1.777182578478822203e-02
-1.752992043224441479e-02,-1.772269476440803057e-02,-2.050763520854861910e-02,-1.453730583484156430e-02,-1.230433473699676233e-02,-1.204582716980655450e-02,-1.684452072606630255e-02,-1.678180138926143802e-02,-1.566235816835435946e-02,-1.759041826653559917e-02
-1.752065337930747146e-02,-1.764866228933268874e-02,-2.057965356573393523e-02,-1.451542521865219725e-02,-1.219843875205228745e-02,-1.197179469473121267e-02,-1.694751774151297824e-02,-1.648259198801446668e-02,-1.572872965219738670e-02,-1.759779229090998112e-02
-1.738080317446245512e-02,-1.751227784659402723e-02,-2.083616542898884816e-02,-1.449016970339191135e-02,-1.221988414819020694e-02,-1.209358414040013693e-02,-1.713598059045316757e-02,-1.637669600306999179e-02,-1.576587365082758249e-02,-1.741638477265735827e-02
-1.765052497371395052e-02,-1.740638186164955234e-02,-2.087330942761904395e-02,-1.442112826342325203e-02,-1.222479143111194350e-02,-1.219753259045654181e-02,-1.711409997426380225e-02,-1.653077513870409437e-02,-1.583365169101257422e-02,-1.739112925739707063e-02
-1.775447342377035539e-02,-1.738112634638926471e-02,-2.076011911104103103e-02,-1.442413028064882217e-02,-1.211369759428411810e-02,-1.224457889083235655e-02,-1.709928184377098453e-02,-1.655725911422048849e-02,-1.591309844027693696e-02,-1.754520839303117322e-02
-1.771041293411641446e-02,-1.736802941554609070e-02,-2.065422312609655614e-02,-1.451951499967101336e-02,-1.200780160933964322e-02,-1.213868290588788167e-02,-1.699635292729537520e-02,-1.642087467148182697e-02,-1.591610045750250710e-02,-1.777232685415163632e-02
-1.754094667249632075e-02,-1.749998980506924096e-02,-2.065085668187452775e-02,-1.461489971869320281e-02,-1.208851996086810800e-02,-1.195616016332746306e-02,-1.709278529952829376e-02,-1.628273080893799518e-02,-1.577100881512057823e-02,-1.796078970309182565e-02
-1.773930890824087017e-02,-1.768845265400943029e-02,-2.068256983198581145e-02,-1.471789673413987677e-02,-1.194342831848617913e-02,-1.211023929896156738e-02,-1.698688931458381887e-02,-1.642519211452159872e-02,-1.587495726517698311e-02,-1.788941523239534134e-02
-1.786043961036627020e-02,-1.767200416811712249e-02,-2.042081862928919397e-02,-1.487197586977398109e-02,-1.187438687851751981e-02,-1.200434331401709249e-02,-1.697207118409100116e-02,-1.638113162486765778e-02,-1.583391194530947219e-02,-1.794907108727653369e-02
-1.792009546524746255e-02,-1.760296272814846491e-02,-2.030762831271118105e-02,-1.502605500540808540e-02,-1.180775969098316232e-02,-1.215842244965119681e-02,-1.701088552698892115e-02,-1.636803469402448377e-02,-1.587503130901149820e-02,-1.788270176464133721e-02
-1.797331532563087655e-02,-1.774566944459542855e-02,-2.046170744834528363e-02,-1.500613892522853834e-02,-1.173372721590782049e-02,-1.198109280950959178e-02,-1.694204180928831488e-02,-1.622989083148065198e-02,-1.594704966619681433e-02,-1.786960483379816320e-02
-1.825122785255323121e-02,-1.763247912801741563e-02,-2.056470446379195932e-02,-1.517175672140772327e-02,-1.159558335336398870e-02,-1.201823680813978584e-02,-1.687319809158770861e-02,-1.628311069186406598e-02,-1.610112880183091691e-02,-1.786229944579064560e-02
-1.833067460181759395e-02,-1.773734421381242127e-02,-2.054630138542528489e-02,-1.522652784319023303e-02,-1.159435924990089364e-02,-1.214002625380871010e-02,-1.689968206710410273e-02,-1.621173622116758167e-02,-1.613655329186837115e-02,-1.774910912921263267e-02
-1.821958076498976856e-02,-1.766830277384376369e-02,-2.044040540048081001e-02,-1.524797323932815252e-02,-1.163547861360291966e-02,-1.239653811706362130e-02,-1.676329762436544121e-02,-1.611170713368787616e-02,-1.603065730692389626e-02,-1.757575872039100762e-02
-1.833172930891431920e-02,-1.773467425768679093e-02,-2.059448453611491259e-02,-1.524460679510612413e-02,-1.163425451013982460e-02,-1.232516364636713699e-02,-1.681651748474885522e-02,-1.615282649738990217e-02,-1.600212503934641747e-02,-1.762897858077442162e-02
-1.822880039243870987e-02,-1.782306671563190642e-02,-2.078294738505510192e-02,-1.531097827894915137e-02,-1.164351011892609047e-02,-1.243811309682506076e-02,-1.680364247092583016e-02,-1.619394586109192818e-02,-1.599285798640947415e-02,-1.751788474394659623e-02
-1.820551794372503307e-02,-1.765360045401181271e-02,-2.081118735730834446e-02,-1.533242367508707085e-02,-1.168462948262811649e-02,-1.239919225210180630e-02,-1.679437541798888683e-02,-1.608804987614745330e-02,-1.608125044435458964e-02,-1.757754059882778858e-02
-1.826028906550754283e-02,-1.777602281731462119e-02,-2.082044296609460859e-02,-1.553078591083162027e-02,-1.169652912026066839e-02,-1.221778473384918344e-02,-1.687382216725324957e-02,-1.591072023600585000e-02,-1.618424745980126533e-02,-1.756444366798461457e-02
-1.826954467429380696e-02,-1.791848412289822473e-02,-2.074906849539812428e-02,-1.557944543214036942e-02,-1.162768540256006213e-02,-1.217673941398167252e-02,-1.686455511431630278e-02,-1.606479937163995259e-02,-1.633832659543536792e-02,-1.738303614973199171e-02
-1.813140081174997517e-02,-1.793038376053077490e-02,-2.082851524466248702e-02,-1.555091316456289063e-02,-1.171607786050517762e-02,-1.217337296975964413e-02,-1.682563426959304831e-02,-1.616874782169635746e-02,-1.644132361088204361e-02,-1.757149899867218104e-02
-1.795805040292835011e-02,-1.783035467305106939e-02,-2.082120985665496943e-02,-1.565577825035789628e-02,-1.187015699613928194e-02,-1.210700364712444764e-02,-1.691286121372679446e-02,-1.615762712185203620e-02,-1.647674810091949785e-02,-1.750012452797569673e-02
-1.785215441798387523e-02,-1.775898020235458508e-02,-2.088758134049799667e-02,-1.568226222587429039e-02,-1.160857749169901150e-02,-1.193753738550435393e-02,-1.689976428288362045e-02,-1.614475210802901115e-02,-1.636565426409167245e-02,-1.766574232415488166e-02
-1.785952844235825718e-02,-1.787112874627913572e-02,-2.095535938068298840e-02,-1.578712731166929603e-02,-1.168929584322747628e-02,-1.212528347079172390e-02,-1.697447208819424097e-02,-1.617299208028225369e-02,-1.645288120822541861e-02,-1.769917084967039672e-02
-1.794024679388672369e-02,-1.786776230205710733e-02,-2.088873219314862917e-02,-1.582427131029949183e-02,-1.176131420041279241e-02,-1.217850333117513964e-02,-1.694921657293395334e-02,-1.606189824345442829e-02,-1.643806307773260089e-02,-1.775239071005381072e-02
-1.810586459006590862e-02,-1.779114934283714325e-02,-2.087563526230545516e-02,-1.581117437945631782e-02,-1.168993972971630810e-02,-1.213444284152119870e-02,-1.680763986650987349e-02,-1.609361139356571199e-02,-1.633513416125699155e-02,-1.765236162257410521e-02
-1.799996860512143373e-02,-1.783819564321295972e-02,-2.086276024848243010e-02,-1.563384473931471452e-02,-1.164889440984879718e-02,-1.218148914189701344e-02,-1.697325766268905842e-02,-1.610551103119826216e-02,-1.611954038836119901e-02,-1.757574866335414113e-02
-1.803168175523271743e-02,-1.762260187031716718e-02,-2.087651497519637731e-02,-1.553091582283910518e-02,-1.171667245003378890e-02,-1.221320229200829714e-02,-1.713887545886824335e-02,-1.614829951087691506e-02,-1.612444767128293557e-02,-1.753470334348663021e-02
-1.793165266775301192e-02,-1.761923542609513879e-02,-2.084798270761889852e-02,-1.564306436676365583e-02,-1.195317942565401331e-02,-1.204247646291292488e-02,-1.735763473115344707e-02,-1.628025990040006532e-02,-1.605560395358232931e-02,-1.760248138367162193e-02
-1.779686241596769442e-02,-1.772318387615154367e-02,-2.084868497156523726e-02,-1.583152721570384516e-02,-1.188180495495752900e-02,-1.193954754643731554e-02,-1.741085459153686107e-02,-1.639240844432461597e-02,-1.603720087521565488e-02,-1.770547839911829763e-02
-1.798532526490788375e-02,-1.787726301178564625e-02,-2.088749931446315725e-02,-1.608803907895875809e-02,-1.193502481534094474e-02,-1.207104402948350891e-02,-1.743733856705325519e-02,-1.648080090226973146e-02,-1.589905701267182309e-02,-1.771038568204003419e-02
-1.804498111978907610e-02,-1.794363449562867349e-02,-2.088019392645563965e-02,-1.610179380567270530e-02,-1.201574316686940952e-02,-1.219346639278631912e-02,-1.760295636323244012e-02,-1.664641869844891639e-02,-1.605313614830592567e-02,-1.775150504574206020e-02
-1.808040560982653033e-02,-1.790258917576116257e-02,-2.089209356408818982e-02,-1.613350695578398900e-02,-1.208912865968810556e-02,-1.224212591409506827e-02,-1.762944033874883423e-02,-1.674180341747110584e-02,-1.591328594346090933e-02,-1.768013057504557589e-02
-1.824602340600571526e-02,-1.791184478454742671e-02,-2.082071909339170551e-02,-1.623650397123066469e-02,-1.217635560382184998e-02,-1.221884346538138974e-02,-1.748786363232475438e-02,-1.671852096875742905e-02,-1.606736507909501191e-02,-1.771184372515685959e-02
-1.829924326638912926e-02,-1.803297548667282674e-02,-2.097479822902580809e-02,-1.632373091536441084e-02,-1.233043473945595429e-02,-1.222184548260695988e-02,-1.764194276795885696e-02,-1.662132674037530497e-02,-1.613938343628032804e-02,-1.780827609738977815e-02
-1.823039954868852300e-02,-1.789312528182781040e-02,-2.112887736465991068e-02,-1.641911563438660029e-02,-1.222453875451147941e-02,-1.224832945812335226e-02,-1.766842674347525108e-02,-1.674374910367811692e-02,-1.615313816299427524e-02,-1.786941456062070277e-02
-1.821730261784534899e-02,-1.811188455411301412e-02,-2.104975809245787297e-02,-1.639386011912631266e-02,-1.227319827582022856e-02,-1.214830037064364501e-02,-1.779084910677806303e-02,-1.653210294296392907e-02,-1.620635802337768924e-02,-1.795664150475444892e-02
-1.807745241300033265e-02,-1.809706642362019641e-02,-2.106351281917182017e-02,-1.646163815931130439e-02,-1.216730229087575367e-02,-1.216205509735759221e-02,-1.777972840693374176e-02,-1.654869007636187647e-02,-1.620706028732402798e-02,-1.782025706201578741e-02
-1.797155642805585776e-02,-1.812877957373148011e-02,-2.096631859078969609e-02,-1.632525371657264288e-02,-1.229879877392194704e-02,-1.220910139773340695e-02,-1.771088468923313550e-02,-1.653581506253885142e-02,-1.613568581662754367e-02,-1.794138776414118744e-02
-1.793051110818834684e-02,-1.823272802378788499e-02,-2.075072481789390355e-02,-1.649087151275182780e-02,-1.232703874617518958e-02,-1.226387251951591671e-02,-1.786496382486723808e-02,-1.652099693204603370e-02,-1.620205730047057091e-02,-1.801340612132650357e-02
-1.788946578832083592e-02,-1.824198363257414912e-02,-2.060914811146982370e-02,-1.674546980674009380e-02,-1.236982722585384248e-02,-1.227577215714846862e-02,-1.772511362002222174e-02,-1.661742930427895226e-02,-1.613068282977408660e-02,-1.815611283777346721e-02
-1.778356980337636103e-02,-1.817313991487354286e-02,-2.060792400800672691e-02,-1.679868966712350781e-02,-1.226393124090936759e-02,-1.228952688386241582e-02,-1.772174717580019335e-02,-1.678304710045813719e-02,-1.611758589893091259e-02,-1.810912264459762361e-02
-1.761021939455473598e-02,-1.823951139871657010e-02,-2.083504246912719002e-02,-1.698643575241087778e-02,-1.216390215342966034e-02,-1.230793953850694254e-02,-1.773550190251414055e-02,-1.682416646416016320e-02,-1.617724175381210494e-02,-1.804027892689701734e-02
-1.751019030707503046e-02,-1.842797424765675943e-02,-2.102278855441455999e-02,-1.702186024244833201e-02,-1.216267804996656529e-02,-1.240332425752913373e-02,-1.777431624541206054e-02,-1.680228584797079788e-02,-1.617601765034900815e-02,-1.804953453568328148e-02
-1.737034010223001412e-02,-1.843987388528930960e-02,-2.100438547604788556e-02,-1.708823172629135925e-02,-1.206825587892350858e-02,-1.243156422978237627e-02,-1.776504919247511721e-02,-1.684933214834661436e-02,-1.610964832771381167e-02,-1.794363855073880659e-02
-1.749147080435541415e-02,-1.830002368044429326e-02,-2.115846461168198814e-02,-1.710967712242927874e-02,-1.206294433213780937e-02,-1.253456124522905023e-02,-1.783282723266010894e-02,-1.680828682847910344e-02,-1.627526612389299659e-02,-1.794434081468514533e-02
-1.749884482872979610e-02,-1.837947042970865599e-02,-2.117991000781990762e-02,-1.723209948573208722e-02,-1.199156986144132506e-02,-1.253333714176595517e-02,-1.761665056803669860e-02,-1.673425435340376161e-02,-1.616417228706517120e-02,-1.793703542667762774e-02
-1.759422954775198555e-02,-1.831520565215655899e-02,-2.143642187107482056e-02,-1.749541752688051760e-02,-1.215718765762050999e-02,-1.242224330493812978e-02,-1.781501280378124802e-02,-1.664254351027436366e-02,-1.601908064468324233e-02,-1.809111456231173032e-02
-1.761567494388990504e-02,-1.820930966721208411e-02,-2.145786726721274004e-02,-1.747550144670096881e-02,-1.219261214765796596e-02,-1.242101920147503473e-02,-1.767862836104258650e-02,-1.661401124269688487e-02,-1.605450513472069657e-02,-1.811759853782812443e-02
-1.764391491614314758e-02,-1.822306439392603131e-02,-2.131277562483081117e-02,-1.760699792974716044e-02,-1.196619192654990900e-02,-1.234698672639969290e-02,-1.767740425757948972e-02,-1.650811525775240998e-02,-1.604523808178374977e-02,-1.814583851008136697e-02
-1.746250739789052472e-02,-1.844182366621123503e-02,-2.130940918060878278e-02,-1.769422487388090659e-02,-1.182980748381124748e-02,-1.241476476658468463e-02,-1.769581691222401471e-02,-1.647958299017493120e-02,-1.630174994503866270e-02,-1.816907650182201031e-02
-1.758429684355945072e-02,-1.840077834634372411e-02,-2.116615865887497977e-02,-1.785984267006009152e-02,-1.206631445943147363e-02,-1.248678312377000076e-02,-1.758773883390909662e-02,-1.653280285055834520e-02,-1.632319534117658219e-02,-1.832315563745611289e-02
-1.769644538748400137e-02,-1.855485748197782669e-02,-2.098363591631455943e-02,-1.785861856659699473e-02,-1.196041847448699874e-02,-1.267524597271019009e-02,-1.751636436321261231e-02,-1.668688198619244778e-02,-1.635490849128786589e-02,-1.835486878756739659e-02
-1.759925115910187729e-02,-1.857630287811574618e-02,-2.104329177119575178e-02,-1.779224924396179824e-02,-1.203380396730569478e-02,-1.252851506681723973e-02,-1.738157411142729480e-02,-1.664583666632493686e-02,-1.638139246680426001e-02,-1.813927501467160405e-02
-1.762069655523979678e-02,-1.858121016103748274e-02,-2.093739578625127690e-02,-1.787296759549026476e-02,-1.203257986384259973e-02,-1.266047545634038998e-02,-1.738457612865286495e-02,-1.683429951526512619e-02,-1.638209473075059874e-02,-1.803634609819599471e-02
-1.772369357068647247e-02,-1.871270664408367437e-02,-2.091747970607172810e-02,-1.802704673112436734e-02,-1.206429301395388343e-02,-1.282609325251957491e-02,-1.736269551246349963e-02,-1.683730153249069633e-02,-1.643686585253310850e-02,-1.810973159101468902e-02
-1.750287165533180589e-02,-1.880913901631659294e-02,-2.080638586924390271e-02,-1.822540896686891676e-02,-1.205141800013085837e-02,-1.289387129270456664e-02,-1.736147140900040284e-02,-1.670091708975203482e-02,-1.636283337745776667e-02,-1.837304963216311940e-02
-1.756252751021299824e-02,-1.899760186525678227e-02,-2.090177058826609216e-02,-1.812248005039330742e-02,-1.201037268026334745e-02,-1.308233414164475597e-02,-1.735035070915608157e-02,-1.685499622538613740e-02,-1.651691251309186925e-02,-1.826715364721864451e-02
-1.756130340674990145e-02,-1.901904726139470175e-02,-2.092018324291061715e-02,-1.797922952865950441e-02,-1.207002853514453980e-02,-1.312512262132340887e-02,-1.734108365621913478e-02,-1.678615250768553113e-02,-1.667099164872597183e-02,-1.832680950209983686e-02
-1.762908144693489318e-02,-1.883763974314207890e-02,-2.099356873572931145e-02,-1.811072601170569604e-02,-1.214947528440890254e-02,-1.319290066150840060e-02,-1.727204221625047720e-02,-1.664630230284051479e-02,-1.674301000591128796e-02,-1.833870913973238703e-02
-1.762177605892737559e-02,-1.883232819635637795e-02,-2.114764787136341403e-02,-1.818274436889101217e-02,-1.225342373446530742e-02,-1.324612052189181634e-02,-1.733318067948140181e-02,-1.646897266269891150e-02,-1.684695845596769284e-02,-1.832561220888921302e-02
-1.777585519456147817e-02,-1.897478950193998148e-02,-2.107860643139475645e-02,-1.816086375270164685e-02,-1.224811218767960820e-02,-1.323324550806879128e-02,-1.733808796240313838e-02,-1.636307667775443661e-02,-1.691332993981072008e-02,-1.825423773819272871e-02
-1.759444767630885531e-02,-1.888036733089692304e-02,-2.117399115041694591e-02,-1.820198311640367286e-02,-1.240219132331371252e-02,-1.338732464370289560e-02,-1.735467509580108578e-02,-1.634825854726161889e-02,-1.686926945015677914e-02,-1.824693235018521112e-02
-1.745630381376502352e-02,-1.889226696852947321e-02,-2.106809516547247102e-02,-1.824902941677948934e-02,-1.243761581335116849e-02,-1.339658025248916147e-02,-1.755214498359239719e-02,-1.636484568065956630e-02,-1.679789497946029483e-02,-1.835988180064313316e-02
-1.757872617706783547e-02,-1.908072981746966254e-02,-2.114280297078309154e-02,-1.826561655017743674e-02,-1.233171982840669360e-02,-1.339958226971473161e-02,-1.745495075521027312e-02,-1.632380036079205538e-02,-1.678144649356798704e-02,-1.828837253462230888e-02
-1.753173598389199186e-02,-1.916795676160340869e-02,-2.106877049570774971e-02,-1.843123434635662167e-02,-1.235995980065993614e-02,-1.333321294707953512e-02,-1.753566910673873963e-02,-1.647787949642615796e-02,-1.679520122028193424e-02,-1.834802838950350123e-02
-1.743170689641228635e-02,-1.928908746372880872e-02,-2.119119285901056166e-02,-1.858531348199072425e-02,-1.238644377617632852e-02,-1.346470943012572849e-02,-1.775442837902394336e-02,-1.663195863206026054e-02,-1.669800699189981016e-02,-1.841439987334652847e-02
-1.742834045219025796e-02,-1.928377591694310778e-02,-2.123823915938637813e-02,-1.865733183917604038e-02,-1.254052291181043284e-02,-1.344282881393636143e-02,-1.760933673664201449e-02,-1.660342636448278175e-02,-1.684046829748341370e-02,-1.842629951097907864e-02
-1.736171326465589873e-02,-1.943785505257721036e-02,-2.113234317444190324e-02,-1.869614618207396037e-02,-1.246914844111394853e-02,-1.337620162640200394e-02,-1.761003900058835323e-02,-1.646357615963776541e-02,-1.684537558040515026e-02,-1.853116459677408429e-02
-1.725878434818028939e-02,-1.959193418821131294e-02,-2.117513165412055615e-02,-1.862211370699861854e-02,-1.239777397041746422e-02,-1.342324792677781868e-02,-1.753866452989186892e-02,-1.636064724316215607e-02,-1.666804594026354697e-02,-1.856830859540428008e-02
-1.718974290821163181e-02,-1.962536271372682800e-02,-2.136359450306074548e-02,-1.859358143942113975e-02,-1.246555201060245595e-02,-1.346206226967573694e-02,-1.765081307381641956e-02,-1.639407576867767113e-02,-1.674876429179201348e-02,-1.863468007924730732e-02
-1.712089919051102554e-02,-1.955398824303034369e-02,-2.134367842288119668e-02,-1.859848872234287631e-02,-1.253192349444548319e-02,-1.350910857005155168e-02,-1.780489220945052214e-02,-1.641552116481559062e-02,-1.656735677353939062e-02,-1.878875921488140990e-02
-1.698104898566600920e-02,-1.964121518716408984e-02,-2.127230395218471237e-02,-1.852964500464227005e-02,-1.250864104573180466e-02,-1.366318770568565599e-02,-1.789211915358426830e-02,-1.656960030044969320e-02,-1.672143590917349321e-02,-1.877035613651473547e-02
-1.713512812130011179e-02,-1.979529432279819243e-02,-2.147066618792926179e-02,-1.851654807379909604e-02,-1.243959960576314534e-02,-1.363793219042537010e-02,-1.793916545396008477e-02,-1.656837619698659642e-02,-1.678780739301652045e-02,-1.881147550021676149e-02
-1.725755048460292373e-02,-1.987601267432665894e-02,-2.169922862622747015e-02,-1.862049652385550091e-02,-1.256073030788854364e-02,-1.365634484506989682e-02,-1.801118381114540090e-02,-1.654649558079723110e-02,-1.681952054312780415e-02,-1.880616395343106054e-02
-1.729866984830494975e-02,-1.990249664984305306e-02,-2.167397311096718251e-02,-1.862349854108107106e-02,-1.245483432294406875e-02,-1.370956470545331256e-02,-1.806440367152881490e-02,-1.643330526421921817e-02,-1.664219090298620085e-02,-1.870026796848658565e-02
-1.737068820549026588e-02,-1.990549866706862320e-02,-2.182805224660128510e-02,-1.858245322121356014e-02,-1.260891345857817307e-02,-1.380494942447550374e-02,-1.792801922879015339e-02,-1.636193079352273386e-02,-1.662378782461952642e-02,-1.865922264861907473e-02
-1.732662771583632494e-02,-2.001844811752654524e-02,-2.194100169705920714e-02,-1.860569121295420347e-02,-1.254006974087756680e-02,-1.381684906210805565e-02,-1.790961615042347896e-02,-1.645731551254492331e-02,-1.655241335392304211e-02,-1.873866939788343747e-02
-1.733400174021070689e-02,-2.002145013475211538e-02,-2.207249818010539877e-02,-1.871055629874920911e-02,-1.269414887651167112e-02,-1.395955577855501929e-02,-1.798163450760879509e-02,-1.631746530769990697e-02,-1.649046080104327530e-02,-1.880504088172646471e-02
-1.737512110391273290e-02,-2.012539858480852026e-02,-2.212571804048881277e-02,-1.873704027426560323e-02,-1.272586202662295482e-02,-1.381446413617309042e-02,-1.803485436799220909e-02,-1.643988767100271892e-02,-1.660341025150119734e-02,-1.894750218731006824e-02
-1.752920023954683548e-02,-2.010895009891621246e-02,-2.201982205554433789e-02,-1.877815963796762924e-02,-1.271474132677863356e-02,-1.386151043654890516e-02,-1.789500416314719275e-02,-1.669639953425763185e-02,-1.679187310044138667e-02,-1.908996349289367178e-02
-1.753220225677240562e-02,-2.015599639929202894e-02,-2.212281907099101358e-02,-1.856256586507183670e-02,-1.276951244856114331e-02,-1.392116629143009751e-02,-1.779780993476506867e-02,-1.682835992378078210e-02,-1.679487511766695682e-02,-1.917719043702741794e-02
-1.767466356235600916e-02,-2.014117826879921122e-02,-2.202562484260888950e-02,-1.876003575286314812e-02,-1.269813797786465900e-02,-1.391779984720806912e-02,-1.785746578964626102e-02,-1.694050846770533275e-02,-1.678177818682378281e-02,-1.939594970931262166e-02
-1.765474748217646037e-02,-2.014608555172094778e-02,-2.212862185805556520e-02,-1.876740977723753007e-02,-1.259224199292018412e-02,-1.384642537651158481e-02,-1.798896227269245265e-02,-1.691525295244504512e-02,-1.670265891462174510e-02,-1.950889915977054370e-02
-1.770179378255227684e-02,-2.021245703556397502e-02,-2.238322015204383120e-02,-1.877478380161191202e-02,-1.258693044613448490e-02,-1.395129046230659045e-02,-1.802067542280373635e-02,-1.684640923474443885e-02,-1.656280870977672875e-02,-1.963002986189594373e-02
-1.773003375480551938e-02,-2.014094776954315075e-02,-2.219358239042152833e-02,-1.885423055087627475e-02,-1.247374012955647371e-02,-1.393484197641428265e-02,-1.791774650632812702e-02,-1.691418727492943058e-02,-1.664225545904109149e-02,-1.971074821342441025e-02
-1.765600127973017755e-02,-2.028365448599011439e-02,-2.219848967334326489e-02,-1.893367730014063749e-02,-1.254575848674178984e-02,-1.379499177156926805e-02,-1.790464957548495301e-02,-1.692608691256198075e-02,-1.665415509667364166e-02,-1.960485222847993536e-02
-1.788456371802838590e-02,-2.035567284317543052e-02,-2.221224440005721210e-02,-1.879382709529562115e-02,-1.263298543087553426e-02,-1.388221871570301247e-02,-1.791202359985933495e-02,-1.691681985962503743e-02,-1.647682545653203837e-02,-1.967122371232296260e-02
-1.778736948964626183e-02,-2.014007907027963798e-02,-2.229296275158567861e-02,-1.885496555852654577e-02,-1.278706456650963857e-02,-1.397061117364812796e-02,-1.761281419861236361e-02,-1.695396385825523322e-02,-1.626123168363624583e-02,-1.968781084572091000e-02
-1.774632416977875091e-02,-2.018873859158838713e-02,-2.221893027651033678e-02,-1.894219250266029192e-02,-1.257088790188622650e-02,-1.418937044593333342e-02,-1.754143972791587930e-02,-1.710804299388933580e-02,-1.641531081927034841e-02,-1.958191486077643512e-02
-1.780746263300967552e-02,-2.027713104953350262e-02,-2.214755580581385247e-02,-1.914055473840484134e-02,-1.256557635510052728e-02,-1.434344958156743774e-02,-1.755802686131382670e-02,-1.724000338341248606e-02,-1.630941483432587352e-02,-1.959117046956269925e-02
-1.780215108622397457e-02,-2.038012806498017832e-02,-2.215945544344640264e-02,-1.917769873703503714e-02,-1.241884544920757692e-02,-1.449752871720154206e-02,-1.748918314361322043e-02,-1.725659051681043346e-02,-1.626836951445836260e-02,-1.947798015298468632e-02
-1.788286943775244109e-02,-2.038938367376644245e-02,-2.220057480714842865e-02,-1.924971709422035326e-02,-1.215246663400767514e-02,-1.442615424650505775e-02,-1.753622944398903691e-02,-1.727317765020838086e-02,-1.642244865009246518e-02,-1.963205928861878891e-02
-1.798586645319911678e-02,-2.054346280940054503e-02,-2.208948097032060326e-02,-1.925897270300661740e-02,-1.208109216331119083e-02,-1.431296392992704655e-02,-1.763922645943571260e-02,-1.732639751059179486e-02,-1.635107417939598087e-02,-1.966029926087203145e-02
-1.780737078727832184e-02,-2.046684985018058095e-02,-2.201544849524526143e-02,-1.923905662282706860e-02,-1.200958289729036829e-02,-1.427191861005953563e-02,-1.776035716156111263e-02,-1.748047664622589745e-02,-1.627956491337515660e-02,-1.982591705705121637e-02
-1.802613005956352557e-02,-2.042792900545732648e-02,-2.209489524450962417e-02,-1.922595969198389459e-02,-1.203282088903101336e-02,-1.420054413936305132e-02,-1.780740346193692911e-02,-1.755518445153651796e-02,-1.642227162982212024e-02,-2.001437990599140571e-02
-1.801131192907070785e-02,-2.024652148720470363e-02,-2.213031973454707840e-02,-1.927300599235971107e-02,-1.222128373797120270e-02,-1.436616193554223625e-02,-1.794986476752053264e-02,-1.744928846659204308e-02,-1.657635076545622282e-02,-2.016845904162550829e-02
-1.811617701486571350e-02,-2.036765218933010366e-02,-2.212909563108398162e-02,-1.940496638188286133e-02,-1.217934994536182432e-02,-1.459472437384044634e-02,-1.810394390315463523e-02,-1.748810280948996307e-02,-1.668930021591414486e-02,-2.007403687058244984e-02
-1.812807665249826367e-02,-2.049007455263291561e-02,-2.221748808902909711e-02,-1.945201268225867780e-02,-1.230177230866463453e-02,-1.448363053701261921e-02,-1.815716376353804923e-02,-1.738220682454548818e-02,-1.684337935154824745e-02,-2.000740968304809062e-02
-1.817512295287408014e-02,-2.047525642214009789e-02,-2.220822103609215031e-02,-1.949480116193733070e-02,-1.243373269818778479e-02,-1.450507593315053870e-02,-1.813388131482437243e-02,-1.760096609683069191e-02,-1.699745848718235003e-02,-1.999814263011114729e-02
-1.831758425845768368e-02,-2.039864346292013381e-02,-2.216717571622463939e-02,-1.953022565197478494e-02,-1.255486340031318308e-02,-1.440788170476841462e-02,-1.832162740011174240e-02,-1.763811009546088771e-02,-1.718592133612253936e-02,-2.016376042629033222e-02
-1.824607499243685940e-02,-2.032979974521952754e-02,-2.215235758573182168e-02,-1.939543540018946743e-02,-1.258134737582957546e-02,-1.441713731355468049e-02,-1.835505592562725746e-02,-1.779218923109499029e-02,-1.723914119650595336e-02,-2.005786444134585733e-02
-1.822279254372318261e-02,-2.025576727014418571e-02,-2.225535460117849737e-02,-1.935439008032195651e-02,-1.273542651146367978e-02,-1.434052435433471814e-02,-1.828368145493077315e-02,-1.781542722283563362e-02,-1.723791709304285658e-02,-2.018982483086900759e-02
-1.808294233887816627e-02,-2.018692355244357944e-02,-2.211550439633348103e-02,-1.928301560962547220e-02,-1.266905718882848329e-02,-1.435242399196727005e-02,-1.827637606692325556e-02,-1.791842423828230932e-02,-1.724529111741723852e-02,-2.029282184631568328e-02
-1.815765014418878678e-02,-2.011554908174709513e-02,-2.216416391764223018e-02,-1.933167513093422135e-02,-1.277205420427515725e-02,-1.443187074123163278e-02,-1.846483891586344489e-02,-1.802142125372898501e-02,-1.727700426752852222e-02,-2.027441876794900885e-02
-1.816690575297505092e-02,-2.010073095125427742e-02,-2.221282343895097933e-02,-1.947438184738118500e-02,-1.270568488163996076e-02,-1.436524355369727529e-02,-1.839346444516696058e-02,-1.794738877865364318e-02,-1.720816054982791596e-02,-2.016852278300453397e-02
-1.816568164951195413e-02,-1.999483496630980253e-02,-2.230005038308472548e-02,-1.943333652751367407e-02,-1.276682334487088538e-02,-1.440066804373473126e-02,-1.825708000242829906e-02,-1.784149279370916830e-02,-1.713931683212730969e-02,-2.005742894617670857e-02
-1.818409430415647912e-02,-1.998952341952410158e-02,-2.222601790800938365e-02,-1.949970801135670131e-02,-1.262697314002587078e-02,-1.429773912725912192e-02,-1.826897964006084923e-02,-1.783230207227100989e-02,-1.721133518931262582e-02,-1.987602142792408572e-02
-1.817121929033345407e-02,-2.014360255515820416e-02,-2.224746330414730314e-02,-1.938861417452887592e-02,-1.266040166554138584e-02,-1.449520901505043161e-02,-1.808757212180822638e-02,-1.775826959719566805e-02,-1.726455504969603982e-02,-1.988792106555663589e-02
-1.798981177208083121e-02,-2.027509903820439580e-02,-2.217608883345081883e-02,-1.938130878652135833e-02,-1.284814775082875581e-02,-1.442636529734982534e-02,-1.827603497074841571e-02,-1.771934875247241359e-02,-1.729279502194928236e-02,-2.004200020119073847e-02
-1.801629574759722532e-02,-2.046356188714458513e-02,-2.210724511575021256e-02,-1.927541280157688344e-02,-1.288357224086621178e-02,-1.446178978738728131e-02,-1.838090005654342135e-02,-1.761345276752793870e-02,-1.752135746024749072e-02,-1.990561575845207695e-02
-1.809100355290784584e-02,-2.047731661385853233e-02,-2.215429141612602904e-02,-1.942949193721098602e-02,-1.296429059239467656e-02,-1.436459555900515724e-02,-1.835564454128313372e-02,-1.747360256268292236e-02,-1.744732498517214889e-02,-1.991751539608462712e-02
-1.822250003595403747e-02,-2.040594214316204802e-02,-2.234275426506621837e-02,-1.949586342105401326e-02,-1.300310493529259481e-02,-1.432355023913764631e-02,-1.840886440166654772e-02,-1.745878443219010465e-02,-1.746877038131006837e-02,-1.973391243685223770e-02
-1.822550205317960761e-02,-2.038068662790176039e-02,-2.216023152250579803e-02,-1.951730881719193275e-02,-1.297457266771511603e-02,-1.422352115165793907e-02,-1.830296841672207284e-02,-1.738740996149362034e-02,-1.739739591061358406e-02,-1.958718153095928560e-02
-1.815412758248312330e-02,-2.030931215720527608e-02,-2.218671549802219214e-02,-1.950804176425498943e-02,-1.297527493166145476e-02,-1.437760028729204338e-02,-1.844542972230567637e-02,-1.754148909712772292e-02,-1.725066500472063197e-02,-1.970897097662821160e-02
-1.808775825984792682e-02,-2.026444992113366969e-02,-2.226616224728655488e-02,-1.946699644438747850e-02,-1.284376178447848953e-02,-1.445098578011073942e-02,-1.846384237695020136e-02,-1.759470895751113692e-02,-1.733011175398499470e-02,-1.968905489644866280e-02
-1.810151298656187402e-02,-2.031766978151708369e-02,-2.236915926273323058e-02,-1.925977028002055433e-02,-1.281850626921820363e-02,-1.434508979516626453e-02,-1.839233311092937709e-02,-1.769009367653332637e-02,-1.733501903690673127e-02,-1.969642892082304475e-02
-1.825559212219597660e-02,-2.017781957667206735e-02,-2.246454398175542003e-02,-1.924667334917738032e-02,-1.287964473244912825e-02,-1.449916893080036885e-02,-1.858980299872068850e-02,-1.766156140895584759e-02,-1.743145140913964983e-02,-1.962505445012656044e-02
-1.808224171337435154e-02,-2.026504652080581351e-02,-2.245144705091224602e-02,-1.935062179923378520e-02,-1.290288272418977332e-02,-1.476248697194879923e-02,-1.848977391124098299e-02,-1.752171120411083124e-02,-1.740957079295028451e-02,-1.963242847450094239e-02
-1.806383863500767711e-02,-2.022400120093830259e-02,-2.245882107528662797e-02,-1.950470093486788778e-02,-1.288806459369695734e-02,-1.464929665537078804e-02,-1.841839944054449868e-02,-1.753096681289709538e-02,-1.751443587874529015e-02,-1.952653248955646750e-02
-1.794861366078313522e-02,-2.019546893336082380e-02,-2.238977963531797039e-02,-1.953641408497917148e-02,-1.311662703199516743e-02,-1.479200337181775168e-02,-1.831250345560002379e-02,-1.756811081152729118e-02,-1.744806655611009366e-02,-1.955301646507286162e-02
-1.798575765941333102e-02,-2.019847095058639394e-02,-2.228975054783826487e-02,-1.951115856971888385e-02,-1.328224482817435236e-02,-1.489500038726442564e-02,-1.846658259123412638e-02,-1.758001044915984135e-02,-1.727860029448999996e-02,-1.964840118409505107e-02
-1.780435014116070816e-02,-2.001706343233377108e-02,-2.221837607714178056e-02,-1.964311895924203411e-02,-1.330872880369074474e-02,-1.496701874444974177e-02,-1.859807907428031801e-02,-1.747708153268423201e-02,-1.725868421431045116e-02,-1.962652056790568575e-02
-1.780312603769761137e-02,-2.002006544955934123e-02,-2.231376079616397001e-02,-1.979719809487613669e-02,-1.345119010927435001e-02,-1.495220061395692579e-02,-1.855703375441280709e-02,-1.755046702550292631e-02,-1.735511658654336972e-02,-1.971374751203943190e-02
-1.799158888663780070e-02,-1.991416946461486634e-02,-2.243555024183289601e-02,-1.966568494769317318e-02,-1.361680790545353494e-02,-1.499331997765895180e-02,-1.844593991758498169e-02,-1.745043793802322080e-02,-1.728874726390817324e-02,-1.979319426130379464e-02
-1.798239816519964229e-02,-2.001716648006154203e-02,-2.260116803801208094e-02,-1.971890480807658719e-02,-1.369151571076415719e-02,-1.506670547047764784e-02,-1.845783955521753186e-02,-1.749748423839903727e-02,-1.742070765343132349e-02,-1.990534280522834529e-02
-1.806184491446400503e-02,-2.014866296310773366e-02,-2.257788558929840414e-02,-1.961597589160097785e-02,-1.384559484639826150e-02,-1.492685526563263324e-02,-1.855427192745045042e-02,-1.757820258992750379e-02,-1.731481166848684861e-02,-1.997312084541333702e-02
-1.819334139751019666e-02,-2.004863387562802815e-02,-2.251125840176404491e-02,-1.980443874054116718e-02,-1.367612858477816780e-02,-1.503900380955718388e-02,-1.853782344155814263e-02,-1.760144058166814712e-02,-1.730950012170114766e-02,-2.012719998104743960e-02
-1.816480912993271787e-02,-2.007511785114442227e-02,-2.262340694568859556e-02,-1.976250494793178880e-02,-1.372478810608691695e-02,-1.493310782461270900e-02,-1.866978383108129289e-02,-1.770538903172455200e-02,-1.714003386008105395e-02,-2.015043797278808294e-02
-1.813955361467243024e-02,-1.997218893466881293e-02,-2.251751096074412067e-02,-1.991658408356589138e-02,-1.362185918961130761e-02,-1.482721183966823411e-02,-1.862873851121378196e-02,-1.780838604717122770e-02,-1.733839609582560337e-02,-2.018386649830359800e-02
-1.818659991504824672e-02,-2.012626807030291551e-02,-2.237766075589910433e-02,-2.007066321919999397e-02,-1.371025164755642310e-02,-1.498129097530233843e-02,-1.870818526047814470e-02,-1.769729221034340230e-02,-1.748110281227256702e-02,-2.038133638609490941e-02
-1.829874845897279736e-02,-2.019965356312160981e-02,-2.253173989153320692e-02,-2.009210861533791345e-02,-1.378227000474173923e-02,-1.490991650460585412e-02,-1.883968174352433633e-02,-1.781024166080132434e-02,-1.740707033719722518e-02,-2.036293330772823498e-02
-1.825982761424954290e-02,-2.035373269875571239e-02,-2.251886487771018186e-02,-2.007729048484509574e-02,-1.381941400337193329e-02,-1.492181614223840602e-02,-1.886792171577757887e-02,-1.786346152118473835e-02,-1.743878348730850888e-02,-2.050539461331183852e-02
-1.841390674988364548e-02,-2.028235822805922808e-02,-2.247187468453433826e-02,-2.021975179042869927e-02,-1.370832016654410790e-02,-1.502481315768507998e-02,-1.893429319962060611e-02,-1.796832660697974399e-02,-1.743347194052280794e-02,-2.050839663053740866e-02
-1.855636805546724902e-02,-2.033557808844264209e-02,-2.239784220945899643e-02,-2.033270124088662131e-02,-1.376309128832661766e-02,-1.504140029108302738e-02,-1.903072557185352467e-02,-1.789429413190440216e-02,-1.747061593915300373e-02,-2.060482900277032722e-02
-1.865936507091392471e-02,-2.035216522184058949e-02,-2.240521623383337838e-02,-2.032933479666459292e-02,-1.381013758870243240e-02,-1.526851875220349049e-02,-1.901762864101035067e-02,-1.799915921769940780e-02,-1.739924146845651942e-02,-2.067953680808094774e-02
-1.873275056373261901e-02,-2.034297450040243108e-02,-2.246487208871457072e-02,-2.045046549878999295e-02,-1.379704065785925839e-02,-1.530566275083368455e-02,-1.903421577440829807e-02,-1.798803851785508653e-02,-1.755332060409062200e-02,-2.074590829192397498e-02
-1.888682969936672160e-02,-2.045592395086035312e-02,-2.231978044633264185e-02,-2.044316011078247536e-02,-1.378777360492231333e-02,-1.528238030212000602e-02,-1.904797050112224527e-02,-1.788214253291061165e-02,-1.770739973972472459e-02,-2.077933681743949004e-02
-1.877875162105180351e-02,-2.046329797523473507e-02,-2.224840597563615754e-02,-2.052260686004683810e-02,-1.371892988722170706e-02,-1.510097278386738316e-02,-1.920204963675634785e-02,-1.792326189661263766e-02,-1.769813268678777779e-02,-2.067344083249501516e-02
-1.885819837031616625e-02,-2.032850772344941756e-02,-2.226216070235010475e-02,-2.055975085867703389e-02,-1.387300902285581138e-02,-1.517299114105269929e-02,-1.912801716168100602e-02,-1.774185437836001480e-02,-1.771003232442032796e-02,-2.062938034284107422e-02
-1.895463074254908481e-02,-2.028746240358190664e-02,-2.219311926238144717e-02,-2.071382999431113647e-02,-1.395245577212017411e-02,-1.518957827445064669e-02,-1.928209629731510860e-02,-1.783723909738220426e-02,-1.760413633947585307e-02,-2.048264943694812212e-02
-1.895340663908598802e-02,-2.041895888662809827e-02,-2.234719839801554975e-02,-2.071453225825747521e-02,-1.392720025685988822e-02,-1.544609013770555789e-02,-1.937748101633729805e-02,-1.799131823301630684e-02,-1.753529262177524681e-02,-2.067111228588831146e-02
-1.901306249396718037e-02,-2.043271361334204547e-02,-2.220210675563362088e-02,-2.090299510719766454e-02,-1.408127939249399253e-02,-1.557758662075175125e-02,-1.949861171846269808e-02,-1.802303138312759054e-02,-1.742419878494742141e-02,-2.078326082981286210e-02
-1.916714162960128295e-02,-2.036608642580768624e-02,-2.217685124037333325e-02,-2.101514365112221519e-02,-1.398125030501428528e-02,-1.550621215005526694e-02,-1.951519885186064548e-02,-1.814416208525299057e-02,-1.762256102069197083e-02,-2.071441711211225584e-02
-1.932122076523538554e-02,-2.046908344125436194e-02,-2.208242906933027480e-02,-2.100402295127789393e-02,-1.384973715783132005e-02,-1.547767988247778816e-02,-1.955401319475856547e-02,-1.826595153092191656e-02,-1.775405750373816247e-02,-2.077407296699344819e-02
-1.941660548425757499e-02,-2.065754629019455127e-02,-2.215444742651559093e-02,-2.128994017276173573e-02,-1.401535495401050498e-02,-1.537178389753331327e-02,-1.962179123494355720e-02,-1.842003066655601914e-02,-1.786620604766271311e-02,-2.099283223927865191e-02
-1.937556016439006407e-02,-2.055751720271484576e-02,-2.220310694782434008e-02,-2.130183981039428590e-02,-1.406401447531925412e-02,-1.526588791258883838e-02,-1.962056713148046042e-02,-1.844827063880926168e-02,-1.805466889660290244e-02,-2.087964192270063898e-02
-1.941270416302025986e-02,-2.046032297433272168e-02,-2.243961392344456449e-02,-2.133355296050556960e-02,-1.411267399662800327e-02,-1.525279098174566438e-02,-1.943804438892004008e-02,-1.870286893279752768e-02,-1.816761834706082449e-02,-2.088701594707502093e-02
-1.937165884315274894e-02,-2.038881370831189740e-02,-2.257111040649075612e-02,-2.148763209613967218e-02,-1.413915797214439565e-02,-1.512127783456269914e-02,-1.933214840397556519e-02,-1.871662365951147489e-02,-1.823539638724581621e-02,-2.075550279989205743e-02
-1.943131469803394129e-02,-2.038544726408986901e-02,-2.254922979030139080e-02,-2.141359962106433035e-02,-1.425210742260231943e-02,-1.511201078162575408e-02,-1.956071084227377355e-02,-1.878864201669679102e-02,-1.831484313651017895e-02,-2.087792516319486591e-02
-1.941821776719076728e-02,-2.038422316062677223e-02,-2.262867653956575353e-02,-2.161196185680887977e-02,-1.429915372297813417e-02,-1.517838226546878132e-02,-1.956141310622011228e-02,-1.871979829899618475e-02,-1.824081066143483712e-02,-2.086310703270204819e-02
-1.934418529211542545e-02,-2.031759597309241300e-02,-2.278275567519985612e-02,-2.161933588118326172e-02,-1.431574085637608157e-02,-1.508667142233938337e-02,-1.971549224185421487e-02,-1.870139522062951032e-02,-1.822599253094201940e-02,-2.078907455762670636e-02
-1.923828930717095057e-02,-2.017250433071048413e-02,-2.252617471230052709e-02,-2.166638218155907819e-02,-1.434916938189159663e-02,-1.524075055797348768e-02,-1.964411777115773056e-02,-1.860136613314980480e-02,-1.829801088812733553e-02,-2.078785045416360958e-02
-1.943665154291549998e-02,-2.020421748082176783e-02,-2.253108199522226365e-02,-2.159500771086259388e-02,-1.424914029441188938e-02,-1.516937608727700337e-02,-1.963124275733470550e-02,-1.853252241544919854e-02,-1.844047219371093907e-02,-2.078253890737790863e-02
-1.932555770608767459e-02,-2.005748657492881573e-02,-2.272944423096681307e-02,-2.157312709467322856e-02,-1.437027099653728768e-02,-1.528232553773492715e-02,-1.968601387911721526e-02,-1.858729353723170830e-02,-1.859455132934504165e-02,-2.089548835783583067e-02
-1.925418323539119028e-02,-2.012950493211413186e-02,-2.276486872100426731e-02,-2.170462357771942019e-02,-1.452435013217139199e-02,-1.524128021786741623e-02,-1.973923373950062926e-02,-1.874137267286581088e-02,-1.837895755644924911e-02,-2.090474396662209480e-02
-1.915125431891558094e-02,-2.020895168137849460e-02,-2.293048651718345224e-02,-2.168274296153005487e-02,-1.459072161601441923e-02,-1.521602470260713033e-02,-1.972613680865745525e-02,-1.871611715760552325e-02,-1.833489706679530817e-02,-2.110310620236664422e-02
-1.919237368261760696e-02,-2.006222077548554250e-02,-2.292121946424650891e-02,-2.167355224009189646e-02,-1.451934714531793492e-02,-1.518749243502965154e-02,-1.971501610881313399e-02,-1.873756255374344273e-02,-1.840126855063833541e-02,-2.129156905130683355e-02
-1.908647769767313207e-02,-2.015760549450773195e-02,-2.289793701553283212e-02,-2.176194469803701195e-02,-1.467342628095203924e-02,-1.523615195633840069e-02,-1.957516590396811765e-02,-1.884055956919011843e-02,-1.840864257501271736e-02,-2.122272533360622729e-02
-1.905794543009565328e-02,-2.014833844157078863e-02,-2.289063162752531452e-02,-2.179736918807446619e-02,-1.466811473416634003e-02,-1.520761968876092191e-02,-1.960164987948451176e-02,-1.884546685211185499e-02,-1.847501405885574460e-02,-2.133487387753077794e-02
-1.891285378771372441e-02,-2.012645782538142331e-02,-2.288136457458837120e-02,-2.195144832370856877e-02,-1.474013309135165616e-02,-1.506776948391590730e-02,-1.957976926329514644e-02,-1.887370682436509753e-02,-1.861747536443934814e-02,-2.156343631582898629e-02
-1.884147931701724010e-02,-2.011000933948911551e-02,-2.303544371022247378e-02,-2.192956770751920345e-02,-1.495889236363686162e-02,-1.512742533879710138e-02,-1.954084841857189198e-02,-1.884845130910480990e-02,-1.875993667002295168e-02,-2.149206184513250198e-02
-1.894447633246391580e-02,-2.017638082333214275e-02,-2.304035099314421034e-02,-2.198278756790261745e-02,-1.503833911290122435e-02,-1.528150447443120570e-02,-1.972931126751208131e-02,-1.886035094673736007e-02,-1.875074594858479327e-02,-2.161448420843531393e-02
-1.884154741598830646e-02,-2.013533550346463183e-02,-2.292512601891966845e-02,-2.213686670353672004e-02,-1.515128856335914813e-02,-1.536095122369556844e-02,-1.983325971756848619e-02,-1.902596874291654500e-02,-1.883146430011325978e-02,-2.154544276846665635e-02
-1.887326056609959016e-02,-2.012223857262145782e-02,-2.294353867356419344e-02,-2.209582138366920911e-02,-1.510642632728754348e-02,-1.526092213621586119e-02,-1.973606548918636211e-02,-1.902474463945344821e-02,-1.882415891210574219e-02,-2.162488951773101908e-02
-1.899439126822499019e-02,-2.017545843300487182e-02,-2.303892339258638289e-02,-2.191441386541658626e-02,-1.511380035166192543e-02,-1.541500127184996551e-02,-1.959097384680443324e-02,-1.901186962563042315e-02,-1.882079246788371379e-02,-2.177896865336512167e-02
-1.895334594835747927e-02,-2.003560822815985548e-02,-2.311094174977169902e-02,-2.189253324922722094e-02,-1.504495663396131916e-02,-1.553613197397536380e-02,-1.952460452416923675e-02,-1.921023186137497257e-02,-1.894192317000911382e-02,-2.167307266842064678e-02
