-4.319024130806925488e-05,2.247177266553879171e-05,1.886641489133866756e-04,9.610121628003676086e-05,-2.325252931749399732e-05,1.382983804283088869e-04,1.452607871517408444e-05,-7.965109138363679619e-06,2.247177266553879171e-05,4.819660404106057561e-04
-8.739511705685432119e-06,1.909504143501744577e-04,3.790388248999798648e-04,3.411354515790998576e-04,-1.345547028687443802e-04,9.510813912023963201e-05,-1.226838645615457857e-05,-2.096255421946274788e-04,-3.234748984366764279e-05,8.104214161835654462e-04
-1.365851554824409897e-04,-3.637398783289114146e-05,1.199822554150548060e-04,3.297223657824921439e-04,-3.073112992093146589e-04,-2.217153981889652403e-04,2.457697668749175834e-04,-4.369499443776930780e-04,6.255162261212254826e-05,5.146793298588941967e-04
-1.141133828169021980e-04,-7.956422914096039634e-05,1.424540280805935977e-04,3.690958793286930328e-04,-5.063917612005558455e-04,-3.509025031292883900e-04,2.479075194426194617e-04,-5.486635295482433783e-04,2.512157715255092238e-04,4.342911613584021779e-04
9.357609513642450860e-05,2.928178990894980682e-05,4.729946955284169974e-05,-1.544030942583762833e-04,-2.483536078694836835e-04,-3.464484478611501439e-04,4.624708638635566249e-05,-2.061114192388052713e-04,-2.881561932283061012e-05,2.286289866045704278e-04
4.198953441318931112e-04,-2.606382121876638092e-04,-9.814038415892345490e-05,-5.658767245229623377e-04,-1.928544628221340318e-05,-3.402792167678664326e-04,2.326644320227999607e-04,-5.025253173071009272e-04,-1.239701778505825081e-04,4.358287349412598433e-04
2.797803807304821699e-04,-1.491944414287182941e-04,2.698633454511351060e-04,-5.511745557277430985e-04,1.693787026311732724e-04,-1.503200781140384690e-04,4.011430737074356268e-04,-4.599626159531994274e-04,-4.451621543607314768e-04,3.386858842970019712e-04
8.713183975023186534e-05,-1.599233355168844239e-04,3.018146415276340422e-04,-6.771802866290116407e-04,7.314795637734794465e-05,-1.356179093188192297e-04,2.283864773668653481e-04,-4.829900429505484816e-04,-3.975973638564028745e-04,7.962931481207691231e-05
-1.401925624328337339e-04,-3.610356716999829629e-04,2.178325067929420822e-05,-8.059254869976356650e-04,-1.861996495695905640e-05,-3.166846320073329890e-04,1.959015267666980309e-04,-1.404379326411103746e-04,-3.509281248828127753e-04,2.733551911353326869e-05
2.606034494330722318e-04,-5.707921249144404241e-04,1.178844669593309691e-04,-9.747589526653416270e-04,-2.118801557520338941e-04,-3.246497411456966686e-04,2.458320949165621050e-04,-2.375807832853682466e-04,-3.588932340211764549e-04,-4.961634544735360475e-04
5.092557293942950869e-04,-7.602181326916424009e-04,3.474377114248555776e-04,-1.375123190402768869e-03,-7.018496175031918582e-05,-6.203918274703679181e-04,4.357912335703900686e-04,-3.036806030833338887e-04,-8.091274562078559773e-04,-3.062043158197080839e-04
4.374583279577043404e-04,-8.622945468678283598e-04,5.765058730121258579e-04,-1.636643787000902073e-03,6.481765620042212461e-05,-7.316940010216183010e-04,4.370472229269090070e-04,-1.569947498913093487e-04,-6.014379782545292707e-04,-3.549988175649276823e-04
4.353906603851986912e-04,-6.907127729125495108e-04,7.664650116659538215e-04,-1.747945960552152456e-03,2.938858177876924049e-04,-9.077905444606765295e-04,8.797390348884021050e-04,-6.089353361127258779e-05,-4.631395978262203839e-04,-4.098180800741341168e-04
2.899508066734335365e-04,-5.645818539990327123e-04,1.764031455082082367e-04,-1.579467318867516790e-03,1.433902919454888014e-04,-1.089282537732272349e-03,9.885850539383123081e-04,3.974848498323052537e-04,-4.350451620354911508e-04,-4.330706093916281141e-04
1.136248060669142745e-04,-3.961032123143970463e-04,2.031825885747268190e-04,-1.431178809159175391e-03,7.358601994779390143e-05,-8.726090418153392703e-04,9.169574321589157861e-04,5.182211178420270681e-04,-3.376189734463630465e-04,-2.662024062272672076e-04
-1.737604258242597677e-04,-1.794297163974639675e-04,4.601994666157543934e-04,-1.489685612463709230e-03,2.125798891971092397e-04,-1.220121035860693981e-03,8.846928660249386844e-04,5.291947655371442849e-04,-5.900067519695739726e-05,-4.862085784865244342e-04
2.050872346574666993e-04,-4.612683107402260063e-04,4.826712392812931851e-04,-1.491753280036214879e-03,5.423763667976311265e-05,-1.251459415083464033e-03,8.091098810334568237e-04,4.860045242290750300e-04,4.359271756343569004e-04,-4.058309483462585465e-04
3.433856150857755862e-04,7.019108317612987591e-05,6.446782460202971077e-04,-1.841231302555243476e-03,-1.207674493555049855e-04,-1.510515984568389092e-03,9.222313895192735256e-04,5.007066930242942693e-04,2.342667425780931012e-04,-2.265214747035615428e-04
3.637480461982506297e-04,2.139658143091027753e-05,6.004091570318698112e-04,-1.818759529889704685e-03,-3.524805274876530170e-05,-1.388599653189298566e-03,1.041629821574477366e-03,5.473759319978843685e-04,1.225531574075428010e-04,-1.371494922605687172e-04
3.163079114953254445e-04,1.581809345775064823e-04,5.408010798207685266e-04,-1.952404349998465571e-03,-4.666113854537301542e-05,-1.415394118360627229e-03,9.299162364039270656e-04,6.434771482779211293e-04,4.697017241606094018e-05,-2.146874309827406790e-06
2.856652197454206954e-04,-1.791560886155174614e-05,7.321430564027342491e-04,-1.765458318344167998e-03,-1.182887603247695374e-04,-1.569670391580957336e-03,1.039034071783767610e-03,9.319659165837601567e-04,4.856679250409834392e-04,-1.011198344819108641e-05
9.153520455915109544e-05,-3.389530146377661701e-06,5.984982362939733624e-04,-1.897351123331614264e-03,-4.504005668906768678e-04,-1.571738059153462985e-03,9.369576576075816510e-04,9.015759405355538991e-04,3.004688784903619680e-04,-1.214141569994414693e-04
4.178544535546196981e-04,-8.614337623041867786e-05,5.022674900401480347e-04,-1.660904796679685269e-03,-4.523397445219540236e-04,-1.851769450001802819e-03,7.378771956163404644e-04,9.315522480312921072e-04,2.087009571560549670e-04,-4.833384656914574418e-05
-5.440628637980171600e-05,-6.367160356487988615e-05,8.448196003495861417e-04,-1.541506364624481429e-03,-6.946654460980306034e-04,-1.884034016135779921e-03,5.465096159403409759e-04,1.152566837302415603e-03,2.496386402729006138e-04,-2.599504631514704123e-04
-1.681762058877295241e-04,-3.600855016331755420e-04,9.667359317286766673e-04,-1.461739722801502772e-03,-7.176928730953796576e-04,-1.857254573069261339e-03,5.282991798581243570e-04,1.195129538656317103e-03,3.879370207012095007e-04,-2.933585110442837873e-06
-2.169707076329491224e-04,-5.591659636244167286e-04,7.939793353881063886e-04,-1.358344813966877451e-03,-8.449465659619431745e-04,-2.056335035060502525e-03,6.371451989080345601e-04,1.237692240010218603e-03,4.693943478015216719e-05,-5.172808685566243625e-05
-2.249358167713128021e-04,-5.918124803446361826e-04,9.289819533388476991e-04,-1.157363206447881154e-03,-1.061111932972910732e-03,-2.058402702633008174e-03,6.797079002619360599e-04,1.046007772461304830e-03,-7.879827729054267316e-06,-1.809151917959855860e-04
-8.993319882057149162e-05,-6.441062760431798262e-04,6.471433589960856603e-04,-1.285208850224636712e-03,-1.038640160307371940e-03,-1.969030720190015349e-03,6.630730818322078113e-04,9.123629523525439433e-04,-1.893718210006500868e-04,-2.370478567722822394e-04
-2.626897951611417703e-04,-8.900571994757550121e-04,6.618455277913048995e-04,-1.396511023775887095e-03,-1.113436399123687859e-03,-2.085400472402493266e-03,8.928124118154079358e-04,1.141431113939814224e-03,3.001592666740382498e-05,-2.603003860897762367e-04
-2.050423241742871383e-04,-6.706694518077011002e-04,5.501319426207545993e-04,-1.376801775006236683e-03,-7.179623122563205673e-04,-2.181631218656318594e-03,8.267125920174422937e-04,8.268952203128038247e-04,3.377367946344467242e-05,-1.186051920880615285e-04
-2.598615866834935728e-04,-1.027353596817340287e-03,5.820832386972535355e-04,-1.139189909329138550e-03,-9.610417913047952787e-04,-2.309476862433074151e-03,5.448739976746802549e-04,7.781007185675842264e-04,1.395248360828993395e-05,-7.193595311447142926e-05
-1.731584114552098264e-04,-6.848014865079021796e-04,1.147472107577290901e-03,-1.183458998317565847e-03,-1.032669413084191801e-03,-2.051438709102001989e-03,4.176203048081167379e-04,6.818699723137588986e-04,2.216419615616166405e-04,-3.519673439628112632e-04
-1.506866387896710346e-04,-5.654030544526983393e-04,9.201477053942253015e-04,-1.444979594915699050e-03,-9.352432244950636964e-04,-1.950062153610765403e-03,2.839754846993558512e-04,5.531247719451348743e-04,2.535932576381155767e-04,-1.756570000299439993e-04
1.918654715197670724e-04,-5.884304814500473935e-04,1.329378858658122886e-03,-1.414933381046673544e-03,-5.480160074540357806e-04,-1.742372675657438696e-03,3.315402752036844536e-04,4.834208314756921476e-04,2.791934822241465275e-04,-4.924805373391488716e-04
3.228626041389542900e-04,-3.314136034090198191e-04,1.370316541774968533e-03,-1.246454739362037878e-03,-7.230210934893038788e-04,-1.763134550120323829e-03,4.289664637928125579e-04,3.717072463051418474e-04,4.707926148956875778e-04,-5.896233879834067437e-04
2.111490189684039898e-04,-3.862328659182262536e-04,1.505319159725709843e-03,-1.223982966696499086e-03,-5.408761867587846828e-04,-1.483168071740384453e-03,2.474744705212167384e-04,4.678084625851786083e-04,6.607517535495155414e-04,-7.887038499746479303e-04
1.355660339769221290e-04,-4.956442095808977211e-04,1.378329632737207433e-03,-1.129083854240708895e-03,-5.639036137561337370e-04,-1.526358313048453708e-03,1.807004649180821154e-04,3.874202940846865895e-04,5.337622265610131311e-04,-6.926026336946111694e-04
2.159436641171880167e-04,-7.078982987616666556e-04,1.253209325049783884e-03,-1.200711476020105417e-03,-7.655640468123975362e-04,-1.569548554356522962e-03,1.699715708299159855e-04,-2.405333617989946493e-05,5.014976604270360294e-04,-4.874748147158519673e-04
3.330268779497130849e-04,-7.186271928498327854e-04,1.119564504941022998e-03,-1.327701003008607827e-03,-6.345669141932103186e-04,-1.482803693525713840e-03,-2.267697015033431907e-05,-2.466952044480469342e-04,2.998372273707722302e-04,-7.465313842007770262e-04
-7.970707971344248577e-06,-5.316811611955352124e-04,1.228410523990933201e-03,-1.208302570953403987e-03,-7.013409197963449415e-04,-1.513446385275618589e-03,3.497050083652031294e-05,-8.883995613798156832e-05,1.493417015285686267e-04,-7.443936316330751479e-04
-8.795672606407012317e-06,-1.955111428040418042e-04,1.270973225344834701e-03,-1.419919187535728655e-03,-4.936514418430182349e-04,-1.841918478813847626e-03,1.699731187872616234e-04,-6.636818347244277660e-05,3.762811635801832644e-05,-8.561072168036254482e-04
1.222014600127802053e-04,-3.881596837842921088e-04,1.401970357964021918e-03,-1.537284836479121952e-03,-4.617001457665192987e-04,-2.214908911750898546e-03,4.984284945602213135e-04,7.141001379645794955e-05,-3.098838776873363843e-04,-1.076524432337772064e-03
1.507738566904198718e-04,-2.500454429329307393e-04,1.220478364692426099e-03,-1.632439395006873850e-03,-4.696652549048829783e-04,-1.966256631789675691e-03,2.958304366250108508e-04,2.723916213154542465e-04,-5.808881178420710611e-05,-1.128818228036315707e-03
-1.257547675653364339e-04,-1.923979719460761073e-04,1.358776745120734986e-03,-1.746209314514801658e-03,-5.414626563414737248e-04,-1.970323455020614456e-03,-6.818458513940806043e-05,5.088379479673832417e-04,-6.881770587237323600e-05,-8.124132186105165188e-04
-8.319206621143493408e-05,-2.355882132541453622e-04,1.538086218763431989e-03,-1.947869747571065457e-03,-5.005249732246280781e-04,-2.081625628571864839e-03,-1.004491512733851621e-04,4.600434462221636434e-04,-2.892349214065198515e-04,-1.073933815208649722e-03
-2.419031256559317500e-04,-6.797194316818244708e-05,1.633063918467028697e-03,-1.631464738145266269e-03,-5.690220181329697091e-04,-2.208420749793479909e-03,2.421029590360529449e-04,5.404210763624295311e-04,-5.323144004549945629e-04,-1.077795942977577415e-03
-2.722931017041380075e-04,9.067275567793686708e-05,1.283503033804353488e-03,-1.410450148874142773e-03,-6.351218379309353512e-04,-2.284003734784961770e-03,2.313740649478868150e-04,6.438159851970548520e-04,-3.973117825042532525e-04,-1.100823369974926469e-03
-4.880066042647485114e-04,3.116873449490603631e-04,7.704569716387166256e-04,-1.724986042501153172e-03,-5.325082305365491653e-04,-2.331264207063199478e-03,4.609273094134114235e-04,6.497469015213780397e-04,-5.309566026130141392e-04,-1.228669013751682026e-03
-6.694985975363443309e-04,1.126068829578191766e-04,9.171428248307411657e-04,-1.586687662072844285e-03,-6.488779827490270824e-04,-2.250886576922933591e-03,5.502992918564042490e-04,4.769903051808077610e-04,-2.301676173086103505e-04,-1.178738445601817952e-03
-5.720724089472162266e-04,1.138628723143381150e-04,9.457152215083808322e-04,-1.745398721517341101e-03,-8.653129668148296094e-04,-2.195390774838948400e-03,7.867456185083332443e-04,3.656881316295573781e-04,-4.234278081036851882e-04,-1.020093746755698638e-03
-7.012595138875393763e-04,1.548005554311837617e-04,8.772181766000392011e-04,-1.558452689863043528e-03,-9.238197701193634481e-04,-2.345886300681152004e-03,6.915910599805813463e-04,3.678258841972592563e-04,-1.747755281424623330e-04,-9.976219740901598465e-04
-5.702623812683521587e-04,5.856980917735843395e-05,1.065882325513425877e-03,-1.389974048178407862e-03,-9.544624618692681972e-04,-2.544966762672393190e-03,6.602526807578112944e-04,8.984945151919998541e-05,-3.084203482512232197e-04,-1.124611501078662257e-03
-7.039072013771130454e-04,2.334594422743890840e-04,7.759623234168122607e-04,-1.251675667750098975e-03,-7.253943002819979169e-04,-2.656680347842943490e-03,5.846696957663294336e-04,4.770766685602279011e-04,-3.062825956835213415e-04,-6.819196891171691588e-04
-8.330943063174361951e-04,3.138370724146549717e-04,1.016053910479597366e-03,-1.229203895084560183e-03,-9.446217880569596215e-04,-2.547834328793033287e-03,7.313555489583539737e-04,4.222574060510214666e-04,-3.170114897716874713e-04,-8.214719147169036173e-04
-1.079045229750011381e-03,4.621255821229963701e-04,1.078584002017185517e-03,-1.362848715193321070e-03,-8.420081806625734355e-04,-2.571086858110527285e-03,4.060262865484415284e-04,9.575107478189542887e-04,-3.157555004151685329e-04,-6.831735342885947304e-04
-1.064343060954792142e-03,6.490716137772939431e-04,1.076516334444679868e-03,-1.326339689526098709e-03,-3.485111607232638242e-04,-2.933958215850088203e-03,4.316265111344724792e-04,1.092513365769695599e-03,-3.589457417232377878e-04,-6.512222382120957942e-04
-7.247354916175979822e-04,5.967778180787502995e-04,5.680477860811189439e-04,-7.915832110222398299e-04,-7.315284662531285065e-04,-2.639539649860481174e-03,6.896646644655446412e-04,1.115155035796733252e-03,-7.565524047542793173e-04,-6.287504655465570025e-04
-6.821727902636964824e-04,5.735252887612563022e-04,8.844527955069181324e-04,-8.145307364004206185e-04,-7.111660351406534630e-04,-2.635781897064440327e-03,6.140816794740627804e-04,9.336630425251374321e-04,-4.302331557588107147e-04,-5.068341341674664768e-04
-9.412293597486215413e-04,5.756630413289581805e-04,1.003851227562121973e-03,-9.997297829510420897e-04,-3.852337537344069363e-04,-2.845538350278897788e-03,5.708914381659935255e-04,1.076036345897965485e-03,-9.024938956932321288e-04,-3.489788858574011110e-04
-1.052942944919171842e-03,6.303498389285816517e-04,9.515574318635783291e-04,-1.281568377293804128e-03,-6.882874430860774773e-05,-3.195016372797926385e-03,4.791235168316865245e-04,9.798055996441401572e-04,-6.089123695955794835e-04,-3.080412027405554642e-04
-1.246203135714246679e-03,5.010087262381363038e-04,8.544145812193204570e-04,-1.314716991948891578e-03,6.216838831057946990e-05,-3.484936374894540001e-03,4.558709875141925272e-04,1.075906815924176918e-03,-5.663496682416779837e-04,-4.197547879111057645e-04
-1.056243997060418716e-03,7.307480562213364284e-04,9.120620522061750890e-04,-1.409871550476643476e-03,1.120989564604435440e-04,-3.381541466059914680e-03,2.159676073403699048e-04,8.944148226525810985e-04,-8.631030873410827642e-04,-3.721899974067771621e-04
-7.992271190193911412e-04,8.774339094133609684e-04,7.537197996888289619e-04,-1.354375748392658285e-03,1.100312888879378947e-04,-3.379403713492212802e-03,1.042540221698196046e-04,9.091169914478003378e-04,-6.254912216639846312e-04,-2.411928647875899445e-04
-8.434962080078184377e-04,8.999056820788997602e-04,3.065083933652817949e-04,-1.147176000055968870e-03,3.840366710854137278e-05,-3.217396706753208879e-03,2.131000412197298077e-04,8.924821730180720891e-04,-7.869667476332609102e-04,-3.374236110414152723e-04
-1.123527598856158272e-03,5.312277261197012601e-04,4.813980264623124450e-04,-1.124704227390430078e-03,8.009750110443691895e-05,-3.139670465951011069e-03,-1.598903917173211120e-04,9.244334690945710253e-04,-9.007366671411887182e-04,-6.273436131380288883e-04
-1.090033494303935258e-03,4.766191791661933408e-04,5.774992427423492058e-04,-1.176998023088973722e-03,8.469879325040396978e-06,-3.251384051121561369e-03,-4.566438108167258925e-04,6.845300889207484030e-04,-8.257821203212778460e-04,-5.259670576467923020e-04
-1.271525487575531077e-03,3.141875119427178786e-04,3.658826261600245378e-04,-1.220188264397042976e-03,-1.028322942262099859e-04,-3.349991929271489699e-03,-2.650446781451848421e-04,6.077791191727716091e-04,-8.337472294596415257e-04,-2.964138131812676935e-04
-1.288160306005259326e-03,5.517993776198160116e-04,6.623113199019231567e-04,-7.819894385159287253e-04,-1.612911899792623949e-05,-3.248615373780253113e-03,-2.062827567658881422e-04,6.881567493130374968e-04,-8.569997587771355230e-04,-2.942760606135658152e-04
-1.446066883635910294e-03,8.202567166458729631e-04,5.505977347313728565e-04,-5.135320994898717739e-04,-1.924551196044455015e-04,-3.375604900768755523e-03,-3.179963419364384425e-04,4.955082083327871922e-04,-9.541426094213933951e-04,-2.031420627830043957e-04
-1.205975296573125188e-03,9.726797803370212936e-04,2.431558985545589913e-04,-4.990060207746976895e-04,-3.041687047749958017e-04,-3.207126259084119857e-03,-6.391883184465874113e-04,2.938477752765233930e-04,-7.792529763243627450e-04,-2.263945921004983930e-04
-1.159306057599535089e-03,1.092078212392225134e-03,1.908621028560153476e-04,-3.640034028239563790e-04,-3.062363723475014510e-04,-3.449451960660196437e-03,-6.499172125347535411e-04,-1.894311048147856447e-06,-5.905888274109760694e-04,-7.134115804766083535e-05
-1.111741267095206487e-03,1.116409499697795793e-03,2.455489004556388188e-04,-3.719685119623200587e-04,-6.571995337407710025e-04,-3.643581975846466037e-03,-4.706077388920565374e-04,1.280785774707138280e-05,-3.325506740799039074e-04,-1.631090793819678364e-04
-1.031363636954940599e-03,1.295718973340492797e-03,2.790430050078618329e-04,-1.509539226911965626e-04,-5.721348394701758489e-04,-3.739812722100291364e-03,-2.125695855609843754e-04,3.292128671728705713e-04,-4.442642592504542076e-04,-3.136046052241714399e-04
-9.339374483658124948e-04,1.101588958154223197e-03,2.484003132579570838e-04,-1.083912213372950628e-04,-6.885045916826537660e-04,-4.001840252387992014e-03,-3.712806450054811913e-04,2.022233401843681611e-04,-4.186640346644232569e-04,-2.851762231575044604e-04
-7.262479704124857882e-04,1.034814952551088574e-03,2.913592368987416581e-04,1.702270769121105864e-04,-7.051394101123820146e-04,-4.164271919611467476e-03,-4.200751467507007897e-04,7.789076720841892065e-05,-2.979277666547014425e-04,-3.968898083280547606e-04
-7.575863496352558402e-04,1.049517121346307813e-03,3.887854254878697624e-04,1.151601746761377054e-05,-6.090381938323452538e-04,-4.241022889359444270e-03,-4.632653880587700446e-04,2.463694088930545867e-04,-4.896122342036152153e-04,-5.667507477608718647e-04
-2.890670530379807479e-04,1.328135419595713462e-03,3.857978855909688365e-04,-3.126574411660837383e-04,-7.358333150539603240e-04,-4.352325062910694653e-03,-1.236578187215758851e-04,2.485071614607564650e-04,-5.571173025267772694e-04,-5.241880464069703649e-04
-2.465043516840792481e-04,1.447533851650917303e-03,2.895671393371435087e-04,-5.977632899038798353e-04,-9.173253083255561435e-04,-4.323752666233054986e-03,-5.959185586559972991e-04,7.575056512018618626e-05,-3.992620542167119035e-04,-6.514417392735338819e-04
-3.177997464880455425e-04,1.297038325808713699e-03,2.234673195391778666e-04,-3.783755422358259235e-04,-9.252904174639198231e-04,-4.250672355802759261e-03,-5.549808755391516524e-04,1.130078013494156819e-04,-7.264063822755711941e-04,-8.138734064970093440e-04
-8.135341983611654726e-05,1.639590436118151806e-03,3.701531727312024067e-04,-3.559037695702871318e-04,-1.021593234220630197e-03,-4.510120072456935691e-03,-6.512116217929769801e-04,-6.262415946187149807e-06,-5.963967229190569874e-04,-5.944856588289554322e-04
-2.828060084507089122e-04,1.411676958118154857e-03,7.127052830406405137e-04,-5.485523105505374364e-04,-1.301624625068970031e-03,-4.461914201892888676e-03,-5.876472714751862503e-04,-7.789003772558367178e-05,-4.580983424907481005e-04,-6.700686438204372930e-04
-3.941081820019592952e-04,1.518441462808509113e-03,8.215513020905507169e-04,-3.711096618176784601e-04,-1.361232702280071316e-03,-4.844931507422753358e-03,-8.467038409601113091e-04,-1.546410074735604656e-04,-5.841040733920166428e-04,-6.807975379086034229e-04
-1.564963163248611622e-04,1.686792123008359900e-03,9.066159963611458705e-04,-6.610296639142920760e-04,-1.427332522078036958e-03,-5.054687960637210820e-03,-9.438466916043691812e-04,-7.761869217408207122e-04,-4.866778848028885385e-04,-7.468973577065690650e-04
-3.152073757693579781e-04,1.492662107822090301e-03,1.026014428416349711e-03,-4.040127858732645016e-04,-1.479626317776580602e-03,-4.867741928982913246e-03,-9.154183095377022017e-04,-8.925566739532986293e-04,-3.565777695451466389e-04,-6.118947397558277546e-04
-1.842102431501707605e-04,1.515133880487629092e-03,1.023946760843844062e-03,-8.589955596898096735e-04,-1.551423719213171348e-03,-5.126146707618767229e-03,-7.903980680672717529e-04,-1.098306236544444037e-03,-1.189659038680485059e-04,-4.695214363829997017e-04
-3.120558869269263180e-04,1.321873689692554255e-03,1.192425402528479728e-03,-7.063596188909004869e-04,-1.787353363763691250e-03,-5.134111816757130908e-03,-7.882603154995698747e-04,-1.165080242147578660e-03,6.317900286247069008e-05,-4.269587350290982020e-04
-5.338840792066673613e-04,1.441272121747758095e-03,1.064579758751724170e-03,-7.296121482083944843e-04,-1.566338774492567754e-03,-5.393559533411307338e-03,-5.312434374585423003e-04,-6.715832222082690484e-04,-8.448618916925831890e-06,-1.585013960030412505e-04
-6.094670641981492221e-04,1.117098663114060586e-03,9.970746904285621159e-04,-7.844314107176009188e-04,-1.695525879432890903e-03,-4.872481208538656516e-03,-3.535736689434659796e-04,-8.813396754227265095e-04,1.143567347773322140e-04,-6.107520741391314623e-05
-2.835142477481261691e-04,1.395716961363466235e-03,9.203237206805853221e-04,-9.659234039891967383e-04,-1.592912272038504717e-03,-4.686063862902212218e-03,-3.865018755240812176e-04,-7.606034074130046951e-04,9.110420545983821672e-05,-3.860343474837435451e-05
-2.534680338791006626e-04,1.553572209673531601e-03,1.031690620287864513e-03,-1.123272659734400603e-03,-1.636102513346573972e-03,-4.696792756990378348e-03,-4.307709645125085141e-04,-8.303073478824474218e-04,3.201723670471084970e-04,-6.994181397114440646e-05
-4.785018697797543963e-04,1.395229957156185474e-03,1.015055801858136264e-03,-1.215040581068707604e-03,-1.747816098517124273e-03,-4.823782283978880758e-03,-5.328473786886944730e-04,-6.920089674541385349e-04,4.584707474754173839e-04,-7.790692310950808608e-05
-3.434992518290130858e-04,1.133709360558052270e-03,9.866120107884235324e-04,-8.986355716429084151e-04,-1.714321993964901258e-03,-4.586170418301782625e-03,-5.408124878270581526e-04,-7.027378615423046648e-04,3.392005301798145522e-04,-4.929147723757576482e-05
-3.115479557525141496e-04,1.214086990698318158e-03,9.317927482792170979e-04,-9.168460077251250340e-04,-2.058449866263037387e-03,-4.802605402367585152e-03,-4.514405053840653270e-04,-7.978924200700565628e-04,1.294440769653570911e-04,-3.968034712829304755e-04
-3.790530240756762037e-04,1.146581922375156104e-03,9.584484914423596624e-04,-9.881414025290913283e-04,-1.883560233166006737e-03,-4.833943781590355204e-03,-3.565413929282751360e-04,-5.902029421167298562e-04,-2.926698247913972484e-05,-5.984639043391942748e-04
-2.896810416326833781e-04,1.555813075639053689e-03,1.244919167455213471e-03,-8.212731993647304218e-04,-1.587131539424108118e-03,-4.408075782452725022e-03,-6.529552909965707919e-04,-5.034997668884461097e-04,-3.087718272271749997e-04,-6.091927984273604046e-04
-4.215738466201296442e-04,1.742759107293351262e-03,1.482531033132311604e-03,-8.630069193135136985e-04,-1.658928940860698864e-03,-4.535065309441227432e-03,-5.555291024074426876e-04,-5.997305131422714375e-04,-4.005397485614820008e-04,-7.212820067136749280e-04
-5.332874317906799444e-04,1.512231410240275076e-03,1.451192653909541552e-03,-9.966517394222745851e-04,-1.490450299176063198e-03,-4.137608426876507317e-03,-5.608336490563331500e-04,-4.789942451325496231e-04,-6.436192276099567122e-04,-5.135925287603482214e-04
-9.686051884148783042e-05,1.330739416968679256e-03,1.608548588332883722e-03,-7.756371501511510891e-04,-1.467978526510524406e-03,-4.347364880090964778e-03,-6.156529115655395845e-04,-2.713047671792229165e-04,-6.489237742588471747e-04,-5.301683132742512905e-04
-2.256057192101118547e-04,1.263965411365544633e-03,1.820828008326905167e-03,-1.055141994899186364e-03,-1.425415825156622907e-03,-3.965980128292592721e-03,-6.625271539413141175e-04,-2.509423360667478731e-04,-4.279091849877236786e-04,-3.877950099014232377e-04
3.740435442954603840e-05,1.070705220570469796e-03,1.818760340754399518e-03,-1.060855279864797440e-03,-1.522558675800880779e-03,-4.244647915609467415e-03,-5.664259376612773567e-04,-3.032361317652915167e-04,-4.710994262957929335e-04,4.863190304776887629e-05
1.648490260440504951e-04,1.093176993236008587e-03,1.808031446666233388e-03,-9.225568994364885533e-04,-1.375872822608856239e-03,-4.222176142943928623e-03,-8.254825071462024155e-04,-2.533055636154274426e-04,-5.179736686715674665e-04,3.398550213104950535e-04
3.566192110372734536e-05,9.116849999644127678e-04,2.015720924619560095e-03,-1.255785515810264874e-03,-1.406262798657062496e-03,-4.547505405353841068e-03,-6.433376004156832195e-04,-3.249331853948239646e-04,-3.798594278202060970e-04,4.412315768017316397e-04
1.160395512439932331e-04,1.334087634841843450e-03,2.058283625973461595e-03,-1.080895882713234224e-03,-1.198573320703735789e-03,-4.602113952307348987e-03,-5.459114118265551152e-04,-2.355612029518311390e-04,-6.697794299168197130e-04,2.479713860066568021e-04
-1.430170182409318258e-04,1.505669408797122300e-03,1.986988231169495300e-03,-1.198261531656627521e-03,-1.488493322800349405e-03,-4.795374143102423825e-03,-1.098393210546846910e-03,-2.678257690858082407e-04,-1.102650159863396984e-03,6.647939273506098257e-05
-4.559082965180372149e-05,1.275141711744046114e-03,1.934694435470951657e-03,-1.457318101141552580e-03,-1.466021550134810614e-03,-4.376669557077356165e-03,-1.034492117418239765e-03,-4.221020423061383475e-04,-1.229445281085012054e-03,1.768489098984138419e-05
-9.438533139702331987e-05,1.322706502248374716e-03,1.963266832148591323e-03,-1.554460951785810452e-03,-1.232038871929810875e-03,-4.361967388282136926e-03,-1.045221011506405895e-03,-6.447439105742858168e-04,-1.423575296271281654e-03,1.070568734328342098e-04
2.563187532501898236e-04,1.781084885691952557e-03,1.960426230196904429e-03,-1.730786952392329714e-03,-1.291646949140912159e-03,-4.473269561833387309e-03,-5.677805364966148627e-04,-8.135773762419917787e-04,-1.815055412380847666e-03,-2.214152201053948277e-04
1.538110072203668910e-04,1.568830796511183623e-03,2.038152470999102239e-03,-1.844556871900257522e-03,-1.050669905075227173e-03,-4.904645436875479381e-03,-5.248216128558302884e-04,-6.752789958136828918e-04,-1.629283275253440300e-03,1.619664557170330532e-05
4.209742204981659075e-05,1.781110216505205068e-03,2.052854639794321479e-03,-1.999647616251307158e-03,-1.346411991399898422e-03,-4.824267806735213493e-03,-2.590257109866683782e-04,-6.486232526505403273e-04,-1.630108239888503063e-03,-5.929571847168579879e-06
-6.697079695403007626e-06,2.034522616418801833e-03,1.986754819996355836e-03,-1.812701584597009585e-03,-1.369439418397247477e-03,-4.935981391905763793e-03,-6.210474628783879680e-04,-6.928923416389676238e-04,-1.841724856470827731e-03,1.323688085811403070e-04
2.173130237126397191e-05,2.131948805007929937e-03,2.082856036276392597e-03,-1.765979329943809240e-03,-1.322770179423657377e-03,-5.011564376897245654e-03,-6.601928980320970197e-04,-8.041945151902180067e-04,-2.057890223481795289e-03,1.749315099350418068e-04
1.404630632897141407e-04,2.248799319746058734e-03,2.411311412049352287e-03,-1.544964740672685743e-03,-6.445277971328655653e-04,-4.998688048908891957e-03,-7.314882928360633141e-04,-7.406301648724272768e-04,-1.926893090862608071e-03,1.226377142364981632e-04
-5.861739870152704590e-05,2.177503924942092439e-03,2.520429247429192832e-03,-1.894525625335360952e-03,-7.416706477771234374e-04,-5.070485450345482703e-03,-7.989933611592253682e-04,-8.124275663090180233e-04,-1.884330389508706571e-03,2.536348468556853808e-04
2.326057195611991313e-04,2.218441608058938086e-03,2.258908650831059628e-03,-1.797099436746232848e-03,-5.530064988637367618e-04,-5.126191485862505171e-03,-8.838096693781910540e-04,-8.231564603971841532e-04,-2.161128042175344821e-03,3.650786176146308959e-04
2.095782925638500771e-04,1.912465240422295265e-03,2.267942109241097293e-03,-2.159121188637952438e-03,-6.447744201980437628e-04,-5.149548352734137358e-03,-6.461978037010929210e-04,-8.510943799253378739e-04,-2.133033606384615588e-03,7.439262780963573629e-04
1.420732242406880230e-04,2.047467858373036576e-03,2.314611348214687392e-03,-2.057744633146715851e-03,-5.433978647068071766e-04,-5.411083588531928612e-03,-9.093168066083151535e-04,-1.032586373196933693e-03,-2.130895853816913710e-03,8.973886495545757569e-04
-3.941876903090779649e-05,2.281450536578036314e-03,2.291358818897193395e-03,-2.239236626418311671e-03,-3.749192230221715105e-04,-5.485879827348244531e-03,-9.325693359258091508e-04,-6.562734956115923168e-04,-2.171346271693602725e-03,6.862416188707781695e-04
-9.792557233544163520e-05,1.960258560067887346e-03,2.283393709758829715e-03,-2.368577739108757019e-03,-3.603931443069974261e-04,-5.471177658553025291e-03,-1.134021924540401516e-03,-7.223733154095579589e-04,-2.430793988347779155e-03,5.482420646419350341e-04
-4.220990309691391440e-04,2.002821261421788845e-03,2.462703183401526719e-03,-2.531009406332232481e-03,-5.530416852872477307e-04,-5.515446747541452588e-03,-1.369951569090921417e-03,-6.584722222809508141e-04,-2.292679747496417786e-03,4.510992139976771620e-04
-3.795363296152376442e-04,2.045383962775690345e-03,2.434259392331813987e-03,-2.340634730345639292e-03,-3.660956536329501576e-04,-5.430382053270857434e-03,-1.162262091137594711e-03,-7.297676170849171084e-04,-2.237183945412432595e-03,7.774184629931457646e-04
-3.319715391109090419e-04,1.681368941011271434e-03,2.362963997527847693e-03,-2.778687282042557882e-03,-3.457332225204751142e-04,-5.366480960142250289e-03,-1.259404941781852583e-03,-6.283910615936805222e-04,-2.437185497630570130e-03,1.034435341034173339e-03
-3.172693703156898026e-04,1.863513847741790630e-03,2.534545771483126542e-03,-2.801714709039906936e-03,-1.557740838666471506e-04,-5.478194545312800590e-03,-1.137488610402762057e-03,-3.298282877491620635e-04,-2.781313369928706258e-03,9.206654215262455310e-04
-4.183998534356137000e-04,2.179918857167589819e-03,2.318110787417324015e-03,-2.622405235397209933e-03,-2.225480894697817735e-04,-5.834878690322439776e-03,-1.313585153841820286e-03,-6.116668820919241023e-04,-2.848818438251868312e-03,1.107082767162689829e-03
-2.499212117509780340e-04,2.506238106163058421e-03,2.460484090790152067e-03,-2.526304019117173172e-03,-1.905967933932828373e-04,-5.466874960712381215e-03,-1.556664632890294997e-03,-5.687079584511395280e-04,-3.023823524287136411e-03,9.343261708221195505e-04
-3.347375199699437198e-04,2.552907345136648520e-03,2.993585656050609667e-03,-2.528371686689678821e-03,3.574970691859469252e-05,-5.510065202020450470e-03,-1.509099842385966395e-03,-4.738088459953493370e-04,-3.157468344395897297e-03,7.528341775505237310e-04
-1.536798999887678541e-05,2.529654815819154523e-03,2.941291860352066023e-03,-2.625514537333936693e-03,-9.789511319016619417e-05,-5.749968582194273092e-03,-1.402335337695612139e-03,-3.428117133761621194e-04,-2.971050998759452999e-03,8.357401273398623598e-04
5.160914039174790968e-04,2.417941230648604223e-03,2.898101619043996768e-03,-2.593563241257437757e-03,1.651149604494916989e-04,-5.852044996370459051e-03,-1.172978575712885219e-03,-3.705622974443240070e-04,-2.907149905630845854e-03,8.638345631305915928e-04
3.170109419262379102e-04,2.526787249698514426e-03,2.513277494691615321e-03,-2.722904353947883105e-03,-1.637703282210412059e-05,-6.007135740721508688e-03,-1.301723776081509243e-03,-2.127070491342586411e-04,-2.798032070251005310e-03,8.957858592070905290e-04
3.149432743537322610e-04,2.747801838969637922e-03,2.703652170678208511e-03,-2.720766601380181227e-03,4.127043816475051141e-05,-5.898289721671598484e-03,-1.522140991615655858e-03,-5.026270512308722571e-04,-2.828422046299211567e-03,8.239884577704997826e-04
6.084302885568104724e-04,2.715537272835660820e-03,2.550191399533413561e-03,-2.732179687176788940e-03,2.788823038418486444e-04,-6.031934541780359371e-03,-1.538775810045384107e-03,-4.159238760025885107e-04,-2.719576027249301364e-03,8.132595636823336527e-04
7.394274211759976900e-04,2.419123374767365164e-03,2.291134830048488502e-03,-2.730041934609087062e-03,3.214450051957501442e-04,-6.029796789212657493e-03,-1.677021305545201013e-03,-3.955614448901134672e-04,-2.630204044806308539e-03,7.416319419029371307e-04
4.773998908882970404e-04,2.129203372670751548e-03,2.215551845057006641e-03,-2.753069361606436116e-03,4.577178776755813638e-04,-5.841132640299270817e-03,-1.853347306151720275e-03,-5.460569707323170707e-04,-3.080438266992988061e-03,7.992794128897917627e-04
3.753234767121110815e-04,1.898675675617675362e-03,2.346548977676193859e-03,-2.570924454875916920e-03,2.762258844039855443e-04,-5.512677264526311127e-03,-2.083875003204796461e-03,-4.961264025824529966e-04,-3.111776646215758113e-03,1.035725739541720758e-03
5.685113771417282802e-04,2.052138047075893756e-03,2.177715512008487897e-03,-2.484221279647633174e-03,3.796207932386108652e-04,-5.405912759835956871e-03,-2.091840112343160141e-03,-2.889266542457635811e-04,-3.240521846584382137e-03,9.809064770325143234e-04
4.406657333649727226e-04,2.426026665320768494e-03,2.123106965054979978e-03,-2.675588859323632662e-03,4.770469818277389695e-04,-5.081360563544065623e-03,-1.749288002033722034e-03,-2.742244854505443419e-04,-3.035212830826916619e-03,1.023469178386415823e-03
2.284116441842037881e-04,2.356322724851325767e-03,2.121039297482474328e-03,-2.727882655022176306e-03,8.346292139385924624e-04,-5.200630780839668454e-03,-1.306596190072228936e-03,-2.595223166553251026e-04,-3.207969427167486898e-03,1.124845733877652409e-03
2.750808831577938873e-04,2.076291334002985933e-03,1.839200703139712290e-03,-2.799680056458767052e-03,7.360213357886641328e-04,-5.496372867164339704e-03,-1.119650158417931363e-03,-4.787498044302868072e-04,-3.069671046739178011e-03,8.633104980798611550e-04
6.176329934672319943e-04,2.117229017119831580e-03,1.936626891728840394e-03,-2.907112164092048867e-03,4.118478771549666240e-04,-5.943584273487886871e-03,-1.216793009062189235e-03,-4.590405556606363957e-04,-3.196466167960793081e-03,1.111962778041084010e-03
6.168080288321692306e-04,2.333902513036764659e-03,2.045744727108680938e-03,-2.841286457457403714e-03,5.337642085340571496e-04,-6.040727124132144743e-03,-1.292375994053671096e-03,-2.732684185332290294e-04,-3.321586475648216630e-03,1.142008991910109517e-03
4.111567473435717712e-04,2.323173618948598529e-03,2.132489587939490061e-03,-3.238893120488445243e-03,5.763269098879586494e-04,-5.847539223702527544e-03,-1.396298147760308139e-03,-1.513520871541385038e-04,-3.344839004965710627e-03,1.400047145241181679e-03
2.843616261219567010e-04,2.238357310729632843e-03,1.734882924908448532e-03,-3.196330419134543743e-03,4.082344110717534003e-04,-5.923122208694009405e-03,-1.265301015141120922e-03,-5.645297469834831272e-05,-3.025469474994643693e-03,1.402184897808883557e-03
2.175876205188220780e-04,2.104712490620871956e-03,1.757354697573987323e-03,-3.198269596765820899e-03,6.159238890250801068e-04,-5.805185600668852364e-03,-1.215370446991256848e-03,6.205582314847135628e-05,-3.057734041128620794e-03,1.434136193885382493e-03
-1.108844730194069594e-04,2.383330788870277606e-03,1.536937482039840708e-03,-3.504048810382034973e-03,7.173004445163166931e-04,-5.994611608446054341e-03,-1.238727313862889035e-03,-6.493370384003105400e-05,-2.841285904465265522e-03,1.410883664567888496e-03
-9.618230422418772019e-05,2.264060571574674774e-03,1.828160600302566885e-03,-3.543194245535744025e-03,6.512006247183510510e-04,-6.123356808814678365e-03,-1.431987504657963872e-03,2.276547169490911182e-04,-2.798723203111364022e-03,1.367693423259819241e-03
-2.154525215197905519e-04,2.266198324142376652e-03,1.779366098557347287e-03,-3.974570120577836096e-03,6.404717306301849211e-04,-6.182964886025779649e-03,-1.243323355744577197e-03,2.596060130255900544e-04,-2.546928137208234744e-03,1.324503181951749986e-03
-7.763043566463845302e-06,2.456157462796204616e-03,2.300444423429998109e-03,-4.307798736951612417e-03,8.262438677575922874e-04,-5.782168874159873684e-03,-1.140709748350191011e-03,3.235071061541971993e-04,-2.740188328003309581e-03,1.090307657735031799e-03
-1.060524857570271928e-04,2.565275298176045160e-03,2.626397239880021162e-03,-4.404941587595870289e-03,1.122672561499490906e-03,-5.700798575680884883e-03,-1.350466201564648472e-03,4.038847362944630870e-04,-2.745901612968920658e-03,1.058043091601054697e-03
-1.908687939759928787e-04,2.753939447089431836e-03,2.794875881564656828e-03,-4.168495260943941294e-03,1.010958976328940606e-03,-5.668847279604385947e-03,-1.269095903085659671e-03,6.248993255655865831e-04,-2.698336822464592055e-03,1.359246417576898125e-03
-6.584855250556242989e-05,2.920807650253792742e-03,3.024615211547856952e-03,-4.164041205675803048e-03,9.666898873405133097e-04,-5.744430264595867808e-03,-1.108860863734850710e-03,3.349793234689729671e-04,-2.563334204513850745e-03,1.358421452941835361e-03
2.760768242247718662e-04,3.048252321868297199e-03,3.203924685190553956e-03,-4.174770099763969178e-03,9.891616600060521014e-04,-5.841573115240125680e-03,-1.336185265917916309e-03,3.120317980907921784e-04,-2.607603293502278041e-03,1.453320565397625552e-03
3.243597549950627545e-04,2.921262794879794789e-03,3.485272035203393348e-03,-4.501832436654515379e-03,9.368678643075084578e-04,-5.719656783861035154e-03,-1.359212692915265364e-03,1.305398048191963589e-04,-2.719316878672828341e-03,1.354712687247697223e-03
2.794585692676709865e-05,2.984827145197585518e-03,3.581373251483430109e-03,-4.390309355867955121e-03,1.111757497404539108e-03,-5.929413237075492615e-03,-1.125230014710265625e-03,3.192039537325830345e-04,-2.540007405030131338e-03,1.305918185502477624e-03
3.697931533680476335e-05,3.183628215007117124e-03,3.548888300883262792e-03,-4.418247275396108842e-03,7.676296251064029796e-04,-6.105739237682011877e-03,-1.336303534454186259e-03,2.074903685620327343e-04,-2.535553349761993092e-03,1.607121511478321052e-03
2.752893844729514816e-04,3.352806632135538201e-03,3.448493932590432354e-03,-4.599739268667704661e-03,6.758617037720959786e-04,-6.190555545900977563e-03,-1.464149178230941817e-03,3.759690102466684003e-04,-2.327863871808666385e-03,1.629593284143859844e-03
1.615194649650236736e-04,3.281511237331571906e-03,3.470965705255971145e-03,-4.671034663471670956e-03,4.864356959948940018e-04,-5.850947976563783404e-03,-1.605249454309662371e-03,7.852001635105659849e-04,-2.139199722895279709e-03,1.663087388696082858e-03
2.098023957353145619e-04,3.088862696351321602e-03,3.641597262624224340e-03,-4.691796537934556088e-03,7.161750259780941263e-04,-5.828476203898244612e-03,-1.716963039480212672e-03,5.421206844620912735e-04,-2.373395247111997897e-03,1.401552152898291603e-03
-3.010098443850806049e-05,3.091000448919023480e-03,3.449912795075310568e-03,-4.397377971944949060e-03,8.380913573571846520e-04,-5.748098573757978724e-03,-1.578664659051903785e-03,4.438312422715279260e-04,-2.806265977058575167e-03,1.329754751461700857e-03
-6.049096048671431802e-05,3.138565239423352082e-03,3.374329810083828707e-03,-4.288531952895038857e-03,9.763897377854935389e-04,-5.780363139891955826e-03,-1.556192886386364993e-03,5.305761031023370489e-04,-2.548227823727503005e-03,1.498105411661551645e-03
-2.365132725847818307e-04,3.225268414651635829e-03,3.327455567708054174e-03,-4.764742813649025521e-03,1.069751774131474931e-03,-5.622747455371709946e-03,-1.689837706495125880e-03,2.676106104829018006e-04,-2.543773768459364759e-03,1.520577184327090436e-03
-1.939505712308803309e-04,3.445225450985384130e-03,3.848533892580704996e-03,-4.750040644853806282e-03,6.341387813442178611e-04,-5.930189291548523811e-03,-1.543151853303101340e-03,-5.656284815079570816e-05,-2.477948061824719606e-03,1.444994199335608576e-03
-3.522928237482264580e-04,3.652914928938710837e-03,3.695073121435910046e-03,-4.798835146599025880e-03,3.009101649704415404e-04,-5.827575684154137625e-03,-1.586342094611170594e-03,1.084622836058923845e-06,-2.663147108375341077e-03,1.541095415615645337e-03
-3.255133806817078757e-04,3.644949819800347157e-03,3.603305200101603045e-03,-4.562388819947096885e-03,2.296147701664752461e-04,-5.938877857705388008e-03,-1.289913400869271976e-03,-8.373168538290676199e-05,-2.848346154925962548e-03,1.699740114461764651e-03
-4.084761444127504859e-04,3.300821947502211029e-03,3.452809674259399442e-03,-4.424090439518787998e-03,3.053430817523405949e-05,-6.019266026205880027e-03,-1.342207196567815619e-03,-1.808745360271646341e-04,-3.361392217091599410e-03,1.367628307895857320e-03
-3.280985142724845982e-04,3.101741485510969842e-03,3.550235862848527546e-03,-4.158294537649626088e-03,1.319108636664706458e-04,-5.987314730129381091e-03,-1.041003870591972191e-03,-3.030549869610793534e-04,-3.311461648941735336e-03,1.108571738410932261e-03
-4.267063924224129279e-04,2.900081052454706043e-03,3.438933689297277163e-03,-4.190559103783603190e-03,3.391106120031600613e-04,-6.273420470832749563e-03,-1.233652411572222496e-03,-2.746266048944123739e-04,-3.296759480146516097e-03,1.205997927000060366e-03
-1.696895143813853535e-04,2.423935428237350420e-03,3.428204795209111033e-03,-3.970602067449854888e-03,5.681787735904303416e-04,-6.258718302037530323e-03,-1.075797163262157130e-03,1.895492120324027141e-05,-3.143297108688297703e-03,1.323081140832585434e-03
-3.711421029959777185e-04,2.357835608439384778e-03,3.078643910546435825e-03,-3.945001842863823938e-03,5.726328288585685877e-04,-6.593192844517883899e-03,-7.473417874891974400e-04,4.142669386877906312e-05,-3.018276867217867254e-03,1.353127354701610940e-03
-4.272747679722743719e-04,2.458861804906550819e-03,3.007016288767039303e-03,-3.858298667635540191e-03,8.244278947616978659e-04,-6.435577159997638019e-03,-6.669641573489315522e-04,-1.210049733546963990e-04,-2.667572782570654111e-03,1.473863622711332755e-03
-2.479652943295773682e-04,2.517623726285847519e-03,2.986254414304154170e-03,-3.720184426784178822e-03,1.023228964571229471e-03,-6.564918272688083367e-03,-6.383917606712918857e-04,-1.197489839981774606e-04,-2.743155767562135972e-03,1.595779954090423280e-03
-1.505391057404492638e-04,2.707582864939675482e-03,3.279155337459094266e-03,-3.529809750797585632e-03,9.647221612666956325e-04,-6.273695154425357190e-03,-5.073946280521046681e-04,-2.314625691687277609e-04,-2.352613856046209539e-03,1.563515387956446179e-03
-4.095956752253743227e-04,2.580593337951173072e-03,3.184000778931342368e-03,-3.584629013306792067e-03,8.454519439710928008e-04,-6.043955824442157065e-03,-7.533455514846798540e-04,4.983757483201234351e-06,-2.214499615194848170e-03,1.578041466671620263e-03
-3.007496561754641196e-04,2.404496794512114843e-03,3.361443427664201344e-03,-3.242076902997353960e-03,7.698689589796109400e-04,-6.013979516946418857e-03,-8.805771365339859491e-04,-2.060897622607194002e-04,-2.006810137241521463e-03,1.771229367101237462e-03
-1.916318207956235753e-04,2.670292696381276754e-03,3.519298675974266710e-03,-3.358446655209831877e-03,7.591400648914448102e-04,-6.124338251765434893e-03,-7.505674771774717424e-04,-3.824157628672386622e-04,-1.858521627533180065e-03,1.701525426631794735e-03
-2.148843501131175726e-04,2.472613536834811221e-03,3.222545256874861930e-03,-3.165258754780214678e-03,7.677683008856656111e-04,-5.886726386088336760e-03,-6.638643019491879960e-04,-3.599439902016998705e-04,-2.199519213454237399e-03,1.797023460829577646e-03
1.943468031507800120e-04,2.169562007726319464e-03,3.167725994365655495e-03,-2.976594605866828003e-03,8.691448563769021973e-04,-5.829078915101482128e-03,-4.058261486181158340e-04,-5.414359834732956900e-04,-2.169542905958499190e-03,1.452895588531441518e-03
-1.046180825548387316e-04,2.057848422555769163e-03,2.887694603517315661e-03,-3.009241122587047457e-03,6.674844233206383981e-04,-5.837044024239845808e-03,-2.887429347855907658e-04,-4.243527696407706218e-04,-2.218337407703718789e-03,1.357741030003689620e-03
1.354735045079463740e-04,1.946134837385218863e-03,2.812111618525833800e-03,-3.116673230220329271e-03,4.436832065063539554e-04,-5.600597697587916812e-03,-3.472497380901246045e-04,-6.674322486892453332e-04,-2.186386111627219853e-03,1.334488500686195622e-03
-2.695816271552908816e-05,1.629311300076013991e-03,2.834583391191372592e-03,-3.267168756062532875e-03,8.391572933737212470e-04,-5.379583108316793316e-03,-4.750953818668801620e-04,-8.489242419608411527e-04,-2.324823295042813265e-03,8.563893883910128624e-04
-1.997147590560993669e-04,1.563211480278048349e-03,2.882148181695701195e-03,-3.165792200571296289e-03,8.536833720888953314e-04,-5.364880939521574077e-03,-2.460598600493024701e-04,-6.113123762837430197e-04,-2.383330098347347104e-03,9.039541788953414647e-04
-3.308008125880584904e-04,1.750157511932345922e-03,2.843002746541992143e-03,-3.204937635725005340e-03,6.595533569026257315e-04,-5.177934907867276504e-03,-3.733135529158659871e-04,-2.754599341753261044e-04,-2.333399530197483029e-03,1.141566044572439598e-03
-3.538282395854075446e-04,2.070990401790651081e-03,2.989688599734016683e-03,-3.287900399456047951e-03,8.062392100946502715e-04,-5.226729409612496102e-03,-5.003030799043683974e-04,-4.283903633840041580e-04,-1.993791960860288870e-03,9.832237920550934707e-04
-5.811526417684731438e-04,2.195943336339489793e-03,2.542477193410469516e-03,-3.201197224227764204e-03,9.372363427138374892e-04,-5.265874844766205154e-03,-4.042018636243316365e-04,-1.907784977069060250e-04,-1.920711650429993145e-03,1.080649980644221575e-03
-3.647045051051178710e-04,2.563947065949548354e-03,2.311949496357393330e-03,-2.980182634956640708e-03,1.230817868811490134e-03,-5.312749087141979687e-03,-7.210254009335365089e-04,-2.604824381763487517e-04,-2.151239347483069331e-03,8.791973920296292100e-04
-1.270926394280197380e-04,2.492651671145582060e-03,2.139192900016823051e-03,-2.822566950436394828e-03,1.156708445661611129e-03,-5.413879570261903584e-03,-6.949273629519164830e-04,-7.052329952252078815e-05,-2.258671455116351146e-03,1.069156530683457174e-03
-1.931924592259853801e-04,2.651296369991701374e-03,2.083486864499800584e-03,-3.042984165970541444e-03,1.032375872685661888e-03,-5.414704534896966348e-03,-6.172011221497186728e-04,-1.622912208568277892e-04,-2.310965250814894789e-03,1.003056710885491531e-03
-1.989057441915964564e-04,2.307168497693565246e-03,2.411036142685243910e-03,-2.904685785542232557e-03,7.424558705890482724e-04,-4.976505709015852097e-03,-5.852498260732197366e-04,-3.648892787920382519e-04,-2.487291251421414051e-03,9.798041815679975342e-04
-1.842035753963772171e-04,2.387546127833831133e-03,2.669074296016316072e-03,-3.077442381882802835e-03,9.714913924066259643e-04,-4.873892101621465911e-03,-4.428765227003916838e-04,-4.870697297259529712e-04,-2.298627102508027376e-03,8.461593614592366475e-04
-2.273938167044464720e-04,2.713478409240077660e-03,2.691546068681854864e-03,-3.279102814939066635e-03,9.053915726086603222e-04,-4.823961533471601837e-03,-1.516534044376655066e-04,-5.586973515053494932e-04,-2.452903375728357482e-03,9.878545554609513557e-04
-6.602645466510237426e-04,2.844475541859264878e-03,2.490093480067262499e-03,-3.177726259447830048e-03,9.066475619651792606e-04,-5.156073340037509167e-03,-2.039472001362091502e-04,-6.865429952821050508e-04,-2.326772456814840684e-03,8.542097353521904690e-04
-6.909072384009284917e-04,2.910301248493910031e-03,2.607176693899787567e-03,-3.127795691297965974e-03,6.285143229126516351e-04,-5.348721881017759472e-03,-5.726134694418461013e-05,-6.344610711943587944e-04,-2.138108307901454008e-03,1.180528984347659072e-03
-2.670798015121100821e-04,3.176097150363071941e-03,2.805977763709319173e-03,-3.081126452324375875e-03,4.470223296410558156e-04,-5.346584128450057594e-03,2.690579020512839925e-04,-7.623067149711143520e-04,-1.881091429860426434e-03,1.195459529359260697e-03
-1.803766262838263357e-04,3.144758771140301890e-03,2.794564677912711459e-03,-2.986148752620779168e-03,6.846341953181539486e-04,-5.532711772568657538e-03,2.258676607432147376e-04,-9.311401806388203140e-04,-1.924281671168495689e-03,1.163194963225283596e-03
1.108464919788998415e-04,2.914231074087225704e-03,2.766626758384557738e-03,-2.729131874579751593e-03,2.461852629442873308e-05,-5.206779491162411011e-03,3.568647933624019553e-04,-8.222941615889101108e-04,-2.035995256339045989e-03,1.411847243186506451e-03
1.534091933328013413e-04,3.045228206706412921e-03,2.669483907740299866e-03,-2.608395606570029779e-03,-1.865274405432604254e-04,-5.400039681957485849e-03,3.903588979146249693e-04,-8.302592707272737904e-04,-1.867516614654410323e-03,9.646358368629592839e-04
-4.190561828580907644e-04,2.851968015911338084e-03,2.970687233716143294e-03,-2.329777308320624130e-03,1.641766441039527180e-04,-5.377567909291947057e-03,2.633693709261225591e-04,-7.341580544472370295e-04,-2.103446259204930224e-03,1.111321690054983824e-03
-6.621356619065654758e-04,2.570129421568576045e-03,2.653863696406938422e-03,-2.405360293312105990e-03,9.667157578079066393e-05,-5.405318493360108945e-03,3.322553047638704404e-04,-7.022067583707380933e-04,-2.453007143867605433e-03,1.143272986131482760e-03
-7.425238304070574946e-04,2.528801036885366949e-03,2.610673455098869167e-03,-2.502189492784384628e-03,-2.550887515312405540e-05,-5.437583059494086046e-03,4.614956406050196858e-05,-7.984375046245634211e-04,-2.579996670856107843e-03,1.135307876993119081e-03
-3.999717200976193876e-04,2.537834495295404613e-03,2.448241787875393705e-03,-2.510154601922748308e-03,2.709198185887745636e-04,-5.340156870904957942e-03,2.330955957147995417e-04,-8.902054259588704221e-04,-2.577858918288405965e-03,1.371754203645048076e-03
-1.702323901144192630e-04,2.365077898954834335e-03,2.502928585475017176e-03,-2.558949103667967906e-03,2.429818990606208429e-04,-5.111088709317687662e-03,3.364905045494248625e-04,-5.395013413116572787e-04,-2.599985135707277850e-03,1.355119385215319827e-03
1.223560306747029092e-04,2.334435207204929585e-03,2.391215000304466876e-03,-2.420650723239659019e-03,3.179364458805317151e-04,-5.213165123493873621e-03,1.970078690683857436e-04,-5.022441050824277831e-04,-2.464982517756536540e-03,1.389709328607213745e-03
1.800035016615575412e-04,2.481545743978852414e-03,2.218458403963896597e-03,-2.282352342811350132e-03,2.605290698192291865e-04,-5.198639044778699536e-03,1.740603436902049550e-04,-5.030690697174905468e-04,-2.509251606744963836e-03,1.131304549971359763e-03
6.623358215362973311e-05,2.434671501603077881e-03,2.233160572759115836e-03,-2.226856540727364941e-03,2.117345680740095881e-04,-5.175911828929707914e-03,9.847735869872309422e-05,-1.523649850702774033e-04,-2.708332068736205023e-03,1.157960293134502328e-03
3.038454478307278661e-04,2.411418972285583884e-03,2.404742346714394685e-03,-2.073394169269146547e-03,4.290110240630362615e-05,-5.112010735801100769e-03,-1.029752299158692708e-04,-2.640785702408277036e-04,-2.779959690515601545e-03,1.215607764121356960e-03
1.414137806072524040e-04,2.108629144130499955e-03,2.447305048068296185e-03,-2.030831467915245048e-03,8.546380376020512593e-05,-5.203778657135407770e-03,1.310074482891304681e-04,-1.412732165465696577e-04,-2.909300803206046893e-03,1.336344032131078774e-03
8.911998490870876033e-05,1.909548682139258768e-03,2.308947797561439197e-03,-2.320751470011858664e-03,-1.604871196723700599e-04,-5.500532076234812551e-03,4.706150176263246276e-04,-1.387986893867793059e-04,-3.036290330194549303e-03,1.416721662271344662e-03
1.782459010474246597e-05,1.946805918368488264e-03,2.328657046331089608e-03,-2.522204058626451029e-03,-2.892323200409940842e-04,-5.597674926879070423e-03,7.070613442782536229e-04,-1.135401777227484921e-05,-2.905293197575362085e-03,1.537457930281066476e-03
-7.931826053951540612e-05,2.121695551465518914e-03,1.902933904245077135e-03,-2.231210478792211571e-03,-2.161520096106983591e-04,-5.606845065599802558e-03,9.557136242394764780e-04,2.250923088796541460e-04,-2.715334058921534122e-03,1.465660528844475730e-03
-3.675555918561390634e-05,2.303840458196038110e-03,1.721441910973481315e-03,-1.994764152140282576e-03,-3.335176585540916561e-04,-5.468546685171493671e-03,9.323567573678442910e-04,3.183211808457930836e-05,-2.872683314666737986e-03,1.543386769646673540e-03
-4.472066832397758596e-05,2.255045956450818512e-03,1.978458789014508890e-03,-1.898140771575643204e-03,-3.567701878715856534e-04,-5.466408932603791793e-03,8.610613625638779967e-04,-2.645817799837163475e-04,-2.553313784695671051e-03,1.502058384963464444e-03
5.789293907040859999e-05,2.269748125246037751e-03,1.779378327023267703e-03,-1.930405337709620306e-03,-2.257730552523984358e-04,-5.439753189440649228e-03,6.056620339929402741e-04,-7.880807535707856637e-04,-2.756780629888155865e-03,1.329301788622894165e-03
-1.715138140692684665e-06,2.363135509559396996e-03,1.768649432935101573e-03,-1.799408205090433088e-03,-9.477592263321121813e-05,-5.594029462660979335e-03,4.939484488223899739e-04,-3.498819276896714126e-04,-2.676402999747889977e-03,1.154296702587626067e-03
-1.911411459178946615e-04,2.186809508952877734e-03,1.712516767958804920e-03,-1.456856094780994981e-03,-3.378554016816859296e-04,-5.546464672156650733e-03,7.230166104096602542e-04,-4.470247783339292846e-04,-2.468713521794563270e-03,1.271379916420151135e-03
-2.018700400060607913e-04,2.111226523961395873e-03,1.871161466804924234e-03,-1.558932508957180940e-03,1.744167352920739100e-04,-5.531762503361431493e-03,4.061930731004553818e-04,-3.656544798549404840e-04,-2.466575769226861392e-03,1.406382534370892445e-03
1.557121921047927016e-04,2.242223656580583091e-03,2.129199620135996396e-03,-1.378850709146825504e-03,1.195974727828674755e-04,-5.073384119917853652e-03,6.990939962553954778e-04,-4.202630268084484033e-04,-2.568652183403047351e-03,1.309239683726634573e-03
5.132944242156461945e-04,2.668091655718213273e-03,1.833457533811325146e-03,-1.668770711243439120e-03,6.406757976555182976e-04,-5.034222786067132915e-03,4.091739941587818619e-04,-2.819646463801395164e-04,-2.420363673694705953e-03,1.224423375507668887e-03
7.827769906870590821e-04,2.596796260914246979e-03,1.671025866587849684e-03,-1.481824679589141547e-03,6.314253873357517088e-04,-5.330636684135428571e-03,2.755291740500209752e-04,-5.023818619142861319e-04,-1.994495674557075771e-03,1.383068074353788202e-03
7.550264066188971945e-04,2.316764870065907145e-03,1.788109080420374752e-03,-1.252756518001871266e-03,6.739880886896532086e-04,-5.493068351358904033e-03,3.769057295412575614e-04,-3.749371902997816752e-04,-1.597038791992355655e-03,1.410640417966901872e-03
6.213815865101363078e-04,2.437501138075628959e-03,2.197340233684272337e-03,-1.310163894063173795e-03,8.749696962086495056e-04,-5.450109427718119459e-03,2.432609094324966748e-04,-6.991106489334791840e-04,-1.406664116005762466e-03,1.508066606556029976e-03
6.235193390778381861e-04,2.595356386385694325e-03,2.488563351946998514e-03,-1.715661148956146298e-03,7.993867112171676448e-04,-5.651769860774383258e-03,3.446374649237332610e-04,-8.718672452740494627e-04,-1.064112005696324359e-03,1.709048214075026273e-03
6.710841295821667885e-04,2.440265642034644689e-03,2.319729886279292552e-03,-1.717728816528651947e-03,5.344563494619480881e-04,-5.718543866377517881e-03,5.656520541948567571e-04,-1.114946724322524174e-03,-9.837343755560584713e-04,1.830964545454116799e-03
8.091983704335281580e-04,2.385657095081136769e-03,2.345330110865323503e-03,-1.809496737862958948e-03,8.046666522589229764e-04,-6.014285952702189131e-03,7.572511868663978074e-04,-1.404869644671027928e-03,-1.327862247854194599e-03,2.101174848251091687e-03
6.075379373772643588e-04,2.400359263876356009e-03,2.642095897869595200e-03,-1.634607104765928298e-03,7.939377581707568465e-04,-6.109440511229941029e-03,7.719533556616170467e-04,-1.690975385374396400e-03,-1.285299546500293100e-03,2.269653489935727353e-03
5.587434356320447604e-04,2.442921965230257508e-03,2.955154883375082919e-03,-1.657859634083422296e-03,1.086838681325696943e-03,-6.271872178453416491e-03,7.276842666731897502e-04,-1.483285907421069694e-03,-1.110409913403262450e-03,2.110942430491230537e-03
6.146582953077961431e-04,2.419894538232908454e-03,2.977626656040621711e-03,-1.562881934379825588e-03,9.751250961551466423e-04,-6.466002193639686091e-03,8.143874419014734967e-04,-1.397766510814330010e-03,-8.739635867513334544e-04,2.056123167982024103e-03
5.029447101372458429e-04,2.344311553241426593e-03,3.127243705843482657e-03,-1.563706899014888352e-03,9.730574285826409930e-04,-6.577304367190936474e-03,1.072425595232545659e-03,-1.296389955323093424e-03,-1.000953113739835865e-03,1.883366571641453824e-03
2.569937867046706570e-04,2.635534671504152771e-03,3.317202844497310621e-03,-1.344319151346834440e-03,9.722324639475782293e-04,-6.684565919666471401e-03,1.040161029098568557e-03,-1.368017577102489946e-03,-1.282791708082597903e-03,2.341744955085031665e-03
3.755025845514903260e-04,3.014158556213258899e-03,3.274012603189241366e-03,-1.634239153443448056e-03,9.408940847248081774e-04,-6.780796665920296729e-03,1.030990890377836422e-03,-1.325454875748588446e-03,-1.475440249062848208e-03,2.230031369914481365e-03
5.619199301879346242e-04,2.880513736104498013e-03,3.613620172526435526e-03,-1.686532949141991700e-03,9.774031103920305386e-04,-6.595024528792889362e-03,1.220950029031664386e-03,-1.194457743129401228e-03,-1.306961607378212542e-03,2.100690257224036017e-03
3.994882629644591621e-04,3.027199589296522553e-03,3.722466191576345729e-03,-1.800302868649919508e-03,1.027333678541894613e-03,-6.817666397061036831e-03,9.310300269350507696e-04,-1.519787005539313673e-03,-1.175964474759025324e-03,1.945599512872986381e-03
2.407772035199623462e-04,2.900210062308020142e-03,3.960776260712492447e-03,-1.866402688447885150e-03,1.136451513921735157e-03,-7.053596041611556733e-03,6.449242862316822977e-04,-1.721447438595577473e-03,-1.251547459750507185e-03,1.993164303377314983e-03
4.783890691970604792e-04,3.068655378552859192e-03,3.930133568962587698e-03,-1.874367797586248829e-03,1.093261272613665902e-03,-6.990031691293766003e-03,5.732966644522857758e-04,-1.634744263367293726e-03,-1.224891716587364621e-03,2.078228997647910137e-03
2.842590540107908792e-04,3.172050287387484513e-03,4.038979588012497901e-03,-1.873111808229729891e-03,1.206382781099482604e-03,-6.738236625390636725e-03,5.625677703641196459e-04,-1.666082642590063778e-03,-1.312883848006679566e-03,2.128159565797774211e-03
4.511272571751517857e-04,3.289133501220009581e-03,3.942150388540219264e-03,-1.939211628027695533e-03,1.123839004237472960e-03,-6.883676479102401879e-03,4.347221265873640883e-04,-1.305366140118890961e-03,-1.494375841278275385e-03,2.104907036480280214e-03
4.503022925400890220e-04,3.177831327668759198e-03,3.830061180253904740e-03,-1.841785439438567429e-03,1.298728637334503611e-03,-6.851725183025902943e-03,6.730321957235108066e-04,-1.257801349614562358e-03,-1.790789739346571041e-03,2.136858332556779150e-03
5.002328606899530961e-04,3.066529154117508815e-03,3.758433558474508218e-03,-1.901393516649668713e-03,1.231954631731368988e-03,-7.014156850249378405e-03,6.927414444931612181e-04,-1.656436127588242768e-03,-1.715835192526660169e-03,2.234284521145907254e-03
3.547930069781879414e-04,2.911438409766459179e-03,3.780905331140047010e-03,-1.644376638608641139e-03,1.208702102413874990e-03,-6.938150631609116270e-03,6.439469427479416197e-04,-1.702393161920029430e-03,-1.687219746654727848e-03,2.266235817222406190e-03
4.718762208107130096e-04,2.799724824595908879e-03,3.972504463811588060e-03,-1.817133234949211418e-03,1.347695971663190329e-03,-7.051920551117044078e-03,3.639155518996017857e-04,-1.626386943279767294e-03,-1.697948640742893978e-03,2.210103152246109537e-03
7.656618990211916387e-04,2.937839065447270248e-03,3.860790878641037760e-03,-1.698624437102391749e-03,1.584142298315119324e-03,-7.149063401761301950e-03,5.323608681444408353e-04,-1.603915170614228503e-03,-1.561164287596297773e-03,2.318949171296019740e-03
5.297322544706717373e-04,3.239042391423113676e-03,3.910721446790901834e-03,-1.579226005047187908e-03,1.947622473736781989e-03,-6.897268335858172672e-03,5.091083388269468379e-04,-1.561352469260327003e-03,-1.555864361308084698e-03,2.150115705628313778e-03
6.323458618650579233e-04,3.377156632274475045e-03,3.899308360994294120e-03,-1.766026993115829558e-03,2.226240771986187639e-03,-6.707309197204344708e-03,3.100278768357056514e-04,-1.465251252980290242e-03,-1.368918329653787125e-03,2.379183867215584058e-03
7.272449743208481143e-04,3.091050891571106574e-03,3.868918384946087863e-03,-1.911466846827594712e-03,2.583823004097041132e-03,-6.487921449536290797e-03,5.476397425128037844e-04,-1.362637645585904056e-03,-1.648949720502126959e-03,2.203382812047155470e-03
6.155313891502978141e-04,3.143132815658852830e-03,4.007216765374396750e-03,-1.731385047017239276e-03,2.392138536548127359e-03,-6.195020526381350701e-03,5.732399670988347351e-04,-1.340165872920365264e-03,-2.042572702802072926e-03,2.069737991938394583e-03
4.120645439578130009e-04,3.073428875189410103e-03,3.595743135109810695e-03,-1.754637576334733273e-03,2.531132405797442697e-03,-6.292163377025608573e-03,2.871342263954662632e-04,-1.335711817652227018e-03,-2.227771749352694397e-03,2.025468902949967287e-03
2.357385433512937389e-04,3.322081155150632958e-03,3.738116438482638748e-03,-1.970802943345700831e-03,2.202660312259213660e-03,-6.034926863324657775e-03,6.336043000529367752e-04,-1.449481737160154826e-03,-2.213069580557475158e-03,1.981199813961539991e-03
2.277734342129300593e-04,3.082177774976810336e-03,3.858852706492360563e-03,-2.062570864680007832e-03,2.013234304482011683e-03,-6.146640448495208076e-03,8.129137736956337790e-04,-1.643611752346424426e-03,-2.282773521026917884e-03,2.078626002550668095e-03
2.744426731865201585e-04,2.948532954868049449e-03,3.754930552785723519e-03,-2.324882328369831663e-03,1.918079745954259785e-03,-5.945658840976211779e-03,9.142903291868703652e-04,-1.588115950262439235e-03,-2.522676901200740507e-03,2.093328171345887334e-03
6.752386850524261241e-04,2.851390104223791577e-03,3.632750101851808799e-03,-1.888455415420639549e-03,2.037478178009463625e-03,-5.716302078993484859e-03,8.594710666776639307e-04,-1.441005413488516407e-03,-2.594474302637331253e-03,1.995038729155323987e-03
7.391397781810332690e-04,2.873861876889330369e-03,3.557167116860326939e-03,-2.000169000591189850e-03,1.988683676264244027e-03,-5.827604252544735242e-03,8.739971453928380152e-04,-7.732322734612662174e-04,-2.728119122746092140e-03,2.183702878068710662e-03
7.820987018218178433e-04,2.994598144899052183e-03,3.440797364647849022e-03,-1.813222968936892276e-03,2.157162317948879693e-03,-5.747226622404469354e-03,9.206663843664281144e-04,-5.522176841901427213e-04,-2.753965225065518885e-03,2.108119893077228801e-03
6.551091748333154330e-04,3.274277914600151607e-03,3.678409230324947155e-03,-1.823951863025058406e-03,2.207092886098743767e-03,-5.813326442202434996e-03,7.190059513101643152e-04,-5.297459115246039296e-04,-2.756032892638024534e-03,2.246418273505537688e-03
9.810414562395619598e-04,3.375654470091388193e-03,3.904359724800396392e-03,-2.067031342073533118e-03,2.163902644790674512e-03,-5.927096361710362804e-03,5.685104254679607116e-04,-7.728253905730786411e-04,-2.416425323300830375e-03,2.283675509734767184e-03
1.000153188311467267e-03,3.364241384294780479e-03,3.658408801367821206e-03,-2.141140765223412123e-03,2.350848676444972085e-03,-5.912394192915143565e-03,5.452578961504667143e-04,-8.988311214743471833e-04,-2.320324107020793614e-03,2.003644118886427350e-03
9.921880791731035876e-04,3.535823158250059328e-03,3.916446954698893368e-03,-2.118668992557873332e-03,2.558538154398298792e-03,-5.959268435290918098e-03,4.501033376227148164e-04,-6.202128232249415341e-04,-2.233579246189984491e-03,2.131088790500931807e-03
1.199877557126430294e-03,3.893405390360912821e-03,4.084925596383529034e-03,-2.310353460106787105e-03,2.689535287017486009e-03,-5.879269941175616077e-03,5.478250825788899547e-04,-6.915082180289078284e-04,-2.186014455685655888e-03,2.082294288755712208e-03
1.097801142950244335e-03,3.690807332425702358e-03,4.134856164533393108e-03,-2.443998280215547991e-03,2.721486583093984946e-03,-5.887235050313979756e-03,4.765296877749236604e-04,-4.550618913769788332e-04,-2.017663795485805101e-03,2.424846399065150315e-03
1.102255198218382581e-03,3.682842223287338679e-03,4.215233794673658996e-03,-2.540229026469373319e-03,2.593640939317229388e-03,-5.979002971648286757e-03,8.190817980843617674e-04,-9.022732977005260002e-04,-2.093246780477286961e-03,2.401898873686969527e-03
1.028145775068503576e-03,3.705313995952877471e-03,4.422433543010348411e-03,-2.937835689500414849e-03,2.850657817358256962e-03,-5.877626416157050171e-03,1.255508711033553881e-03,-6.593064875778098521e-04,-1.823036477680312073e-03,2.330603478883003232e-03
1.122186746180878214e-03,3.474786298899801285e-03,4.288788722901587525e-03,-2.976981124654123900e-03,2.669165824086661143e-03,-5.868998180162829370e-03,1.189408891235588239e-03,-6.326507444146672876e-04,-1.665420793160066193e-03,2.196958658774242346e-03
1.413409864443604391e-03,3.215338582245624854e-03,4.517856884488857805e-03,-2.962278955858904661e-03,2.683867992881880382e-03,-5.822328941189239271e-03,8.080341174274419114e-04,-6.639891236374373396e-04,-2.101033785947323262e-03,2.211889203785843971e-03
8.798593671402593630e-04,3.383817223930260520e-03,4.632303731257322865e-03,-3.042667124359396680e-03,2.525525740364534255e-03,-5.889102946792373894e-03,6.792889170588178871e-04,-7.188083861466437741e-04,-1.997638877112697942e-03,1.933912771107784700e-03
8.085639723362930686e-04,3.184736761939019334e-03,4.757323972727753314e-03,-3.097275671312904599e-03,2.514796846276368125e-03,-5.973919255011339580e-03,6.207821137542840484e-04,-8.876418518143497360e-04,-1.950074086608369339e-03,2.226501191896906873e-03
7.769800180350422414e-04,2.906603522886491708e-03,4.324453242781176043e-03,-3.128614050535674651e-03,2.445092905806925399e-03,-5.706602552484715818e-03,4.294145340782845599e-04,-9.160856428840624677e-04,-2.016848092211503962e-03,2.248972964562445664e-03
8.134890437022646026e-04,2.719802534817850059e-03,4.227310392136918171e-03,-3.171804291843743906e-03,2.541194122086962159e-03,-5.888094545756311637e-03,6.163605657325821330e-04,-8.640037187963162113e-04,-2.259927571259978674e-03,2.225720435244951667e-03
9.670980887580005181e-04,2.718977570182787296e-03,4.395789033821553837e-03,-3.268947142488001778e-03,3.001893938386346328e-03,-6.277542712836814420e-03,3.971330779576204284e-04,-7.665775302071881070e-04,-2.091448929575343008e-03,2.052963838904381388e-03
1.203544415409929513e-03,2.808349552625780121e-03,4.582206379457998136e-03,-3.458373150265203755e-03,2.978641409068852330e-03,-6.275404960269112542e-03,3.963081133225576647e-04,-1.128599282098907697e-03,-1.902784780661956332e-03,2.191262219332690275e-03
1.246107116763831013e-03,2.425332247095915439e-03,4.612252593327023642e-03,-3.268414011611375791e-03,2.976573741496346681e-03,-6.260878881553938458e-03,4.187798859880964564e-04,-1.561470012045484967e-03,-1.703983710852424727e-03,2.332957413334404984e-03
1.180007296965865371e-03,2.329101500842090111e-03,4.449820926103548180e-03,-3.467494473602616978e-03,2.948129950426633950e-03,-6.332506503333334980e-03,4.454356291512390209e-04,-1.422476142796169629e-03,-1.802273153042988074e-03,2.444401184093350499e-03
1.152069377437711650e-03,2.328276536207027347e-03,4.405551837115120883e-03,-3.151089464176817789e-03,2.904939709118564695e-03,-6.485967274478129929e-03,2.726790328106687422e-04,-1.499227112544146423e-03,-1.894041074377295075e-03,2.626546090823869695e-03
1.108879136129642395e-03,2.496755177891663013e-03,4.410851763403333958e-03,-3.410146033661742848e-03,2.684522493584418079e-03,-6.358522602863625472e-03,6.302612649215222351e-04,-1.392462607853792167e-03,-1.755742693948986188e-03,2.445054097552273875e-03
8.473585395315091917e-04,2.473807652513482225e-03,4.277206943294573072e-03,-3.751143619582800182e-03,2.640253404595990783e-03,-6.151322854526936057e-03,5.976147482013027812e-04,-1.173074860185738255e-03,-1.852885544593244060e-03,2.357061966132958930e-03
8.393934303931455121e-04,2.472982687878419461e-03,4.180976197040747744e-03,-3.653717430993672077e-03,2.477821737372515321e-03,-6.066258160256340903e-03,7.161235460481224502e-04,-8.794933340880856099e-04,-1.901680046338463659e-03,2.219062411904115795e-03
1.068461591980415792e-03,2.652292161521116465e-03,4.209548593718387410e-03,-3.835209424265267897e-03,2.366108152201965020e-03,-6.491981302342353377e-03,5.480310472319172010e-04,-6.718038561347589033e-04,-1.821302416198197771e-03,1.979159031730293172e-03
1.247771065623112796e-03,2.556061415267291137e-03,4.430563182989510906e-03,-4.094657140919444327e-03,2.268965301557707148e-03,-6.642476828184556981e-03,5.048408059238479462e-04,-8.644523971150092079e-04,-1.951259896702473018e-03,1.683416945405621923e-03
1.097275539780909193e-03,2.636439045407557025e-03,4.473125884343412406e-03,-4.305730660663364961e-03,2.390881632936797674e-03,-6.541100272693320394e-03,1.318503729867970264e-04,-8.214934734742246336e-04,-2.210316466187398077e-03,1.617317125607656281e-03
1.334887405458007326e-03,2.460342501968498796e-03,4.441787505120642354e-03,-4.273779364586866025e-03,2.283620080461262747e-03,-6.526398103898101155e-03,2.013678781624672620e-05,-7.990217008086858419e-04,-1.716819446248088465e-03,1.807276264261484244e-03
1.503332721702846375e-03,2.363199651324240924e-03,4.433822395982278675e-03,-3.934210824863601519e-03,2.228800817952056312e-03,-6.355766546529847960e-03,7.221871190399298257e-05,-1.123195159442383351e-03,-1.636441816107822578e-03,1.944060617408080449e-03
1.535284017779345311e-03,2.365337403891942802e-03,4.725045514245004852e-03,-4.180161748296176705e-03,2.367099198380365199e-03,-6.126027216546647836e-03,3.017719563695175911e-04,-1.691300502558668040e-03,-1.721258124326788264e-03,2.245263943383923877e-03
1.611290236419607447e-03,2.503635784320251689e-03,4.655341573775562125e-03,-4.251457143100142999e-03,2.253329278872437391e-03,-6.201610201538129696e-03,2.301443345901210691e-04,-1.569384171179577514e-03,-2.048402452385647554e-03,2.393552453092265275e-03
1.545190416621641805e-03,2.241324320630427858e-03,4.677813346441100917e-03,-4.138364937262398180e-03,2.350755467461565495e-03,-6.277193186529611557e-03,1.280679204139351102e-04,-1.796708573362643113e-03,-2.000119521615356666e-03,2.134495883607340216e-03
1.417344772844886247e-03,2.442305928149424155e-03,4.503989715732764632e-03,-4.090800146758069578e-03,2.281051526992122769e-03,-6.245241890453112621e-03,2.867126192600544243e-04,-1.354016761401150015e-03,-2.002187189187862315e-03,2.342185361560666923e-03
1.394092243527392250e-03,2.376206108351458512e-03,4.432694320928798337e-03,-4.198232254391351392e-03,2.185896968464370871e-03,-5.819373891315482439e-03,2.563226432118481668e-04,-1.011464651091711908e-03,-1.833741872943023266e-03,2.311542669810762174e-03
1.339272981018185815e-03,2.184482387556599403e-03,4.357111335937316476e-03,-3.855680144081913285e-03,2.384698038273902476e-03,-5.940548879057497289e-03,9.761158376735135089e-05,-1.270521220576636967e-03,-1.736315684353895161e-03,2.326244838605981413e-03
1.507751622702821481e-03,2.092714466222292402e-03,4.260282136465037839e-03,-3.678018464995436165e-03,2.088955951949231227e-03,-5.938411126489795411e-03,1.311056883195743650e-04,-1.384291140084564775e-03,-1.680819882269909971e-03,2.533934316559308120e-03
1.326259629431225662e-03,1.812683075373952568e-03,3.998761539866904635e-03,-3.749313859799402460e-03,2.257306612149082015e-03,-6.282538998787931539e-03,-2.130221839785617632e-04,-1.237605286892540235e-03,-1.884682606739698785e-03,2.680620169751332660e-03
1.563871495108323795e-03,1.835154848039491360e-03,4.137059920295213522e-03,-3.971955728067549929e-03,2.075814618877486195e-03,-6.185093801568092298e-03,-3.113116261691251108e-04,-1.260632713889889289e-03,-1.838013367766108686e-03,2.949077508777389611e-03
1.593917708977349301e-03,1.837292600607193238e-03,4.041905361767461624e-03,-3.891578097927284041e-03,1.964101033706935895e-03,-5.860541605276201049e-03,-3.829392479485216327e-04,-1.686355855975901763e-03,-2.099548603563899940e-03,2.902203266401615078e-03
1.466072065200593744e-03,2.053966096524126317e-03,3.974400293444299570e-03,-3.934768339235353296e-03,1.862024619530749936e-03,-5.805045803192215859e-03,-5.579443339837897309e-04,-1.855189321643607725e-03,-2.146422845939674473e-03,2.700542833345351279e-03
1.394274663764002997e-03,2.143338078967119142e-03,4.181600041780988986e-03,-3.958125206106985483e-03,1.942402249671015824e-03,-5.784683372079740815e-03,-4.149439845918811987e-04,-1.835480072873957313e-03,-2.356179299154131934e-03,2.723014606010890071e-03
1.362010097630025895e-03,2.111754124665868315e-03,4.319898422209297872e-03,-3.953671150838847237e-03,1.830688664500465523e-03,-5.807935901397234812e-03,-3.848977707228556921e-04,-1.732085164039331993e-03,-2.425883239623574661e-03,2.564672353493543944e-03
1.459436286219154000e-03,1.922328116888666338e-03,4.362461123563199372e-03,-3.766725119184549664e-03,1.832826417068167402e-03,-6.316404449760795736e-03,-1.638831814517321961e-04,-1.798184983837297635e-03,-2.177230959662351806e-03,2.587144126159082735e-03
1.286679689878583721e-03,1.944799889554205130e-03,4.465856032397824693e-03,-3.344322484307118981e-03,2.024168393650133124e-03,-6.510534464947065336e-03,-4.222879600875861783e-04,-1.711481808609013888e-03,-2.030545106470327266e-03,2.542875037170655439e-03
1.395525708928493924e-03,1.772043293213634851e-03,4.523503503384679325e-03,-3.175843842622483315e-03,2.121594582239261229e-03,-6.508396712379363458e-03,-5.360578795955139864e-04,-1.563193298900672490e-03,-1.687992996160889159e-03,2.361383043899059619e-03
1.363261142794516823e-03,2.114595403523072958e-03,4.451706101948088579e-03,-3.037729601771121946e-03,2.259708823090622598e-03,-6.493694543584144219e-03,-8.259778816921276023e-04,-1.469805914587313245e-03,-1.850424663384364621e-03,2.550047192812446295e-03
1.066847244726221167e-03,2.344148647988597567e-03,4.477306326534119529e-03,-2.928611766391281401e-03,2.346411998318906345e-03,-6.790108441652439875e-03,-8.112757128969083631e-04,-1.011427531143735403e-03,-1.413997750435172507e-03,2.396586421667651345e-03
1.201849862676962477e-03,2.482447028416906454e-03,4.604750998148623986e-03,-2.809213334336077561e-03,2.235109824767655962e-03,-6.844716988605947794e-03,-8.390262969650702507e-04,-8.104459236247391063e-04,-1.615450339049764872e-03,2.474312662469849156e-03
1.329294534291466934e-03,2.263219540641944749e-03,4.729703932697462698e-03,-2.881010735772668307e-03,2.036029362776414775e-03,-6.764339358465681906e-03,-8.669642164932239714e-04,-9.066766698785644341e-04,-1.264746254402551728e-03,2.243784965416772970e-03
1.244478226072501248e-03,2.401333781493306119e-03,4.916121278333906996e-03,-3.111538432825744493e-03,1.703917556210507445e-03,-6.732388062389182970e-03,-8.444924438276851797e-04,-6.683666007424177158e-04,-1.403183437818145141e-03,2.024557477641811265e-03
1.116632582295745690e-03,2.373395861965152398e-03,5.114922348143438602e-03,-3.002420597445903949e-03,1.483911383951250218e-03,-6.706787837803152019e-03,-4.018006318661920817e-04,-9.601317512940577004e-04,-1.169200759613145402e-03,1.742718883299049226e-03
9.711927285839805357e-04,2.364225723244420263e-03,5.157485049497340102e-03,-3.279218250112542199e-03,1.608864318500088930e-03,-6.946691217976974642e-03,-2.708034992470048641e-04,-1.098489001800914688e-03,-1.048464491603423587e-03,1.947825149900300756e-03
1.267621422325879155e-03,2.373259181654457928e-03,5.242549743767935255e-03,-3.110739608427906533e-03,1.330887885822029659e-03,-7.058404803147524942e-03,-2.232387087426762617e-04,-9.765726704218241627e-04,-1.247544953594664774e-03,1.753695134714031156e-03
1.239870838257717267e-03,2.572060251463989533e-03,5.480161609445033388e-03,-2.768187498118468426e-03,1.593897959461687552e-03,-7.186250446924280499e-03,1.364439378783860457e-04,-9.348788364259286165e-04,-9.817490517255028637e-04,1.594984075269534340e-03
1.128157253087166967e-03,2.515927586487692880e-03,5.218134079157332739e-03,-2.425635387809030319e-03,1.776042866192206748e-03,-7.254747491832622130e-03,4.623762192846325725e-04,-7.925055330531005637e-04,-9.870535983743933262e-04,1.617455847935073132e-03
1.191721603404957697e-03,2.446223646018250153e-03,5.152034259359367097e-03,-2.722049285877325975e-03,1.642398046083445862e-03,-7.190846398704014986e-03,5.973788372353738829e-04,-1.109329070362305436e-03,-7.290154450433211641e-04,1.300632310625868260e-03
1.289147791994085801e-03,2.347934203827686805e-03,4.924709857176301497e-03,-2.601313017867604160e-03,2.051629199347343446e-03,-7.113120157901817175e-03,6.599089287729620334e-04,-1.290821063633901256e-03,-8.003108398472874585e-04,8.065206833982874191e-04
1.427446172422394688e-03,2.615250906354310567e-03,5.034664694334778368e-03,-2.476292776397173712e-03,2.048641659450442520e-03,-6.762416073254604032e-03,6.366563994554680361e-04,-1.552848593921601905e-03,-8.099732489767058619e-04,9.236038972308124873e-04
1.790926347844057354e-03,2.433758913082714748e-03,4.792338992758701788e-03,-2.657784769668769531e-03,2.004372570462015224e-03,-6.889405600243106442e-03,5.292242918221862213e-04,-1.254285820077083446e-03,-6.306637753340088581e-04,8.519762754514159653e-04
1.899772366893967557e-03,2.217593546071747190e-03,4.893715548249938374e-03,-2.505361705977621201e-03,2.221046066378948303e-03,-6.960700995047072737e-03,4.575966700427896994e-04,-1.074976346434386443e-03,-7.289532175245722057e-04,1.519749415478666155e-03
1.972852677324263282e-03,2.447146790537271799e-03,4.659520024033220187e-03,-2.475315492108595694e-03,2.322422621870184889e-03,-6.697690921407414844e-03,3.402310210993964024e-04,-1.146271741238352737e-03,-9.027768482329084909e-04,1.488411036255896103e-03
2.119538530516287822e-03,2.099634796491917088e-03,4.846466055687517760e-03,-2.674395954099836881e-03,2.188777801761424002e-03,-6.667644707538389337e-03,4.296030035423892279e-04,-1.257985326408903037e-03,-9.695508538360431139e-04,1.626709416684204990e-03
2.297208299031364143e-03,2.257250481012162968e-03,4.916506893240260578e-03,-2.571001045265211560e-03,2.598008955025321587e-03,-6.459955229585062630e-03,2.532770029358699659e-04,-1.149139307358992834e-03,-1.040846248640009408e-03,1.603456887366710992e-03
2.339771000385265642e-03,2.233997951694668971e-03,4.723246702445185741e-03,-2.090322505862413083e-03,2.495932540849135628e-03,-6.509217087721300143e-03,1.615090816015629649e-04,-7.984352227117796907e-04,-1.413836681577060328e-03,2.041655713247825243e-03
2.367207238747850995e-03,1.846013825693326726e-03,4.765809403799087240e-03,-2.075620337067193844e-03,2.447138039103916030e-03,-6.486745315055761352e-03,3.472812187289703312e-04,-9.158008716551729878e-04,-1.162041615673931050e-03,2.056357882043044483e-03
2.515495748456192393e-03,1.923740066495524537e-03,4.737871484270933520e-03,-2.149729760217072849e-03,2.789690149413354137e-03,-6.569708078786803962e-03,5.544809670656597467e-04,-7.293835260187286895e-04,-1.027038997723189739e-03,2.214213130353109849e-03
2.657869051829020446e-03,1.922915101860461773e-03,4.611865753369664978e-03,-2.018732627597885632e-03,2.885791365693390897e-03,-6.438710946167616744e-03,6.558575225568963329e-04,-9.498007415528753050e-04,-9.179211623433491951e-04,2.362501640061451247e-03
2.591095046225885823e-03,2.215816025015401869e-03,4.709291941958793082e-03,-2.451603357544462902e-03,3.016788498312578115e-03,-6.190058666206393889e-03,7.765937905666181473e-04,-5.922185094420218121e-04,-9.483111383915554526e-04,2.394378216167183937e-03
2.632032729342731470e-03,2.486026327812376757e-03,4.450235372473868023e-03,-2.313304977116154015e-03,3.031490667107797354e-03,-5.960990504619123609e-03,5.150585547688268928e-04,-3.546066437649236791e-04,-1.074316869292823995e-03,2.688796782156790965e-03
2.663234240121270524e-03,2.541522129896361948e-03,4.248574939417604224e-03,-2.463800502958357619e-03,2.939722745773490353e-03,-6.256732590943794858e-03,4.844158630189221437e-04,-8.283627122867287529e-04,-1.335837465890957199e-03,2.797914617536631510e-03
2.811522749829611922e-03,2.679636370747723317e-03,4.049494477426363037e-03,-2.523408580169458904e-03,3.147412223726817060e-03,-6.171667896673199705e-03,3.680461108064442266e-04,-6.509200635538697766e-04,-1.153692559160438003e-03,2.818277048649106553e-03
2.802352611108879787e-03,2.765957739403940296e-03,4.038765583338196907e-03,-2.334744431256072228e-03,2.911482579176297159e-03,-6.114020425686345073e-03,6.592692290691704038e-04,-4.457922445751105744e-04,-9.172462325085090074e-04,2.844932791812249118e-03
2.903729166600116374e-03,2.523632037827863717e-03,4.015738156340847853e-03,-2.556572623535813271e-03,2.996547273446892312e-03,-5.975722045258036186e-03,5.917641607460083497e-04,-6.272842378467063940e-04,-1.207166234605122623e-03,2.871712234878767700e-03
3.285113918398488431e-03,2.247103413572107411e-03,4.016994145697366791e-03,-2.534100850870274479e-03,2.805179693770892824e-03,-5.684498926995310009e-03,8.881928544879069687e-04,-7.389978230172566942e-04,-1.238750188906373451e-03,2.894184007544306492e-03
3.365491548538754318e-03,2.348479969063343997e-03,3.959586769636064263e-03,-2.631243701514532352e-03,2.750360431261686389e-03,-5.974418929091923625e-03,7.895849763379786390e-04,-1.028917825113870310e-03,-1.478653569080196073e-03,2.786751899911024677e-03
3.804189301163676817e-03,2.172153968456824735e-03,3.700530200151139204e-03,-2.674433942822601606e-03,2.623370904273183979e-03,-6.401265708697548296e-03,5.857222518681898249e-04,-9.954237205616472961e-04,-1.369535733700355529e-03,2.764625682492152792e-03
3.780936771846182820e-03,1.926203045024249549e-03,3.756026002235124395e-03,-2.981875778999415472e-03,2.380291425224709267e-03,-6.649427455017828392e-03,7.238364927195511944e-04,-1.050242983070853731e-03,-1.326576810059570954e-03,2.965607290011149089e-03
3.890054607226023364e-03,1.553212612087198630e-03,3.431852543601426886e-03,-3.109721422776171029e-03,2.722843535534147374e-03,-6.803703728238158499e-03,7.578111840253476394e-04,-8.753533499738230805e-04,-1.285639126942725308e-03,2.890024305019667228e-03
3.892192359793725243e-03,1.441499026916648329e-03,3.522986541431988305e-03,-3.152911664084240284e-03,2.665551532604032436e-03,-6.874999123042124793e-03,7.557435164528419902e-04,-9.196224389622503770e-04,-1.137350617234383909e-03,3.021021437638854445e-03
3.668017567931530776e-03,1.327729107408720521e-03,3.541670505437161109e-03,-3.014613283655931397e-03,2.694166978475964758e-03,-6.535391553704930634e-03,9.107969505056795478e-04,-1.243795897595947886e-03,-1.203450437032349551e-03,2.862310378194357630e-03
3.696589964609170442e-03,1.297339131360514264e-03,3.470375110633194815e-03,-3.183446749323637359e-03,2.597024127831706886e-03,-6.612142523452907428e-03,9.574661894792696470e-04,-1.166069656793750076e-03,-1.014786288118962876e-03,3.140928676443763279e-03
3.665006010307919615e-03,1.178068914064911432e-03,3.443580645461866152e-03,-3.140884047969735859e-03,2.818177075070094073e-03,-6.375696196800978433e-03,9.858945715459366266e-04,-1.232169476591715718e-03,-9.056684527391223316e-04,3.167708119510281861e-03
3.728570360625710345e-03,1.258446544205177320e-03,3.523958275602132040e-03,-3.268729691746491417e-03,3.019158682589090370e-03,-6.387109282597586146e-03,9.145991767419703322e-04,-1.111433208581993903e-03,-1.033514096515877889e-03,3.245434360312479671e-03
4.054889609621178947e-03,1.306011334709505922e-03,3.731647753555458746e-03,-3.047715102475367921e-03,3.041630455254629162e-03,-6.720337898971362467e-03,1.045596309361157550e-03,-7.022020553180963187e-04,-1.208519182551145987e-03,3.295364928462343745e-03
3.926144409252554923e-03,1.506992942228502219e-03,3.656064768563976886e-03,-2.909416722047059034e-03,3.213212229209908011e-03,-6.930094352185819928e-03,7.244043328510085811e-04,-6.047758667289682144e-04,-9.299008843017403381e-04,3.616197818320648905e-03
3.940846578047774162e-03,1.499027833090138540e-03,3.830954401661007536e-03,-3.199336724143672650e-03,3.086222702221405600e-03,-6.907622579520281136e-03,6.695850703418021466e-04,-5.823040940634294227e-04,-1.251092860811889307e-03,3.618335570888350783e-03
3.729229961465449494e-03,1.513730001885357779e-03,3.853426174326546327e-03,-3.372093320484242929e-03,2.698238576220063356e-03,-7.021392499028208944e-03,6.886968024137074540e-04,-3.958867484269851245e-04,-1.283357426945866409e-03,3.646907967565990449e-03
3.727162293892943845e-03,1.384388889194912431e-03,3.954802729817782914e-03,-3.305604022087488270e-03,2.560239021991220221e-03,-6.941014868887943057e-03,7.780687848567002796e-04,-4.262767244751913820e-04,-1.202979796805600521e-03,3.367403122817955174e-03
3.909307200623463041e-03,1.276956781561630616e-03,3.997365431171684413e-03,-3.225226391947222382e-03,2.280207631142880387e-03,-6.766125235790912407e-03,7.927709536519195188e-04,-1.692598464341638076e-04,-1.034629136605749733e-03,3.365335455245449525e-03
4.006733389212591145e-03,8.793501185305890866e-04,3.807939423394482437e-03,-3.394059857614928344e-03,2.547524333669504149e-03,-6.676753253347919581e-03,1.050809106982991681e-03,-2.980050468027878319e-04,-7.776122585647221586e-04,3.238345928256947115e-03
4.227747978483714641e-03,8.679370327339813729e-04,3.888317053534748324e-03,-3.689801943939599593e-03,2.579475629746003085e-03,-6.234061441386426483e-03,1.213727159420141533e-03,-4.707616431433581106e-04,-7.796799261372278078e-04,3.039265466265705928e-03
4.125671564307528683e-03,8.411425675626527099e-04,3.706825060263152505e-03,-3.593700727659562832e-03,2.336396150697528373e-03,-6.540037809023069304e-03,1.344724292039328750e-03,-4.787267522817217902e-04,-4.632749167114286193e-04,3.109522064682623821e-03
4.619168584246838294e-03,8.126987764929399782e-04,3.943271386915081500e-03,-3.775192720931158652e-03,2.319761332267800125e-03,-6.420639376967865464e-03,1.479726909990070061e-03,-4.311619617773931878e-04,-5.512670481307435644e-04,3.042016996359461767e-03
4.420088122255597107e-03,5.227787743963263623e-04,3.875766318591919446e-03,-3.798220147928507706e-03,2.484595596294755793e-03,-6.545759684655289012e-03,1.346082089881309174e-03,-4.062005026146675579e-05,-5.746239150023757514e-04,3.107842702994106920e-03
4.588566763940232773e-03,6.253923817907125482e-04,4.113378184269017579e-03,-3.640364899618442340e-03,2.358589865393487250e-03,-6.448333496066160908e-03,1.512950293045670080e-03,-2.420726388760591208e-04,-7.561159082739715709e-04,2.974197882885346034e-03
4.811440810907979815e-03,5.136787966201622480e-04,3.973825958669283120e-03,-3.574539192983797187e-03,2.062175967325191595e-03,-6.562103415574088716e-03,1.486155827874341417e-03,-2.164724142900281700e-04,-8.523466545277968986e-04,2.823702357043142430e-03
4.891818441048245703e-03,7.501251232720912432e-04,3.930919150421652297e-03,-3.353524603712673691e-03,2.038923438007697597e-03,-6.441367147564366902e-03,1.720615454422605439e-03,-2.017702454948089308e-04,-6.654006228734993256e-04,3.072354637004365285e-03
5.030116821476554589e-03,8.811222558912784608e-04,3.900529174373446040e-03,-3.405818399411217334e-03,2.147769457057607800e-03,-6.438892620404576550e-03,1.539123461151009620e-03,-3.329160381017326475e-05,-5.679744342843712213e-04,2.715670491994726099e-03
5.107843062278752400e-03,1.115581882439542483e-03,4.003142781767832226e-03,-3.626235614945363950e-03,2.050626606413349928e-03,-6.697949189889501609e-03,1.889827545798222763e-03,1.964477261730268598e-04,-4.875968041441053336e-04,2.744242888672365766e-03
5.130314834944291191e-03,8.355504915912026487e-04,4.034638210740168485e-03,-3.856763311998440136e-03,1.900131080571146325e-03,-7.026421283427730646e-03,2.464917716147888016e-03,1.416284636638204253e-04,-3.160150301888264845e-04,2.677468883069231143e-03
4.928654401888027392e-03,9.941951904373219628e-04,4.192253895260414365e-03,-3.930872735148319141e-03,1.898063412998640676e-03,-7.240153339992130843e-03,2.647062622878407212e-03,-1.641507499523936486e-04,-7.039991561901687289e-04,2.471719320478085735e-03
5.167292484698438049e-03,8.663495466605664053e-04,4.242184463410278439e-03,-4.038304842781600956e-03,1.871268947827312012e-03,-7.199299182992530133e-03,2.736434605321400038e-03,-2.914813200165233820e-05,-7.707731617933033519e-04,2.692733909749209231e-03
5.358891617369979099e-03,7.039178794370909431e-04,4.140108049234092480e-03,-4.229672422457600445e-03,1.828078706519242758e-03,-7.061000802564221246e-03,2.904913247006035704e-03,2.967841494045941886e-04,-5.630836838399766453e-04,2.581431736197958848e-03
5.493894235320720409e-03,6.482118439200684756e-04,4.128694963437484766e-03,-4.235385707423211521e-03,2.057146868106513038e-03,-6.974255941733412123e-03,2.919615415801254943e-03,2.444903537060505450e-04,-5.295895792877536312e-04,2.819927575725592050e-03
5.424190294851277683e-03,6.907745452739699754e-04,4.397152302463541718e-03,-4.046721558509824845e-03,1.811195944673937852e-03,-7.026549737431955767e-03,3.047060087415759400e-03,3.405915699860873058e-04,-7.023461756283239099e-04,3.056373902377521046e-03
5.559192912802018993e-03,4.770424887095697786e-04,3.752438511344186045e-03,-3.869348756328286343e-03,1.877362592045447864e-03,-7.155294937800579791e-03,3.066171819487664707e-03,6.122464868010268901e-04,-6.722999617592984034e-04,3.243319934031818619e-03
5.780207502073142489e-03,5.179801718264154253e-04,3.721795819594281296e-03,-3.996338283316788753e-03,1.899834364710986656e-03,-7.132823165135040999e-03,3.246253619298020143e-03,3.640847404807467935e-04,-9.797417979361122686e-04,3.425464840762337815e-03
5.900943770082864304e-03,5.326823406216346646e-04,4.064347929903719403e-03,-4.045132785062008351e-03,2.077504133226062977e-03,-7.208406150126522860e-03,3.453453367634709559e-03,5.356665144360256425e-04,-1.007492382004274156e-03,2.835402974604592230e-03
5.950874338232728378e-03,6.750556439944627174e-04,4.358133608114198032e-03,-4.002570083708106852e-03,2.208501265845250194e-03,-7.161736911152932761e-03,3.500799967237067101e-03,2.144745379258766738e-04,-9.927902132090549170e-04,2.755014806104100211e-03
5.833508689289335081e-03,5.779127933502048453e-04,4.786158055825537327e-03,-4.155500512916784905e-03,2.074856445736489308e-03,-6.925290584501003766e-03,3.257720488188592389e-03,1.388915529343948130e-04,-7.563438865571259218e-04,2.890017424054841522e-03
5.763804748819892354e-03,6.582904234904707330e-04,4.827095738942382974e-03,-4.002038141458566511e-03,2.064127551648323178e-03,-6.790287966550262455e-03,3.286292884866232056e-03,7.928347572329352833e-05,-9.554243485483671083e-04,3.218472799827801212e-03
5.661728334643706395e-03,6.260258573564936313e-04,4.869658440296284474e-03,-4.156314414678896618e-03,1.852510935065998510e-03,-6.798253075688626135e-03,3.161960311890282815e-03,-5.871607850554960706e-05,-1.004218850293586707e-03,3.321867708662426533e-03
5.631338358595500138e-03,5.166145136938221638e-04,4.798030818516887952e-03,-4.223088420282031241e-03,1.918336641700643663e-03,-6.807915484818044538e-03,3.251332294333275641e-03,3.871011008357849725e-05,-9.786186257075557560e-04,3.194878181673924122e-03
5.869648427731646856e-03,6.940571624266811401e-04,4.966509460201523618e-03,-4.669880706040102636e-03,1.907607747612477533e-03,-7.097835486914658154e-03,3.287841320000498002e-03,6.118188274911728897e-05,-9.639164569123365167e-04,3.428860859878923861e-03
5.680222419954444879e-03,8.689467955237117902e-04,4.707452890716598559e-03,-5.010878291961159969e-03,1.600165911435663668e-03,-7.152654749423864589e-03,3.368218950140763890e-03,6.243787210563622736e-05,-1.145408450183932336e-03,3.295216039770162975e-03
5.702694192619983671e-03,5.725328974554161343e-04,4.532447804681330461e-03,-5.139623492329783994e-03,1.786583257072107966e-03,-7.158368034389475665e-03,3.319424448395544291e-03,1.091071110792263266e-04,-1.295903976026135940e-03,3.320937543336136000e-03
5.659503951311914416e-03,5.811611334496369352e-04,4.883151889328543604e-03,-5.038246936838547407e-03,1.944198941592353846e-03,-7.207162536134695263e-03,3.146667852054974013e-03,-3.237636188673509441e-04,-1.157789735174774570e-03,3.170442017493932396e-03
5.778902383367118256e-03,4.519740285093137855e-04,5.084133496847539901e-03,-5.008200722969521901e-03,1.936233832453990167e-03,-6.788457950109627603e-03,3.145842887419911249e-03,-6.572546553627878207e-05,-8.299454443720100105e-04,2.947800149225784927e-03
5.825571622340708355e-03,6.779245229847630227e-04,5.282934566657071507e-03,-4.514703703030212290e-03,2.071236450404731477e-03,-6.691031761520499499e-03,3.093549091721367605e-03,7.257291489203010482e-05,-5.916353752358632923e-04,2.688743579740859868e-03
5.960574240291449666e-03,5.274289971425594192e-04,5.325497268010973007e-03,-4.285150458564687681e-03,2.018942654706187834e-03,-6.965928758310604985e-03,2.776725554412162733e-03,-1.547514872910354944e-04,-7.186249022243657025e-04,2.630236776436326029e-03
6.123492292728599518e-03,6.168009795855522448e-04,5.213783682840422706e-03,-4.356947860001278428e-03,2.344874936112434360e-03,-6.844012426931514459e-03,2.919098857784990786e-03,-6.804831206275174793e-05,-7.039227334291464633e-04,2.355339779646220544e-03
6.270178145920624058e-03,7.702633510437706388e-04,5.133395514339930688e-03,-3.914256048039785330e-03,2.502490620632680240e-03,-6.518080145525267932e-03,3.057397238213299673e-03,-1.168428138079713463e-04,-3.504163420150058217e-04,2.344610885558054414e-03
6.359550128363616883e-03,8.896617830989744791e-04,5.413075284041030111e-03,-3.947404662694872779e-03,2.759507498673707815e-03,-6.260041992194195770e-03,2.751618024597085599e-03,-1.546625831673476004e-05,-1.819377003303701557e-04,2.124193670023907798e-03
6.160469666372375697e-03,1.060293340467227674e-03,5.084603190502801073e-03,-4.022987647686354640e-03,2.702100122612405286e-03,-6.022430126517097637e-03,2.676035039605603738e-03,-2.277203474975036945e-04,5.567416534672797734e-05,2.167152593664692373e-03
5.950713213157918235e-03,9.564429934001417166e-04,5.435307275150014217e-03,-3.967491845602369449e-03,2.796324451595041949e-03,-6.134143711687647937e-03,2.584267118271296737e-03,-3.014887471775307137e-04,8.127438993275892809e-05,2.250190804094928665e-03
5.893305837096615707e-03,7.749510001285458971e-04,5.612749923882873193e-03,-3.528794092977446950e-03,2.668478807818286391e-03,-5.926454233734321231e-03,2.586404870838998615e-03,-2.211111170372648260e-04,7.596984328386846563e-05,2.174607819103446804e-03
5.759661016987854820e-03,6.527705491946311778e-04,5.369670444834398482e-03,-3.380505583269105552e-03,2.765904996407414496e-03,-6.076949759576524834e-03,2.622913896506220977e-03,8.442127428259782462e-06,-1.918471524388343230e-05,1.993115825831850985e-03
5.837387257790052630e-03,8.010590589029725761e-04,5.508664314083713820e-03,-3.381330547904168315e-03,2.882755511145543292e-03,-5.902060126479494184e-03,2.398739104644026510e-03,4.176732806921573671e-04,-1.775269677612295594e-04,1.865270182055095427e-03
5.984073110982077170e-03,7.578688175949033212e-04,5.556870184647760835e-03,-3.294627372675884569e-03,2.925318212499444792e-03,-5.763761746051185297e-03,2.518137536699230350e-03,2.035646851550609870e-04,-9.082379253294581289e-05,1.412917655568904363e-03
5.702234516639315132e-03,9.869369791821736015e-04,5.443100265139833027e-03,-3.415802360417899419e-03,3.036761983258390307e-03,-5.708265943967200107e-03,2.747205698286500630e-03,6.619430685986388285e-04,-7.612162373772657364e-05,1.369727414260835108e-03
5.691505622551149002e-03,1.073640154410457348e-03,5.153180263043219411e-03,-3.257947112107834053e-03,2.992492894269963011e-03,-5.693739865252026022e-03,2.488149128801575571e-03,4.004224720005056248e-04,1.498288707377226636e-04,1.240540309320511958e-03
5.168006648964079686e-03,8.921481611388615285e-04,5.172291995115124719e-03,-3.385792755884589611e-03,3.200182372223289717e-03,-5.674030616482375611e-03,2.422049309003609929e-03,3.291270771965393305e-04,1.764846139008652282e-04,1.497776823021462755e-03
5.182708817759298925e-03,9.146199338044003202e-04,4.926341071682549533e-03,-3.217442095684738823e-03,3.338480752651598604e-03,-5.895858808762116654e-03,2.441758557773260341e-03,3.515988498620781222e-04,1.332943725927959733e-04,1.454586581713393501e-03
4.971092201176974257e-03,1.033128731651219989e-03,5.022442287962586294e-03,-3.086444963065551605e-03,3.353006831366772689e-03,-5.906587702850282784e-03,2.180237961175127137e-03,3.850929544143011363e-04,6.199897778882967891e-05,1.633896055356090504e-03
5.007184494210337178e-03,1.142246567031060533e-03,4.999085421090954107e-03,-3.280574978251821205e-03,3.319858216711685239e-03,-6.099847893645357622e-03,2.348716602859762803e-03,5.754676304008943255e-04,1.970015957395709894e-04,1.537593238599380130e-03
4.833360863502000893e-03,9.607545737594647139e-04,4.702332001991549326e-03,-3.324844067240248502e-03,3.506804248365982812e-03,-6.359295610299534052e-03,2.241284495226480988e-03,8.052069603840944501e-04,6.825639537094696507e-05,1.552523783610981756e-03
4.498886321021647317e-03,1.230964876556439602e-03,4.722041250761199738e-03,-3.088310755001572039e-03,3.510562001162023660e-03,-6.237379278920443526e-03,2.266884719812511939e-03,9.026331489732225544e-04,8.736812744285227250e-05,1.760213261564308462e-03
4.585589496249931063e-03,1.279675313848510632e-03,4.416064883124556917e-03,-3.168698923502064058e-03,3.611938556653260246e-03,-6.339455693096629485e-03,2.289356492478050731e-03,1.033630281592409772e-03,-4.197298524759307536e-05,1.736960732246814465e-03
4.756221053618184258e-03,1.347329424453799773e-03,4.595374356767253921e-03,-2.829091354164869898e-03,3.425137568584618597e-03,-6.311883349483515815e-03,2.399311329636527601e-03,1.056102054257948564e-03,9.302963270314823507e-05,1.603315912138053578e-03
4.554768465003591893e-03,1.534275456108097346e-03,4.763852998451889587e-03,-2.979586880007073502e-03,3.313835395033368214e-03,-6.377983169281481457e-03,2.589270468290355565e-03,1.045373160169782434e-03,8.213324484182549234e-06,1.725232243517144104e-03
4.443466291452341510e-03,1.291195977059622635e-03,5.034063301248864475e-03,-2.810408462878652425e-03,3.141078798692797935e-03,-6.673725255606152706e-03,2.438774942448151961e-03,8.638811668981866143e-04,1.981724631380105128e-04,1.637240112097829159e-03
4.372170896648375216e-03,1.165190246158354093e-03,5.062635697926504141e-03,-2.795706294083433185e-03,2.747455816392851968e-03,-6.572348700114916120e-03,2.192824019015576775e-03,5.859047342201273434e-04,-4.490701591046419860e-05,1.824186143752126732e-03
3.971806658910947974e-03,9.346625491052779067e-04,5.184552029305594667e-03,-2.907008467634683568e-03,2.820536126823147693e-03,-6.557646531319696881e-03,2.081110433845026475e-03,7.931044825568167589e-04,-4.697468348296984786e-05,2.081422657453077529e-03
3.675392760842652318e-03,1.021365724333561653e-03,5.315549161924781885e-03,-2.587776854454520992e-03,2.580632746649325071e-03,-6.872182424946707280e-03,2.095812602640245714e-03,9.607207526427796740e-04,4.912653279706691301e-05,2.026603394943871095e-03
3.697864533508191109e-03,1.062303407450407300e-03,5.122288971129707047e-03,-2.419331538209681942e-03,2.549048792348074244e-03,-6.857656346231533195e-03,2.138771526281030289e-03,1.257149446384678293e-03,5.265670078068579452e-04,2.015874500855704965e-03
3.886528682421577785e-03,9.118078816082036964e-04,5.154240267206205983e-03,-2.451596104343659044e-03,3.084302134116007066e-03,-6.762678646527936488e-03,1.937318937666437924e-03,1.190375440781543670e-03,3.929221876980970585e-04,1.957367697551171126e-03
4.076487821075405749e-03,9.342796542737424881e-04,5.174602698318681027e-03,-2.597035958055424198e-03,3.099004302911226305e-03,-6.838261631519418349e-03,1.978256620783283570e-03,1.167122911464049673e-03,4.903483762872251628e-04,1.949402588412807447e-03
3.901482735040137650e-03,8.049385415832971402e-04,5.283720533698521571e-03,-2.522081411235513326e-03,2.965359482802465418e-03,-6.671393428355057442e-03,2.109253753402470788e-03,1.445741209713455322e-03,4.242485564892595207e-04,1.938673694324641317e-03
4.153277800943266929e-03,6.197394950326756691e-04,5.379821749978558332e-03,-2.566350500223940623e-03,3.214011762763688274e-03,-6.550657160345335628e-03,1.995483833894542980e-03,1.662414705630388401e-03,8.501165556268897028e-04,2.176285560001739450e-03
4.056134950299009057e-03,5.441565100411938083e-04,5.609561079961758456e-03,-2.636054440693383349e-03,3.352310143191997160e-03,-6.883885776719111949e-03,1.519272973140556315e-03,1.236691563544375927e-03,7.279361046929749834e-04,2.366244698655567413e-03
4.045406056210842927e-03,6.824548904695026952e-04,5.385386288099563989e-03,-2.384259374790254071e-03,3.109230664143522449e-03,-7.073311784496313925e-03,1.390527772771932291e-03,1.111571255856952378e-03,5.288556427017337969e-04,2.462345914935604174e-03
3.978632050607708304e-03,8.291407436615272353e-04,5.222954620876088527e-03,-2.048089356398760663e-03,3.098501770055356319e-03,-6.614933401052736084e-03,1.235437028420882655e-03,1.204958640170311623e-03,6.249568589817705577e-04,2.484817687601142966e-03
4.113634668558449614e-03,1.008450217304224239e-03,5.632185774139986112e-03,-2.039461120404539862e-03,3.284919115691800617e-03,-6.659202490041163380e-03,1.108447501432380244e-03,1.078952909269043081e-03,4.486308583752512957e-04,2.714370932066667574e-03
4.314616276077445911e-03,9.652599759961549841e-04,5.764682927427933201e-03,-2.232721311199614700e-03,3.213291493912404095e-03,-6.644500321245944141e-03,1.130919274097919036e-03,1.110829485374775771e-03,7.420459807958301734e-04,3.172749315510245416e-03
4.018202378009150255e-03,8.514900564882271761e-04,5.606340674910587074e-03,-2.334797725375800659e-03,3.359261903324861631e-03,-6.768832894221893381e-03,7.799561127046494846e-04,8.908233131155185447e-04,6.846386047345276449e-04,3.259494176341054539e-03
3.986863998786380203e-03,7.929832531836933374e-04,5.557546173165367476e-03,-2.367062291509777761e-03,3.182935902718342369e-03,-6.511816016180865807e-03,6.175244454811740225e-04,8.191956913361220227e-04,5.894840462067757469e-04,3.248765282252888409e-03
4.121866616737121514e-03,9.516279520298126515e-04,5.572248341960586715e-03,-2.415856793254997359e-03,2.886522004650046713e-03,-6.282076686197665683e-03,2.239014631812280554e-04,7.959431620186280254e-04,8.192233761899758715e-04,3.093674537901838772e-03
4.355849294942121253e-03,9.283754227123186542e-04,5.888653351386385904e-03,-2.374919110138151712e-03,2.918473300726545649e-03,-6.305104113195014737e-03,-6.626233871848130619e-06,6.231865656780577467e-04,9.042880704605710251e-04,3.214410805911560587e-03
4.556830902461117550e-03,9.783059908621827283e-04,5.786576937210199945e-03,-2.311018017009544567e-03,3.139487889997669146e-03,-6.047065959863942575e-03,-1.826485459699156433e-04,3.267726676097620908e-04,6.143680683639574092e-04,3.063915280069356983e-03
4.695129282889426436e-03,1.003906215448213679e-03,5.657389832269876795e-03,-2.343282583143521669e-03,3.205313596632314299e-03,-6.130028723594985185e-03,-1.679463771746964040e-04,5.837895456507896652e-04,8.043272070177853728e-04,2.854158826854899522e-03
4.518803282282907174e-03,1.271222917974837441e-03,5.689341128346375731e-03,-2.470536276010085186e-03,3.162123355324245044e-03,-5.955139090497954535e-03,2.275277096926708875e-04,5.152925007424480341e-04,8.267989796833241645e-04,2.752082412678713563e-03
4.393682974595483626e-03,1.409521298403146328e-03,5.831620588829591889e-03,-2.797680604068944477e-03,2.872203353227631428e-03,-6.235170481346294369e-03,2.422298784878901268e-04,4.761470655887389825e-04,1.034488457636650871e-03,2.532854924903751859e-03
4.322055352816087104e-03,1.119601296306532712e-03,6.071712175892376995e-03,-2.557589017006159371e-03,2.900775749905271095e-03,-6.096872100917985482e-03,1.450870278436322547e-04,2.770666035974977959e-04,1.202967099321286537e-03,2.872462494240946018e-03
4.402432982956352991e-03,1.096653770928351923e-03,6.005612356094411353e-03,-2.763240298494756830e-03,3.121790339176394591e-03,-6.074400328252446690e-03,1.472247804113341330e-04,2.338763622894285410e-04,1.052471573479082934e-03,2.806362674442980376e-03
4.391704088868186862e-03,1.111179849643526008e-03,5.830607270059143254e-03,-2.874542472046007213e-03,2.831870337079780975e-03,-6.118669417240873987e-03,1.993067044990803893e-04,-5.238048377279036494e-05,1.195471922870991466e-03,2.836116488805134894e-03
4.603983508862208307e-03,1.375351109205696920e-03,5.968905650487452141e-03,-2.985844645597257596e-03,2.551838946231441141e-03,-6.017292861749637400e-03,1.075387831647733883e-04,-6.310937786095649482e-05,1.250967724954976656e-03,2.642856298010060057e-03
5.040410421811400421e-03,1.303723487426300398e-03,5.706594186797628310e-03,-3.373685539536069866e-03,2.796873181530504238e-03,-6.025257970888001080e-03,1.501014845186748881e-04,-2.319428435286624568e-04,1.348393913544104761e-03,2.619828871012711002e-03
4.837812363876189958e-03,1.013803485329686782e-03,5.609451336153370438e-03,-3.202103765580791017e-03,2.556969801356681615e-03,-5.804243381616877584e-03,-8.042621253440129792e-05,-2.411129822493945918e-04,1.281619907940970138e-03,2.871623936915840281e-03
4.637810811658052423e-03,8.859578415529312245e-04,5.656120575126960537e-03,-3.313817350751341317e-03,2.313890322308206904e-03,-5.761680680262976084e-03,-1.652425207533669838e-04,-6.953120829411574277e-05,1.214845902337835515e-03,2.796040951924358420e-03
4.842938630636811626e-03,1.123569707230029358e-03,5.522475755018199650e-03,-3.344207326799547575e-03,2.472535021154326218e-03,-6.076216573889986483e-03,-2.408255057448488445e-04,-3.948499442509023627e-05,1.005089449123378054e-03,2.949503323382576814e-03
4.981237011065120512e-03,1.292048348914665024e-03,5.549255198084718232e-03,-3.205908946371238688e-03,2.353264803858723386e-03,-6.235959064116655681e-03,-1.433993171557207402e-04,3.652122421517189910e-05,6.541262877301085021e-04,3.128812797025273817e-03
4.580872773327693270e-03,8.805747186500789692e-04,5.806272076125745807e-03,-3.249099187679307943e-03,2.330317278480542598e-03,-6.058516415383796705e-03,5.540175265381086511e-05,2.579233012700576921e-05,3.759930486775808767e-04,2.975352025880478868e-03
5.116126115095626092e-03,7.976119549190363589e-04,5.633515479785175528e-03,-3.293368276667735239e-03,2.204311547579274055e-03,-6.006434491296050449e-03,2.930136183309089981e-04,-1.035487825634395787e-04,5.066378626766843141e-05,2.829912172168713713e-03
5.039375145347649299e-03,1.123931203914504962e-03,5.269500458020756617e-03,-3.390511127311993111e-03,2.034450608146456951e-03,-5.980834266710019498e-03,3.249649144074079343e-04,-3.158028717442085131e-04,-2.551154273485456425e-04,2.926013388448750474e-03
5.458079731372716958e-03,1.213303186357497787e-03,5.291972230686295409e-03,-3.563267723652563390e-03,2.274542195209242057e-03,-5.832545757001678099e-03,2.588650946094422922e-04,-2.144263162529719269e-04,-1.657434449055528169e-04,2.834245467114443473e-03
5.596378111801025845e-03,1.316698095192123108e-03,5.243177728941075810e-03,-3.499366630523956245e-03,2.453851668851939061e-03,-5.442003845485751667e-03,4.458111262637398653e-04,-3.115691668972297990e-04,-3.962711419586290029e-04,3.020017604241850839e-03
5.598515864368727724e-03,1.412799311472159869e-03,4.842813491203648568e-03,-3.312949284887511947e-03,2.682887190669516753e-03,-5.770475939023980705e-03,2.525509354686650276e-04,-1.805720342780425813e-04,-2.186013734435526823e-04,3.188462920486689889e-03
5.719252132378449538e-03,1.402070417383993739e-03,4.714967847426893011e-03,-3.192213016877790133e-03,2.602499022169024734e-03,-5.540736609040780580e-03,3.080467375526502183e-04,-5.682401181011931257e-06,7.262174481917349489e-05,3.203165089281909128e-03
5.890833906333728387e-03,1.896998268215308037e-03,5.173346230870470852e-03,-3.012903543235093129e-03,2.604636774736726612e-03,-5.172732879430722019e-03,3.506094389065517181e-04,-1.871743944526077508e-04,-1.473844274400837318e-04,3.390111120936206701e-03
5.933396607687629887e-03,1.926974575711046245e-03,5.150318803873121798e-03,-2.986124100168574547e-03,2.694008757179719438e-03,-4.902522576633747131e-03,2.236199119180493078e-04,-2.105312613242399378e-04,-1.461284380835647934e-04,3.817464572310691473e-03
5.636982709619334231e-03,2.022799479715078896e-03,5.442907224662243970e-03,-3.158880696509144825e-03,2.567019230191217027e-03,-5.410991124997308055e-03,1.932299358698430503e-04,-4.309484768583865533e-04,-3.452089000748059799e-04,3.794517046932510684e-03
5.590108467243559698e-03,1.705975942405874024e-03,5.008894818462089615e-03,-3.079114054686166169e-03,2.653722405419500774e-03,-5.145195223128146145e-03,-6.908152781998078140e-05,-4.970482966563521954e-04,-6.351289021714195959e-04,3.644021521090307081e-03
5.417351870902989419e-03,1.446919372920948965e-03,4.730761579409561990e-03,-3.031549264181837566e-03,2.845064382001466496e-03,-5.006896842699837258e-03,-1.082269629736898331e-04,-4.009470803763154345e-04,-9.846897868340948046e-04,3.526655872146913784e-03
5.409386761764625740e-03,1.585217753349257852e-03,4.386633707111425862e-03,-3.327291350506508816e-03,2.694568856159262893e-03,-5.082479827691319119e-03,-5.829639482382575899e-05,-5.759521664115835327e-04,-1.230640710266669990e-03,3.576586440296777858e-03
5.342612756161491117e-03,1.486928311158694505e-03,4.555112348796061528e-03,-3.078639070545285961e-03,2.836942159532090946e-03,-4.788898301593666473e-03,2.701589809491339311e-04,-7.095969865203444193e-04,-1.405645796301938089e-03,3.383326249501703020e-03
5.168789125453154831e-03,1.644783559468759870e-03,4.380107262760793430e-03,-2.677563852220357643e-03,2.620776792521123388e-03,-4.601952269939368900e-03,1.431694539606315209e-04,-8.638732597406745262e-04,-1.532635323290440499e-03,3.336452007125928487e-03
5.191260898118693623e-03,1.882395425145858003e-03,4.511104395379980647e-03,-2.796834069515960475e-03,2.646377017107154339e-03,-4.677535254930850761e-03,1.699488970271501032e-04,-9.394562447321563869e-04,-1.295023457613342366e-03,3.308514087597774767e-03
5.183295788980329943e-03,2.020693805574166890e-03,4.947531308329172761e-03,-2.840024310824029730e-03,2.743803205696282443e-03,-4.676279265574331823e-03,3.009460296463373208e-04,-1.066709937598719904e-03,-1.275314208843691954e-03,3.324136832051141632e-03
4.903264398131990109e-03,1.891948605205542866e-03,5.164204804246105840e-03,-2.870414286872235987e-03,2.852921041076122988e-03,-4.537980885146022936e-03,5.219606189174608168e-04,-9.284115571704110170e-04,-1.307960725563911408e-03,3.346608604716680424e-03
4.726938397525470847e-03,2.099148353542232281e-03,5.156239695107742160e-03,-2.732300046020874618e-03,2.800627245377579344e-03,-4.586775386891242534e-03,3.765207652056956622e-04,-1.168314937344233639e-03,-1.299332489569690607e-03,3.335195518920072710e-03
4.835784416575381051e-03,2.162712703860023011e-03,5.133212268110393106e-03,-2.585614192828850078e-03,2.673637718389076934e-03,-4.546744775438246733e-03,5.449994068903313282e-04,-9.307030716671355064e-04,-9.087905780537641753e-04,3.268421513316938087e-03
4.805141724825476301e-03,2.560169586424743127e-03,5.165163564186892042e-03,-2.450611574878108767e-03,2.709730011422439855e-03,-4.643887626082504605e-03,4.113545867815704415e-04,-7.230135937138087998e-04,-9.804181998331606973e-04,3.099588047649232125e-03
4.729558739833994441e-03,2.434163855523474584e-03,5.282246778019417111e-03,-2.844234557178054734e-03,2.784684558242350727e-03,-4.672331417152217337e-03,2.122741247903292550e-04,-7.753073894123524434e-04,-8.120675396333099094e-04,3.032082979326070071e-03
4.553462196394936212e-03,2.300519035414713698e-03,5.367296830695797438e-03,-2.839780501909916488e-03,2.622252891018875265e-03,-4.552932985097013496e-03,1.634796230451096566e-04,-1.119435261710488572e-03,-1.055147018681784621e-03,2.838822788530995234e-03
4.793553783457721318e-03,2.442892338787541751e-03,5.603743157347726433e-03,-2.966770028898418898e-03,2.546669906027393404e-03,-4.798883908529588682e-03,1.614119554726040073e-04,-1.191062883489885094e-03,-1.007582228177456019e-03,2.857934520602900541e-03
4.620797187117151039e-03,2.672631668770741875e-03,5.537643337549760791e-03,-2.934818732821919962e-03,2.593339145000983503e-03,-4.650595398821247284e-03,5.588688380373241227e-04,-1.412891075769626137e-03,-9.650195268235545187e-04,2.954035736882937302e-03
4.492951543340395482e-03,2.601004046991345353e-03,5.836206111394279250e-03,-2.979087821810347259e-03,2.508522836782017817e-03,-4.658560507959610963e-03,3.694428302601221459e-04,-1.598090122320247608e-03,-9.605654715554162726e-04,2.907161494507162769e-03
4.661430185025031148e-03,2.808693524944672060e-03,5.714437341540687387e-03,-2.553219822672717076e-03,2.480079045712305086e-03,-4.659385472594673727e-03,2.946465914438062272e-04,-1.664189942118213250e-03,-7.761213844901387882e-04,2.596998304355391252e-03
4.549716599854480847e-03,2.939690657563859277e-03,6.056989451850125494e-03,-2.625017224109307823e-03,2.446520464730442268e-03,-4.852645663389748565e-03,3.419931910461637692e-04,-1.562813386626976664e-03,-7.536496118245999964e-04,2.804687782308717958e-03
4.592675523495265422e-03,2.841082779413930948e-03,6.315027605181197656e-03,-2.870968147541883009e-03,2.542621681010479029e-03,-4.883984042612518617e-03,5.717325210293638937e-04,-1.548111217831757425e-03,-3.349450257995323366e-04,2.654192256466514355e-03
4.481373349944015039e-03,3.062097368685054444e-03,6.128226617112556007e-03,-2.871793112176945773e-03,2.629324856238762775e-03,-4.952481087520860248e-03,3.294068194532873139e-04,-1.379632576147121759e-03,-4.300995843272842345e-04,2.996744366775952462e-03
4.370071176392764656e-03,3.017828279696627147e-03,6.031083766468298135e-03,-3.073453545233209572e-03,2.606072326921268778e-03,-4.659892666731738076e-03,2.002197145129641642e-04,-1.248635443527934541e-03,-3.801690161774201604e-04,3.339296477085390569e-03
4.662972099547704752e-03,2.727908277600013531e-03,6.399087496078356696e-03,-3.170282744705488209e-03,2.703794071877443916e-03,-4.671305752528345789e-03,1.479259188144205206e-04,-1.589633029448991874e-03,-5.089142165460441847e-04,3.271791408762228515e-03
4.883986688818828248e-03,2.447876886751673697e-03,6.272097969089854286e-03,-3.165828689437349963e-03,2.910993820214133332e-03,-4.450291163257222293e-03,1.779721326834460271e-04,-1.974457153801373321e-03,-3.707999756946828152e-04,3.070130975705964715e-03
5.022285069247137135e-03,2.684323213403602693e-03,6.440543285334693335e-03,-3.196471381187254712e-03,3.102335796796099054e-03,-4.407332239616437719e-03,4.464294717095029785e-04,-2.124952679643576925e-03,-4.463829606861646759e-04,2.974976417178212817e-03
5.044756841912675926e-03,2.392558062851962708e-03,6.469577283472693896e-03,-3.229117897907474166e-03,2.717511672443717607e-03,-4.418061133704603849e-03,3.170883590190576307e-04,-2.196820047418945876e-03,-2.560082846995714867e-04,3.146558191133491666e-03
5.213202158157514976e-03,2.304565931432647763e-03,6.670558890991690193e-03,-3.261382464041451268e-03,3.057119241780911767e-03,-4.340334892902406039e-03,5.468276890022577552e-04,-2.291974605946697774e-03,-2.150706015827258399e-04,3.161037795548604645e-03
5.116059307513257104e-03,2.655270016079860906e-03,6.603784885388555570e-03,-3.220444780924605621e-03,3.294731107458009900e-03,-4.425151201121371725e-03,5.447600214297521060e-04,-2.786380092810764042e-03,-3.267841867532761402e-04,3.130395103798699896e-03
4.836027916664917270e-03,2.365350013983247290e-03,6.793744024042383534e-03,-3.231857866721213335e-03,3.286765998319646220e-03,-4.323774645630135138e-03,4.334578478785017230e-04,-2.920024912919524929e-03,-8.917232107617800718e-05,3.129570139163637132e-03
4.764732521860950976e-03,2.586364603254370786e-03,6.836306725396285033e-03,-3.135756650441176574e-03,2.901941873967264773e-03,-4.220379736795509817e-03,2.829623220362981195e-04,-2.398946588046874107e-03,-1.863151717204358793e-04,3.430773465139480560e-03
4.783844253932856283e-03,2.436778467302586071e-03,6.528864889219471168e-03,-2.964174876485897725e-03,2.972198472384182666e-03,-4.098463405416419292e-03,3.255250233901996193e-04,-2.394492532778735860e-03,-4.953081857383967446e-05,3.453245237805019352e-03
5.062462552182261932e-03,2.428813358164222391e-03,6.675550742411495708e-03,-2.855057041106057181e-03,2.709887008694358834e-03,-3.840425252085347130e-03,4.722108765822241594e-04,-2.075557685684015219e-03,3.080514135370138185e-04,3.404450736059799754e-03
5.209148405374286472e-03,2.597291999848858057e-03,6.966773860674221885e-03,-2.840530962390883096e-03,2.677622442560381733e-03,-3.907199257688481753e-03,8.730068884481301250e-04,-2.425118570346690428e-03,2.276632450365217997e-04,3.434427043555537962e-03
5.305249621654323233e-03,2.865749338874915009e-03,6.839784333685719475e-03,-2.952244547561433397e-03,2.824732979334304561e-03,-3.930451787005975750e-03,8.416685092253600731e-04,-2.606610563618286247e-03,-3.387199076126945485e-05,3.258330500116479733e-03
5.105248069436185698e-03,3.023604587184980375e-03,6.862256106351258267e-03,-2.821247414942246179e-03,2.814004085246138431e-03,-4.129532248997216937e-03,1.120286807474765722e-03,-3.307496209350099803e-03,1.346066509233662112e-04,3.124685680007718847e-03
5.396471187698911876e-03,3.079100389268965565e-03,6.890684488417925246e-03,-2.682949034513937292e-03,2.738421100254656571e-03,-3.891920383320118804e-03,1.119461842839702959e-03,-3.639608015916007133e-03,-2.686887504591006781e-05,2.751695247070667927e-03
5.373523662320731087e-03,2.950355188900341541e-03,6.999802323797765791e-03,-2.979362932582232948e-03,2.788351668404520645e-03,-3.989063233964376676e-03,9.168637849044924959e-04,-3.530761996866096930e-03,-2.495107433140575370e-04,2.743730137932304247e-03
5.211091995097255625e-03,3.088653569328650428e-03,6.924219338806283930e-03,-2.889990950139240122e-03,2.790489420972222523e-03,-3.663130952558130149e-03,1.047860917523679714e-03,-3.854935455499794439e-03,-2.912444632628408137e-04,3.009526039801466157e-03
5.038335398756685346e-03,3.087828604693587664e-03,6.810449419298356122e-03,-3.001293123690490505e-03,2.565455585071568789e-03,-3.554013117178289605e-03,1.017470941475473456e-03,-4.085463152552870625e-03,-1.429559535544994153e-04,3.258178319762689013e-03
4.644712416456739379e-03,3.151392955011378394e-03,6.787196889980862125e-03,-3.403192412917213638e-03,2.606393268188414436e-03,-3.419010499227548294e-03,1.097237583298452113e-03,-3.746001227497977593e-03,-1.898301959302739483e-04,3.186882924958722718e-03
4.742138605045867483e-03,2.997932183866583444e-03,6.742927800992434828e-03,-3.474487807721179933e-03,2.424901274916818616e-03,-3.324111386771758103e-03,9.680504783581289630e-04,-3.857714812668527893e-03,-1.673584232647351566e-04,3.345527623804842032e-03
4.540686016431275118e-03,3.235544049543681577e-03,6.757453879707608912e-03,-3.502425727249333653e-03,2.313599101365568234e-03,-3.549145222672411837e-03,8.410609513696265527e-04,-3.815152111314626393e-03,-2.965455282050583063e-04,3.221195050828892792e-03
4.699330715277394432e-03,3.586248134190894721e-03,6.526926182654532727e-03,-3.406324510969296893e-03,2.266724858989793701e-03,-3.792224701720886548e-03,5.979814723211518412e-04,-3.566499831353403538e-03,-2.479712783591270231e-04,2.870231889435623240e-03
5.027786091050354123e-03,4.012116133328524903e-03,6.483735941346463472e-03,-3.157672231008074037e-03,2.200625039191828058e-03,-3.802953595809052678e-03,7.772909459638488450e-04,-3.523937129999502038e-03,-2.254995056935882314e-04,2.967658078024751345e-03
4.900796564061851712e-03,4.121233968708365447e-03,6.581162129935591576e-03,-3.102176428924088847e-03,2.027868442851257780e-03,-3.994638063357966451e-03,7.446444292436293910e-04,-3.974171352186181561e-03,-1.241229502023516451e-04,2.968914067381270283e-03
4.915498732857070951e-03,4.009931795157115064e-03,6.489394208601284575e-03,-3.024450188121891037e-03,2.046980174923163087e-03,-3.875239631302762611e-03,5.631524359720335715e-04,-4.018440441174608857e-03,1.054302942631729634e-04,3.117202577089611681e-03
4.796228515561468120e-03,3.713517897088819408e-03,6.446203967293215320e-03,-2.921836580727504851e-03,1.787532458268986657e-03,-3.918429872610831866e-03,3.868264353655143095e-04,-3.811240692837919442e-03,3.696015538253438759e-04,3.280120629526761533e-03
4.641137771210418483e-03,3.800262757919628531e-03,6.380104147495249678e-03,-3.094593177068075129e-03,2.196763611532884242e-03,-4.052074692719592752e-03,3.207266155675486674e-04,-3.581687448372394833e-03,1.881095605537480564e-04,3.153131102538259123e-03
4.646437697498631558e-03,3.471790664381399494e-03,6.230518011543464962e-03,-2.904218501081481940e-03,2.333547964679480446e-03,-3.794036539388520590e-03,3.832567071051368179e-04,-3.583755115944900482e-03,4.245558872056770516e-04,3.145165993399895443e-03
4.616047721450425301e-03,3.448763237384050440e-03,6.273080712897366462e-03,-3.000449247335307268e-03,2.322819070591314317e-03,-3.791898786820818712e-03,3.528667310569305604e-04,-3.900578653254105355e-03,5.112590624339607981e-04,3.292276530173818272e-03
4.853659587127523434e-03,3.475542680450569022e-03,5.840209982950789191e-03,-2.762837381658209135e-03,2.246068100843337523e-03,-3.968224787427337974e-03,3.958256546977151347e-04,-4.019848870549708186e-03,3.732595082051176627e-04,3.411674962229022112e-03
4.680902990786953155e-03,3.613841060878877909e-03,6.168665358723748882e-03,-2.828937201456174777e-03,2.588620211152775630e-03,-3.939652390749698307e-03,3.635610885637380330e-04,-4.118456748699636516e-03,4.758731155995038486e-04,3.115261064160726456e-03
4.637712749478883900e-03,3.788730693975908559e-03,5.938137661670672696e-03,-2.680648691747833379e-03,2.530113407848241791e-03,-3.781007691903578993e-03,6.898803375592066356e-04,-4.150721314833613618e-03,7.842181786613250383e-04,2.923576596611812684e-03
4.562129764487402039e-03,3.878102676418901384e-03,5.621314124361467823e-03,-2.573884187057479123e-03,2.481318906103022193e-03,-3.717443341585788263e-03,7.184527342368463021e-04,-4.323477911174183896e-03,1.013771423126849647e-03,2.721916163555548884e-03
4.464986913843144167e-03,3.582360590094230135e-03,5.378234645312993112e-03,-2.755376180329074942e-03,2.281317353884884658e-03,-3.814586192230046136e-03,7.205904868045481804e-04,-4.131878778502642846e-03,1.056334124480751147e-03,2.594070519778793327e-03
4.367247554086101102e-03,3.530066794395686491e-03,5.473732679510776022e-03,-2.712417256688290368e-03,2.082236891893643471e-03,-3.799655647218444510e-03,7.936707972348439055e-04,-4.330959240493884033e-03,1.152435340760787907e-03,2.657634870096584057e-03
4.502250172036842413e-03,3.400725681705241144e-03,5.249931462696491580e-03,-2.710279504120588490e-03,1.880576458837379672e-03,-3.736091296900653780e-03,8.362334985887454053e-04,-4.288396539139982533e-03,9.796787444202176287e-04,2.530645343108081646e-03
4.271722474983766227e-03,3.434219786257464158e-03,5.091220403251994764e-03,-2.824049423628516298e-03,1.882714211405081550e-03,-3.766733988650558529e-03,7.245199134181951051e-04,-4.615540867198841823e-03,8.291832185780140252e-04,2.498380776974104545e-03
4.144732947995263816e-03,3.379400523748257723e-03,5.176270455928375092e-03,-3.043276911403478002e-03,2.017716829355822861e-03,-3.822866653626855182e-03,6.776456710424205720e-04,-4.583664291093109133e-03,7.013375748012584676e-04,2.299300314982863358e-03
4.662682668342466030e-03,3.241400969519414588e-03,5.363216487582672665e-03,-2.794624631442255147e-03,2.343649110762069387e-03,-4.248589795712867656e-03,6.748050690907336779e-04,-4.486238102503981029e-03,7.046800125020263872e-04,2.457945013828982672e-03
4.883697257613589526e-03,3.129687384348864287e-03,5.509902340774697205e-03,-2.823068422511967879e-03,1.835180562398508464e-03,-4.234110191297754677e-03,4.586397020797661206e-04,-4.229221224462953455e-03,9.627181658330985492e-04,2.687684343812182797e-03
4.786554406969331654e-03,3.358755545936134568e-03,5.678253000974547993e-03,-2.526639728770069260e-03,1.881902817051708809e-03,-4.426758732278004982e-03,3.473375285285157377e-04,-3.786529412501460357e-03,8.871351808416166884e-04,2.743180145896167987e-03
4.948561413708335577e-03,3.157302957321542203e-03,5.787370836354388537e-03,-2.471143926686084069e-03,1.961669458874687466e-03,-4.133177206180352337e-03,1.434748040587269236e-04,-3.309088937491669324e-03,9.280728639584623352e-04,3.013390448693142876e-03
4.963263582503554816e-03,3.081719972330060342e-03,5.717666895884945810e-03,-2.332845546257775182e-03,1.906850196365481032e-03,-4.419282946883720808e-03,1.720472007363665901e-04,-3.353358026480096621e-03,9.756376544627909375e-04,3.035862221358681667e-03
4.977965751298774055e-03,3.272094648316653531e-03,5.517665343666808275e-03,-2.189845196865866650e-03,1.835222574586084510e-03,-4.167487880980591530e-03,7.581645448254126229e-05,-3.257256810200059860e-03,1.094146452309610607e-03,2.873430554135206205e-03
5.214412077950703051e-03,3.010067118028952882e-03,5.277761963492985653e-03,-2.143175957892276551e-03,1.843850810580305311e-03,-4.383922865046394057e-03,-7.467907135966234122e-05,-3.458917243256323659e-03,1.484688363825537039e-03,2.905381850211705141e-03
5.086566434173947493e-03,2.693243580719748009e-03,5.084501772697910815e-03,-1.968286324795245901e-03,1.682375284611029032e-03,-4.450022684844359699e-03,1.152800672941656224e-04,-3.356303635861937473e-03,1.441498122517467784e-03,3.014499685591545686e-03
5.450046609595610159e-03,3.090700463284468125e-03,5.008918787706428954e-03,-1.730674459118147768e-03,1.820673665039337918e-03,-4.602642860508140976e-03,4.236251303559868120e-04,-3.127235474274667193e-03,1.433533013379104104e-03,3.043072082269185352e-03
5.338744436044359776e-03,3.280659601938296088e-03,5.008093823071366191e-03,-1.551364985475450764e-03,2.146605946445584445e-03,-4.784134853779736796e-03,1.268717112565820315e-04,-3.031134257994630432e-03,1.600401216543465011e-03,3.057774251064404591e-03
5.393431233643983247e-03,3.269930707850129958e-03,5.139090955690553408e-03,-1.574617514792944761e-03,2.204253417432439077e-03,-4.836428649478280439e-03,1.161428171684159016e-04,-2.862655616309994766e-03,1.503258365899207138e-03,3.215629499374469957e-03
5.239970462499188297e-03,3.107499040626654496e-03,5.037014541514367449e-03,-1.545583516654944201e-03,2.107110566788181205e-03,-4.934718091668843787e-03,2.982877238989350976e-04,-3.142160461058030041e-03,1.293501912684749677e-03,3.423318977327796664e-03
5.030214009284730836e-03,3.150061741980555996e-03,5.059486314179906241e-03,-1.576921895877714253e-03,1.956615040945977602e-03,-4.704978761685643662e-03,1.845178043910072896e-04,-3.165517327929662228e-03,1.118496826649481579e-03,3.675114043230925942e-03
5.139331844664571380e-03,3.338725890893942672e-03,4.769563393831402487e-03,-1.607564587627619002e-03,1.955790076310914838e-03,-4.558292908493619122e-03,2.101180289770382403e-04,-3.264125206079590558e-03,9.457402303089113005e-04,3.697585815896464734e-03
5.172825949216794394e-03,3.781417702855435770e-03,4.619067867989198883e-03,-1.482611653078780289e-03,1.932842550932734049e-03,-4.581320335490968176e-03,7.647320886827735364e-05,-3.272090315217954237e-03,7.642482370373154810e-04,4.070851943988124111e-03
5.043484836526349047e-03,3.861795332995701657e-03,4.406813778808429949e-03,-1.531406154823999888e-03,1.651003956589972010e-03,-4.697690087703446093e-03,-2.519988846699516838e-04,-3.103644998973115188e-03,8.446258671775813687e-04,4.248294592720983087e-03
5.300721350227299844e-03,3.790499938191735363e-03,4.331230793816948088e-03,-1.344988809187555590e-03,1.579376334810575488e-03,-4.933619732253965995e-03,-2.295271120044128921e-04,-3.195412920307422189e-03,9.104515738122265223e-04,4.334997767949266834e-03
5.173731823238797434e-03,3.758235372057758261e-03,4.560970123800148213e-03,-1.213991676568368372e-03,1.258184358300426520e-03,-5.506085108444858101e-03,-8.284125881238835198e-05,-3.048727067115397649e-03,9.603821419620905964e-04,4.571444094601195829e-03
5.207225927791020448e-03,3.835961612859956071e-03,4.735859756897178863e-03,-1.047123473404007465e-03,1.193757343503451529e-03,-5.586473276945350119e-03,-3.988233517160377772e-05,-3.043427140827184574e-03,1.190121471945290721e-03,4.990148680626263489e-03
5.196497033702854318e-03,3.702316792751195185e-03,4.669759937099213221e-03,-8.261088841328839694e-04,1.065012143134827505e-03,-5.609725806262844117e-03,2.680366182297722055e-06,-3.038973085559046328e-03,1.369430945587987725e-03,4.988081013053757840e-03
5.166107057654648060e-03,3.575327265762692774e-03,4.710697620216058867e-03,-8.036371114673451777e-04,1.203310523563136392e-03,-5.421061657349457441e-03,5.096329695258861037e-05,-2.802526758907117332e-03,1.298135550784021430e-03,5.307450543024824774e-03
5.142854528337154063e-03,3.480172707234940876e-03,4.537941023875488589e-03,-8.697369312653108198e-04,1.316402729400881211e-03,-5.155265755480295531e-03,2.194419386372242764e-04,-2.545509880866089758e-03,1.476851462382994251e-03,5.515140020978151481e-03
4.937192353583322313e-03,3.577598895824068981e-03,4.649384794634434104e-03,-8.271742299114093200e-04,1.123754188420630906e-03,-5.336757748751891350e-03,-3.961463084770078247e-05,-2.841923778934385414e-03,1.572952678663031012e-03,5.604512003421144306e-03
4.951894522378541552e-03,3.566870001735902851e-03,4.745486010914470865e-03,-9.776697557536129235e-04,7.122805581560448518e-04,-5.786991970938570873e-03,-1.689557435381461303e-04,-2.874188345068362516e-03,1.564987569524667332e-03,5.477522476432641896e-03
4.921504546330335295e-03,3.858093119998629028e-03,4.903341259224536230e-03,-8.206197247819790874e-04,9.487268848079738470e-04,-5.618513329253935207e-03,-1.710234111106517796e-04,-3.120139268500937701e-03,1.414492043682463729e-03,5.365808891262091596e-03
4.845921561338853434e-03,3.598645403344452598e-03,4.660261780176061519e-03,-9.711152506241826909e-04,1.288749599516428312e-03,-5.360475175922863045e-03,1.201997071520743976e-04,-3.094539043914906751e-03,1.457450967323248303e-03,5.523664139572156961e-03
4.817477770269140702e-03,3.292669035707809777e-03,4.497830112952586057e-03,-7.140983725831551165e-04,1.545986113217379110e-03,-5.222360935071501675e-03,8.110498865759874221e-06,-3.028713337280261597e-03,1.472153136118467542e-03,5.350907543231586683e-03
4.521063872200845046e-03,3.226569215909844135e-03,4.506458348946806858e-03,-5.946999405279512763e-04,1.145621875479951868e-03,-5.502392325919841509e-03,2.132383178445190763e-04,-3.104296322271743458e-03,1.561525118561460368e-03,5.373379315897125474e-03
4.497811342883351049e-03,3.408714122640363331e-03,4.216538346850193242e-03,-3.649606105447511517e-04,7.519988931800059007e-04,-5.678488869358899738e-03,1.644438160992994780e-04,-2.661604510310250360e-03,1.588180861724602932e-03,5.510163669043721679e-03
4.921778863705789098e-03,3.586383891155439652e-03,4.150438527052227600e-03,-1.828157038142319557e-04,5.315816776458592852e-04,-5.448935624893375129e-03,2.538157985422923035e-04,-2.621376065457828308e-03,1.406688868453007113e-03,5.499434774955555549e-03
5.214679786860729194e-03,3.519609885552305029e-03,4.070050358551735581e-03,-7.396968476432175255e-05,7.090243263787182615e-04,-5.551012039069561088e-03,1.893887837453173129e-04,-2.733089650628378608e-03,1.126657477604667279e-03,5.667880091200394599e-03
5.021419596065654356e-03,3.229689883455691413e-03,3.845875566689541114e-03,2.213153151571500832e-05,5.326983257721989995e-04,-5.574039466066910142e-03,2.118605564108561046e-04,-2.637591616430595698e-03,1.184304948591521911e-03,5.274257108900448632e-03
5.228619344402343772e-03,3.048197890184095593e-03,4.097670632592670392e-03,1.140263742754887843e-05,6.287995420522357604e-04,-5.604682157816814891e-03,1.278009441961491799e-05,-2.732746174958347596e-03,1.211084391658040493e-03,5.224995250764211119e-03
5.271182045756245271e-03,3.394667963841566105e-03,4.191295465745509263e-03,6.608943502717234963e-05,7.972781837368714264e-04,-5.549186355732829701e-03,2.337946836907384141e-04,-2.424401111896526406e-03,1.035536568273140445e-03,5.113693077212960736e-03
5.402179178375432489e-03,3.417139736507104897e-03,3.977563409181109066e-03,2.453989086698693534e-04,1.018292773007994922e-03,-5.699681881575033304e-03,6.921730671343162555e-04,-2.476694907595070050e-03,6.419135859731944782e-04,5.371731230544032898e-03
5.670636517401489440e-03,3.629419156501126342e-03,4.214009735833038062e-03,3.231251494720671635e-04,1.060855474361896422e-03,-5.784498189793998990e-03,7.388423061079063547e-04,-2.754828146647597675e-03,6.844762873270959780e-04,5.198974634203462619e-03
5.768062705990617545e-03,3.508244168759111492e-03,4.087020208844535651e-03,4.654984528448952164e-04,1.016586385373469126e-03,-5.957254786134569269e-03,7.084523300597000972e-04,-2.645982127597687472e-03,5.574867603385935677e-04,5.406664112156789326e-03
5.724872464682548290e-03,3.737279690576689184e-03,3.975306623673985351e-03,4.879702255104340081e-04,1.105958367816461951e-03,-6.095800439713125463e-03,7.004872209213364176e-04,-2.822308128204206734e-03,4.989799570340597290e-04,5.504090300745917430e-03
5.727010217250250168e-03,3.875578071004998071e-03,3.658483086364780479e-03,3.687000082148311764e-04,9.789688408279595411e-04,-5.851385897568242567e-03,6.087192995870294165e-04,-2.691310995585019517e-03,6.372783374623686159e-04,5.624826568755639244e-03
5.550684216643730906e-03,4.061350208132405437e-03,3.848442225018608442e-03,3.454474788973371790e-04,8.453240207191986544e-04,-5.962688071119492950e-03,9.280888295580963510e-04,-2.702039889673185646e-03,8.272374761161965795e-04,5.495639463815316095e-03
5.439382043092480523e-03,3.992853163224063806e-03,3.376181485084187028e-03,2.337338937267868788e-04,7.180703278526351374e-04,-5.994026450342263002e-03,9.536890541441273017e-04,-2.831226994613508796e-03,8.419396449114158187e-04,5.400484905287564197e-03
5.577680423520789410e-03,3.994990915791765684e-03,3.418744186438088528e-03,2.230049996386207489e-04,6.017005756401572203e-04,-6.105740035512813302e-03,1.065132824903072817e-03,-2.854479523931002793e-03,8.463937001795540649e-04,5.455171702887187668e-03
5.566951529432623280e-03,3.946196414046546086e-03,3.459681869554934175e-03,2.655677009925222487e-04,3.237241429620979494e-04,-6.177035430316779596e-03,8.150882128290792838e-04,-3.027236120271573072e-03,8.889564015334555647e-04,5.256091240895946481e-03
5.684034743265148348e-03,3.874568792267149564e-03,3.468715327964971840e-03,4.953070309757223733e-04,4.187018426656946568e-04,-6.349792026657349875e-03,7.866444217593665522e-04,-3.068969840220356349e-03,8.366626058349119210e-04,5.367535011654891997e-03
5.718624686657042266e-03,4.066167924938690614e-03,3.661903228394589038e-03,7.329188966528205063e-04,2.917123156771922465e-04,-6.551452459713613674e-03,7.858194571243037885e-04,-3.140265235024322643e-03,1.179214716144350028e-03,5.255821426484341696e-03
5.948364016640242391e-03,4.108730626292592114e-03,3.437728436532394571e-03,6.035777839623751584e-04,-5.579967836816246418e-05,-6.361077783727020485e-03,6.940515357899967874e-04,-3.211829576010072351e-03,1.366160747798647601e-03,5.043567337303572762e-03
6.119945790595521240e-03,4.206156814881720218e-03,3.414475907214900574e-03,6.260495566279139501e-04,-8.713805759093251613e-05,-6.560158245718261671e-03,9.323616049261435057e-04,-2.869277465700634244e-03,1.708712858108085708e-03,5.071003575666158114e-03
6.281952797334525163e-03,4.151337552372513784e-03,3.535212175224622388e-03,4.445575633563181306e-04,-1.584334523948988105e-04,-6.656987445190540309e-03,9.039178138564307741e-04,-2.771851277111506140e-03,1.731184630773624500e-03,5.073141328233859992e-03
6.345853890463132307e-03,4.490945121709707943e-03,3.459629190233140528e-03,3.729299415769216086e-04,-2.697356259461491934e-04,-6.570284269962256563e-03,6.444700972022543439e-04,-2.788486095541234389e-03,1.549692637502028680e-03,5.115704029587761492e-03
6.298979648087357774e-03,4.139981960316438392e-03,3.515124992317125718e-03,6.158967516996377567e-04,-2.652815706780109473e-04,-6.617158512338031096e-03,4.430175085876619789e-04,-2.812666617960493665e-03,1.517046120781809226e-03,5.167785953675507749e-03
6.348910216237221849e-03,4.237408148905566496e-03,3.716106599836122015e-03,7.250145870794783010e-04,-6.147595931970395444e-04,-6.876215081822956154e-03,6.806293742647601119e-04,-2.909809468604751537e-03,1.361955376430759590e-03,5.357745092329335712e-03
6.027718239727072880e-03,4.530989675003219141e-03,3.758669301190023515e-03,5.707383138591481941e-04,-4.024801732030180990e-04,-6.820719279738970964e-03,4.683752850839911774e-04,-2.806414559770126216e-03,1.569644854384086297e-03,5.504855629103258541e-03
6.320306660516195052e-03,4.523024565864855462e-03,3.781141073855562307e-03,7.611129898457413834e-04,-3.666718505396932004e-04,-6.706272432970505903e-03,2.692948230927499909e-04,-2.849604801078195471e-03,1.818297134345309152e-03,5.769026888665429453e-03
6.208593075345644752e-03,4.824227891840698890e-03,3.714367068252427684e-03,6.493994046751910831e-04,-2.316692325889518900e-04,-6.738536999104483005e-03,3.784126584725905351e-04,-2.702918947886170931e-03,1.721154283701051280e-03,5.761061779527065774e-03
6.058097549503441148e-03,4.982872590686818204e-03,3.532875074980831864e-03,6.307223379506954331e-04,-6.211173996694546728e-04,-6.395984888795044898e-03,5.344841153123586208e-04,-2.613546965443178105e-03,1.784718634018842010e-03,5.841439409667331661e-03
6.243869686630848514e-03,4.871570417135567821e-03,3.657895316451262313e-03,4.764460647303653262e-04,-5.344142244411709264e-04,-6.275248620785323084e-03,5.770468166662601206e-04,-2.740800658309741622e-03,1.541639154970367298e-03,5.729725824496781361e-03
6.176364618307686460e-03,5.092585006406691317e-03,3.634947791073081524e-03,6.449247064150009923e-04,-6.011882300443055493e-04,-6.248592877622180519e-03,4.477808477364869644e-04,-2.572355342064902572e-03,1.712270712338620493e-03,5.556969228156211082e-03
5.994872625036090641e-03,5.121200452278623638e-03,3.602683224939104423e-03,7.404227406127839028e-04,-4.528997203359641510e-04,-6.528624268470520353e-03,4.370519536483208345e-04,-2.730697594582248700e-03,1.926018001992435558e-03,5.579441000821749874e-03
5.991010497267162949e-03,5.240598884333827479e-03,3.930232503124547749e-03,6.291205670615335199e-04,-8.406580026149718110e-04,-6.624855014724345681e-03,1.911010302157456486e-04,-2.509683005311125203e-03,1.927273991348954496e-03,5.611392296898248810e-03
6.109519295113982618e-03,5.174499064535861836e-03,4.024273474236922388e-03,3.327066689932378640e-04,-7.132133310004673543e-04,-6.356397675698288730e-03,9.594647168799375070e-05,-2.371384624882816317e-03,2.062276609299695806e-03,5.849004162575346943e-03
6.228917727169186458e-03,4.973046475921269471e-03,3.814517021022464927e-03,5.907448223243100260e-04,-7.799873366036019773e-04,-6.326351461829263223e-03,-3.769834842076713599e-05,-2.399828415952529048e-03,2.218506765965369554e-03,5.805813921267277689e-03
6.292818820297793603e-03,4.965081366782905792e-03,3.862081811526793529e-03,3.044879762620911201e-04,-8.917009217741522775e-04,-6.375145963574482821e-03,-1.094957498573578825e-04,-2.261530035524220161e-03,2.147211371161403259e-03,5.562734442218802977e-03
6.249912012050162780e-03,4.979783535578125031e-03,3.764938960882535657e-03,3.319242146246764724e-04,-6.706863325030287815e-04,-6.186481814661096146e-03,-2.386828547976810322e-04,-2.214860796550630062e-03,2.156244829571440924e-03,5.128722036018648622e-03
6.152769161405904907e-03,4.936593294270055776e-03,3.779641129677754896e-03,5.805764945858993276e-04,-7.678291831472866535e-04,-6.507673791171245115e-03,-2.114640257277339286e-04,-2.282365864873792116e-03,2.031528764187801039e-03,4.929641574027407436e-03
6.450988984286795680e-03,4.966639508139081283e-03,3.489721127581141280e-03,7.481927646718622427e-04,-7.453574104817478618e-04,-6.530621316549425903e-03,-2.135316933002395778e-04,-2.180989309382555530e-03,1.721365574036029522e-03,5.067939954455716323e-03
6.640948122940623644e-03,4.707191791484904853e-03,3.632721476973049812e-03,5.277755491377156272e-04,-1.052799246658561727e-03,-6.515919147754206664e-03,-2.439216693484458354e-04,-2.117088216253948385e-03,1.958977439713127655e-03,4.778019952359102707e-03
6.543805272296365771e-03,4.750150715125689427e-03,3.540953555638742811e-03,6.171475315807084527e-04,-1.124094641462528021e-03,-6.774975717239131723e-03,-1.220053379693553097e-04,-1.930142184599650812e-03,1.978686688482778067e-03,4.803741455925075732e-03
6.950460976485106634e-03,4.979218876712959707e-03,3.621331185779008699e-03,8.858529054191349728e-04,-1.096875812392580918e-03,-6.995392932773278338e-03,-2.498509817461108673e-04,-2.043912104107578620e-03,2.026969619253068955e-03,4.990687487579373305e-03
6.831190759189503803e-03,5.021781578066861207e-03,3.271770301116333490e-03,1.093542383372461679e-03,-1.228768617380027184e-03,-7.291806830841573994e-03,-3.834958018548717540e-04,-1.775454765081521669e-03,1.957265678783626228e-03,5.168357256094449625e-03
6.773783383128201274e-03,4.954276509743699153e-03,3.294242073781872282e-03,7.440643608534330822e-04,-8.862165070705890768e-04,-7.263234434163934328e-03,-4.119395929245844856e-04,-2.119582637379657797e-03,1.961719734051764474e-03,5.200308552170948562e-03
7.199651382265831456e-03,5.122755151428334819e-03,3.484616749768465471e-03,7.208118315359390849e-04,-8.058388769303231891e-04,-7.444726427435530147e-03,-3.158383766445477248e-04,-1.960937938533538483e-03,1.612158849389089266e-03,5.478926850420354211e-03
7.128355987461865162e-03,5.195835461858630544e-03,3.674575888422293435e-03,4.308918294393254689e-04,-1.065286593584499619e-03,-7.578371247544291034e-03,1.268534353169453732e-04,-2.087927465522040893e-03,1.802117988042917229e-03,5.580303405911590797e-03
7.194845285858619821e-03,5.353451146378876424e-03,3.689101967137467519e-03,3.322839512893971392e-04,-1.022723892230598119e-03,-7.601623776861785031e-03,3.848915886480175352e-04,-2.093640750487651969e-03,1.992077126696745193e-03,5.357661537643443328e-03
7.292271474447747925e-03,5.330198617061382427e-03,3.640307465392247921e-03,3.215550572012310093e-04,-9.751591017262695171e-04,-7.897365863186456281e-03,7.108238700542640620e-04,-1.930722698050502117e-03,1.800709547020745704e-03,5.285864136206852582e-03
7.445194782649822152e-03,5.498677258746018093e-03,3.543164614747990049e-03,7.190119397659511247e-04,-9.985159685979017041e-04,-7.946160364931675879e-03,7.087562024817584128e-04,-1.961112674098708375e-03,2.030262791486270313e-03,5.381965352486889342e-03
7.475240996518847658e-03,5.309251250968816116e-03,3.547618670016128295e-03,9.599889838316361113e-04,-7.933881496191425020e-04,-7.905222681814830232e-03,8.756244056461193193e-04,-1.865011457818671614e-03,2.007010262168776316e-03,5.284822501842631470e-03
7.489767075234021743e-03,5.455937104160840656e-03,3.288170953361951865e-03,1.007553774335964714e-03,-8.164155766164915562e-04,-7.523837930016458175e-03,6.992984050396000573e-04,-1.822448756464770114e-03,2.100397646482135561e-03,5.403331299689451139e-03
7.446576833925952488e-03,5.586934236780027874e-03,3.446454832688780612e-03,1.273349676205126624e-03,-5.080705135546703666e-04,-7.620068676270283503e-03,8.741880381366307073e-04,-1.898031741456251975e-03,2.209515481861976105e-03,5.292029126138200756e-03
7.118104740387723450e-03,5.470564484567549957e-03,3.379680827085645989e-03,1.245599092136964736e-03,-5.836534985461522274e-04,-7.605366507475064264e-03,1.081877516089957414e-03,-1.740416056936006095e-03,2.252078183215877605e-03,5.421528450912038721e-03
7.411686266485376096e-03,5.608862864995858843e-03,3.822372639047139087e-03,1.242611552240063810e-03,-1.061752610841334987e-03,-7.864423076959989323e-03,1.033083014344737816e-03,-1.837558907580263967e-03,2.101582657373674001e-03,5.388379836256951272e-03
7.736238462777267344e-03,5.647094127162147204e-03,3.880678462846856580e-03,1.000285850663987230e-03,-1.624652018823682931e-03,-7.455191923696091738e-03,1.262822344327937940e-03,-2.117590298428603801e-03,2.100757692738611238e-03,5.213374750221683174e-03
7.821303157047862498e-03,5.519248483385391646e-03,3.927347701820446679e-03,7.810583628890255259e-04,-1.848826810685877398e-03,-7.582181450684594148e-03,1.437711977424968590e-03,-2.193173283420085662e-03,2.330497022721811362e-03,5.499845426234536983e-03
7.590775459994786312e-03,5.637980244303841815e-03,4.028724257311683266e-03,9.227535568907402341e-04,-1.908434887896978682e-03,-7.798346817695561706e-03,1.252512930874347119e-03,-1.783942130156188077e-03,2.566943349373740357e-03,5.297247368299326520e-03
7.519480065190820017e-03,5.566684849499875520e-03,4.115469118142492388e-03,6.954291547076746349e-04,-2.004665634150804010e-03,-7.775875045030022914e-03,1.220248364740370017e-03,-1.595277981242801402e-03,2.614508139878068960e-03,5.134815701075851058e-03
7.346723468850249739e-03,5.014203050779583726e-03,4.047964049819330334e-03,8.540738535537939491e-04,-1.982193861485265218e-03,-7.957367038301618734e-03,1.359242233989685356e-03,-1.390171714641549872e-03,2.394090924343922344e-03,5.063520306271884763e-03
7.640509147060728368e-03,4.975057615625874674e-03,4.074619792982472899e-03,8.860251496302928853e-04,-2.025384102793334473e-03,-7.934895265636079942e-03,1.165982043194610518e-03,-1.395476261290440334e-03,2.532389304772231231e-03,4.936725185050269693e-03
7.861523736331851864e-03,5.071158831905911435e-03,4.402169071167916226e-03,7.888822989860350132e-04,-2.122526953437592345e-03,-8.174798645809902564e-03,1.027736547694793612e-03,-1.576968254562036154e-03,2.653125572781953045e-03,4.755233191778673874e-03
7.791719464334156964e-03,4.695699799826119625e-03,4.533166203787103443e-03,4.838133349374107439e-04,-2.219669804081850217e-03,-8.273088088000465912e-03,8.940917275860327251e-04,-1.554496481896497362e-03,2.636490754352224797e-03,4.723894812555903822e-03
8.116271660626048212e-03,4.826696932445306842e-03,4.671464584215412330e-03,5.105927780039293262e-04,-2.018688196562853920e-03,-8.083128949346637948e-03,7.989371690582808272e-04,-1.435098049841293522e-03,2.778864057725052850e-03,4.766457513909805321e-03
8.002501741118120404e-03,4.901651479265217715e-03,4.714027285569313830e-03,5.425440740804282624e-04,-2.359685782483911254e-03,-8.126319190654707203e-03,1.028676499041480952e-03,-1.245138911187465558e-03,2.709160117255610123e-03,4.654743928739255021e-03
8.260539894449192566e-03,4.560653893344160381e-03,4.541270689228743551e-03,4.707466726438375160e-04,-2.605636705916486440e-03,-8.255660303345152551e-03,8.950316789327200651e-04,-7.103824326836066794e-04,2.805261333535646884e-03,4.841161274375699319e-03
8.618122126560046059e-03,4.448564685057845858e-03,4.359778695957147732e-03,4.275564313357682611e-04,-2.707713120092672399e-03,-8.366962476896402934e-03,8.289318591347544229e-04,-8.373719596721090896e-04,2.793848247739039170e-03,4.639500841319435520e-03
8.484477306451285172e-03,4.439925582181786234e-03,4.166518505162072894e-03,4.273230698338681410e-05,-2.664754196451887824e-03,-8.303061383767795789e-03,5.829809357021792371e-04,-9.070759001415518163e-04,2.836410949092940670e-03,4.787789351027776918e-03
8.581903495040413277e-03,4.688577862143009090e-03,4.143265975844578897e-03,-8.327342391788172815e-05,-2.954674198548501440e-03,-8.193943548387955245e-03,1.019407848651371351e-03,-1.240304516515328137e-03,2.837666938449459608e-03,4.865515591829974729e-03
8.583159484396932215e-03,4.656313296009031988e-03,4.289951829036603437e-03,-2.895793777615840447e-06,-3.068444118056429248e-03,-8.179417469672781160e-03,7.294878465547577351e-04,-1.235850461247189891e-03,3.057054686117513520e-03,4.856420699216490444e-03
8.507576499405450354e-03,4.681913520595062939e-03,4.008113234693841398e-03,4.466899672671276189e-05,-2.981699257225620125e-03,-8.092672608841972037e-03,8.394426837132346053e-04,-1.237918128819695540e-03,3.121942060699656185e-03,4.871122868011709683e-03
8.395862914234900054e-03,4.405115867928424689e-03,3.857617708851637794e-03,-8.317664705004279568e-05,-2.966997088430400886e-03,-8.158772428639937679e-03,7.106974833446105810e-04,-1.187987560669831466e-03,3.464494171009094292e-03,4.904616972563932698e-03
8.738415024544338161e-03,4.329532882936942828e-03,3.849652599713274115e-03,8.517401314980799221e-05,-3.148489081701996706e-03,-8.285761955628440090e-03,7.745985764732177259e-04,-8.483799913326373066e-04,3.486965943674633084e-03,5.145594016629617684e-03
9.029638142807064338e-03,4.515950228573387126e-03,3.716007779604513228e-03,-1.595646997011590518e-05,-3.039371246322156161e-03,-8.263290182962901298e-03,7.666334673348540463e-04,-7.844788982040301617e-04,3.625264324102941971e-03,5.324903490272314688e-03
9.355570424213310865e-03,4.276046848399564504e-03,3.758966703245297802e-03,2.826063038744025535e-04,-3.041438913894661811e-03,-8.374592356514151681e-03,7.952058640124937128e-04,-5.634643089329066656e-04,3.756261456722129188e-03,5.581920368313342262e-03
9.075539033364971031e-03,3.926210569236934789e-03,3.997276772381444521e-03,2.405281268657716298e-04,-3.140046792044590140e-03,-8.633648925999076740e-03,4.783823267032888404e-04,-4.449555110860869966e-04,3.690161636924163546e-03,5.712917500932529480e-03
9.023245237666427387e-03,3.763778902013459327e-03,3.791527209790299113e-03,2.011091133162501432e-05,-3.163299321362084138e-03,-8.553271295858810852e-03,6.641544638306962067e-04,-3.488542948060502358e-04,3.704863805719382785e-03,5.727619669727748719e-03
9.365797347975865494e-03,3.570518711218384489e-03,3.715944224798817253e-03,-2.307932997644424056e-05,-2.923207734299299032e-03,-8.526491852792292270e-03,8.629555336402278121e-04,-3.794969865559549849e-04,3.633236183939986264e-03,5.600824548506133649e-03
9.508170651348693547e-03,3.537872194498165035e-03,3.553512557575341790e-03,3.018708005175785303e-06,-2.876538495325708933e-03,-8.528559520364797919e-03,8.608878660677221628e-04,-4.072475706241168725e-04,3.996716359361648929e-03,5.650755116655997723e-03
9.383838078372744307e-03,3.527143300409998905e-03,3.740458589229639363e-03,-1.960617539860654013e-04,-2.826607927175844859e-03,-8.855703848423657210e-03,9.339681764980178880e-04,-1.862329813529933764e-04,4.055478280740945629e-03,5.789053497084306610e-03
9.184757616381503120e-03,3.328062838418757718e-03,4.034877155219246392e-03,-1.405659519020802106e-04,-2.858191881477095686e-03,-9.045129856200859186e-03,9.765308778519193877e-04,-2.883093955291793353e-04,4.081078505326976580e-03,5.691910646440048738e-03
9.057768089393000710e-03,3.459059971037944936e-03,3.943109233884939391e-03,-1.384281993343783324e-04,-3.088719578530171872e-03,-8.997565065696530584e-03,8.754003947319954904e-04,-3.599370173085758573e-04,4.167781680555260326e-03,6.031518215777242897e-03
8.986472694589034416e-03,3.617704669884064250e-03,3.651344083333299406e-03,-4.100201074525022804e-05,-2.954604384523232263e-03,-8.956710908696929874e-03,6.739478061174031254e-04,-6.417756116513378961e-04,3.695520940620838912e-03,6.063469511853741833e-03
8.822591080668573671e-03,3.632230748599238335e-03,4.008926315444152899e-03,8.999512187393698959e-05,-2.827921161520710602e-03,-8.914148207343028374e-03,2.271555203593317307e-04,-6.426005762864006599e-04,3.637014137316305074e-03,6.092041908531381500e-03
9.080629233999645833e-03,3.861970078582438459e-03,3.659448292925124302e-03,6.674259255644299227e-05,-2.696924028901523385e-03,-8.966442003041572018e-03,2.496272930248705224e-04,-7.500326839196824746e-04,3.651716306111524313e-03,6.280706057444768176e-03
9.374210760097298478e-03,3.942347708722704347e-03,3.812910664383342696e-03,-1.947780040416902114e-04,-2.601425994703740474e-03,-8.780024657405127719e-03,2.189846012749657733e-04,-8.175377522428445287e-04,3.371684915263184479e-03,6.221097980233666891e-03
9.260440840589370670e-03,3.956873787437878431e-03,3.893288294523608584e-03,-4.846980061383038274e-04,-2.586723825908521235e-03,-8.891326830956378102e-03,3.289394384334426436e-04,-8.760445555473783674e-04,3.300389520459218184e-03,6.374021288435741117e-03
9.498750909725517388e-03,4.106490837240739378e-03,3.816537324775631790e-03,-3.639617381285820130e-04,-2.374444405914499789e-03,-8.844657591982788003e-03,8.224364583727522549e-04,-8.493888123842358029e-04,3.436662392939049404e-03,6.423951856585605191e-03
9.600127465216753975e-03,4.264106521760985258e-03,3.704823739605081490e-03,-8.000966321143471172e-04,-2.166754927961173083e-03,-9.054414045197245464e-03,9.648097617455803077e-04,-8.773267319123895236e-04,3.381902967520514225e-03,6.413222962497439061e-03
9.762134471955757897e-03,4.166963671116727386e-03,3.591053820097153682e-03,-7.826307878331384416e-04,-2.280524847469100891e-03,-9.340519785900613936e-03,1.139699394842610958e-03,-1.069011199461303296e-03,3.056573705110601780e-03,6.571867661343558376e-03
1.009058984772871759e-02,3.981764624566105915e-03,3.654954913225760826e-03,-8.582137728246203023e-04,-2.352322248905691637e-03,-9.491015311742817540e-03,1.229071377285603783e-03,-1.250503192732899116e-03,3.153999893699729884e-03,6.444022017566802818e-03
9.917833251388147309e-03,3.958737197568756860e-03,3.527965386237258416e-03,-1.117661489478796732e-03,-2.235239035073166569e-03,-9.618004838731319950e-03,1.206043950288254729e-03,-1.709228147635397099e-03,2.866614661808555842e-03,6.681633883243900951e-03
9.943433475974178259e-03,3.712786274136181675e-03,3.575311985839615958e-03,-1.076723806361951086e-03,-2.179743232989181378e-03,-9.794330839337839212e-03,1.006963488297013543e-03,-1.613126931355360338e-03,3.004913042236864729e-03,6.555628152342632409e-03
1.017250163756144854e-02,3.379557657762405354e-03,3.812923851516714091e-03,-1.278176394976543451e-03,-2.190472127077347508e-03,-9.333631023038455043e-03,1.064610959283868175e-03,-1.785883527695930617e-03,3.163557741082984043e-03,6.532680626964451620e-03
1.025660203748125776e-02,3.420495340879251001e-03,3.804958742378350411e-03,-1.079375325167011845e-03,-2.246604792053644162e-03,-9.246886162207645921e-03,1.079313128079087414e-03,-1.494660409433204440e-03,3.559031827950351334e-03,6.286729703531876434e-03
1.023365451210307697e-02,3.323352490234993128e-03,3.804133777743287648e-03,-1.146149330770146468e-03,-1.920285543058175559e-03,-9.232360083492471836e-03,1.008017733275121119e-03,-1.492522656865502562e-03,3.108797605763671812e-03,6.336660271681740508e-03
1.025612628476861576e-02,3.345824262900531920e-03,3.507719879674991992e-03,-1.200968593279352903e-03,-2.049030743426799583e-03,-9.122405246333994966e-03,1.062704530874744591e-03,-1.778628397568871033e-03,3.065607364455602557e-03,6.426032254124733334e-03
1.039442466519692465e-02,3.388386964254433420e-03,3.484692452677642938e-03,-9.633567276022547698e-04,-2.002361504453209484e-03,-8.893337084746724686e-03,1.263686138393740888e-03,-1.835920400498985972e-03,2.768853945356197777e-03,6.306762036829130502e-03
1.027805491298444673e-02,3.519384096873620638e-03,3.356846808900887380e-03,-7.746925786888680943e-04,-1.864063124024900597e-03,-8.864764688069085019e-03,1.359787354673777648e-03,-1.733306793104599786e-03,2.426837250116567479e-03,6.493708068483428075e-03
1.021054984466128468e-02,3.490940305803907906e-03,3.198504556383541253e-03,-9.496976647241361924e-04,-1.663081516505904300e-03,-8.657075210115758312e-03,1.326638740018690199e-03,-1.914798786376195605e-03,2.543920463949092547e-03,6.234651498998503016e-03
1.023025909343093509e-02,3.539146176367954921e-03,3.366983198068176919e-03,-1.122454261064706471e-03,-1.320529406196466193e-03,-8.419463344438660179e-03,1.318673630880326519e-03,-2.011941637020453477e-03,2.445312585799164218e-03,6.072219831775027554e-03
9.974859764859997369e-03,3.528417282279788791e-03,3.809675010029670017e-03,-1.256099081173467358e-03,-1.298057633530927402e-03,-8.450106036188564929e-03,1.204903711372398711e-03,-1.669389526711015370e-03,2.348169735154906346e-03,5.938575011666266668e-03
1.029422929483106430e-02,3.318660829065331330e-03,3.512921590930265237e-03,-1.117800700745158471e-03,-1.129578991846291736e-03,-8.315103418237823618e-03,1.373382353057034377e-03,-1.844394612746283468e-03,2.154909544359831508e-03,5.961046784331805459e-03
1.042522642745025152e-02,3.496330597580407651e-03,3.219185595637052977e-03,-9.903560291306540142e-04,-8.383558735835655584e-04,-8.300401249442604379e-03,1.216145336429316770e-03,-1.994890138588487072e-03,2.479461740651722756e-03,5.908752988633261816e-03
1.042315875987774587e-02,3.824785973353367341e-03,3.457495664773199695e-03,-8.368936576724356202e-04,-1.124461614286934030e-03,-8.250470681292740305e-03,1.238617109094855562e-03,-1.616266253879380943e-03,2.758080038901128406e-03,5.898024094545095686e-03
1.065222692146501615e-02,4.045800562624490837e-03,3.576004462620019364e-03,-9.705384777811965069e-04,-1.253206814655558055e-03,-8.377460208281242715e-03,1.360533440473946087e-03,-1.494349922500290417e-03,2.772782207696347645e-03,6.445771424700874608e-03
1.046280091368781417e-02,4.068272335290029629e-03,3.618963386260803938e-03,-9.560588733660835281e-04,-1.238680735940383970e-03,-8.329895417776914113e-03,1.375235609269165327e-03,-1.675841915771886237e-03,3.130364439807201138e-03,6.264279431429278788e-03
1.039093354591244522e-02,4.009765531985495790e-03,3.765649239452828478e-03,-8.177604929377746412e-04,-1.437761197931625157e-03,-7.871517034333336271e-03,1.144707912216089141e-03,-1.683807024910249917e-03,3.018650854636650838e-03,6.286751204094817580e-03
1.052193067853163244e-02,4.200140207972088979e-03,3.797525815558561169e-03,-3.370819535349761642e-04,-1.299462817503316270e-03,-8.022012560175539875e-03,1.187270613569990640e-03,-1.296579807869222001e-03,3.076298325623505470e-03,6.245017484146034303e-03
1.048966611239765534e-02,4.014941161421467508e-03,3.663880995449800282e-03,-5.846365528557051494e-05,-1.672453250440367190e-03,-8.313777710727179859e-03,1.374216645224288214e-03,-1.091473541267970471e-03,3.118861026977406969e-03,6.117171840369278746e-03
1.083221822270709345e-02,4.183419803106103174e-03,3.871570473403126988e-03,8.822219790645402515e-05,-1.575027061851239085e-03,-8.022554592464453682e-03,1.399816869810319164e-03,-1.163101163047366993e-03,2.999590809681804138e-03,6.116194564848201343e-03
1.060957635443894598e-02,4.136159330827865466e-03,3.574817054303722208e-03,-1.899110411460736003e-04,-1.336716992715092367e-03,-7.810393014912653253e-03,1.140760300325394105e-03,-1.439629787303123298e-03,2.527330069747382724e-03,6.284545225048052131e-03
1.062993878555142102e-02,4.112802463956233279e-03,3.900749335709968735e-03,-4.399556532200671333e-04,-1.251652298444497213e-03,-7.979226480580359215e-03,1.271757432944581323e-03,-1.510925182107089593e-03,2.080537783989311329e-03,6.103053231776456311e-03
1.067250148690532252e-02,4.089549934638739281e-03,3.699088902653704936e-03,-3.528740270875019291e-06,-1.402147824286700817e-03,-8.009869172330263964e-03,9.221965482819061144e-04,-1.484269438943947028e-03,1.860120568455164713e-03,6.080025804779107257e-03
1.088624877655913759e-02,3.888097346024146916e-03,3.695226774884777243e-03,-2.239459558050216348e-04,-1.680815611603575510e-03,-8.154782117430245392e-03,1.109142579936203687e-03,-1.772327402479262348e-03,1.768352647120857712e-03,5.968723631227856874e-03
1.102454715698744647e-02,4.216552721797106607e-03,3.626729729976435612e-03,-2.727404575502412332e-04,-1.923895090652050222e-03,-8.226409739209641914e-03,8.296377351881684126e-04,-1.925788173624057298e-03,1.490376214442798442e-03,6.064824847507893635e-03
1.082194909905223601e-02,4.231254890592325846e-03,3.773415583168460152e-03,-4.490664581567604952e-04,-1.495870642940710926e-03,-8.179740500236051814e-03,9.763235883801929527e-04,-1.748126494537580178e-03,1.352376660213955306e-03,5.883332854236297815e-03
1.096432240242506406e-02,4.253726663257864637e-03,3.915110777170174861e-03,-5.607800433273107954e-04,-1.406498660497718101e-03,-8.165038331440832575e-03,8.475783880115689284e-04,-1.565981587807060982e-03,1.189944992990479844e-03,5.851994475013527763e-03
1.070280180582693086e-02,4.445325795929405688e-03,4.094420250812871864e-03,-3.694380667453450728e-04,-1.696418662594331717e-03,-7.935299001457632451e-03,6.581523802343669516e-04,-1.327671518670914264e-03,9.119685603124205731e-04,5.631577259479381148e-03
1.057495616205017530e-02,4.334023622378155305e-03,3.836015472177017882e-03,-2.744603670417483654e-04,-1.648853872090003114e-03,-7.757856352724773474e-03,6.058585845358233080e-04,-1.376466020416133862e-03,8.451945547092859501e-04,5.534434408835123276e-03
1.028885042134680683e-02,4.053992231529815471e-03,3.978388775549845935e-03,-4.596594135923698365e-04,-1.480375230405367448e-03,-7.908351878566977078e-03,6.144868205300441089e-04,-1.068120957354312672e-03,1.043995624518817555e-03,5.423132235283872893e-03
1.017754824779555645e-02,4.076464004195354263e-03,3.993090944345065174e-03,-5.264334191955044595e-04,-1.741910466203158703e-03,-7.621881202554123269e-03,3.940696049958974934e-04,-1.139416352158278967e-03,8.449151625275763688e-04,5.425269987851574771e-03
1.010196526280407459e-02,3.887037996418152286e-03,4.335643054654503281e-03,-3.515437860984738094e-04,-1.603612085774849816e-03,-7.861784582727945891e-03,3.804411990892403450e-04,-9.645267190612483166e-04,6.824834953041009067e-04,5.358495982248440148e-03
1.062542393866611201e-02,3.511578964338360476e-03,4.378601978295287855e-03,-1.831931258986230215e-04,-1.646802327082919071e-03,-7.640769993456822395e-03,4.765424153692771059e-04,-6.226013423309140205e-04,5.581509223281516663e-04,5.347767088160274018e-03
1.081184128430255631e-02,3.428616200607317865e-03,4.499338246305009670e-03,-6.127679451953249590e-05,-1.382631067520748158e-03,-7.843368051392032858e-03,6.652065642826637815e-04,-6.548659084648911222e-04,3.150714432796769549e-04,5.214122268051513132e-03
1.095013966473086520e-02,3.087618614686260532e-03,4.277510054025268627e-03,-3.266134864760017464e-05,-1.367928898725528919e-03,-7.384989667948455017e-03,9.061836083483487680e-04,-3.264105326919314320e-04,1.134110102234131556e-04,5.147348262448378509e-03
1.082501935704344165e-02,3.207017046741464372e-03,4.380123661419654812e-03,-8.879401362389682806e-05,-9.586977454616313343e-04,-7.290011968244858309e-03,6.602326849157735822e-04,-4.798713038367263817e-04,-6.808098304818266389e-05,5.318930036403657358e-03
1.056596278755851659e-02,3.414706524694791079e-03,4.394825830214874052e-03,-7.386346861229520222e-05,-9.286515315926058278e-04,-7.397444075878140124e-03,1.066888389104514445e-03,-2.012530055873207324e-04,-2.066266366267388577e-04,5.408302018846650183e-03
1.051135424060500867e-02,3.281061704586030192e-03,4.267836303226371641e-03,2.858191780087671052e-04,-7.509898525061287078e-04,-7.118825777628734475e-03,1.093544132267657010e-03,-3.555292788076508392e-04,-1.092004480376107534e-04,5.118382016750036567e-03
1.080257735886773485e-02,3.147416884477269305e-03,4.436314944911007307e-03,3.283818793626686050e-04,-8.094966558106625465e-04,-6.720983926208179415e-03,1.041250336569113366e-03,-1.655701401538228756e-04,-9.467436932243666892e-05,5.140853789415575359e-03
1.047840390023403734e-02,3.145349216904763656e-03,4.499879295228798037e-03,1.556252830220983263e-04,-9.066395064549204186e-04,-6.549402152252900566e-03,8.220228487941516615e-04,1.769819701556152314e-04,-2.063879544929869692e-04,5.167509532578717923e-03
1.068609337818736404e-02,3.254467052284604200e-03,4.826198544224266640e-03,1.812255076081292771e-04,-6.364292036579455303e-04,-6.702862923397695516e-03,5.625751321399752314e-04,3.591268768861344274e-04,-1.782935187022577361e-04,4.936981835525641737e-03
1.089378285614069075e-02,3.178884067293122340e-03,4.686646318624532181e-03,2.221631907249749238e-04,-4.073610420706752500e-04,-6.554574413689354118e-03,6.375296789598861036e-04,2.873294754495436809e-04,-2.499211404816542581e-04,4.861398850534159877e-03
1.088461271741995862e-02,3.132009824917347807e-03,4.643456077316462927e-03,8.851837061621403713e-05,-2.204150104163776769e-04,-6.582512333217507838e-03,5.571415104593940848e-04,-3.973286144100252049e-05,-5.278975731597135290e-04,4.978482064366684945e-03
1.105309135910459428e-02,3.154481597582886598e-03,4.851145555269789633e-03,7.188355218648578848e-05,-7.372915722435313679e-05,-6.862543724065847672e-03,5.906356150116170989e-04,2.829839912898979293e-06,-5.692259578429226252e-04,4.768725611152227484e-03
1.098328708710689938e-02,2.878188198987302604e-03,4.792638751965255794e-03,-2.248698669129189920e-04,-1.225236589695727352e-04,-6.814978933561519070e-03,6.867368312916538597e-04,-1.420831051870824480e-04,-7.243167021939722616e-04,4.757312525355619770e-03
1.098454307646341832e-02,2.892890367782521843e-03,4.822684965834281301e-03,-5.416934042221238643e-04,-1.028144101999223237e-04,-6.741898623131223345e-03,5.754346577404034768e-04,-2.558530246950102560e-04,-6.817540008400707618e-04,4.787288832851357978e-03
1.135467580494489703e-02,2.979593543010805590e-03,4.751389571030315007e-03,-7.514498574365813255e-04,-3.846530045426843625e-04,-6.610901490512036127e-03,3.412391335236852896e-04,-2.059224565451461819e-04,-3.078653825951960243e-04,4.688680954701429648e-03
1.151253105325496240e-02,2.867879957840255289e-03,4.552309109039073820e-03,-1.139208139715588985e-03,-5.714539926113260115e-04,-6.890932881360375961e-03,1.013357533498626672e-04,-2.661298290244917819e-05,-3.041076297991551769e-04,4.686613287128923999e-03
1.152705713197013648e-02,2.686387964568659470e-03,4.607804911123059011e-03,-7.605842550064828567e-04,-6.666085511390779095e-04,-6.779489110601430446e-03,9.060685926169653737e-05,1.743686246165471188e-04,-7.017142928301967064e-04,4.552968467020163112e-03
1.151788699324940435e-02,2.782489180848696231e-03,4.280742574232512809e-03,-5.673963545768656580e-04,-6.745736602774415891e-04,-6.781556778173936095e-03,2.216039918808837550e-04,1.030732298125808244e-04,-6.792425201646579147e-04,4.371476473748567293e-03
1.127480751420092964e-02,2.655499653860193821e-03,4.079289985617920444e-03,-6.943858815653680683e-04,-7.049636363256478466e-04,-6.594610746519638522e-03,1.498065904442930085e-04,-6.818326560616844167e-04,-6.771047675969560364e-04,4.639933812774624244e-03
1.131737021555483114e-02,2.653431986287688171e-03,4.078465020982857681e-03,-5.724695501862775426e-04,-5.842273683159260322e-04,-6.566182364452971543e-03,-1.302248004040468254e-04,-6.925615501498505466e-04,-7.908746871048838445e-04,4.344191726449952995e-03
1.128510564942085403e-02,2.642703092199522041e-03,4.077640056347794917e-03,-8.995318870768237440e-04,-7.178721884246869189e-04,-6.632282184250937185e-03,-3.692653909264376200e-04,-6.148353093476527365e-04,-9.363145408166489991e-04,4.490877579641977535e-03
1.110361365614925822e-02,2.339651563091030284e-03,4.104419499414313499e-03,-1.033176707185584631e-03,-7.458101079528406396e-04,-6.433481114441405579e-03,-1.828480452899933217e-04,-2.641312247004395930e-04,-9.138427681511102074e-04,4.117887146704926615e-03
1.134005998280118721e-02,2.459049995146234124e-03,4.033124104610347205e-03,-5.967497942363925167e-04,-7.981039036513842833e-04,-6.806471547378456499e-03,-2.351418409885369654e-04,-7.114346659412018603e-06,-8.334651380108443197e-04,4.137596395474577027e-03
1.142005847691648923e-02,2.785369244141702727e-03,3.921410519439796905e-03,-4.283991340365417289e-04,-1.126575997189613321e-03,-6.763512623737671925e-03,-4.112383844275951938e-04,1.259490211023839290e-05,-6.470477923744000215e-04,3.964839799134006748e-03
1.129221283313973367e-02,2.718595238538568104e-03,3.849782897660400383e-03,-3.322979177565049680e-04,-1.302901997796132583e-03,-6.574848474824285249e-03,-2.918399523723913536e-04,1.086961183902751538e-04,-6.158462815958609671e-04,4.060941015414043509e-03
1.158562795556031255e-02,2.643012253547086243e-03,3.947209086249528487e-03,-2.361967014764682071e-04,-1.288199829000913343e-03,-6.686150648375535632e-03,-3.241045185063684553e-04,6.619704214089194849e-06,-2.732941712864228601e-04,4.008647219715499865e-03
1.167901533987367180e-02,2.585604877485783715e-03,3.704883384673451907e-03,-4.485472489450248457e-05,-1.438695354843116947e-03,-6.547852267947226745e-03,-3.672947598144377102e-04,-9.052314643016867723e-05,-1.048488550415838105e-04,4.143649837666241176e-03
1.157788485675374790e-02,2.553340311351806613e-03,4.058389776087592549e-03,-1.895801253717910306e-06,-1.280840106533051581e-03,-6.109653442066112494e-03,-3.681197244495004739e-04,-1.189669374998814089e-04,-2.776054513821540892e-04,4.148103892934379422e-03
1.152909035500852830e-02,2.575812084017345405e-03,4.035137246770098551e-03,1.897033314178231400e-04,-1.297474924962779830e-03,-6.238994554756557842e-03,-1.781605857956725103e-04,-1.503053167226514608e-04,-3.361122546866879279e-04,4.249480448425616008e-03
1.197178216697002140e-02,2.099601223263358740e-03,3.845711238992896575e-03,3.542705819749303320e-05,-1.254912223608878330e-03,-6.420486548028153662e-03,-8.205936951563574944e-05,-1.945744057110787573e-04,-3.214100858914686887e-04,4.178185053621649714e-03
1.229810141596549000e-02,2.195702439543395501e-03,3.802520997684827320e-03,1.737254386258019201e-04,-1.049784404630119128e-03,-6.379548864911308015e-03,1.256301084376909571e-04,-5.957178776033744683e-05,2.114202441796941834e-05,4.267557036064642539e-03
1.244478726915751454e-02,2.152512198235326246e-03,3.992480136338655283e-03,2.203946775993920193e-04,-8.598252659762911643e-04,-6.402576291908657069e-03,5.840084918812687986e-04,-2.489977955375394236e-04,-1.542815371977507288e-04,4.122117182352877385e-03
1.231114244904875366e-02,2.248613414515363007e-03,4.200169614291981990e-03,1.971421482818980220e-04,-1.041317259247886984e-03,-6.212617153254829105e-03,7.469265443184186504e-04,-1.139951775867981132e-04,-1.345722884281003173e-04,3.796787919942964940e-03
1.232584461784397289e-02,2.280564710591861943e-03,3.941113044807056931e-03,4.205140393084838557e-05,-1.009440683142154294e-03,-6.527153046881839504e-03,6.808267245204530083e-04,1.150403442307795787e-04,-9.283760447093003521e-06,3.987162595929558129e-03
1.228135168454448645e-02,1.963741173282657071e-03,3.963584817472595723e-03,-2.821220547028491232e-04,-9.200687006991614680e-04,-6.740885103446239701e-03,7.032984971859918000e-04,8.439765248087482963e-05,1.984057175062337031e-04,4.225472665065704847e-03
1.220576869955300459e-02,2.132186489527496120e-03,3.649048923845585324e-03,-5.220254348766717456e-04,-8.881174046226625318e-04,-6.483868225405212127e-03,6.800459678684978027e-04,-4.160807842039371263e-05,3.367040979345425900e-04,4.653497112777044142e-03
1.247742361636794417e-02,2.133442478884015059e-03,3.769785191855307138e-03,-6.294575425099535604e-04,-9.809116559193059581e-04,-6.536162021103755770e-03,7.774721564576259070e-04,8.322489729470361475e-06,5.236501295888401630e-04,4.268672988424662695e-03
1.265673309001064117e-02,2.647596288000791942e-03,3.998853353442577419e-03,-6.374226516483172400e-04,-8.499145233001187405e-04,-6.441184321400159063e-03,5.180244398034494768e-04,2.803173849912077298e-05,2.441452848408048881e-04,4.274842219517946407e-03
1.286442256796396788e-02,2.905634441331864104e-03,3.970915433914423698e-03,-7.041966572514518630e-04,-8.916482432489020171e-04,-6.299489127398444355e-03,5.499757358799484130e-04,6.445105939319184518e-05,5.227635830902105374e-04,4.394240651573150247e-03
1.315564568622669406e-02,2.877190650262151372e-03,3.680995431817810082e-03,-3.534925726042387195e-04,-1.327201557286938893e-03,-6.271060745331777375e-03,5.186373566571783611e-04,1.538230418361846707e-04,6.694494362822350775e-04,4.495617207064386833e-03
1.336333516418002076e-02,2.704434053921581094e-03,3.783609039212196268e-03,-2.104922232123301873e-04,-1.423432303540764221e-03,-6.102582103647141709e-03,4.048674371492505530e-04,2.848201744553718884e-04,6.009523913738934464e-04,4.637990510437214886e-03
1.332014492287195151e-02,2.719136222716800333e-03,3.847510132340803413e-03,-3.692032826568270032e-04,-1.367936501456779030e-03,-6.284074096918737529e-03,3.463606338447167143e-04,3.256743314549725987e-04,4.095848116978939579e-04,4.757388942492418726e-03
1.351894599268148311e-02,2.924242489318051863e-03,3.894179371314393512e-03,-3.700282472918897669e-04,-1.479650086627329331e-03,-6.616185903484644859e-03,3.508146891128549605e-04,1.159178782405151376e-04,4.946495059684891116e-04,4.840294892281757355e-03
1.356190491632226769e-02,3.055239621937239081e-03,3.648228447881818326e-03,-4.004182233400960245e-04,-1.370804067577419127e-03,-6.447707261800009193e-03,3.394016033162472468e-04,2.026210534687988840e-04,5.150119370809641550e-04,4.809652200531852606e-03
1.345060274277101731e-02,3.262439370273928496e-03,3.603959358893391030e-03,-5.786611303065791745e-05,-1.590031555352380832e-03,-6.210095396122911060e-03,5.855846096321920546e-04,1.795936264714498298e-04,5.649425052308282291e-04,4.801687091393488926e-03
1.348064895664004281e-02,3.470128848227255203e-03,3.841571224570489163e-03,-1.294937348100544394e-04,-1.534535753268395641e-03,-6.258889897868130658e-03,4.663143923365892229e-04,6.582370696352202177e-05,5.326779390968511274e-04,4.904300698787875112e-03
1.350922135331768248e-02,3.403354842624120580e-03,3.561539833722149329e-03,-1.147915660148352002e-04,-1.557563180265744696e-03,-6.001653384167179861e-03,6.740038702899159295e-04,2.155461797509472532e-05,5.339339284533700658e-04,4.624269307939535278e-03
1.365750986302602388e-02,3.500781031213248684e-03,3.590112230399788995e-03,-1.255204601030013301e-04,-1.371145834629300397e-03,-5.757238842022296965e-03,4.547763825149542249e-04,3.648516298669635116e-05,4.626385336494037714e-04,4.527126457295277406e-03
1.384885183960798960e-02,3.649069540921590082e-03,3.452112676170945860e-03,-2.809427151387322574e-05,-1.591563050163447013e-03,-5.523256163817297226e-03,5.561529380061908112e-04,-2.599287350815993047e-04,5.125691017992678455e-04,4.376630931453073803e-03
1.430723022305156744e-02,3.675725284084732647e-03,3.340399091000395559e-03,9.130416054133061454e-05,-1.516608503343536141e-03,-5.480297240176512652e-03,8.755224679772577456e-04,-3.892698477720446526e-04,3.437356361315618836e-04,4.596587967786822104e-03
1.423593482824760115e-02,3.718287985438634147e-03,3.182056838483049432e-03,-2.966799654600116298e-04,-1.796639894191875975e-03,-5.179093914200669224e-03,9.559000981175236333e-04,-5.707618410436404721e-04,3.723080328092015501e-04,4.579953149357093856e-03
1.421268229893010715e-02,3.849285118057821364e-03,3.009300242142479154e-03,-2.073079830170188043e-04,-1.754077192837974475e-03,-5.106013603770373499e-03,1.002569337091113733e-03,-6.230556367421841157e-04,3.254337904334270171e-04,4.916144158261359642e-03
1.435098067935841604e-02,3.871756890723360156e-03,3.300523360405205331e-03,-3.035387292708441320e-04,-1.851220043482232347e-03,-4.746330957149311192e-03,7.928128838766562714e-04,-7.148235580764911168e-04,2.336658690991200160e-04,4.656696441607183212e-03
1.435345520651820639e-02,3.992493158733081970e-03,3.292558251266841651e-03,-2.609760279169426322e-04,-1.630205454211108851e-03,-4.395626872502098048e-03,7.697854568793072172e-04,-8.898286441117592149e-04,3.310920576882481203e-04,4.482872810898846927e-03
1.406353520442159277e-02,4.089919347322210075e-03,3.414474582645932177e-03,-2.842285572344366296e-04,-1.912044048553870890e-03,-4.178953376585164969e-03,8.252812589632924078e-04,-1.052260311335234677e-03,2.555090726967662595e-04,4.369102891390919119e-03
1.409702930897381579e-02,3.908427354050614255e-03,3.241717986305361898e-03,-2.541823433654111231e-04,-1.889572275888332098e-03,-4.148907162716139463e-03,9.831365072733577737e-04,-1.452624549072661919e-03,3.448810551397590851e-04,4.705272909782412527e-03
1.418640129141680861e-02,3.988804984190880143e-03,3.264189758970900690e-03,-2.562500109379167723e-04,-2.101826365069101032e-03,-4.101560563113781921e-03,9.134325668039150470e-04,-1.491769984226370971e-03,3.047375003206731492e-05,4.747835611136314027e-03
1.450534812332908430e-02,3.797437404514880654e-03,3.483577506638954602e-03,-2.642151200762804519e-04,-2.283318358340696852e-03,-4.132898942336551973e-03,1.035348898183005573e-03,-1.685030175021445809e-03,-2.285828194528577439e-04,5.041417137233966672e-03
1.443405272852511800e-02,3.643161131294550548e-03,3.166753969329749729e-03,-3.559830414105874530e-04,-2.476578549135771690e-03,-4.031522386845315387e-03,1.136725453674242159e-03,-1.518161971857084902e-03,1.156510530342380605e-06,5.218859785966825648e-03
1.424725174045647635e-02,3.685723832648452047e-03,3.492686250735996256e-03,-4.220828612085530951e-04,-2.754554981813830961e-03,-3.951144756705049499e-03,1.326684592328070122e-03,-1.310472493903758195e-03,1.230728419094329062e-04,4.970698039646545552e-03
1.443419777211077393e-02,3.662471303330958050e-03,3.417103265744514395e-03,-5.138507825428600961e-04,-2.725982585136191294e-03,-4.132636749976645318e-03,1.214971007157519822e-03,-1.405627052431510093e-03,3.240544494284292032e-04,4.912191236342011713e-03
1.410705344405191464e-02,3.892210633314158175e-03,3.217101713526376860e-03,-4.913790098773213044e-04,-2.780591132089699213e-03,-4.031260194485408732e-03,1.183632627934749770e-03,-1.341725959302902949e-03,6.518987402311937629e-04,4.901462342253845583e-03
1.410498577647940899e-02,4.038896486506182715e-03,3.495720011775782510e-03,-2.836895319239945978e-04,-2.760228700977224170e-03,-3.793648328808310599e-03,9.968316398661081212e-04,-1.729710085304245193e-03,6.076296512427664664e-04,5.080771815896542587e-03
1.423598290909859621e-02,4.015643957188688717e-03,3.522375754938925074e-03,-1.453911514956857109e-04,-2.835811685968706031e-03,-3.904950502359560982e-03,1.048913563953854378e-03,-1.796484090907379816e-03,7.457438920941278360e-04,4.881691353905301400e-03
1.433340909768772431e-02,4.007678848050325038e-03,3.554327051015424010e-03,-1.474588190681913602e-04,-2.907107080772672325e-03,-4.096634969908474755e-03,1.078889871449592586e-03,-1.924329734684135373e-03,2.734831521597064219e-04,4.534412210153840328e-03
1.423717835143389898e-02,4.055884718614372053e-03,3.701012904207448551e-03,-1.048961177142898604e-04,-2.884635308107133533e-03,-4.210404889416402563e-03,7.279267100563230342e-04,-1.973124236429354972e-03,2.627542580715402920e-04,4.490143121165413032e-03
1.405568635816230316e-02,4.268164138608393499e-03,3.890972042861276514e-03,2.610101490489735721e-05,-2.737949454915108993e-03,-4.506146975741073812e-03,6.000810662795674766e-04,-1.747173741953905735e-03,-1.728587347157167775e-04,4.747159999206440606e-03
1.448155435729993334e-02,3.939692045070164461e-03,4.002415813620222029e-03,6.261004057211971841e-05,-2.981028933963583705e-03,-4.463584274387172313e-03,5.452618037703610421e-04,-1.875019385730661292e-03,-2.446561361523075240e-04,4.915638640891076272e-03
1.469800249396328862e-02,3.542085382039122932e-03,4.296834379609829058e-03,1.833463085818415328e-04,-3.190785387178041166e-03,-4.827599296151591224e-03,3.909855305500309353e-04,-1.789954691460066138e-03,-1.642785060120416363e-04,5.123328118844402979e-03
1.486092054640043847e-02,3.466502397047641071e-03,4.035313783011695854e-03,7.249765142783304306e-06,-2.937372987264444402e-03,-4.418368142887693639e-03,2.926960883594675877e-04,-1.915074999147489687e-03,-2.355739008160079306e-04,5.068508856335196544e-03
1.508687104087588771e-02,3.422233308059213774e-03,3.936705904861767524e-03,1.658944639889026185e-04,-2.751600850137037035e-03,-4.550260947875139905e-03,4.177163298298980365e-04,-1.883123703070990751e-03,-4.116704442550661591e-04,5.090980629000735336e-03
1.551489548858722700e-02,3.660543377195360493e-03,3.622298599754075754e-03,4.035063296660007515e-04,-2.849890292327600383e-03,-4.593451189183209160e-03,4.753638008167526685e-04,-1.736437849878966211e-03,-5.483378140959255242e-04,4.897720438205660498e-03
1.555745818994112850e-02,3.613164915867772553e-03,3.759082952900671959e-03,2.741652169755554036e-04,-2.849272865446783598e-03,-4.426582986018848254e-03,7.136738699528993868e-04,-1.812020834870448072e-03,-3.432315474946739942e-04,4.912422607000879737e-03
1.574440422159542607e-02,3.635636688533311345e-03,3.674266644681706273e-03,1.471756899870529933e-04,-2.924855850438265459e-03,-4.743010681250145466e-03,9.036330086067273504e-04,-2.136194293504145580e-03,-4.403743981389318662e-04,4.588249148367182229e-03
1.545829848089205760e-02,3.872083015185240340e-03,3.414818928027529843e-03,1.901346136278375676e-04,-2.966589570387048735e-03,-4.565568032517286490e-03,8.593639196183000539e-04,-2.418032887846907619e-03,-3.184580667598413406e-04,4.725033501513778433e-03
1.525684589227746524e-02,4.208253033576733748e-03,3.118065508928125062e-03,2.220859097043365038e-04,-2.882489170467239514e-03,-4.609837121505713786e-03,9.460670948465838004e-04,-2.590789484187477898e-03,-2.758953654059398408e-04,4.714304607425612303e-03
1.532074698540607238e-02,4.185225606579384694e-03,3.145501747290710415e-03,5.646380200137746108e-04,-2.644877304790141381e-03,-4.607699368938011908e-03,6.870105253616587415e-04,-2.601518378275644028e-03,-3.419951852039054829e-04,4.852418848276973673e-03
1.531278187626770870e-02,4.012469010238814415e-03,3.431972423303564224e-03,4.930103982343780888e-04,-2.328472295364342193e-03,-4.565136667584110408e-03,7.094822980271975332e-04,-2.512146395832651202e-03,-6.281009259072739548e-04,4.932796478417239561e-03
1.536034666677203731e-02,3.789827141970666946e-03,3.388782181995494969e-03,5.355730995882795886e-04,-2.425615146008600065e-03,-4.595526643632316666e-03,3.926587607179926609e-04,-2.662641921674854806e-03,-6.997285476866704768e-04,5.050218567062780828e-03
1.549534928472277862e-02,3.722572519009842429e-03,3.176528092814726034e-03,4.242709260370292057e-04,-2.722029044076895721e-03,-4.627791209766293767e-03,2.666530298167241186e-04,-2.476224576038410508e-03,-5.093538717000772875e-04,4.974635582071298967e-03
1.521721604567025099e-02,3.992782821806817317e-03,3.153275563497232037e-03,4.135420319488630758e-04,-3.002060434925235555e-03,-4.581121970792703668e-03,2.679090191732430570e-04,-2.428877976436052966e-03,-5.849368566915591483e-04,5.076012137562535553e-03
1.535551442609855988e-02,3.994920574374519195e-03,3.382828807962756645e-03,5.249858027078085909e-04,-2.949978510837489298e-03,-4.443007729941342299e-03,4.062073996015519439e-04,-2.562522796544813852e-03,-7.612628572980784103e-04,4.874351704506271754e-03
1.544549909021214473e-02,3.865579461684073848e-03,3.201336814691160826e-03,4.552818622383658642e-04,-3.046209257091314626e-03,-4.353635747498349473e-03,4.328631427646945085e-04,-2.521585113427968206e-03,-1.043101451640840449e-03,4.896823477171810546e-03
1.559218494340416927e-02,4.159160987781726493e-03,3.369815456375796492e-03,6.410539993657732305e-04,-3.253455839911836844e-03,-4.448790306026101371e-03,4.024731667164882509e-04,-2.587684933225933848e-03,-1.045169119213346098e-03,4.864558911037833444e-03
1.553989114770562563e-02,3.760526209808046083e-03,3.236170636267035605e-03,5.420624973226373378e-04,-3.560897676088650710e-03,-4.047994294160195405e-03,1.409379309186969964e-04,-2.585547180658231969e-03,-1.048156659110247024e-03,4.863733946402770680e-03
1.567818952813393452e-02,3.896799082287877303e-03,3.234102968694529956e-03,4.449196466783794657e-04,-3.642014640323681940e-03,-3.999788423596148390e-03,-2.210838209730225934e-04,-2.767039173929827789e-03,-9.310734452777219561e-04,4.734392833712325332e-03
1.564685114891116446e-02,4.117813671559000799e-03,3.471714834371628089e-03,3.466302044878161182e-04,-3.586518838239696749e-03,-3.831437763396297602e-03,-9.606357950259214462e-05,-2.409456941818974296e-03,-6.740565672366943817e-04,4.835769389203561919e-03
1.568336017457838683e-02,4.006100086388450499e-03,3.364282726738346274e-03,1.598292164191744691e-04,-3.539172238637339207e-03,-3.901141703865740329e-03,-8.136141070737290537e-05,-2.344359377923641019e-03,-1.007285183610470702e-03,5.033714092852414890e-03
1.571193257125602649e-02,3.995371192300284369e-03,3.500720651271729822e-03,2.981275968474833560e-04,-3.571818755357558661e-03,-3.581772173894673394e-03,1.323858789464421593e-04,-2.813072758322224254e-03,-1.073385003408436345e-03,5.048416261647634129e-03
1.594954443693312462e-02,3.952180950992215114e-03,3.301640189280488635e-03,3.128297656427025952e-04,-3.530881072240713014e-03,-3.605024703212167392e-03,5.396351957939748978e-06,-2.815140425894729903e-03,-1.370191965186950966e-03,5.305433139688661703e-03
1.563500854330611423e-02,3.824335307215459556e-03,3.488057534916932934e-03,4.062171499560618404e-04,-3.660068177181036164e-03,-3.883001135890226663e-03,-1.760956413136560705e-04,-2.757492954907875271e-03,-1.417066207562725499e-03,5.392136314916945450e-03
1.555942555831463237e-02,3.921761495804587661e-03,3.362051804015664391e-03,4.362633638250873469e-04,-3.617505475827134664e-03,-4.172921137986840279e-03,-3.385273085371315327e-04,-2.728920558230235605e-03,-1.361570405478740309e-03,5.481508297359938275e-03
1.548813016351066607e-02,3.923017485161106599e-03,3.457549838213447302e-03,5.745617442533962338e-04,-3.741508075921981535e-03,-4.142944830491102071e-03,-1.902387988287901344e-04,-2.711454713949026929e-03,-1.384597832476089363e-03,5.582884852851174862e-03
1.558950671900190266e-02,3.825874634516848727e-03,3.390044769890285248e-03,4.158506848088994179e-04,-3.698945374568080036e-03,-4.210449898814264125e-03,5.479543647027296238e-05,-2.777554533746992571e-03,-1.436891628174633007e-03,5.638380654935160052e-03
1.555816833977913261e-02,3.529460736448553071e-03,3.345775680901857951e-03,5.249685201887399622e-04,-3.597568819076843449e-03,-4.163465816208813952e-03,3.832508122432326525e-04,-3.073968431815288227e-03,-1.638552061230896806e-03,5.859395244206283548e-03
1.557287050857435184e-02,3.501710152380391183e-03,3.270192695910376091e-03,7.830066735198121242e-04,-3.640759060384912704e-03,-4.344957809480409772e-03,5.748499449147737028e-04,-3.031405730461386727e-03,-1.735694911875154678e-03,6.187850619979243239e-03
1.547572765793009397e-02,3.458519911072321928e-03,2.980272693813762475e-03,8.864015823544374451e-04,-3.842211648999505069e-03,-4.103980765414724785e-03,5.895521137099929421e-04,-2.841446591807558764e-03,-1.693132210521253178e-03,6.054205799870482352e-03
1.549042982672531321e-02,3.636189679587398249e-03,3.118571074242071361e-03,1.329093394315930543e-03,-3.655265617345207496e-03,-3.874241435431524661e-03,6.746168079805880957e-04,-3.100894308461735194e-03,-1.595706021932125074e-03,6.222684441555118018e-03
1.531542474069004511e-02,3.541035121059646351e-03,3.317372144051602967e-03,1.274484847362422624e-03,-3.410851075200324600e-03,-3.548309154025278134e-03,5.476272809920856854e-04,-3.145163397450162490e-03,-1.573234249266586282e-03,6.151056819775721496e-03
1.521859554121776648e-02,3.529622035263038637e-03,3.470834515509821361e-03,1.296956620027961415e-03,-3.754978947498460728e-03,-3.772483945887472601e-03,5.962015308380169687e-04,-3.014166264830975273e-03,-1.749560249873105544e-03,6.282053952394908714e-03
1.501693510816150268e-02,3.660619167882225855e-03,3.684581805163636425e-03,1.343625859001551515e-03,-3.486521608472403777e-03,-3.571502338368476304e-03,6.855735132810097943e-04,-2.785098103243704992e-03,-1.876549776861607954e-03,6.511607196860433322e-03
1.494513770672491193e-02,3.531278055191780507e-03,3.360408346529938917e-03,1.573179103467076123e-03,-3.464049835806864985e-03,-3.350487749097352808e-03,7.338564440513006826e-04,-2.631635731785486598e-03,-1.796172146721342067e-03,6.510782232225370558e-03
1.508343608715322082e-02,3.706167688288811157e-03,3.457834535119067021e-03,1.396853102860556861e-03,-3.967295427640751826e-03,-3.101835469136129952e-03,7.150642300765147619e-04,-2.553909490983288788e-03,-1.621282513624311417e-03,6.478517666091393457e-03
1.495644656016471841e-02,3.935720932754335766e-03,3.294152994731361361e-03,1.411555271655776100e-03,-3.986087641615537747e-03,-3.303288057750722317e-03,4.251442279799011459e-04,-2.431993159604198262e-03,-1.797608514230830679e-03,6.716129531768491590e-03
1.496174648645293148e-02,3.956083363866810809e-03,3.314515425843836405e-03,1.236131710040055953e-03,-3.994052750753901426e-03,-3.314016951838888447e-03,5.957757853481543409e-04,-2.405213716537679680e-03,-1.877996682731322697e-03,6.553697864545016127e-03
1.498210891756540653e-02,3.889983544068845167e-03,3.254907348632735120e-03,1.228166600901692274e-03,-3.851773290270685268e-03,-3.271058028198103873e-03,5.644374061253842889e-04,-2.413178825676043360e-03,-1.863294513936103458e-03,6.441984279374465827e-03
1.480935232122483625e-02,3.582541707892031302e-03,3.358302257467360441e-03,1.026714012287099909e-03,-3.771395660130419381e-03,-3.262024569788066208e-03,5.096181436161778544e-04,-2.674714061473834614e-03,-1.696426310771742552e-03,6.344841428730207955e-03
1.514895989056203041e-02,3.286127809823735646e-03,3.282719272475878580e-03,1.433369716475840772e-03,-4.067137746455090630e-03,-3.373738154958616509e-03,1.884261671060288856e-04,-2.585342079030841789e-03,-1.748720106470286195e-03,6.206484178223350967e-03
1.494895833834389287e-02,2.808028697528552886e-03,3.239529031167809325e-03,1.306380189487338361e-03,-3.986760116314824742e-03,-3.481170262591898323e-03,2.833252795618190767e-04,-2.795098532245299250e-03,-1.734017937675066956e-03,6.307860733714587553e-03
1.465719318779225289e-02,3.079683614343492470e-03,2.961395792115281700e-03,1.474825505732177411e-03,-4.041579378824031177e-03,-3.466468093796679084e-03,3.807514681509471810e-04,-3.014326020020260954e-03,-1.647696569018849977e-03,6.135104137374017275e-03
1.455858530964232456e-02,3.177109802932620575e-03,3.092392924734468918e-03,1.596741837111267936e-03,-4.085848467812458473e-03,-3.423905392442777584e-03,2.836086175066893089e-04,-3.111468870664518827e-03,-1.411250242366920982e-03,6.037961286729759403e-03
1.452794261789241981e-02,2.776745565195193333e-03,2.963051812044023570e-03,1.743427690303292477e-03,-4.145456545023559758e-03,-3.373974824292913510e-03,4.739832934932824982e-04,-3.473490622556238416e-03,-1.321878259923928156e-03,6.212850919826790053e-03
1.452711765325735704e-02,2.691929256976227647e-03,2.914257310298803971e-03,1.677327870505326834e-03,-4.318213141364130037e-03,-3.238972206342172200e-03,3.467296006267189812e-04,-3.320028251098020022e-03,-1.603716854266690195e-03,6.099081000318862245e-03
1.462454384184648515e-02,2.659282740256008193e-03,2.732765317027208152e-03,1.622508607996120400e-03,-4.701230446893994719e-03,-2.875492030920509534e-03,3.937136832321691537e-04,-3.363218492406089277e-03,-1.589014685471470956e-03,5.840024430833937186e-03
1.475554097446567237e-02,2.916299618297035767e-03,2.321291686762622097e-03,1.594064816926407668e-03,-4.591275609735517849e-03,-2.654477441649386038e-03,2.664820981828630586e-04,-3.125606626728991144e-03,-1.253162243363054040e-03,5.832059321695573506e-03
1.466038641593792047e-02,3.093742267029894744e-03,2.459590067190930984e-03,1.919997098332654195e-03,-4.448902306362689796e-03,-2.979806704059298483e-03,4.652831679923946639e-04,-2.987308246300682257e-03,-1.349991442835332678e-03,5.785185079319798973e-03
1.476923243498783067e-02,3.121836702820623977e-03,2.474069671606043963e-03,1.718544509718061830e-03,-4.446764553794987918e-03,-3.314281246539652059e-03,6.775625879864161094e-04,-3.246364815785607316e-03,-1.254493408637549767e-03,5.493419928768158988e-03
1.469248146523985388e-02,3.290315344505259643e-03,2.508659614997937881e-03,1.759482192834907477e-03,-4.573754080783490328e-03,-3.528013303104052256e-03,5.188515285419192935e-04,-3.570538274419304825e-03,-1.239791239842330528e-03,5.330988261544683526e-03
1.466021689910587678e-02,3.318743726571926622e-03,2.625742828830462949e-03,1.897596433686268846e-03,-4.601504664851652215e-03,-3.641783222611980064e-03,3.197710665506781069e-04,-3.212956042308451332e-03,-1.467704717842327478e-03,5.201801156604360377e-03
1.432810509253996945e-02,3.487222368256562288e-03,2.673307619334791552e-03,1.912298602481488086e-03,-4.918328202160857088e-03,-3.707883042409945706e-03,-1.345754982309821379e-05,-3.340801686085206890e-03,-1.649196711113923297e-03,5.299227345193488481e-03
1.430485256322247545e-02,3.170398830947357416e-03,2.728803421418776742e-03,1.959863392985816688e-03,-4.609983139099035898e-03,-3.644318692092154977e-03,-1.404470768116006241e-04,-3.364054215402700887e-03,-1.528460443104201483e-03,4.951715351148133770e-03
1.395734056917712074e-02,3.073255980303099544e-03,2.595158601310015856e-03,2.055964609265853449e-03,-4.308779813123192470e-03,-3.375861353066098025e-03,1.381712214378050252e-04,-3.489174523090124436e-03,-1.307445853833077987e-03,4.818070531039372884e-03
1.376469202819687043e-02,2.765814144126285679e-03,2.584429707221849726e-03,2.098527310619754949e-03,-4.262110574149602371e-03,-3.615764733239920647e-03,3.391528289568013221e-04,-3.709591738624271051e-03,-1.330393379211258775e-03,4.594269314225088441e-03
1.357526602041966846e-02,2.973503622079612385e-03,2.803817454889903638e-03,2.236825691048063836e-03,-4.814592372869894166e-03,-3.593292960574381856e-03,4.189194707797799788e-04,-3.352009506513417558e-03,-1.196987299852972364e-03,4.435927061707742314e-03
1.341655496097517164e-02,3.141119892165575300e-03,2.884195085030169525e-03,2.265398087725703502e-03,-4.995491064871543374e-03,-3.685060881908688857e-03,3.882767790298752297e-04,-3.318515401961194544e-03,-1.251806562362178799e-03,4.516304691848008201e-03
1.331826551878460829e-02,2.942039430174334114e-03,2.711438488689599247e-03,2.236954296655990770e-03,-4.939995262787558183e-03,-3.150304403404829978e-03,6.794998972926014069e-04,-3.084532723756194805e-03,-1.304100358060722442e-03,4.546350905717033708e-03
1.318462069867584741e-02,3.005603780492124844e-03,2.667169399701171950e-03,2.375252677084299657e-03,-5.009699203257000910e-03,-3.066204003485020757e-03,5.674106890062868835e-04,-2.791264478625127277e-03,-1.433287463001045592e-03,4.503160664408964453e-03
1.328204688726497551e-02,3.127520111871215369e-03,2.874369148037861366e-03,2.554562150726996661e-03,-4.907085595862614724e-03,-3.242530004091540019e-03,2.774906869096732676e-04,-3.132262064546184610e-03,-1.291592268999330884e-03,4.690106696063262026e-03
1.332500581090576008e-02,3.136553570281253034e-03,2.584449145941247750e-03,2.676478482106087187e-03,-5.036272700802937874e-03,-3.339672854735797891e-03,2.089936420013316365e-04,-2.995477711399588405e-03,-1.276890100204111644e-03,4.498422228514348253e-03
1.324018950268679440e-02,3.294408818591318400e-03,2.450804325832486863e-03,2.629100020778499247e-03,-4.940171484522901113e-03,-3.408169899644139522e-03,1.376982471973653421e-04,-2.952915010045686905e-03,-1.631613383395139061e-03,4.564911526911102913e-03
1.305869750941519858e-02,3.101148627796243562e-03,2.434169507402758614e-03,2.347261426435737208e-03,-4.890240916373037039e-03,-3.187016952405752335e-03,5.356472388588773281e-04,-2.948460954777548659e-03,-1.514530169562613993e-03,4.202889775019383323e-03
1.293170798242669617e-02,2.653937221472696395e-03,2.403526815652853865e-03,2.023087967802039699e-03,-5.066337459812095267e-03,-3.379665493386002639e-03,2.925677598104026167e-04,-2.779982313092912993e-03,-1.696022162834209812e-03,4.260537246006237955e-03
1.310915063115955514e-02,2.410857742424221684e-03,2.380274286335359868e-03,1.926857221548214372e-03,-5.267997892868359067e-03,-3.211186851701366973e-03,2.482986708219753202e-04,-2.765456234377738909e-03,-1.718969688212390601e-03,3.662078416226274835e-03
1.313772302783719481e-02,2.402892633285858004e-03,2.369545392247193738e-03,1.842040913329248686e-03,-5.339795294304949813e-03,-3.168624150347465473e-03,2.462310032494696710e-04,-2.638773011375217248e-03,-1.671404897708061998e-03,3.702932573225875545e-03
1.316019480050273360e-02,2.511738652335768207e-03,1.988170618439047410e-03,1.798850672021179431e-03,-5.103348967653020818e-03,-3.244207135338947334e-03,3.996933747076880650e-04,-2.670111390597987300e-03,-1.652293165636156691e-03,3.728532797811906496e-03
1.312955210875282885e-02,2.642735784954955425e-03,2.312722814730938659e-03,1.937149052449488318e-03,-5.040818876115432667e-03,-3.503263704823872393e-03,5.379917551359969519e-04,-2.815551244309752454e-03,-1.958072379252370765e-03,3.743234966607125735e-03
1.310110831768311612e-02,2.546505038701130097e-03,2.201009229560388358e-03,1.856760883948996299e-03,-4.850444200128839478e-03,-3.323181905013516957e-03,8.664471309089566420e-04,-2.846889623532522506e-03,-2.033655364243852626e-03,3.631521381436575435e-03
1.335812519572414370e-02,2.684803419129438984e-03,2.469466568586445310e-03,1.789255815625834245e-03,-4.664026854492395180e-03,-3.309252320062613939e-03,8.861563796786070535e-04,-2.943120369786347834e-03,-2.099755184041818268e-03,3.769635622287936805e-03
1.331385610673571640e-02,2.626296615824905145e-03,2.417172772887901666e-03,1.781290706487470565e-03,-4.814522380334598783e-03,-3.353521409051041235e-03,8.584057956104451659e-04,-2.804821989358038947e-03,-1.979018916032096453e-03,3.907934002716245692e-03
1.329090858135753561e-02,2.518864508191623330e-03,2.713601466629800285e-03,1.861668336627736453e-03,-4.928292299842526591e-03,-3.410928785112343764e-03,4.753884900805804836e-04,-3.032146391541104546e-03,-2.178099378023337640e-03,3.865027194468614868e-03
1.368638266822490290e-02,2.698227517188511726e-03,2.892910940272497289e-03,1.983584668006826979e-03,-4.929117264477589355e-03,-3.313502596523215660e-03,5.227350896829380256e-04,-2.622915238277206962e-03,-2.230393173721881284e-03,3.887498967134153660e-03
1.355704155553445756e-02,2.807345352568352270e-03,2.845532478944909349e-03,1.975619558868463299e-03,-5.225531162545885011e-03,-3.216076407934087555e-03,3.935479847426148758e-04,-2.645942665274556016e-03,-2.099396041102694066e-03,3.935063757638482262e-03
1.357174372432967679e-02,3.044957218245450403e-03,2.875578692813934856e-03,2.122305412060487839e-03,-4.927311339664994239e-03,-2.978464542256989422e-03,1.053067921275019359e-05,-2.536824829894715472e-03,-2.146270283478468599e-03,4.136045365157478559e-03
1.365844689955796054e-02,3.213435859930086069e-03,2.864849798725768726e-03,1.997972839084538599e-03,-5.054300866653496649e-03,-2.757449952985865926e-03,2.523284800796943284e-05,-2.405827697275528254e-03,-1.959852937842024301e-03,4.150747533952697799e-03
1.346672317876310143e-02,3.376353912367235921e-03,2.960674702729801377e-03,1.906204917750231598e-03,-5.340406607356865121e-03,-3.249903873924528397e-03,2.285322629788644200e-06,-2.379048254209009672e-03,-1.983105467159518298e-03,4.109013814003914522e-03
1.405487997986527848e-02,3.317847109062702082e-03,2.858598288553615419e-03,1.830621932758749737e-03,-5.165516974259834471e-03,-3.219857660055502890e-03,2.176550572829949459e-07,-2.599465469743156287e-03,-2.110094994148020708e-03,4.435333062999383125e-03
1.388212338352470820e-02,3.101412124996899555e-03,2.835345759236121421e-03,2.069260015569160394e-03,-5.133640398154101780e-03,-3.034085522928095524e-03,-2.779155839952446305e-04,-2.519087839602890400e-03,-2.012668805558892604e-03,4.461988806162525689e-03
1.388426113609241008e-02,3.069147558862922454e-03,2.812093229918627424e-03,2.360483133831886571e-03,-5.166286914874321234e-03,-2.978589720844110333e-03,-2.521940804292716054e-04,-2.674178583953940036e-03,-2.082372746028335331e-03,4.433545015092812958e-03
1.383196734039386644e-02,3.119078127012786528e-03,2.840665626596267090e-03,2.233493606843384160e-03,-5.293276441862823645e-03,-2.692119044831256525e-03,-2.754466097467656027e-04,-2.535880203525631149e-03,-2.002606104205356674e-03,4.232092426478220593e-03
1.375638435540238458e-02,3.253193321019726136e-03,2.796396537607839794e-03,1.937079708775088505e-03,-5.135421193552758279e-03,-2.423661705805199573e-03,-1.287607565547410626e-04,-2.367401561840995483e-03,-1.893488268825516130e-03,4.120378841307670292e-03
1.383676198554265047e-02,3.123852208329280788e-03,2.854044008594694426e-03,2.075378089203397391e-03,-4.726190040288860694e-03,-2.255183064120563907e-03,-2.566064003314966202e-04,-2.229287320989634114e-03,-1.731481262086512207e-03,4.089988865259464035e-03
1.361753449776768876e-02,3.314226884315873978e-03,2.787944188796728784e-03,1.963664504032847091e-03,-4.985637756943037124e-03,-1.960764498130956879e-03,-2.673352944196627501e-04,-2.000251799172056422e-03,-1.510466672815388711e-03,4.258434181504303084e-03
1.333426174266563735e-02,3.074323504142051355e-03,2.959525962752007633e-03,1.995615800109346027e-03,-5.028827998251106379e-03,-1.702726344799884717e-03,-1.031841637863517569e-05,-1.891133963792215877e-03,-1.607609523459646583e-03,4.368389018662779955e-03
1.343036295894567411e-02,3.076461256709753234e-03,2.981997735417546425e-03,1.879246047896868110e-03,-4.986265296897204879e-03,-2.195180265738547187e-03,3.472638157322183172e-04,-1.657151285587216138e-03,-1.447374484108837622e-03,4.383091187457999194e-03
1.335856555750908337e-02,2.682838274409807267e-03,2.958970308420197370e-03,1.757065596962953391e-03,-4.884888741405968293e-03,-2.275568434239039206e-03,7.152675453422768781e-04,-1.562173585883619431e-03,-1.068750599399731493e-03,4.352701211409792936e-03
1.365115397829820554e-02,2.649279693427944449e-03,2.669050306323583754e-03,1.892068214913694701e-03,-4.832806817318222037e-03,-2.307833000373016308e-03,5.220073545472020404e-04,-1.628947591486754054e-03,-9.587957622412546232e-04,4.354838963977494815e-03
1.361981559907543549e-02,2.522290166439442038e-03,2.691522078989122546e-03,2.221063041853488240e-03,-4.374428433874644195e-03,-2.306577011016497369e-03,5.775031566311872311e-04,-1.606475818821215262e-03,-7.007576089101824612e-04,4.401508202951084914e-03
1.350851342552418510e-02,2.553491677217981093e-03,2.516098517373402399e-03,2.253014337929987176e-03,-4.342477137798145259e-03,-2.457072536858700973e-03,7.158015370594961180e-04,-1.556545250671351188e-03,-7.723852306895789832e-04,4.304365352306827042e-03
1.357104351706177325e-02,2.477908692226499232e-03,2.391765944397453159e-03,2.267716506725206416e-03,-4.153812988884758584e-03,-2.414509835504799473e-03,7.149765724244333542e-04,-1.460444034391314427e-03,-7.499134580240401915e-04,4.207222501662569170e-03
1.345467376484929534e-02,2.715520557903597365e-03,2.508616459135581955e-03,2.326022330524923909e-03,-4.197003230192827838e-03,-2.442447755032953194e-03,6.732428524756500776e-04,-1.413774795417724328e-03,-6.695358278837743038e-04,4.233878244825711734e-03
1.363398323849199234e-02,2.643723156467006619e-03,2.801204879924704128e-03,1.894646455482831837e-03,-4.493417128261123494e-03,-2.253783606119566518e-03,1.341015992502900267e-03,-1.293038527408002514e-03,-3.766349047288342078e-04,4.423837383479539698e-03
1.390244057751804929e-02,2.707287506784797348e-03,2.729909485120737833e-03,1.819063470491349976e-03,-4.264348966673853214e-03,-2.032769016848443022e-03,1.294141750127125734e-03,-1.024581188381945562e-03,-3.619327359336149685e-04,4.631037131816229113e-03
1.409110472643143597e-02,2.804713695373925453e-03,2.499381788067661647e-03,2.097681768740755626e-03,-4.155502947623943011e-03,-2.134845431024628981e-03,1.167152223138623324e-03,-1.002109415716406771e-03,-1.934540942489793025e-04,4.523605024182947298e-03
1.412761375209865833e-02,2.833286092051565119e-03,2.447087992369118004e-03,2.354698646781783200e-03,-4.091938597306152281e-03,-2.307602027365199260e-03,9.240727440901486123e-04,-8.906656449574612555e-04,-1.653596584582500695e-04,4.456831018579812675e-03
1.407531995640011468e-02,2.721572506881014819e-03,2.350785175612407629e-03,2.485695779400970418e-03,-3.696464510438784989e-03,-2.376099072273540891e-03,7.970832171016462020e-04,-8.606194310884357490e-04,-6.925844217821330862e-05,4.345117433409262375e-03
1.409568238751258973e-02,2.688423892225927370e-03,2.348717508039901980e-03,2.373982194230420117e-03,-3.872561053877843218e-03,-2.239314719126944686e-03,1.045735497062869057e-03,-9.723330162589860493e-04,6.903993825009557828e-05,4.586094477474947362e-03
1.408771727837422605e-02,2.347426306304870036e-03,2.226537057105987261e-03,2.048652931820507672e-03,-3.870423301310141340e-03,-2.377314273355787821e-03,1.184033877491177944e-03,-1.171413478250227236e-03,2.266556227703414583e-04,4.618045773551446298e-03
1.389358726318795645e-02,2.120101904121804437e-03,2.050211056499467999e-03,1.982553112022542030e-03,-4.110326681483963962e-03,-2.314784181818199671e-03,1.117259871888043321e-03,-7.324999428530570844e-04,1.462674542698494395e-04,4.358598056897269868e-03
1.372083066684738617e-02,1.899684688587657821e-03,2.048143388926962349e-03,1.801061118750946211e-03,-3.991817883637144293e-03,-2.289062678252226646e-03,1.274781500316859995e-03,-7.058441996899145199e-04,3.513737208711009696e-04,4.381069829562808660e-03
1.377076123499725024e-02,2.078994162230354825e-03,2.070615161592501141e-03,2.114120104256433930e-03,-4.164574479977714572e-03,-2.194084978548629938e-03,1.289483669112079234e-03,-6.103461654921316093e-04,3.347389024413727210e-04,4.188421288582558355e-03
1.371594197248804381e-02,2.488225315494252410e-03,2.218903671300842539e-03,2.211546292845562034e-03,-3.915922200016491717e-03,-2.269667963540111799e-03,1.337048459616407836e-03,-5.526986945052769773e-04,-9.663697260071935080e-05,4.426033154259656488e-03
1.323973111173405715e-02,2.490363068061954288e-03,2.127135749966535538e-03,2.607020379712929325e-03,-3.889142756949973134e-03,-2.778136511903672723e-03,1.284754663917864193e-03,-5.381726157901028929e-04,9.332216605310861279e-05,4.244541160988060668e-03
1.339319348319227554e-02,2.829970637399148448e-03,2.124580677131879258e-03,2.845330448849076044e-03,-3.823317050315327981e-03,-2.775998759335970845e-03,1.085674201926623006e-03,-4.956099144362013931e-04,-5.929800961067266396e-05,4.213202781765290617e-03
1.353987933638430008e-02,2.991977644138152370e-03,2.182228148118733890e-03,3.075069778832276168e-03,-3.714199214935487436e-03,-2.584399626664429794e-03,1.166051832066888894e-03,-7.261376114892775790e-04,3.812817897845544035e-05,4.205237672626926937e-03
1.352324451795457183e-02,3.221045805725422650e-03,2.149963581984756789e-03,3.089771947627495408e-03,-3.671240291294702862e-03,-2.607427053661778849e-03,1.039062305078386483e-03,-6.684901405024229470e-04,1.342293952584922012e-04,4.219939841422146176e-03
1.366154289838288072e-02,3.264004729366207225e-03,2.470796471843061948e-03,3.248416646473614722e-03,-3.852732284566298682e-03,-2.472424435711037538e-03,7.770347747906858338e-04,-7.402875419390136935e-04,7.239868269989790939e-06,4.548395217195105866e-03
1.338151150753454088e-02,3.137015202377704814e-03,2.269136038786798149e-03,3.345842835062742826e-03,-3.964034458117549065e-03,-2.313779736864918224e-03,7.327656858022585373e-04,-8.675412348055772105e-04,-1.432556575722138126e-04,4.762142506848920931e-03
1.294864077758796361e-02,3.070915382579739172e-03,2.131136484557955013e-03,3.395773403212606900e-03,-4.012828959862768663e-03,-2.410082553621628598e-03,6.895754444941892825e-04,-8.340471302533541964e-04,-2.385722551700997229e-05,4.718952265540851676e-03
1.280320092387619846e-02,3.085617551374958412e-03,2.145838653353174252e-03,3.475540045035585557e-03,-3.932451329722502775e-03,-2.241603911936992932e-03,6.047591362752235966e-04,-7.536695001130883087e-04,-4.710975483450396961e-05,4.695277808782580276e-03
1.282567269654173725e-02,3.141113353458943602e-03,2.087331850048640414e-03,3.368107937402303742e-03,-3.930313577154800897e-03,-2.524876667039044342e-03,4.512983651304286470e-04,-9.809939022961539079e-04,-3.240758603928473036e-05,4.374085832272431307e-03
1.289077026043707053e-02,3.287083762871401138e-03,2.280519750478257612e-03,3.358937798681571607e-03,-4.402574317089222311e-03,-2.286566597902897624e-03,5.979842183224531871e-04,-9.384312009422524081e-04,9.760207331722947632e-05,4.223590306430227703e-03
1.283463759546077387e-02,3.234789967172857494e-03,2.038194048902181033e-03,3.545883830335869180e-03,-3.966147404140030197e-03,-2.576489518251401378e-03,4.862706331519028868e-04,-1.197878917596428838e-03,-1.370010023402090660e-05,4.021929873373963904e-03
1.261541010768581217e-02,3.035709505181616308e-03,2.016067831483309147e-03,3.654729849385779383e-03,-3.943675631474491405e-03,-2.690259437759329186e-03,4.314513706426964523e-04,-1.066881784977241621e-03,1.245982801942879803e-04,3.950132471937373158e-03
1.313648843255846299e-02,3.378261615491054415e-03,1.924299910149002146e-03,3.622465283251802282e-03,-3.834829612424581202e-03,-2.871751431030925006e-03,6.107608442853934561e-04,-1.044410012311702829e-03,2.113014554225717267e-04,3.853901725683547830e-03
1.350449216216852155e-02,3.196769622219458595e-03,2.287780085570664812e-03,3.496459552350533739e-03,-3.814467181312106159e-03,-2.794025190228727196e-03,5.776122296303060066e-04,-9.469838237225747246e-04,1.835508713544098391e-04,3.637466741617745303e-03
1.376150904020954913e-02,3.365248263904094261e-03,2.160790558582162402e-03,3.675769025993230743e-03,-3.607267432975416743e-03,-2.921870834005482753e-03,5.227929671210995721e-04,-1.018781225159165471e-03,3.704969030087074122e-04,3.341724655293074053e-03
1.402730494207871104e-02,3.298474258300959638e-03,2.092293513673820771e-03,3.673701358420725094e-03,-3.714699540608698558e-03,-2.841493203865216866e-03,4.642861638165657334e-04,-8.609259768491001052e-04,6.669255967506060312e-04,3.044971236193669273e-03
1.395172195708722918e-02,3.018969413552924363e-03,2.188394729953857532e-03,3.811999738849033981e-03,-3.667134750104369956e-03,-2.710496071246029648e-03,3.505162443086379254e-04,-6.745086312126558070e-04,6.435687298789738442e-04,2.763132641850907234e-03
1.377022996381563336e-02,3.157267793981233250e-03,2.210866502619396323e-03,3.809932071276528331e-03,-3.397652183632957068e-03,-2.655000269162044457e-03,5.888263134447846436e-04,-8.842650844271132682e-04,7.329407123219666698e-04,3.235963664732666167e-03
1.384795620461783117e-02,2.772443669628851803e-03,2.479323841645453275e-03,3.610851609285287145e-03,-3.355089482279055568e-03,-2.447800520825355042e-03,5.171986916653881217e-04,-6.770653360904238527e-04,5.742296528774698539e-04,3.370966282683407478e-03
1.358643560801969796e-02,2.781477128038889468e-03,2.805256123051699801e-03,3.508775195109101186e-03,-3.466803067449605869e-03,-2.427438089712879998e-03,5.597613930192896214e-04,-6.850304452287875323e-04,6.217944433817984562e-04,3.752351034481779535e-03
1.345279078791093708e-02,3.033272193942018746e-03,2.443234371159980212e-03,3.181630867050241895e-03,-3.430294041782383507e-03,-2.248128616070182995e-03,3.671128520390393168e-04,-5.759126098489469880e-04,6.362740477969114350e-04,3.982090364464979659e-03
1.354889200419097384e-02,2.823515740727561285e-03,2.469890114323122776e-03,3.228300106023831995e-03,-3.355339494962472635e-03,-2.183031052174849718e-03,3.970891595347775249e-04,-3.872484609355603125e-04,5.958236299202224195e-04,3.700251770122217621e-03
1.362661824499317165e-02,2.903893370867827173e-03,2.698958275910393056e-03,3.419642082605797717e-03,-3.054136168986629207e-03,-2.053531727401011753e-03,7.366967288719716844e-04,-6.331993843681354983e-04,6.851956123632152451e-04,3.812805756386067335e-03
1.392782157096901507e-02,2.903068406232764409e-03,2.795059492190429817e-03,3.176562603557323006e-03,-3.031664396321090416e-03,-2.038829558605792514e-03,7.775508858715723948e-04,-4.981967664173941879e-04,5.124390160226449664e-04,3.727989448167101649e-03
1.411476760262331265e-02,2.835563337909602355e-03,3.462832632217680007e-03,3.251517150377233878e-03,-3.101368336790533142e-03,-2.388390443268467722e-03,9.662150347849590704e-04,-2.598866972812474696e-04,1.557548710130057801e-04,3.709197234192315729e-03
1.368904446053730017e-02,2.891059139993587546e-03,3.360756218041494048e-03,3.228264621059739881e-03,-3.051437768640669068e-03,-2.292289226988430961e-03,1.195954364768159195e-03,-2.765215157109757182e-04,-1.700172532756449861e-05,3.612368034720037091e-03
1.355539964042853929e-02,2.883094030855223866e-03,3.547702249695791621e-03,3.258310834928765387e-03,-3.175770341616618309e-03,-2.315646093860063148e-03,9.717795729059647281e-04,-4.035110426994781285e-04,-1.049938567468794437e-04,3.500654449549486791e-03
1.361008643802816276e-02,3.174317149117950043e-03,3.590661173336576195e-03,3.393313452879506698e-03,-2.882188815518965663e-03,-2.391229078851545009e-03,8.600659877354144278e-04,-1.100959202788992508e-04,-1.028561041791775654e-04,3.531103835670568181e-03
1.385512067332722586e-02,2.894285758269610209e-03,3.543786930960801662e-03,3.391245785307001048e-03,-2.921334250672674715e-03,-1.913788603841753977e-03,6.785739944638186083e-04,1.282141488572474675e-04,-2.482959578909427201e-04,3.376013091319518544e-03
1.356520067123061224e-02,2.769165450582186661e-03,3.566258703626340454e-03,3.522242917926188266e-03,-2.980942327883776000e-03,-1.605443540779932787e-03,7.086202083328441148e-04,4.217956749549001128e-04,-2.163446618144437839e-04,3.278870240675260672e-03
1.370757397460344029e-02,2.946608099315045637e-03,3.521765770326854006e-03,3.660541298354497153e-03,-2.955342103297745049e-03,-1.773536039596138036e-03,7.979921907758369404e-04,4.772914770388853034e-04,4.669927456679712208e-06,3.381483848069646858e-03
1.359586038943288999e-02,2.613379482941269316e-03,3.494971305155525343e-03,3.532695654577741595e-03,-2.966755189094352763e-03,-1.676109851007009932e-03,6.252355944352666617e-04,2.756310439826215042e-04,1.135159465065899154e-04,3.413435144146145794e-03
1.363311762566211949e-02,2.396944498875466789e-03,3.537930228796309917e-03,3.500431088443764494e-03,-2.716892251544880676e-03,-1.537995610155648563e-03,5.764410926900470633e-04,4.066281766018087218e-04,3.705328245476174898e-04,3.455997845500047294e-03
1.385413221493324298e-02,2.508388269634412304e-03,3.529965119657946238e-03,3.587134263672048240e-03,-2.583486172186594265e-03,-1.649709195326198863e-03,7.147394731183559502e-04,2.772870639113633739e-04,6.634337477025575858e-04,3.262737654704972456e-03
1.375205580075705702e-02,2.212646183309741055e-03,3.972656931619439336e-03,3.411037720232990011e-03,-2.764978165458190085e-03,-1.783354015434959750e-03,4.286337324149874783e-04,4.672462025651913375e-04,8.737020608755308171e-04,3.364114210196209043e-03
1.409460791106649513e-02,2.276210533627531785e-03,4.224451997522568614e-03,3.403072611094626332e-03,-2.578032133803892512e-03,-1.645055635006650863e-03,4.552894755781300429e-04,5.476238327054572252e-04,3.956029485803480572e-04,3.101802746506385211e-03
1.423272215191785650e-02,2.082080518441262185e-03,4.341535211355093682e-03,3.458568413178611523e-03,-2.480605945214764407e-03,-1.549557600808867952e-03,3.797064905866481821e-04,6.564698517553674284e-04,2.368918891358512413e-04,2.972461633815939863e-03
1.467541396387934960e-02,2.096782687236481424e-03,4.160043218083497862e-03,3.168648411081997907e-03,-2.471977709220543606e-03,-1.646700451453125824e-03,4.911502613455936972e-04,9.134867297963950028e-04,1.151231192822593785e-04,2.920167838117396220e-03
1.478453179925919014e-02,2.325850848823751704e-03,4.113168975707723329e-03,3.270024966573234493e-03,-2.377078596764753415e-03,-1.549274262863997720e-03,5.058524301408129364e-04,9.544244129132406496e-04,3.315712559456146513e-04,2.793178311128893809e-03
1.450269320491642810e-02,2.254555454019785410e-03,4.381626314733780281e-03,3.366126182853271254e-03,-2.176096989245757118e-03,-1.621071664300588466e-03,3.722076100320520498e-04,1.092538653764602019e-03,2.990863053454473341e-04,2.961656952813529475e-03
1.442711021992494624e-02,2.174167285519293391e-03,4.103493075681252655e-03,3.142324966038986811e-03,-2.222971231621531651e-03,-1.408792244306567021e-03,3.418176339838457922e-04,9.646930099878464615e-04,2.442670428362408996e-04,2.731129255760453289e-03
1.463223803890370545e-02,2.023671759677089788e-03,4.226298429375510701e-03,2.730851335774400757e-03,-2.040826324891012455e-03,-1.507400122456495350e-03,2.895238382853021486e-04,7.459772434667694130e-04,4.118833129222038147e-04,2.759701652438092956e-03
1.455184987040321343e-02,2.046143532342628579e-03,4.179424186999736168e-03,2.687661094466331502e-03,-1.754355648878158647e-03,-1.540328329037110588e-03,1.134272948462439201e-04,1.279078808727227012e-03,4.131393022787227531e-04,2.707407856739549312e-03
1.465097432425391255e-02,1.974515910563232057e-03,4.193950265714910253e-03,2.606284724455246171e-03,-1.994259029051981269e-03,-1.822166923379872627e-03,-2.021752526251696658e-05,1.342979901855834157e-03,4.994606709349397322e-04,2.556912330897345709e-03
1.466567649304913179e-02,1.834651431226949625e-03,4.242233196485201141e-03,2.748658027828074224e-03,-1.551567217090488171e-03,-1.614477445426545921e-03,2.584007729868886827e-04,1.438477936053617068e-03,3.724711439464373219e-04,2.393230790509640049e-03
1.450324482582565633e-02,1.520115537599939226e-03,4.399589130908543311e-03,2.717319648605304172e-03,-1.610074020395022010e-03,-1.672984248731079759e-03,4.332904060839193328e-04,1.576776316481925955e-03,3.871733127416565612e-04,2.419328828491260075e-03
1.460462138131689291e-02,1.600493167740205114e-03,4.537887511336852198e-03,2.750813753157527186e-03,-1.389059431123898514e-03,-1.586239387900270637e-03,5.293916223639560936e-04,1.377695854490684768e-03,2.758711391904061783e-04,2.327560907156953074e-03
1.438420416578274630e-02,1.689865150183197939e-03,4.505622945202875096e-03,2.707623511849457931e-03,-1.046507320814460407e-03,-1.644746191204804475e-03,3.101641345889943890e-04,1.536340553336804082e-03,-4.830231944329133054e-05,2.565172772834051207e-03
1.425545896541412227e-02,1.640603292046960426e-03,4.848175055512313203e-03,2.914823260186147347e-03,-8.099740085757839436e-04,-1.771735718193306885e-03,3.740652277176015339e-04,1.462231130186925077e-03,2.481263742986072884e-04,2.489589787842569346e-03
1.374699041705056135e-02,1.752047062805905941e-03,4.562069314808944731e-03,2.752391592962671885e-03,-7.670150849349993694e-04,-1.583071569279920210e-03,2.447241150271561860e-04,1.413436628441705478e-03,2.067979896153981922e-04,2.314584701807301248e-03
1.417501486476190065e-02,1.490511827008114687e-03,4.237895856175247222e-03,2.513351002440281090e-03,-6.482833240165492006e-04,-1.606098996277269264e-03,-5.168978304113946987e-05,1.369167539453278182e-03,-1.361922591874842325e-05,2.381074000204055907e-03
1.389821721209526240e-02,1.423006758684952633e-03,4.368892988794434440e-03,2.063116780253601568e-03,-5.448884151819238797e-04,-1.840294520493987451e-03,2.868784709912641784e-05,1.455870714681561928e-03,-3.687175523624242057e-05,2.242716749697198919e-03
1.424076932240470050e-02,1.221346325628688834e-03,4.199032049361617336e-03,1.881624786982005748e-03,-6.165160369613204017e-04,-1.838156767926285573e-03,1.402109278856866759e-04,1.528951025111857653e-03,-9.169101774544885508e-05,2.240649082124693270e-03
1.405927732913310468e-02,1.243818098294227625e-03,4.087318464191067036e-03,1.789856865647698747e-03,-6.471587287112251508e-04,-1.624409478272470508e-03,1.117671368159739442e-04,1.766562890788955786e-03,-2.034046029159991553e-04,2.170945141655250543e-03
1.370971644447042948e-02,1.473371342759752234e-03,4.258900238146345885e-03,2.019596195630898872e-03,-5.667810985709592630e-04,-1.466125598945641761e-03,2.427642694351611619e-04,1.995598412606533478e-03,-1.140326204730063298e-04,2.376072960634009745e-03
1.401541774246452265e-02,1.299547712051415949e-03,3.931837901255799683e-03,1.727831045079258887e-03,-4.473826665157554228e-04,-1.297646957261006095e-03,1.866316044588645084e-04,2.029092517158756492e-03,-1.370600474703553839e-04,2.398544733299548537e-03
1.405798044381842415e-02,1.165902891942655062e-03,3.883043399510580085e-03,2.095834774689317448e-03,-6.488352551303477878e-04,-1.201545740980969335e-03,-7.242496502606055042e-05,2.072051440799541067e-03,-4.210722594340798874e-04,2.192893451810951078e-03
1.371698285789736682e-02,1.012442120797860112e-03,4.280500282075300200e-03,2.286209450675910637e-03,-3.810973672219858388e-04,-1.179073968315430543e-03,-4.165528373241966786e-04,2.134581532337129217e-03,9.662428433454550714e-05,2.350748700121016443e-03
1.389706465770772226e-02,9.007285356273098120e-04,4.272535172936936521e-03,2.101010404125289166e-03,-4.782402178662437109e-04,-1.441385432005254374e-03,-4.610457706236831266e-04,1.972149865113653755e-03,-2.475035879635906211e-04,2.645167266110623472e-03
1.352888367552269877e-02,7.192365423557139925e-04,4.143194060246491173e-03,2.052215902380069568e-03,-5.500376193028344574e-04,-1.032154278741356790e-03,-4.290944745471841903e-04,1.904644796790491701e-03,-1.461270324723540348e-04,2.741268482390660233e-03
1.323896367342608515e-02,5.265880013754636879e-04,4.067611075255009312e-03,1.953608024230141238e-03,-3.160549410978347185e-04,-8.198748587473353444e-04,-6.281749365384253769e-04,1.990164193397231385e-03,2.876260062467661527e-05,2.669640860611263711e-03
1.312766149987483477e-02,3.978428010068396636e-04,4.179054846013954827e-03,1.674103179482105963e-03,-3.552003762515437701e-04,-8.521394248813124461e-04,-3.991394147208476850e-04,2.070541823537497272e-03,1.402063713836221304e-04,2.387802266268501672e-03
1.299576869488738851e-02,2.163508077352438441e-04,4.028559320171751224e-03,1.903842509465306088e-03,-2.135051822498290619e-04,-7.211422922621252285e-04,-5.745629763365678322e-04,1.946209250561548032e-03,-1.497136307129914856e-04,2.290659415624243800e-03
1.297251616556989451e-02,4.063099463890718077e-04,3.956931698392354702e-03,1.683425293931159472e-03,-2.367577115673230592e-04,-8.375120444746031456e-04,-5.859760621331755459e-04,1.819219723573045622e-03,4.162834586897423694e-05,2.238365619925700156e-03
1.312080467527823591e-02,2.072294843978306211e-04,4.199898508515070850e-03,1.732135731223230501e-03,-5.461280483680386322e-05,-9.492256296451534459e-04,-2.434239518237374389e-04,2.257418549454159873e-03,-6.967382768227614598e-05,1.992414696493124970e-03
1.299647210230228667e-02,3.033307006778673820e-04,4.102755657870812978e-03,1.382657708704201904e-03,4.682745329003257240e-04,-1.121982225985723725e-03,-3.190069368152192997e-04,2.011467626021584687e-03,2.582420651550676460e-05,2.293618022468968398e-03
1.307132397214422204e-02,1.916171155073170818e-04,4.323770247141936474e-03,1.494101479463147419e-03,4.360099667663486223e-04,-1.145656682743995125e-03,-1.113174588618925931e-04,2.241206956004784812e-03,-4.213871998080404024e-04,2.270365493151474401e-03
1.307577802741236028e-02,2.551814658251078116e-04,4.142278253870340654e-03,1.428001659665181777e-03,6.108995998633792723e-04,-1.469830141377692634e-03,-2.981184469305342422e-04,2.337308172284821572e-03,-4.527255790308104544e-04,2.119869967309270797e-03
1.309824980007789907e-02,2.698836346203270509e-04,4.310756895554976320e-03,1.474670898638771876e-03,7.359198413338097211e-04,-1.027138329416199536e-03,-3.697460687099307641e-04,2.339445924852523451e-03,-4.474256527425973795e-04,2.067576171610727154e-03
1.275126238786629396e-02,2.971024636902741545e-04,4.295088369866723044e-03,1.275590436647530690e-03,6.080741975570541635e-04,-5.991138817048602405e-04,-4.736682224165678079e-04,2.341583677420225329e-03,-3.111527802627661599e-04,2.108513854727572800e-03
1.279382508922019546e-02,4.857666126036608301e-04,4.226591324958381413e-03,1.483279914600857397e-03,5.648839562489849087e-04,-6.579989174712308486e-04,-3.160525378963219278e-04,2.434971061733584574e-03,-3.204031905825327486e-04,2.151472778368357375e-03
1.288052826444847920e-02,3.558091320993855833e-04,4.364889705386690300e-03,1.621578295029166283e-03,2.480604189397800363e-04,-7.879563979755060954e-04,-4.975445311679177474e-04,2.309850754046161025e-03,-5.018951838541285682e-04,2.044211225892822448e-03
1.286979937036031307e-02,7.133913642102390762e-04,4.533240365586541087e-03,1.915065309232244495e-03,3.374324013827728619e-04,-7.453936966216045956e-04,-5.463390329131373457e-04,2.456536607238185566e-03,-4.965952575659154933e-04,2.058913394688041687e-03
1.299481961183074352e-02,6.729409463335500607e-04,4.738368184565300290e-03,2.122754787185571201e-03,5.059110430674085279e-04,-1.143000359652646125e-03,-4.732587224828416206e-04,2.030813465152173092e-03,-4.378333361866187934e-04,2.197211775116350574e-03
1.298409071774257739e-02,5.757980956892921887e-04,4.442626098240629040e-03,1.993413674495125854e-03,4.536172473688648843e-04,-1.062622729512380237e-03,-6.723391844740828072e-04,1.837553274357098254e-03,-3.902685456822901910e-04,2.426765019581875182e-03
1.291246309596318087e-02,5.090240900861575657e-04,4.384119294936095201e-03,2.040978464999454456e-03,3.266277203803624740e-04,-1.073351623600546367e-03,-8.649877254543331118e-04,1.915279515159296064e-03,-6.129104139504376603e-04,2.528141575073111769e-03
1.273703953434746072e-02,4.138695315584056678e-04,4.331825499237551558e-03,1.890482939157250852e-03,2.778332186351428756e-04,-1.140606246561370885e-03,-1.161401623522628768e-03,1.943851911836935731e-03,-7.465552340591985470e-04,2.285062096024637057e-03
1.273510035671618357e-02,4.229029899684433325e-04,4.470123879665860445e-03,2.058961580841886518e-03,6.807676542068541448e-05,-9.803712072105619235e-04,-1.083675382720430957e-03,1.663820520988595897e-03,-4.040031237497604399e-04,2.209479111033155196e-03
1.255877435610966431e-02,2.959134629799409222e-04,4.492595652331399236e-03,2.014468647542400070e-03,2.488652411261615960e-05,-8.336853540185373834e-04,-1.211521026497186515e-03,1.561744106812409938e-03,-3.614404223958589402e-04,2.162604868657380663e-03
1.230036957747381032e-02,4.340277038313022917e-04,4.212564261483059402e-03,2.120210203381406311e-03,2.300143430913753617e-04,-7.907264303777528092e-04,-1.179569730420687579e-03,1.704117410185237991e-03,-5.429324156674547597e-04,2.354204001328921714e-03
1.218659965796588251e-02,1.194918102042918928e-04,4.350862641911368289e-03,1.974770349669641156e-03,1.328714924471174896e-04,-6.007672917239248456e-04,-9.455870522156878399e-04,1.761764881172092623e-03,-5.861226569755240146e-04,2.257973255075096386e-03
1.223653022611574659e-02,-1.204115699695307296e-04,4.115278066088870479e-03,2.173571419479172762e-03,1.221425983589513597e-04,-5.140641164956410991e-04,-1.017214673995084362e-03,1.948182226808536921e-03,-7.243681524753409207e-04,1.961219835975691606e-03
1.240500886780038226e-02,-3.819468057673219841e-04,3.807836229912056614e-03,2.403310749462372886e-03,3.037467702464435870e-05,-7.731206859805661580e-04,-1.381229695759503273e-03,1.946114559236031272e-03,-6.667206814884862887e-04,1.718140356927216894e-03
1.229329528262983195e-02,-1.161509038981600739e-04,3.410229566881015084e-03,2.513265586620849756e-03,-1.942490099497290457e-04,-6.102026335434163062e-04,-1.234543842567478733e-03,2.048728166630417458e-03,-8.173417982094144385e-04,1.685875790793239792e-03
1.239467183812106854e-02,-7.358820254425857410e-05,3.734781763172906333e-03,2.482875610572643499e-03,-1.622977138732301094e-04,-6.057485782752780601e-04,-1.139644730111688542e-03,2.126454407432615268e-03,-1.051537322426132626e-03,1.675146896705073662e-03
1.230290391678676154e-02,-3.554267968870206129e-04,3.347023480893898673e-03,2.480807943000137850e-03,-2.662198675798671532e-04,-4.188025466209804870e-04,-1.052899869280879419e-03,1.968112154915269141e-03,-1.163250907596682926e-03,1.651894367387579665e-03
1.208026204851861407e-02,-2.244296642678333953e-04,3.478020613513085890e-03,2.919006768881252101e-03,-4.653003295711083398e-04,-7.218540757294722443e-04,-1.010337167926977919e-03,1.805680487691793679e-03,-1.043852475541479086e-03,2.030518252096685794e-03
1.218163860400985066e-02,-1.230531087765968090e-04,3.234941134464611179e-03,3.005751629712061224e-03,-3.270019491427994529e-04,-6.788951520886876700e-04,-1.220093621141435380e-03,1.803612820119288029e-03,-1.109952295339444728e-03,1.892161001589828806e-03
1.200014661073825484e-02,-2.566979288853576957e-04,3.123227549294060879e-03,2.824259636440465404e-03,-3.997027686720722173e-04,-5.206112727618589231e-04,-1.252740137861654834e-03,1.818314988914507269e-03,-1.067389593985543228e-03,2.231768570927022965e-03
1.238737382777928275e-02,2.207425461244333365e-04,3.178723351378046069e-03,3.060705963092394399e-03,-3.975650161043703390e-04,-7.796678422467839820e-04,-1.099277766403436440e-03,1.807586094826341139e-03,-1.395861687523772265e-03,2.370066951355331852e-03
1.242086793233150577e-02,2.633052474783348362e-04,3.416335217055144202e-03,2.989410568288428105e-03,-5.986773522874688780e-04,-7.571960695812451902e-04,-1.303140490873225255e-03,1.863081896910326329e-03,-1.393723934956070387e-03,2.488575749202151521e-03
1.229212273196288174e-02,4.532643861321627998e-04,3.458897918409045702e-03,3.047058039275282737e-03,-4.301987106028332120e-04,-8.420123778002108761e-04,-1.166356137726629050e-03,1.731189091922880063e-03,-1.284877915906160184e-03,2.377273575650901138e-03
1.234040566273317263e-02,4.545203754886817382e-04,3.458072953773982938e-03,2.854409498295032432e-03,-1.644028087336713018e-04,-7.994496764463093763e-04,-1.359616328521703887e-03,1.840306927302720608e-03,-1.027861037865132610e-03,2.098605788334026445e-03
1.252617779986058000e-02,1.581064774203860823e-04,3.695684819451081071e-03,2.620213974078314245e-03,8.424947122755155338e-05,-6.800512443911055360e-04,-1.581444520801444931e-03,1.886976166276310707e-03,-8.897467970137712401e-04,1.925849191993456166e-03
1.243440987852627300e-02,-1.660669812133114265e-04,3.579243727151168453e-03,2.328448823526674261e-03,1.128218679051912199e-04,-4.282561784879762579e-04,-1.427982149343226537e-03,1.909447938941849499e-03,-1.003516716521699048e-03,1.946211623105931210e-03
1.223295728991168063e-02,-5.722096216340122332e-05,3.918851296488362612e-03,2.201459296538171850e-03,2.062092522185504651e-04,-6.873127479729013167e-04,-1.557323262033671885e-03,9.989519136906072072e-04,-1.117286636029626856e-03,1.938246513967567530e-03
1.224936919867219975e-02,1.803909035136969097e-04,3.961810220129147186e-03,2.256955098622157041e-03,1.090664015742925930e-04,-6.553614518964023805e-04,-1.379653493518595564e-03,1.051033837778353464e-03,-8.187238621851083975e-04,1.952948682762786770e-03
1.220510010968377246e-02,2.118863324860331687e-04,4.133391994084426035e-03,1.881496066542365231e-03,9.027418759950667226e-05,-4.666973029830157049e-04,-1.423922582507022860e-03,1.225923470875384114e-03,-9.480649748755537454e-04,2.095321986135614822e-03
1.223187955275029104e-02,2.544490338399346685e-04,4.272385863333741374e-03,1.622439497057440172e-03,2.087829854463263413e-04,-3.027039003382359095e-05,-1.476216378205566504e-03,9.458920800270442797e-04,-9.255932022100149537e-04,2.137015820131510369e-03
1.221524473432056279e-02,4.011348870319592086e-04,4.419071716525765914e-03,1.851992741522964780e-03,3.468972262976877108e-04,-2.813263746612171268e-05,-1.218178224874494342e-03,1.084885949276359618e-03,-9.817258671863116071e-04,2.579707632093003467e-03
1.181488049658313555e-02,4.650359801605663534e-04,4.656683582202864047e-03,1.828740212205470783e-03,8.631567780184173921e-04,-3.523060960998192215e-04,-9.891100632872240617e-04,1.223000190127720987e-03,-1.013990433320288709e-03,2.251235538554774429e-03
1.161580003459189436e-02,2.835439868889705339e-04,4.893129908854793042e-03,1.884236014289455974e-03,5.190289057202812639e-04,-3.267058715137882707e-04,-9.998389573753901916e-04,1.409946221782018561e-03,-1.080090253118254351e-03,2.353849145949160615e-03
1.172491786997173491e-02,1.542028741985251861e-04,4.631594673057001788e-03,1.814532073820013247e-03,6.040935999908764176e-04,-1.367467328599603071e-04,-9.522741668710615892e-04,1.807403104346738676e-03,-1.191803838288804651e-03,2.376320918614699407e-03
1.177248266047606351e-02,3.918147398756233191e-04,4.571986595845900503e-03,1.894909703960279135e-03,4.966614923575946028e-04,-4.397982619684520644e-04,-1.133766160142657409e-03,1.938400236965925894e-03,-1.001844699634976688e-03,2.246979805924254059e-03
1.158079819292714974e-02,4.233671735659472191e-05,4.291955204997560669e-03,2.011992917792804203e-03,2.067414902609809868e-04,-2.540261248410446981e-04,-9.956519192912960392e-04,1.804755416857165007e-03,-1.298598118734381468e-03,2.467994395195377555e-03
1.160326996559268853e-02,8.489941871049622168e-05,4.466844838094591319e-03,1.704551081615990338e-03,-8.967240780731466909e-05,-1.449082894612041539e-04,-7.044288010285698620e-04,2.003556486666696612e-03,-1.276126346068842676e-03,2.636473036880013221e-03
1.164622888923347310e-02,3.610491696527662331e-05,4.481547006889810558e-03,1.719253250411209577e-03,-3.417660572332947844e-05,2.357035222343151215e-05,-9.044303532467073969e-04,2.141670727518057982e-03,-1.403971989845598234e-03,2.337442471533848765e-03
1.188384075491057124e-02,-1.143906088769269802e-04,4.547372713524455712e-03,1.550419784743503615e-03,-1.353070888432533758e-04,1.039479823636973999e-04,-9.892466614656730828e-04,2.164142500183596773e-03,-1.447162231153667489e-03,2.155950478262252945e-03
1.187311186082240511e-02,6.491886476577002352e-05,4.664455927356980780e-03,1.465603476524537929e-03,-5.492945870298748812e-05,5.426457349886198989e-04,-1.181895202445923387e-03,1.847318962874391901e-03,-1.683091875704187390e-03,2.182606221425395510e-03
1.180148423904300858e-02,-9.017187958527961289e-05,5.253990981322911868e-03,9.294917066625801860e-04,-3.522020993333707661e-05,4.288758154806920908e-04,-1.251599142915366114e-03,1.557398960777778285e-03,-1.973011877800801006e-03,1.809615788488344590e-03
1.184404694039691008e-02,-1.186156706549923445e-04,5.505786047226041147e-03,9.581071525345125073e-04,-2.343006719245782632e-04,4.011252314125302032e-04,-1.578743470974225405e-03,1.534146431460284288e-03,-1.831316683799086298e-03,2.179748516969823302e-03
1.164238650734064628e-02,-2.454107918766074148e-04,5.474447668003271095e-03,1.093109770485253818e-03,-1.917379705706767634e-04,4.436879327664317030e-04,-1.663559779193191090e-03,1.375804178942938161e-03,-1.784647444825496199e-03,2.366165862606267600e-03
1.180103120618676560e-02,-4.913617153091826006e-04,5.700398162478720332e-03,8.336620538310773876e-04,-4.505211737865222332e-05,4.737341466354572095e-04,-1.949665519896559562e-03,1.088418947051764119e-03,-1.341955632864003101e-03,2.607142906671952587e-03
1.182663143077279655e-02,-6.464524596602322370e-04,5.689669268390554202e-03,6.521700605594815681e-04,1.716213785382808554e-04,4.305439053273879546e-04,-2.001959315595103206e-03,7.154285141147131988e-04,-1.112887471276732820e-03,2.605075239099446938e-03
1.189053252390140369e-02,-6.544175687985959167e-04,5.809067700445758042e-03,3.357423653281843556e-04,5.990779336773055519e-05,4.225787961890242750e-04,-2.191385323372305183e-03,6.493286943167475567e-04,-1.035161230474535010e-03,2.432318642758876659e-03
1.205901116558603936e-02,-4.640428928120027274e-04,5.664154755345776615e-03,6.015382671973462658e-04,-1.138760143623573917e-05,6.608888653251709933e-04,-2.143820532867976580e-03,6.992592624666116308e-04,-9.484580552462512637e-04,2.967075121262735538e-03
1.206026715494255830e-02,-1.355875170390430373e-04,5.901766621022874748e-03,4.200462739257504463e-04,-1.076183476900610669e-04,3.829124326471117223e-04,-2.333246540645178557e-03,5.242541764313435326e-04,-7.599193066370746319e-04,2.875307199928428536e-03
1.201853343499377502e-02,-2.623826382606581076e-04,5.997591525026907400e-03,3.677524782272068027e-04,-3.173748009045185281e-04,5.246076266488264306e-04,-2.146300508990880984e-03,8.505734254268121353e-04,-5.029024285960470575e-04,3.062253231582726110e-03
1.180877698177931756e-02,-1.649564496715300033e-04,5.878321307731304568e-03,4.302825697647949532e-04,-2.748120995506170283e-04,7.622194923259245636e-04,-1.925285919719757488e-03,5.644676847234436634e-04,-2.684428020477830357e-04,3.169017736273080366e-03
1.171163413113505969e-02,2.609115494661001788e-04,5.428087085544625046e-03,5.277087583539230575e-04,-4.845685527650744895e-04,9.286393785401941825e-04,-1.968476161027826743e-03,7.984503629284434023e-04,-1.389434772739450707e-04,3.308011605522395704e-03
1.214082200960255042e-02,6.678153427983057888e-05,6.106329467835416858e-03,6.801318220450713881e-04,-6.836490147563156761e-04,1.004037706424432130e-03,-1.969301125662889507e-03,9.178487949836472426e-04,-4.169199099520043417e-04,3.443014223473137014e-03
1.227709488208238164e-02,2.359129297176132400e-05,6.007721589685488528e-03,4.986398287734755685e-04,-4.178531128871537659e-04,1.172516348109067796e-03,-1.997744916732602238e-03,5.538337732192283314e-04,-4.754267132565381804e-04,3.376914403675171372e-03
1.260302716348862817e-02,5.554258904826026022e-05,6.228736178956612024e-03,1.138157044210941216e-04,-3.284811304441609403e-04,1.194988120774606588e-03,-2.294158814800897894e-03,4.517573590430423724e-04,-5.196958022449654768e-04,3.440478753992962102e-03
1.270564077088301436e-02,9.648027216510590698e-05,6.162636359158646382e-03,2.822943461057297876e-04,-3.018253872810183758e-04,1.331772473921202793e-03,-2.422004458577653452e-03,3.239117152662868149e-04,-4.721310117406368745e-04,3.248794286444048329e-03
1.256020091717124920e-02,-2.476476001330302212e-04,6.188734397140266408e-03,2.835503354622487260e-04,-2.124534048380255502e-04,1.589810627252274955e-03,-2.184392592900555319e-03,1.077463482553192575e-04,-6.264072849609669813e-04,3.541695209598988425e-03
1.260776570767557780e-02,-1.093492197047213343e-04,6.156087880420046954e-03,1.565608084737463157e-04,-2.437917840607956022e-04,1.698928462632115499e-03,-2.088291376620518558e-03,-1.126708672788273580e-04,-8.569349820140431673e-04,3.446540651071236527e-03
1.286500222137652860e-02,-2.336817926806705747e-04,6.498639990729485061e-03,-3.564852536918905468e-04,-1.677855654205334668e-04,1.475127245817831056e-03,-1.949992996192209671e-03,-1.524467868969925366e-05,-7.186366015857342804e-04,3.654230129024563234e-03
1.279089279822664960e-02,-5.118150317331982002e-04,6.644610400141942597e-03,8.620655826960255119e-05,1.405594976412877228e-04,1.530623047901816247e-03,-2.030381164692701690e-03,3.232011181462934868e-05,-7.775803534220415703e-04,3.460100113838293634e-03
1.298085193688047756e-02,-3.218558930793702366e-04,6.813055716386781646e-03,1.181578543461014874e-04,7.206245273294609177e-05,1.472116244597282408e-03,-1.987818463338800190e-03,-1.544808762540123004e-04,-5.698908754687148637e-04,3.384517128846811773e-03
1.306122956702074345e-02,-3.165559667911571617e-04,6.730301870302740630e-03,3.258473322994281940e-04,3.891383807785864235e-05,1.334116690368439273e-03,-1.750206597661702057e-03,5.320860169931440620e-05,-3.924482267358558873e-04,3.317743123243677150e-03
1.293424004003224104e-02,-3.245210759295208414e-04,6.849700302357944470e-03,4.465836003091500084e-04,-7.960404297915890659e-06,1.702120419978497834e-03,-1.877196124650204467e-03,5.534635426701628447e-05,-4.895910773801137594e-04,3.083547599026958963e-03
1.331286392474134717e-02,-3.193265514039866915e-05,6.723694571456675928e-03,2.475031383179088218e-04,-8.354338928939775144e-05,2.052824504625710977e-03,-1.920386365958273722e-03,1.330725950692140946e-04,-5.651740623715956202e-04,3.236183539825868150e-03
1.348134256642598283e-02,1.978066748428014554e-04,6.760951807685905424e-03,4.143713414822697283e-04,-3.799572873576934073e-04,1.853744042634469791e-03,-1.897914593292734931e-03,3.592974442495622256e-05,-6.921635893600980305e-04,3.204845160603098098e-03
1.330501656581946357e-02,5.485107594900145989e-04,6.665797249158153526e-03,2.328793482106739088e-04,-2.130890841933325008e-04,1.729411469658520550e-03,-1.856976910175889284e-03,-8.919056326246732613e-05,-7.018259984895164338e-04,3.346540354604812806e-03
1.320640868766953524e-02,5.529648147581528450e-04,6.812483102350178066e-03,4.367117175624046777e-04,2.452892992502453406e-04,1.699021493610314293e-03,-1.718678529747580397e-03,1.218599222876926014e-05,-5.768057570190859851e-04,3.378491650681311742e-03
1.320434102009702959e-02,4.944580114536190063e-04,6.804517993211814386e-03,6.236577492167022507e-04,1.572971678309303956e-04,1.591759941134779366e-03,-1.629306547304587571e-03,5.474869358267075992e-05,-7.529023004581442136e-04,3.252485919780043200e-03
1.298511353232206789e-02,4.837291173654528764e-04,6.990290130339221752e-03,2.300347669167562836e-04,2.937350923643139433e-04,1.348680462086304654e-03,-1.704889532296069432e-03,-7.459241910777458795e-05,-6.941403790788475137e-04,3.028311127917848733e-03
1.334583003479324070e-02,9.095971165030830585e-04,6.994744185607359999e-03,2.525065395822950753e-04,4.408456291382367720e-04,1.435383637314588401e-03,-1.785277700796561451e-03,4.732391227131593769e-05,-6.794382102836282744e-04,2.902305397016580191e-03
1.347682716741242792e-02,9.016320073647193789e-04,6.821987589266789720e-03,1.412043660310446924e-04,5.602150478585532500e-05,1.391114548326161104e-03,-1.901647453009039368e-03,9.488870277564454003e-05,-3.858566841859756291e-04,2.911338855426617855e-03
1.311395580967286700e-02,1.003008562855955965e-03,6.754482520943627666e-03,-4.028762724055112709e-05,8.459390146349499151e-05,1.062642454787932067e-03,-1.804221264419911264e-03,-2.395858397047090360e-04,-5.128462111744780394e-04,3.372038671726002024e-03
1.309732099124313875e-02,1.232561807321480574e-03,6.797045222297529166e-03,-8.455671622897842354e-05,-2.649669831991802171e-04,1.018373365799504771e-03,-1.702844708928674677e-03,-7.110719802007336998e-05,-3.379565780774473893e-04,3.341648695677795766e-03
1.307406846192564476e-02,1.136331061067655246e-03,6.679679573354135869e-03,-3.645881070773182575e-04,-4.582271739942550548e-04,8.729335120877396159e-04,-1.670893412852175741e-03,7.486321139238416578e-05,-3.822256670658746858e-04,3.187372422457465659e-03
1.315444609206591065e-02,1.040028244310944872e-03,6.702151346019674660e-03,-1.108171566317761592e-05,3.526984594505455650e-05,1.003033627345481515e-03,-1.784663332360103549e-03,4.352483216961411383e-05,-3.396629657119731860e-04,3.219323718533964596e-03
1.320437666021577472e-02,1.114982791130855744e-03,7.140350171900788911e-03,-1.838383120037478946e-04,8.261644554741209845e-05,7.688381031287633283e-04,-1.547051466683005416e-03,1.396260484496508747e-04,-1.386813581929768890e-04,3.092334191545462185e-03
1.290132513110728296e-02,1.327262211124877189e-03,7.012863350234502247e-03,-1.613665393382091029e-04,3.942620423934284357e-05,5.289347229549407059e-04,-1.517005252813979910e-03,-2.280561877382458746e-05,3.876129053988208728e-05,3.061944215497255928e-03
1.310901460906060967e-02,1.346971459894527601e-03,6.862367824392298643e-03,-2.726687128894594858e-04,3.146109510097916395e-05,4.628349031569750638e-04,-1.514867500246278031e-03,-2.218860807650657740e-04,-9.488352956887879941e-05,3.281331963165309840e-03
1.276488673676247354e-02,1.262155151675561915e-03,6.863623813748817581e-03,-1.336748436401441475e-04,2.178784407374234622e-04,3.454692542135817668e-04,-1.327921468591980458e-03,2.555543942447252581e-04,-4.190569882025763082e-04,2.991411961068696224e-03
1.290300097761383491e-02,1.190859756871595621e-03,6.788040828757335721e-03,1.599066824575084977e-04,-1.797282222936180673e-04,6.251490239146811900e-04,-1.196924335972793241e-03,2.964920773615709049e-04,-5.158861876748549458e-04,2.899644039734389223e-03
1.262116238327107287e-02,8.740362195623907482e-04,6.765093303379154932e-03,2.008443655743541445e-04,-4.838589196587417263e-06,4.746534980724775865e-04,-1.378416329244389060e-03,-2.033145994763396747e-05,-5.011840188796357065e-04,2.827846638297798476e-03
1.244615729723580477e-02,8.079363997644251061e-04,6.994832633362355057e-03,1.485505698758105009e-04,2.028508887567392893e-04,5.707547143525143474e-04,-1.191998983607944762e-03,-2.114506026740237132e-04,-2.635721532025375735e-04,3.322774489129112774e-03
1.239736279549058517e-02,6.064838111498327411e-04,6.813340640090759237e-03,3.782898998590106254e-04,1.505570930581956457e-04,6.681809029416424517e-04,-1.144434193103616160e-03,-3.227527762252740962e-04,-1.768689779742538271e-04,3.160342821905637312e-03
1.231254648727161949e-02,3.948671945675080730e-04,6.679695819981998350e-03,3.259961041604669818e-04,2.531707004525818316e-04,4.866889096700466322e-04,-1.006655995834715434e-03,-5.121787840024760730e-04,-2.046195620424157147e-04,3.089047427101671017e-03
1.256119876723284234e-02,2.221105982269377943e-04,6.229461597795318828e-03,2.122261846525391737e-04,1.326732027875920927e-05,6.731062553064909304e-04,-1.103798846478973306e-03,-4.108022285112394867e-04,5.341859128865644735e-05,3.131610128455572517e-03
1.258981421310477467e-02,5.133337164896639715e-04,6.478113877756541683e-03,-6.575024802552009717e-05,6.319788842862328337e-05,5.439191503661677807e-04,-1.075704410688244073e-03,-5.642629996560344363e-04,-2.216439370282541343e-05,3.004620601467070107e-03
1.260451638189999390e-02,5.608985069939925738e-04,6.528044445906405757e-03,5.498601998420171721e-05,-1.131281121778959786e-04,8.603241597919669692e-04,-1.098956940005738070e-03,-6.912525266445368466e-04,8.779044345565145679e-05,2.510508974239489266e-03
1.256132614059192465e-02,2.651564206693213244e-04,6.231291026807000977e-03,-4.362185816572661246e-05,1.355241677833268765e-04,9.032830834327515435e-04,-1.261388607229213532e-03,-6.273514335159297017e-04,-1.314370443193102478e-04,2.748120839916587399e-03
1.269232327321111187e-02,2.971077167458202606e-04,6.406180659904031627e-03,2.097905417478701517e-04,-4.596782548826894299e-05,6.401640805255293110e-04,-8.521574539653159475e-04,-1.058727308558021774e-03,-3.006048882807366152e-05,3.005137717957614973e-03
1.255492762637221149e-02,1.466121909036166571e-04,6.109766761835735971e-03,3.480889221761790386e-04,5.540873000296764328e-05,6.171366535281802568e-04,-9.082901189416126009e-04,-1.154958054811847101e-03,1.082378916002352254e-04,2.893835544406364590e-03
1.281194450441323907e-02,1.023431019151893606e-04,6.135366986421766922e-03,2.144441020674181519e-04,-5.630485516758265696e-05,6.064077594400141269e-04,-1.188321509789952435e-03,-9.472685768585203947e-04,3.292524808713587214e-04,2.447043258648293196e-03
1.276767541542481177e-02,1.544250260029356170e-04,6.054978817921274903e-03,5.073450252223582480e-04,5.254116388232754620e-05,4.300817588334948649e-04,-9.806320318366257283e-04,-7.182004152712501144e-04,2.969879147373816197e-04,2.475615655325932862e-03
1.269587801398822102e-02,2.961202200046503252e-04,6.140043512191870057e-03,7.368982696878828564e-04,-2.304182110915431458e-05,6.122266655640140609e-04,-9.251362297526405376e-04,-6.957286426057113227e-04,2.643413980171621658e-04,2.692289151242865941e-03
1.252087292795295292e-02,5.621683983082770286e-05,6.139218547556807293e-03,1.096580916308945164e-03,4.371823745740882616e-04,7.472292835147553713e-04,-1.215056231849254154e-03,-4.387117645646837483e-04,1.927137762377656438e-04,2.706991320038085180e-03
1.294889737566429222e-02,-9.882979967137939248e-06,6.432119470711747389e-03,1.111283085104164403e-03,5.838682277661128017e-04,8.855276639430642582e-04,-9.853169018660540290e-04,-7.002470003624750028e-04,3.146301076168561695e-04,2.721693488833304420e-03
1.276740538239269640e-02,2.111316093039855568e-04,6.518822645940031135e-03,1.139855481781804070e-03,4.665025788227195047e-04,1.121973990594993253e-03,-1.097030487036604329e-03,-1.047758994407829714e-03,3.465814036933551057e-04,2.942708078104427916e-03
1.289840251501188362e-02,-1.398315520892839947e-04,6.627940481319871679e-03,1.116907956403623281e-03,5.639287674118476090e-04,1.231091825974833798e-03,-7.707112380411357266e-04,-1.368950970917978682e-03,3.662906524630055172e-04,3.090996587812769314e-03
1.274790698916968001e-02,-1.811599367724930909e-04,6.831772850671602448e-03,1.042829409093531945e-03,7.833165150799015208e-04,1.573643936284271905e-03,-8.303193152522370113e-04,-1.545276971524497944e-03,5.045890328913144041e-04,2.870579372278622698e-03
1.276243306788485410e-02,-3.738084777527433955e-04,7.069384716348700581e-03,1.280441274770630078e-03,5.842360530886603343e-04,1.374563474293030718e-03,-9.420329004227873115e-04,-1.643566413715061292e-03,6.253253009010362184e-04,3.191412262136927858e-03
1.294937909953915167e-02,-5.016541215294989531e-04,7.112343639989485156e-03,1.064275907759662521e-03,2.943160509920467183e-04,1.088457733589662246e-03,-7.953470472307627714e-04,-1.364948115465655643e-03,9.678774112104743255e-04,3.267418480777189993e-03
1.277328255610009344e-02,-5.590614975908014816e-04,7.243340772608672373e-03,8.416340394915150513e-04,2.187330660005648575e-04,6.570818585475701745e-04,-8.060759413189289013e-04,-1.417241911164199286e-03,9.875866599801247370e-04,3.442308113874220643e-03
1.255286534056594683e-02,-3.580798900718051847e-04,7.131251564322357850e-03,9.442476468859012373e-04,2.332591447157389419e-04,5.997898556174552365e-04,-7.210112470483337477e-04,-1.427970805252365416e-03,1.338290744627337880e-03,3.484870815228122143e-03
1.237676879712688860e-02,-3.813324193892991820e-04,7.065151744524392208e-03,9.434226822508384735e-04,3.366540535503642628e-04,4.860199361095274284e-04,-7.494550381180464793e-04,-1.350244564450167606e-03,1.434391960907374641e-03,3.755081118025097031e-03
1.233249970813846130e-02,-1.736429414359724754e-04,7.087623517189930999e-03,9.859853836047399733e-04,3.134015242328702655e-04,2.992189480408857793e-04,-6.520288495289183750e-04,-1.416344384248133248e-03,1.530493177187411402e-03,3.463315967473457047e-03
1.236254592200748681e-02,1.227857523059261435e-04,7.256102158874566666e-03,1.080963083308336681e-03,5.210910021861969721e-04,1.971425338646998204e-04,-4.222895195457182504e-04,-1.278230143396771878e-03,1.474360512211114749e-03,3.572433802853297591e-03
1.240921516098107691e-02,1.714961895979971729e-04,7.158959308230308793e-03,6.805988455709094387e-04,4.293230808518899710e-04,4.262106954519701008e-04,-7.187034176140139063e-04,-1.556206576074831149e-03,1.507854616763337763e-03,3.329354323804822879e-03
1.228320943007980837e-02,-1.726316827001389553e-04,7.185738751296827376e-03,8.882883235242361453e-04,2.302426188606487845e-04,6.428841913689031795e-04,-5.804050371857050195e-04,-1.205502491427618006e-03,1.288627128988376058e-03,3.504243956901853529e-03
1.220066565321779872e-02,-1.259624437265488561e-04,7.208210523962366167e-03,9.613686339545318704e-04,3.390886379105589876e-04,5.311706061983528793e-04,-6.107950132339112770e-04,-1.067204110999309119e-03,1.331189830342277558e-03,3.498530671936242453e-03
1.260989680648169631e-02,-7.839765322222025379e-05,7.328946791972087982e-03,8.475987144466040624e-04,1.861582087018809339e-04,6.530869375774434049e-04,-6.116199778689740407e-04,-1.075169220137672799e-03,1.234046979698019686e-03,3.353090818224477299e-03
1.257950683043349005e-02,1.129443233597454688e-04,7.305999266593907193e-03,9.279763445868699501e-04,-1.037617933947326820e-04,5.258332447108798879e-04,-5.249168026406902943e-04,-1.083134329276036478e-03,1.492085133029091848e-03,3.256860071970651971e-03
1.253631658912542080e-02,1.354160960252842605e-04,7.307255255950426132e-03,1.107285818229566954e-03,2.156077365763342524e-04,4.120633252029520799e-04,-4.613524523228995644e-04,-1.106081854654217267e-03,1.517685357615122799e-03,3.200727406994355317e-03
1.293711260099132676e-02,7.690929272075042178e-05,6.972134616522573936e-03,1.373081720098728864e-03,4.055668752301622160e-04,2.784185050941911932e-04,-5.584953029671574365e-04,-1.053999930566471011e-03,1.532387526410342038e-03,3.337511760140951522e-03
1.316685193097452689e-02,-1.435079228133961937e-04,6.986660695237748020e-03,1.196755719492209602e-03,4.068228645866811544e-04,5.796218310700346210e-04,-4.399865051203377675e-04,-5.956215471228931690e-04,1.270852290612550783e-03,3.288717258395731924e-03
1.334174156407155754e-02,4.290942282304810451e-05,7.187642302756744317e-03,1.003495528697134764e-03,4.693529561242693049e-04,5.943239998652538603e-04,-2.023746394432396345e-04,-6.804378553418588549e-04,1.069191857556286984e-03,3.161727731407229514e-03
1.354943104202488424e-02,4.736347809118635066e-05,7.527249872093938476e-03,1.090198703925418511e-03,4.890622048939197164e-04,5.735621254023687277e-04,-1.046528944870644962e-04,-7.921514405124091551e-04,1.207490237984595871e-03,2.969079190426979209e-03
1.365204464941927043e-02,-5.092596409937699686e-05,7.656749196867776441e-03,1.388761477769936969e-03,3.726211125940070978e-04,5.960338980679075194e-04,3.921748325022011983e-04,-1.008586424578211682e-03,1.515835301046417061e-03,3.071692797821365395e-03
1.345296418742802924e-02,-6.009610282010913185e-05,7.838894103598295637e-03,1.319057537300494243e-03,3.493685832765131005e-04,4.336022308444320572e-04,3.842097233638375187e-04,-8.264415178476924861e-04,1.590789847866327933e-03,3.301246042286890003e-03
1.312590185053748304e-02,-9.236066895408623356e-05,7.445271121298349670e-03,1.347629933978133909e-03,2.970747875779694569e-04,8.762940428059251552e-04,2.548686106733921708e-04,-8.925413376456581283e-04,1.543915605490553400e-03,3.242739238982356165e-03
1.302875899989322517e-02,-1.484933339303828870e-04,7.566007389308071485e-03,9.836149122137149980e-04,1.698210947114059399e-04,8.440294766719480535e-04,8.211201433282189210e-05,-1.209364874954863001e-03,1.593846173640417474e-03,3.115749711993853754e-03
1.313760501894313537e-02,-1.002104031600919987e-04,7.668620996702457671e-03,9.981409909288890825e-04,3.993743391769305484e-04,7.779296568739824114e-04,1.320425824826859662e-04,-1.338110075323487025e-03,1.801535651593744181e-03,3.138221484659392546e-03
1.296218145732741522e-02,7.909907048260500506e-05,7.697193393380097337e-03,7.163023965861270437e-04,5.464848759508533771e-04,8.805432642683685973e-04,1.592614115526330698e-04,-1.409405470127453319e-03,1.597672927123955366e-03,3.263241726129822995e-03
1.296343744668393416e-02,8.123682305030688333e-05,7.719665166045636129e-03,7.430818396526456260e-04,6.847832563791622640e-04,1.118853333404515316e-03,1.485325174644669399e-04,-1.440989424428704146e-03,1.796473996933486972e-03,2.948705832502812596e-03
1.300429160368353487e-02,3.824401490261503112e-04,7.898974639688333133e-03,7.108172735186685243e-04,7.936292754290724671e-04,1.356465199081613449e-03,8.175851186133231696e-05,-1.591484950270907750e-03,1.432458975169068061e-03,2.728288616968665981e-03
1.296002251469510758e-02,2.125792095933332071e-04,7.787672466137082750e-03,9.007764121724964879e-04,8.345669585459181139e-04,1.378936971747152240e-03,2.827401193803286139e-04,-1.541554382121043676e-03,1.684254041072197339e-03,2.384160744670529852e-03
1.289251744637194552e-02,3.810578512779688731e-04,7.767851270281928011e-03,9.785026529746942980e-04,8.710759842131404751e-04,1.425606210720742340e-03,2.304463236817849703e-04,-1.564806911438537673e-03,1.635459539326977740e-03,2.292392823336222851e-03
1.291222669514159593e-02,3.578053219604748758e-04,8.177082423545825596e-03,8.201604004573481710e-04,1.138392686739764237e-03,1.440308379515961579e-03,4.078889724146439466e-04,-1.469907798982747482e-03,1.408135137143912141e-03,2.455310875773372703e-03
1.264991523145177210e-02,8.513023418997844871e-04,8.262147117816420749e-03,5.244183141326769215e-04,8.565540923970021980e-04,1.407661862795742125e-03,3.774989963664376891e-04,-1.514176887971174779e-03,9.140235099163313004e-04,2.573819673620192372e-03
